Дата,Артикул,Название,Категория,Тип изменения,Старое значение,Новое значение,Разница
2026-09-23 16:52:05,G1580023-TW,Майка детская Bidi Badu Twiggy Chill - Blue/Mixed,Одежда,Изменение количества,7,5,-2
2026-09-23 16:52:05,W214102222,Платье женское Bidi Badu Tuelo Tech - Blue/White/Red,Одежда,Изменение количества,1,2,1
2026-09-23 16:52:05,G1200001,Капри для девочек Bidi Badu Crew - Black,Одежда,Изменение количества,1,5,4
2026-09-23 16:52:05,61GC260314,Кроссовки мужские Mizuno Wave Enforce Tour 2 CC - Blue/White/Orange,Обувь,Новый товар,0,8,8
2026-09-23 16:52:05,TS76-0116,Кроссовки мужские 7/6 Marble 2.0 - Green Blossom,Обувь,Изменение количества,4,33,29
2026-09-23 16:52:05,TS76-1264,Кроссовки мужские 7/6 Marble 2.0 - Orange Blossom,Обувь,Изменение количества,8,58,50
2026-09-23 16:52:05,TS76-0201,Кроссовки мужские 7/6 Marble 2.0 - Dark Grey,Обувь,Изменение количества,47,83,36
2026-09-23 16:52:05,TS76-4939,Кроссовки женские 7/6 Marble 2.0 - Blue Blossom,Обувь,Изменение количества,42,12,-30
2026-09-23 16:52:05,61GA260002,Кроссовки мужские Mizuno Wave Enforce Tour 2 AC - White/Blue/Orange,Обувь,Новый товар,0,9,9
2026-09-23 16:52:05,61GA267002,Кроссовки мужские Mizuno Wave Exceed Tour 7 AC - White/Blue/Orange,Обувь,Новый товар,0,7,7
2026-09-23 16:52:05,61GC267514,Кроссовки мужские Mizuno Wave Exceed Tour 7 CC - Blue/White/Orange,Обувь,Новый товар,0,8,8
2026-09-23 16:52:05,61GC260402,Кроссовки женские Mizuno Wave Enforce Tour 2 CC - White/Orange/Dahlia,Обувь,Новый товар,0,6,6
2026-09-23 16:52:05,1920003,"Теннисная струна Solinco Hyper-G 1,20 200 метров",Теннисные струны,Изменение количества,22,3,-19
2026-09-23 16:52:05,281032-PT,"Теннисная струна Head Hawk Power 1,25 200 метров",Теннисные струны,Изменение количества,3,1,-2
2026-09-23 16:52:05,281099,"Теннисная струна Head Rip Control 1,20 12 метров",Теннисные струны,Изменение количества,16,3,-13
2026-09-23 16:52:05,281204,"Теннисная струна Head Hawk Touch 1,25 12 метров",Теннисные струны,Изменение количества,5,9,4
2026-09-23 16:52:05,243140,"Теннисная струна Babolat RPM Blast Rough Red 1,25 200 метров",Теннисные струны,Изменение количества,2,1,-1
2026-09-23 16:52:05,281103-WH,"Теннисная струна Head Hawk - White 1,25 12 метров",Теннисные струны,Изменение количества,26,24,-2
2026-09-23 16:52:05,281794-16YW,"Теннисная струна Head LYNX Yellow 1,30 12 метров",Теннисные струны,Изменение количества,1,72,71
2026-09-23 16:52:05,1920011,"Теннисная струна Solinco Outlast 1,30 12 метров",Теннисные струны,Изменение количества,115,116,1
2026-09-23 16:52:05,281794-16AN,"Теннисная струна Head LYNX (антрацит) 1,30 200 метров",Теннисные струны,Изменение количества,55,4,-51
2026-09-23 16:52:05,281784-BL,"Теннисная струна Head LYNX Blue 1,25 12 метров",Теннисные струны,Изменение количества,23,26,3
2026-09-23 16:52:05,WR8302301130,"Теннисная струна Luxilon Alu Power 1,30 12 метров",Теннисные струны,Изменение количества,56,55,-1
2026-09-23 16:52:05,281784,"Теннисная струна Head LYNX Blue 1,30 12 метров",Теннисные струны,Изменение количества,4,36,32
2026-09-23 16:52:05,LNP12-FY,"Теннисная струна 7/6 Lion Pro - Yellow 1,24 12 метров",Теннисные струны,Изменение количества,25,16,-9
2026-09-23 16:52:05,281794-16RD,"Теннисная струна Head LYNX (красный) 1,30 12 метров",Теннисные струны,Изменение количества,27,36,9
2026-09-23 16:52:05,01GHD130XN,"Теннисная струна Tecnifibre HDMX 1,25 12 метров",Теннисные струны,Изменение количества,8,9,1
2026-09-23 16:52:05,1920206,"Теннисная струна Solinco Confidential 1,20 200 метров",Теннисные струны,Изменение количества,8,3,-5
2026-09-23 16:52:05,241101,"Теннисная струна Babolat RPM Blast 1,30 12 метров",Теннисные струны,Изменение количества,30,57,27
2026-09-23 16:52:05,281023-16LSI,"Теннисная струна Head Master Silver 1,30 12 метров",Теннисные струны,Изменение количества,19,0,-19
2026-09-23 16:52:05,281023-16LSI,"Теннисная струна Head Master Silver 1,30 12 метров",Теннисные струны,Товар закончился,19,0,-19
2026-09-23 16:52:05,WRZ907600,"Теннисная струна Wilson Revolve Spin Black 1,30 12 метров",Теннисные струны,Изменение количества,6,0,-6
2026-09-23 16:52:05,WRZ907600,"Теннисная струна Wilson Revolve Spin Black 1,30 12 метров",Теннисные струны,Товар закончился,6,0,-6
2026-09-23 16:52:05,281099-NT,"Теннисная струна Head Rip Control - Natural 1,30 12 метров",Теннисные струны,Изменение количества,4,0,-4
2026-09-23 16:52:05,281099-NT,"Теннисная струна Head Rip Control - Natural 1,30 12 метров",Теннисные струны,Товар закончился,4,0,-4
2026-09-23 16:52:05,WR8314003125,"Теннисная струна Luxilon Element Infrared 1,25 12 метров",Теннисные струны,Изменение количества,9,0,-9
2026-09-23 16:52:05,WR8314003125,"Теннисная струна Luxilon Element Infrared 1,25 12 метров",Теннисные струны,Товар закончился,9,0,-9
2026-09-23 16:52:05,WRZ997110,"Теннисная струна Luxilon 4G 1,25 12 метров",Теннисные струны,Изменение количества,14,0,-14
2026-09-23 16:52:05,WRZ997110,"Теннисная струна Luxilon 4G 1,25 12 метров",Теннисные струны,Товар закончился,14,0,-14
2026-09-23 16:52:05,281404-YW,"Теннисная струна Head Velocity MLT - Yellow 1,35 12 метров",Теннисные струны,Изменение количества,9,0,-9
2026-09-23 16:52:05,281404-YW,"Теннисная струна Head Velocity MLT - Yellow 1,35 12 метров",Теннисные струны,Товар закончился,9,0,-9
2026-09-23 16:52:05,04RRAS125W,"Теннисная струна Tecnifibre Razor Soft White 1,30 12 метров",Теннисные струны,Изменение количества,6,0,-6
2026-09-23 16:52:05,04RRAS125W,"Теннисная струна Tecnifibre Razor Soft White 1,30 12 метров",Теннисные струны,Товар закончился,6,0,-6
2026-09-23 16:52:05,WRZ906500,"Теннисная струна Wilson Revolve White 1,30 12 метров",Теннисные струны,Изменение количества,3,0,-3
2026-09-23 16:52:05,WRZ906500,"Теннисная струна Wilson Revolve White 1,30 12 метров",Теннисные струны,Товар закончился,3,0,-3
2026-09-23 16:52:05,281799-OR,"Теннисная струна Head LYNX Tour Orange 1,25 12 метров",Теннисные струны,Изменение количества,15,0,-15
2026-09-23 16:52:05,281799-OR,"Теннисная струна Head LYNX Tour Orange 1,25 12 метров",Теннисные струны,Товар закончился,15,0,-15
2026-09-23 16:52:05,1920100,"Теннисная струна Solinco Hyper-G 1,25 12,2 метров",Теннисные струны,Изменение количества,125,0,-125
2026-09-23 16:52:05,1920100,"Теннисная струна Solinco Hyper-G 1,25 12,2 метров",Теннисные струны,Товар закончился,125,0,-125
2026-09-23 16:52:05,1920067,"Теннисная струна Solinco Tour Bite Soft 1,30 200 метров",Теннисные струны,Изменение количества,66,0,-66
2026-09-23 16:52:05,1920067,"Теннисная струна Solinco Tour Bite Soft 1,30 200 метров",Теннисные струны,Товар закончился,66,0,-66
2026-09-23 16:52:05,281790-GR,"Теннисная струна Head LYNX Tour Grey 1,25 12 метров",Теннисные струны,Изменение количества,45,0,-45
2026-09-23 16:52:05,281790-GR,"Теннисная струна Head LYNX Tour Grey 1,25 12 метров",Теннисные струны,Товар закончился,45,0,-45
2026-09-23 16:52:05,243142,"Теннисная струна Babolat PRO LAST - Grey 1,25 12 м",Теннисные струны,Изменение количества,15,0,-15
2026-09-23 16:52:05,243142,"Теннисная струна Babolat PRO LAST - Grey 1,25 12 м",Теннисные струны,Товар закончился,15,0,-15
2026-09-23 16:52:05,281794-16GE,"Теннисная струна Head LYNX Green 1,30 200 метров",Теннисные струны,Изменение количества,2,0,-2
2026-09-23 16:52:05,281794-16GE,"Теннисная струна Head LYNX Green 1,30 200 метров",Теннисные струны,Товар закончился,2,0,-2
2026-09-23 16:52:05,281311-BK,"Теннисная струна Head Synthetic Gut - Black 1,30 12 метров",Теннисные струны,Изменение количества,7,0,-7
2026-09-23 16:52:05,281311-BK,"Теннисная струна Head Synthetic Gut - Black 1,30 12 метров",Теннисные струны,Товар закончился,7,0,-7
2026-09-23 16:52:05,WRZ906400,"Теннисная струна Wilson Revolve White 1,35 200 метров",Теннисные струны,Изменение количества,4,0,-4
2026-09-23 16:52:05,WRZ906400,"Теннисная струна Wilson Revolve White 1,35 200 метров",Теннисные струны,Товар закончился,4,0,-4
2026-09-23 16:52:05,243141,"Теннисная струна Babolat RPM Hurricane - Yellow 1,25 12 метров",Теннисные струны,Изменение количества,31,0,-31
2026-09-23 16:52:05,243141,"Теннисная струна Babolat RPM Hurricane - Yellow 1,25 12 метров",Теннисные струны,Товар закончился,31,0,-31
2026-09-23 16:52:05,1920049,"Теннисная струна Solinco Barb Wire 1,20 12 метров",Теннисные струны,Изменение количества,6,56,50
2026-09-23 16:52:05,281799-CP,"Теннисная струна Head LYNX Tour Champagne 1,25 200 метров",Теннисные струны,Изменение количества,16,3,-13
2026-09-23 16:52:05,SH12-RD,"Теннисная струна 7/6 Shark - Red 1,25 12 метров",Теннисные струны,Изменение количества,4,129,125
2026-09-23 16:52:05,OC12-SL,"Теннисная струна 7/6 Octopus - Silver 1,25 12 метров",Теннисные струны,Изменение количества,3,75,72
2026-09-23 16:52:05,19200100,"Теннисная струна Solinco Outlast 1,25 12 метров",Теннисные струны,Изменение количества,2,77,75
2026-09-23 16:52:05,1920230,"Теннисная струна Solinco X-Natural 1,30 200 метров",Теннисные струны,Изменение количества,80,2,-78
2026-09-23 16:52:05,281799-BK,"Теннисная струна Head LYNX Tour Black 1,30 12 метров",Теннисные струны,Изменение количества,12,85,73
2026-09-23 16:52:05,WRZ998400,"Теннисная струна Luxilon Alu Power Spin 1,27 12 метров",Теннисные струны,Изменение количества,23,36,13
2026-09-23 16:52:05,04GBL124XB,"Теннисная струна Tecnifibre Black Code 1,24 12 метров",Теннисные струны,Изменение количества,16,12,-4
2026-09-23 16:52:05,281204-16AN,"Теннисная струна Head Hawk Touch Antracite 1,30 12 метров",Теннисные струны,Изменение количества,67,76,9
2026-09-23 16:52:05,1920078,"Теннисная струна Solinco Tour Bite Diamond Rough 1,25 200 метров",Теннисные струны,Изменение количества,14,2,-12
2026-09-23 16:52:05,WR8308201125BK,"Теннисная струна Luxilon 4G Black 1,25 12 метров",Теннисные струны,Изменение количества,17,12,-5
2026-09-23 16:52:05,281052,Теннисная струна Head Lynx Touch - Smoky 1.25 12м,Теннисные струны,Изменение количества,2,12,10
2026-09-23 16:52:05,281794,"Теннисная струна Head LYNX Green 1,25 200 метров",Теннисные струны,Изменение количества,55,2,-53
2026-09-23 16:52:05,04RRAS120N,"Теннисная струна Tecnifibre Razor Soft 1,20 12 метров",Теннисные струны,Изменение количества,9,6,-3
2026-09-23 16:52:05,WR8302801130,"Теннисная струна Luxilon Alu Power Rough 1,30 12 метров",Теннисные струны,Изменение количества,21,16,-5
2026-09-23 16:52:05,RH12-BL,"Теннисная струна 7/6 Rhino - Blue 1,22 12 метров",Теннисные струны,Изменение количества,97,99,2
2026-09-23 16:52:05,04GBL128XV,"Теннисная струна Tecnifibre Black Code Lime 1,28 12 метров",Теннисные струны,Изменение количества,29,39,10
2026-09-23 16:52:05,1920210,"Теннисная струна Solinco Confidential 1,25 200 метров",Теннисные струны,Изменение количества,10,3,-7
2026-09-23 16:52:05,281784-YW,"Теннисная струна Head LYNX (желтый) 1,25 12 метров",Теннисные струны,Изменение количества,25,21,-4
2026-09-23 16:52:05,1920048,"Теннисная струна Solinco Barb Wire 1,25 200 метров",Теннисные струны,Изменение количества,46,5,-41
2026-09-23 16:52:05,241146,"Теннисная струна Babolat RPM Soft 1,30 12 метров",Теннисные струны,Изменение количества,76,84,8
2026-09-23 16:52:05,243144,"Теннисная струна Babolat Syn Gut - Black 1,25 12 метров",Теннисные струны,Изменение количества,6,18,12
2026-09-23 16:52:05,281028-WH,"Теннисная струна Head Sonic Pro White 1,25 12 метров",Теннисные струны,Изменение количества,22,15,-7
2026-09-23 16:52:05,281028-BK,"Теннисная струна Head Sonic Pro Black 1,30 12 метров",Теннисные струны,Изменение количества,54,65,11
2026-09-23 16:52:05,LP13-BK,"Теннисная струна 7/6 Lion Pro - Black 1,29 12 метров",Теннисные струны,Изменение количества,50,46,-4
2026-09-23 16:52:05,241139,"Теннисная струна Babolat RPM Power - Electric Blue 1,30 12 метров",Теннисные струны,Изменение количества,7,12,5
2026-09-23 16:52:05,1920029,"Теннисная струна Solinco Tour Bite 1,30 200 метров",Теннисные струны,Изменение количества,3,8,5
2026-09-23 16:52:05,WRZ990144,"Теннисная струна Luxilon 4G Rough 1,25 12 метров",Теннисные струны,Изменение количества,1,25,24
2026-09-23 16:52:05,281304-NT,"Теннисная струна Head Reflex MLT Natural 1,25 12 метров",Теннисные струны,Изменение количества,6,8,2
2026-09-23 16:52:05,281033-16LNT,"Теннисная струна Head Master Natural 1,30 12 метров",Теннисные струны,Изменение количества,13,18,5
2026-09-23 16:52:05,04RIC130XW,"Теннисная струна Tecnifibre Ice Code 1,30 12 метров",Теннисные струны,Изменение количества,1,8,7
2026-09-23 16:52:05,281022-PT,"Теннисная струна Head Hawk Power - Petrol 1,30 12 метров",Теннисные струны,Изменение количества,33,63,30
2026-09-23 16:52:05,1920057,"Теннисная струна Solinco Tour Bite Soft 1,20 12,2 метров",Теннисные струны,Изменение количества,102,22,-80
2026-09-23 16:52:05,241108,"Теннисная струна Babolat RPM Team Black 1,30 12 метров",Теннисные струны,Изменение количества,19,14,-5
2026-09-23 16:52:05,1920077,"Теннисная струна Solinco Tour Bite Diamond Rough 1,30 12 метров",Теннисные струны,Изменение количества,139,143,4
2026-09-23 16:52:05,1920079,"Теннисная струна Solinco Tour Bite Diamond Rough 1,25 12 метров",Теннисные струны,Изменение количества,69,88,19
2026-09-23 16:52:05,RH12-BK,"Теннисная струна 7/6 Rhino - Black 1,22 200 метров",Теннисные струны,Изменение количества,79,2,-77
2026-09-23 16:52:05,WR8302001115,"Теннисная струна Luxilon Alu Power 1,15 12 метров",Теннисные струны,Изменение количества,16,14,-2
2026-09-23 16:52:05,LP129-FY,"Теннисная струна 7/6 Lion Pro - Yellow 1,29 12 метров",Теннисные струны,Изменение количества,22,31,9
2026-09-23 16:52:05,WRZ941900,"Теннисная струна Wilson NXT Control 1,32 12 метров",Теннисные струны,Изменение количества,32,30,-2
2026-09-23 16:52:05,281794-17YW,"Теннисная струна Head LYNX Yellow 1,25 200 метров",Теннисные струны,Изменение количества,49,3,-46
2026-09-23 16:52:05,04RRAS125N,"Теннисная струна Tecnifibre Razor Soft 1,25 12 метров",Теннисные струны,Изменение количества,39,37,-2
2026-09-23 16:52:05,1920051,"Теннисная струна Solinco Barb Wire 1,30 12 метров",Теннисные струны,Изменение количества,129,135,6
2026-09-23 16:52:05,WRZ908100,"Теннисная струна Wilson Revolve Spin Black 1,25 200 метров",Теннисные струны,Изменение количества,47,2,-45
2026-09-23 16:52:05,04RRA120XC,"Теннисная струна Tecnifibre Razor Code Carbon 1,20 12 метров",Теннисные струны,Изменение количества,6,2,-4
2026-09-23 16:52:05,WRZ906800,"Теннисная струна Wilson Revolve Black 1,30 200 метров",Теннисные струны,Изменение количества,41,6,-35
2026-09-23 16:52:05,281103-BK,"Теннисная струна Head HAWK Black 1,30 12 метров",Теннисные струны,Изменение количества,42,39,-3
2026-09-23 16:52:05,WR8310401125,"Теннисная струна Luxilon Lxn Eco Rouge 1,25 12 метров",Теннисные струны,Изменение количества,22,17,-5
2026-09-23 16:52:05,281784-17RD,"Теннисная струна Head LYNX (красный) 1,25 12 метров",Теннисные струны,Изменение количества,15,25,10
2026-09-23 16:52:05,AN12-FY,"Теннисная струна 7/6 Antelope - Yellow 1,25 12 метров",Теннисные струны,Изменение количества,74,82,8
2026-09-23 16:52:05,281128-16WH,"Теннисная струна Head Sonic Pro White 1,30 12 метров",Теннисные струны,Изменение количества,75,84,9
2026-09-23 16:52:05,243141-101,"Теннисная струна Babolat RPM Hurricane - White 1,25 12 метров",Теннисные струны,Изменение количества,8,3,-5
2026-09-23 16:52:05,281794-BL,"Теннисная струна Head LYNX (Голубой) 1,25 12 метров",Теннисные струны,Изменение количества,37,32,-5
2026-09-23 16:52:05,04RRAS130N,"Теннисная струна Tecnifibre Razor Soft 1,30 12 метров",Теннисные струны,Изменение количества,43,47,4
2026-09-23 16:52:05,04GBL124XV,"Теннисная струна Tecnifibre Black Code Lime 1,24 12 метров",Теннисные струны,Изменение количества,32,37,5
2026-09-23 16:52:05,WRZ995100SI,"Теннисная струна Luxilon Alu Power Silver 1,25 12 метров",Теннисные струны,Изменение количества,21,16,-5
2026-09-23 16:52:05,WRZ995200,"Теннисная струна Luxilon Alu Power Rough 1,25 12 метров",Теннисные струны,Изменение количества,15,10,-5
2026-09-23 16:52:05,WRZ904700,"Теннисная струна Wilson Poly Pro Silver 1,25 12 метров",Теннисные струны,Изменение количества,6,12,6
2026-09-23 16:52:05,WR8309701125DB,"Теннисная струна Luxilon 4G Desert Bronze 1,25 12 метров",Теннисные струны,Изменение количества,31,27,-4
2026-09-23 16:52:05,192099,"Теннисная струна Solinco Hyper-G 1,30 200 метров",Теннисные струны,Изменение количества,5,4,-1
2026-09-23 16:52:05,WRZ946900,"Теннисная струна Wilson Revolve Black 1,25 12 метров",Теннисные струны,Изменение количества,44,51,7
2026-09-23 16:52:05,281111-WH,"Теннисная струна Head Synthetic Gut - White 1,30 12 метров",Теннисные струны,Изменение количества,6,14,8
2026-09-23 16:52:05,241136-201,"Теннисная струна Babolat RPM Blast Rough Red 1,35 12 метров",Теннисные струны,Изменение количества,11,13,2
2026-09-23 16:52:05,01GXO124XB,"Теннисная струна Tecnifibre X-ONE Biphase Black 1,24 12 метров",Теннисные струны,Изменение количества,6,0,-6
2026-09-23 16:52:05,01GXO124XB,"Теннисная струна Tecnifibre X-ONE Biphase Black 1,24 12 метров",Теннисные струны,Товар закончился,6,0,-6
2026-09-23 16:52:05,WRZ996200AMB,"Теннисная струна Luxilon Original 1,30 12 метров",Теннисные струны,Изменение количества,33,29,-4
2026-09-23 16:52:05,281794-set-BL,"Теннисная струна Head LYNX (Голубой) 1,30 12 метров",Теннисные струны,Изменение количества,50,55,5
2026-09-23 16:52:05,1920600,"Теннисная струна Solinco Mach-10 1,30 12,2 метров",Теннисные струны,Изменение количества,80,75,-5
2026-09-23 16:52:05,AN12-BK,"Теннисная струна 7/6 Antelope - Black 1,25 12 метров",Теннисные струны,Изменение количества,51,65,14
2026-09-23 16:52:05,281414-PK,"Теннисная струна Head Velocity MLT Pink 1,30 12 метров",Теннисные струны,Изменение количества,26,24,-2
2026-09-23 16:52:05,WRZ997112,"Теннисная струна Luxilon 4G 1,30 12 метров",Теннисные струны,Изменение количества,20,30,10
2026-09-23 16:52:05,WRZ949710,Теннисная струна Wilson Duo - Alu Power 1.25 & NXT Power 1.30 12 метров,Теннисные струны,Изменение количества,3,2,-1
2026-09-23 16:52:05,281799-GR,"Теннисная струна Head LYNX Tour Anthracite 1,30 12 метров",Теннисные струны,Изменение количества,28,30,2
2026-09-23 16:52:05,281065-BL,"Теннисная струна Head Synthetic Gut PPS Blue - 1,24 12 метров",Теннисные струны,Изменение количества,7,2,-5
2026-09-23 16:52:05,14FIR2856,Теннисная ракетка Tecnifbre Fire 285 2026,Ракетки для тенниса,Новый товар,0,3,3
2026-09-23 16:52:05,235404,Теннисная ракетка Head Challenge MP 2024 - Blue,Ракетки для тенниса,Новый товар,0,13,13
2026-09-23 16:52:05,WR208610,Теннисная ракетка Wilson Blade 25 V10,Ракетки для тенниса,Новый товар,0,4,4
2026-09-23 16:52:05,WR195810,Теннисная ракетка Wilson Allure SE Violet,Ракетки для тенниса,Новый товар,0,1,1
2026-09-23 16:52:05,RK-FS-NVA,Теннисная ракетка Diadem Nova FS 100,Ракетки для тенниса,Новый товар,0,1,1
2026-09-23 16:52:05,140481,Теннисная ракетка Babolat Ballfighter 23 - Blue/Yellow,Ракетки для тенниса,Новый товар,0,5,5
2026-09-23 16:52:05,231235,Теннисная ракетка Head IG Gravity 21,Ракетки для тенниса,Новый товар,0,9,9
2026-09-23 16:52:05,140532-100,Теннисная ракетка Babolat Pure Drive 25 2025,Ракетки для тенниса,Новый товар,0,4,4
2026-09-23 16:52:05,101524,Теннисная ракетка Babolat Pure Strike 98 2024,Ракетки для тенниса,Новый товар,0,3,3
2026-09-23 16:52:05,232066,Теннисная ракетка Head Speed Pro Legend 2025,Ракетки для тенниса,Новый товар,0,10,10
2026-09-23 16:52:05,231225,Теннисная ракетка Head IG Gravity Jr 23 2025,Ракетки для тенниса,Новый товар,0,13,13
2026-09-23 16:52:05,WR215311,Теннисная ракетка Wilson Defyer 98 Pro V1,Ракетки для тенниса,Новый товар,0,10,10
2026-09-23 16:52:05,14FI300S,Теннисная ракетка Tecnifibre Tfight 300S Isoflex 2025,Ракетки для тенниса,Новый товар,0,5,5
2026-09-23 16:52:05,232215-BL,Теннисная ракетка Head Paw 19 Blue,Ракетки для тенниса,Новый товар,0,1,1
2026-09-23 16:52:05,JR76-A225,Теннисная ракетка 7/6 А2 Junior 25,Ракетки для тенниса,Новый товар,0,27,27
2026-09-23 16:52:05,235454,Теннисная ракетка Head Challenge Team L 2024 - Stealth,Ракетки для тенниса,Новый товар,0,14,14
2026-09-23 16:52:05,14TF441583,Теннисная ракетка Tecnifibre TF-40 V3 315 18X20,Ракетки для тенниса,Новый товар,0,5,5
2026-09-23 16:52:05,232056,Теннисная ракетка Head Speed Team 2026,Ракетки для тенниса,Новый товар,0,14,14
2026-09-23 16:52:05,WR204311,Теннисная ракетка Wilson Ultra 100L V5.0 Roland Garros 2026,Ракетки для тенниса,Новый товар,0,1,1
2026-09-23 16:52:05,WR207811,Теннисная ракетка Wilson Blade 98 16x19 V10,Ракетки для тенниса,Новый товар,0,2,2
2026-09-23 16:52:05,235044,Теннисная ракетка Head Novak 17 2024,Ракетки для тенниса,Новый товар,0,7,7
2026-09-23 16:52:05,1920579,Теннисная ракетка Solinco Whiteout v.2 Camo 290,Ракетки для тенниса,Новый товар,0,17,17
2026-09-23 16:52:05,WR215411,Теннисная ракетка Wilson Defyer 100 V1,Ракетки для тенниса,Новый товар,0,5,5
2026-09-23 16:52:05,233356,Теннисная ракетка Head Extreme Elite 2026,Ракетки для тенниса,Новый товар,0,2,2
2026-09-23 16:52:05,14FIGHT526,Теннисная ракетка Tecnifibre T-Fight 26 Tour 2025,Ракетки для тенниса,Новый товар,0,4,4
2026-09-23 16:52:05,232236,Теннисная ракетка Head Boom MP UL 2026,Ракетки для тенниса,Новый товар,0,13,13
2026-09-23 16:52:05,1920633,Теннисная ракетка Solinco Whiteout v.2 Camo 305 18x20,Ракетки для тенниса,Новый товар,0,14,14
2026-09-23 16:52:05,192062,Теннисная ракетка Solinco Blackout v.2 Camo 285,Ракетки для тенниса,Новый товар,0,12,12
2026-09-23 16:52:05,235004,Теннисная ракетка Head Novak 25 2024,Ракетки для тенниса,Новый товар,0,6,6
2026-09-23 16:52:05,AR76-A1285,Теннисная ракетка 7/6 A1 285,Ракетки для тенниса,Новый товар,0,7,7
2026-09-23 16:52:05,235432,Теннисная ракетка Head Extreme Jr.21 2023,Ракетки для тенниса,Новый товар,0,3,3
2026-09-23 16:52:05,14REBO1921,Теннисная ракетка Tecnifibre T-Rebound Tempo 19,Ракетки для тенниса,Новый товар,0,3,3
2026-09-23 16:52:05,231405,Теннисная ракетка Head Radical Jr 26,Ракетки для тенниса,Новый товар,0,11,11
2026-09-23 16:52:05,14TFX3054,Теннисная ракетка Tecnifibre TF-X1 305 v.2,Ракетки для тенниса,Новый товар,0,6,6
2026-09-23 16:52:05,WR173310,Теннисная ракетка Wilson Clash 25 V3.0,Ракетки для тенниса,Новый товар,0,8,8
2026-09-23 16:52:05,231125,Теннисная ракетка Head Gravity MP 2025,Ракетки для тенниса,Новый товар,0,4,4
2026-09-23 16:52:05,14FI300SI,Теннисная ракетка Tecnifibre Tfight 300 IGA,Ракетки для тенниса,Новый товар,0,11,11
2026-09-23 16:52:05,WR124410H,Теннисная ракетка Wilson Minions 3.0 Jr. 19,Ракетки для тенниса,Новый товар,0,1,1
2026-09-23 16:52:05,232406,Теннисная ракетка Head Boom MP Alternate 2026,Ракетки для тенниса,Новый товар,0,8,8
2026-09-23 16:52:05,1920391,Теннисная ракетка Solinco Blackout 245,Ракетки для тенниса,Новый товар,0,2,2
2026-09-23 16:52:05,231215,Теннисная ракетка Head IG Gravity Jr 25,Ракетки для тенниса,Новый товар,0,1,1
2026-09-23 16:52:05,14FIR2606,Теннисная ракетка Tecnifbre Fire 260 2026,Ракетки для тенниса,Новый товар,0,7,7
2026-09-23 16:52:05,234856,Теннисная ракетка Head Speed 25,Ракетки для тенниса,Новый товар,0,1,1
2026-09-23 16:52:05,WR152411,Теннисная ракетка Wilson Blade 98S V9.0,Ракетки для тенниса,Новый товар,0,2,2
2026-09-23 16:52:05,231445,Теннисная ракетка Head Radical Jr 19,Ракетки для тенниса,Новый товар,0,11,11
2026-09-23 16:52:05,14FIGTE326,Теннисная ракетка Tecnifibre T-Fight Team 26,Ракетки для тенниса,Новый товар,0,1,1
2026-09-23 16:52:05,WR198010,Теннисная ракетка Wilson ENVY SE,Ракетки для тенниса,Новый товар,0,2,2
2026-09-23 16:52:05,KR76-F19,Теннисная ракетка 7/6 Fox 19,Ракетки для тенниса,Новый товар,0,11,11
2026-09-23 16:52:05,KR76-B21,Теннисная ракетка 7/6 Bear 21,Ракетки для тенниса,Новый товар,0,18,18
2026-09-23 16:52:05,231035,Теннисная ракетка Head Radical Team L 2025,Ракетки для тенниса,Новый товар,0,15,15
2026-09-23 16:52:05,14TFX3004,Теннисная ракетка Tecnifibre TF-X1 300 v.2,Ракетки для тенниса,Новый товар,0,4,4
2026-09-23 16:52:05,101526,Теннисная ракетка Babolat Pure Strike 18x20 2024,Ракетки для тенниса,Новый товар,0,2,2
2026-09-23 16:52:05,235103,Теннисная ракетка Head Radical Pro 2023,Ракетки для тенниса,Новый товар,0,11,11
2026-09-23 16:52:05,233306,Теннисная ракетка Head Extreme Pro 2026,Ракетки для тенниса,Новый товар,0,7,7
2026-09-23 16:52:05,235014,Теннисная ракетка Head Novak 23 2024,Ракетки для тенниса,Новый товар,0,2,2
2026-09-23 16:52:05,231205,Теннисная ракетка Head IG Gravity Jr 26 2025,Ракетки для тенниса,Новый товар,0,1,1
2026-09-23 16:52:05,WR172010,Теннисная ракетка Wilson Slam Boys Junior 21,Ракетки для тенниса,Новый товар,0,9,9
2026-09-23 16:52:05,WR171910,Теннисная ракетка Wilson Slam Boys Junior 23,Ракетки для тенниса,Новый товар,0,4,4
2026-09-23 16:52:05,231476,Теннисная ракетка Head Jannik 23,Ракетки для тенниса,Новый товар,0,9,9
2026-09-23 16:52:05,AR76-A1300,Теннисная ракетка 7/6 A1 300,Ракетки для тенниса,Новый товар,0,1,1
2026-09-23 16:52:05,1920666,Теннисная ракетка Solinco Blackout v.2 Camo 245,Ракетки для тенниса,Новый товар,0,7,7
2026-09-23 16:52:05,14FIR2706,Теннисная ракетка Tecnifbre Fire 270 2026,Ракетки для тенниса,Новый товар,0,2,2
2026-09-23 16:52:05,235442,Теннисная ракетка Head Extreme Jr.19 2023,Ракетки для тенниса,Новый товар,0,16,16
2026-09-23 16:52:05,230114,Теннисная ракетка Head Boom MP 2024,Ракетки для тенниса,Новый товар,0,7,7
2026-09-23 16:52:05,231615,Теннисная ракетка Head Radical MP 2025 Tropical,Ракетки для тенниса,Новый товар,0,2,2
2026-09-23 16:52:05,230016,Теннисная ракетка Head IG Speed 25 2026,Ракетки для тенниса,Новый товар,0,8,8
2026-09-23 16:52:05,140482-100,Теннисная ракетка Babolat Ballfighter 25 - Multicolor,Ракетки для тенниса,Новый товар,0,3,3
2026-09-23 16:52:05,233376,Теннисная ракетка Head Extreme MP XL 2026,Ракетки для тенниса,Новый товар,0,1,1
2026-09-23 16:52:05,230536,Теннисная ракетка Head Coco 25,Ракетки для тенниса,Новый товар,0,2,2
2026-09-23 16:52:05,WR151610U,Теннисная ракетка Wilson Blade 25 V9.0,Ракетки для тенниса,Новый товар,0,5,5
2026-09-23 16:52:05,12CAR135XT,Ракетка для сквоша Tecnifiber Corbonflex X-TOP 135,Ракетки для тенниса,Новый товар,0,1,1
2026-09-23 16:52:05,14BULL17NW,Теннисная ракетка Tecnifibre Bullit 17,Ракетки для тенниса,Новый товар,0,1,1
2026-09-23 16:52:05,WR201510,Теннисная ракетка Wilson Pro Staff 97UL Classic,Ракетки для тенниса,Новый товар,0,18,18
2026-09-23 16:52:05,233326,Теннисная ракетка Head Extreme MP L 2026,Ракетки для тенниса,Новый товар,0,5,5
2026-09-23 16:52:05,235424,Теннисная ракетка Head Challenge Team 2024 - Purple,Ракетки для тенниса,Новый товар,0,4,4
2026-09-23 16:52:05,14FI30SI,Теннисная ракетка Tecnifibre Tfight 300S IGA,Ракетки для тенниса,Новый товар,0,6,6
2026-09-23 16:52:05,14TEMP264E,Теннисная ракетка Tecnifibre Tempo IGA 26,Ракетки для тенниса,Новый товар,0,2,2
2026-09-23 16:52:05,232606,Теннисная ракетка Head Squared,Ракетки для тенниса,Новый товар,0,1,1
2026-09-23 16:52:05,WR207911,Теннисная ракетка Wilson Blade 98 18x20 V10,Ракетки для тенниса,Новый товар,0,3,3
2026-09-23 16:52:05,232046,Теннисная ракетка Head Speed MP UL 2026,Ракетки для тенниса,Новый товар,0,13,13
2026-09-23 16:52:05,KR76-F25,Теннисная ракетка 7/6 Fox 25,Ракетки для тенниса,Новый товар,0,13,13
2026-09-23 16:52:05,WR171510,Теннисная ракетка Wilson Burn Spin Junior 26,Ракетки для тенниса,Новый товар,0,1,1
2026-09-23 16:52:05,0298,Теннисная ракетка Solinco Shadow 21,Ракетки для тенниса,Новый товар,0,1,1
2026-09-23 16:52:05,14FI315S5,Теннисная ракетка Tecnifibre Tfight 315S Isoflex 2025,Ракетки для тенниса,Новый товар,0,9,9
2026-09-23 16:52:05,235814,Теннисная ракетка Head COCO Jr 23,Ракетки для тенниса,Новый товар,0,1,1
2026-09-23 16:52:05,KR76-F21,Теннисная ракетка 7/6 Fox 21,Ракетки для тенниса,Новый товар,0,11,11
2026-09-23 16:52:05,230164,Теннисная ракетка Head Boom Jr 2024,Ракетки для тенниса,Новый товар,0,1,1
2026-09-23 16:52:05,AR76-A2300,Теннисная ракетка 7/6 A2 300,Ракетки для тенниса,Новый товар,0,37,37
2026-09-23 16:52:05,236054,Теннисная ракетка Head Speed Jr. 2024,Ракетки для тенниса,Новый товар,0,7,7
2026-09-23 16:52:05,235024,Теннисная ракетка Head Novak 21 2024,Ракетки для тенниса,Новый товар,0,9,9
2026-09-23 16:52:05,101556,Теннисная ракетка Babolat Pure Drive Super Lite 2025,Ракетки для тенниса,Новый товар,0,2,2
2026-09-23 16:52:05,14FIR2556,Теннисная ракетка Tecnifbre Fire 255 2026,Ракетки для тенниса,Новый товар,0,10,10
2026-09-23 16:52:05,140533-100,Теннисная ракетка Babolat Pure Drive 25 W 2025,Ракетки для тенниса,Новый товар,0,1,1
2026-09-23 16:52:05,233032,Теннисная ракетка Head COCO Jr. 19,Ракетки для тенниса,Новый товар,0,1,1
2026-09-23 16:52:05,232226,Теннисная ракетка Head Boom MP L 2026,Ракетки для тенниса,Новый товар,0,5,5
2026-09-23 16:52:05,231105,Теннисная ракетка Head Gravity Pro 2025,Ракетки для тенниса,Новый товар,0,20,20
2026-09-23 16:52:05,140246,Теннисная ракетка Babolat Nadal Junior 19 (2019),Ракетки для тенниса,Новый товар,0,2,2
2026-09-23 16:52:05,231025,Теннисная ракетка Head Radical Team 2025,Ракетки для тенниса,Новый товар,0,4,4
2026-09-23 16:52:05,231005,Теннисная ракетка Head Radical Pro 2025,Ракетки для тенниса,Новый товар,0,20,20
2026-09-23 16:52:05,140480,Теннисная ракетка Babolat Ballfighter 21 - Blue/Red,Ракетки для тенниса,Новый товар,0,8,8
2026-09-23 16:52:05,230124,Теннисная ракетка Head Boom MP L 2024,Ракетки для тенниса,Новый товар,0,1,1
2026-09-23 16:52:05,140479,Теннисная ракетка Babolat Ballfighter 19 - Blue/Red,Ракетки для тенниса,Новый товар,0,3,3
2026-09-23 16:52:05,235824,Теннисная ракетка Head COCO Jr 21,Ракетки для тенниса,Новый товар,0,1,1
2026-09-23 16:52:05,233149,Теннисная ракетка Head Extreme Junior 19,Ракетки для тенниса,Новый товар,0,3,3
2026-09-23 16:52:05,233336,Теннисная ракетка Head Extreme MP UL 2026,Ракетки для тенниса,Новый товар,0,16,16
2026-09-23 16:52:05,7T58G095,Теннисная ракетка Prince x Hydrogen Skulls 290,Ракетки для тенниса,Новый товар,0,2,2
2026-09-23 16:52:05,101578-323,Теннисная ракетка Babolat Pure Strike 98 18/20 2026,Ракетки для тенниса,Новый товар,0,1,1
2026-09-23 16:52:05,RK-FS-ELV-TOUR,Теннисная ракетка Diadem Elevate FS 98 Tour,Ракетки для тенниса,Новый товар,0,1,1
2026-09-23 16:52:05,232206,Теннисная ракетка Head Boom Pro 2026,Ракетки для тенниса,Новый товар,0,4,4
2026-09-23 16:52:05,233346,Теннисная ракетка Head Extreme Team 2026,Ракетки для тенниса,Новый товар,0,13,13
2026-09-23 16:52:05,AR76-A2285,Теннисная ракетка 7/6 A2 285,Ракетки для тенниса,Новый товар,0,35,35
2026-09-23 16:52:05,236014,Теннисная ракетка Head Speed MP 2024,Ракетки для тенниса,Новый товар,0,6,6
2026-09-23 16:52:05,232205-BL,Теннисная ракетка Head Paw 21 Blue,Ракетки для тенниса,Новый товар,0,6,6
2026-09-23 16:52:05,233316,Теннисная ракетка Head Extreme MP 2026,Ракетки для тенниса,Новый товар,0,7,7
2026-09-23 16:52:05,232106,Теннисная ракетка Head Speed Elite 2026,Ракетки для тенниса,Новый товар,0,1,1
2026-09-23 16:52:05,WR125711,Теннисная ракетка Wilson Pro Staff 97 V14,Ракетки для тенниса,Новый товар,0,5,5
2026-09-23 16:52:05,WR118010H,Теннисная ракетка Wilson Pro Staff Precision Jr. 23,Ракетки для тенниса,Новый товар,0,5,5
2026-09-23 16:52:05,236034,Теннисная ракетка Head Speed Team 2024,Ракетки для тенниса,Новый товар,0,19,19
2026-09-23 16:52:05,14FIR3056,Теннисная ракетка Tecnifbre Fire 305S 2026,Ракетки для тенниса,Новый товар,0,7,7
2026-09-23 16:52:05,230134,Теннисная ракетка Head Boom Team 2024,Ракетки для тенниса,Новый товар,0,2,2
2026-09-23 16:52:05,12CAR12024,Ракетка для сквоша Tecnifiber Carboflex X-TOP V2 120,Ракетки для тенниса,Новый товар,0,1,1
2026-09-23 16:52:05,14FIR3006,Теннисная ракетка Tecnifbre Fire 300 2026,Ракетки для тенниса,Новый товар,0,5,5
2026-09-23 16:52:05,232246,Теннисная ракетка Head Boom Team 2026,Ракетки для тенниса,Новый товар,0,14,14
2026-09-23 16:52:05,AR76-A2255,Теннисная ракетка 7/6 A2 255,Ракетки для тенниса,Новый товар,0,29,29
2026-09-23 16:52:05,WR126210,Теннисная ракетка Wilson Pro Staff 25 v14.0,Ракетки для тенниса,Новый товар,0,3,3
2026-09-23 16:52:05,231154,Теннисная ракетка Head Extreme JR 2024,Ракетки для тенниса,Новый товар,0,11,11
2026-09-23 16:52:05,102573-100,Теннисная ракетка Babolat Pure Aero Super Lite 2026,Ракетки для тенниса,Новый товар,0,1,1
2026-09-23 16:52:05,235133,Теннисная ракетка Head Radical Team L 2023,Ракетки для тенниса,Новый товар,0,1,1
2026-09-23 16:52:05,14BULL21NW,Теннисная ракетка Tecnifibre Bullit 21,Ракетки для тенниса,Новый товар,0,2,2
2026-09-23 16:52:05,WR199610,Теннисная ракетка Wilson Burn V6 100LS,Ракетки для тенниса,Новый товар,0,2,2
2026-09-23 16:52:05,231404,Теннисная ракетка Head Extreme Jr.26 2024,Ракетки для тенниса,Новый товар,0,4,4
2026-09-23 16:52:05,232026,Теннисная ракетка Head Speed MP 2026,Ракетки для тенниса,Новый товар,0,7,7
2026-09-23 16:52:05,101534,Теннисная ракетка Babolat Pure Strike 100 16x20 2024,Ракетки для тенниса,Новый товар,0,3,3
2026-09-23 16:52:05,KR76-B19,Теннисная ракетка 7/6 Bear 19,Ракетки для тенниса,Новый товар,0,18,18
2026-09-23 16:52:05,231216,Теннисная ракетка Head IG Boom XCEED,Ракетки для тенниса,Новый товар,0,7,7
2026-09-23 16:52:05,140517-100,Теннисная ракетка Babolat Aero Junior 25 - Grey/Fluorescent Yellow,Ракетки для тенниса,Новый товар,0,2,2
2026-09-23 16:52:05,231262,Теннисная ракетка Head Radical 25 Comp - Red,Ракетки для тенниса,Новый товар,0,1,1
2026-09-23 16:52:05,KR76-B25,Теннисная ракетка 7/6 Bear 25,Ракетки для тенниса,Новый товар,0,19,19
2026-09-23 16:52:05,14FIT2653,Теннисная ракетка Tecnifibre TFIT 265 STORM,Ракетки для тенниса,Новый товар,0,9,9
2026-09-23 16:52:05,230414,Теннисная ракетка Head Boom MP Alternate 2024,Ракетки для тенниса,Новый товар,0,10,10
2026-09-23 16:52:05,231114,Теннисная ракетка Head Extreme MP 2024,Ракетки для тенниса,Новый товар,0,19,19
2026-09-23 16:52:05,232025,Теннисная ракетка Head Instinct Team L 2025,Ракетки для тенниса,Новый товар,0,10,10
2026-09-23 16:52:05,WR178711,Теннисная ракетка Wilson Ultra 99 Pro V5.0,Ракетки для тенниса,Новый товар,0,4,4
2026-09-23 16:52:05,WR199710,Теннисная ракетка Wilson Burn V6 100 ULS,Ракетки для тенниса,Новый товар,0,6,6
2026-09-23 16:52:05,WR201311,Теннисная ракетка Wilson Pro Staff 97 Classic,Ракетки для тенниса,Новый товар,0,1,1
2026-09-23 16:52:05,235034,Теннисная ракетка Head Novak 19 2024,Ракетки для тенниса,Новый товар,0,6,6
2026-09-23 16:52:05,101551-100,Теннисная ракетка Babolat Pure Drive 98 2025,Ракетки для тенниса,Новый товар,0,3,3
2026-09-23 16:52:05,234943,Теннисная ракетка Head Radical Jr 19 2023,Ракетки для тенниса,Новый товар,0,19,19
2026-09-23 16:52:05,WR174311,Теннисная ракетка Wilson Shift 99 V1.0 RG,Ракетки для тенниса,Новый товар,0,1,1
2026-09-23 16:52:05,231134,Теннисная ракетка Head Extreme Team 2024,Ракетки для тенниса,Новый товар,0,4,4
2026-09-23 16:52:05,235113,Теннисная ракетка Head Radical MP 2023,Ракетки для тенниса,Новый товар,0,7,7
2026-09-23 16:52:05,RK-V3-ELV,Теннисная ракетка Diadem Elevate 98 v.3,Ракетки для тенниса,Новый товар,0,1,1
2026-09-23 16:52:05,233132,Теннисная ракетка Head Novak Jr. 19,Ракетки для тенниса,Новый товар,0,2,2
2026-09-23 16:52:05,WR1259111,Теннисная ракетка Wilson Pro Staff 97L V14,Ракетки для тенниса,Новый товар,0,3,3
2026-09-23 16:52:05,239806,Теннисная ракетка Head Gravity Tour Zverev,Ракетки для тенниса,Новый товар,0,8,8
2026-09-23 16:52:05,WR193610H,Теннисная ракетка Wilson Roland Garros 2026 Elite 21,Ракетки для тенниса,Новый товар,0,5,5
2026-09-23 16:52:05,235804,Теннисная ракетка Head COCO Jr 25,Ракетки для тенниса,Новый товар,0,1,1
2026-09-23 16:52:05,WR201411,Теннисная ракетка Wilson Pro Staff 97L Classic,Ракетки для тенниса,Новый товар,0,5,5
2026-09-23 16:52:05,231444,Теннисная ракетка Head Extreme Jr 19,Ракетки для тенниса,Новый товар,0,11,11
2026-09-23 16:52:05,WR118910H,Теннисная ракетка Wilson Ultra Power Jr.21,Ракетки для тенниса,Новый товар,0,1,1
2026-09-23 16:52:05,WR117910,Теннисная ракетка Wilson Pro Staff Precision Jr. 25,Ракетки для тенниса,Новый товар,0,6,6
2026-09-23 16:52:05,AR76-A1255,Теннисная ракетка 7/6 A1 255,Ракетки для тенниса,Новый товар,0,13,13
2026-09-23 16:52:05,231415,Теннисная ракетка Head Radical Jr 25,Ракетки для тенниса,Новый товар,0,10,10
2026-09-23 16:52:05,WR173011,Теннисная ракетка Wilson Clash 100UL V3.0,Ракетки для тенниса,Новый товар,0,1,1
2026-09-23 16:52:05,232076,Теннисная ракетка Head Speed MP Legend 2025,Ракетки для тенниса,Новый товар,0,5,5
2026-09-23 16:52:05,7T58E095,Теннисная ракетка Prince x Hydrogen Skulls 260,Ракетки для тенниса,Новый товар,0,2,2
2026-09-23 16:52:05,235844,Теннисная ракетка Head COCO Jr 17,Ракетки для тенниса,Новый товар,0,2,2
2026-09-23 16:52:05,JR76-A226,Теннисная ракетка 7/6 А2 Junior 26,Ракетки для тенниса,Новый товар,0,21,21
2026-09-23 16:52:05,WR203510,Теннисная ракетка Wilson Pro Staff Precision NXT 26,Ракетки для тенниса,Новый товар,0,2,2
2026-09-23 16:52:05,WR193310H,Теннисная ракетка Wilson Roland Garros 2026 Elite Comp Jr 26,Ракетки для тенниса,Новый товар,0,4,4
2026-09-23 16:52:05,232115,Теннисная ракетка Head IG Extreme Xceed,Ракетки для тенниса,Новый товар,0,13,13
2026-09-23 16:52:05,14TF440563,Теннисная ракетка Tecnifibre TF-40 V3 305 16X19,Ракетки для тенниса,Новый товар,0,2,2
2026-09-23 16:52:05,7T59I091,Теннисная ракетка Prince Beast 265 LTD Edition,Ракетки для тенниса,Новый товар,0,1,1
2026-09-23 16:52:05,236123,Теннисная ракетка Head Prestige MP 2023,Ракетки для тенниса,Новый товар,0,2,2
2026-09-23 16:52:05,231486,Теннисная ракетка Head Jannik 25,Ракетки для тенниса,Новый товар,0,4,4
2026-09-23 16:52:05,236064,Теннисная ракетка Head Speed Jr 25 2024,Ракетки для тенниса,Новый товар,0,5,5
2026-09-23 16:52:05,235414,Теннисная ракетка Head Challenge MP 2024 - Red,Ракетки для тенниса,Новый товар,0,10,10
2026-09-23 16:52:05,231104,Теннисная ракетка Head Extreme Pro 2024,Ракетки для тенниса,Новый товар,0,14,14
2026-09-23 16:52:05,WR180310,Теннисная ракетка Wilson Intrigue Girls Junior 25,Ракетки для тенниса,Новый товар,0,5,5
2026-09-23 16:52:05,14FI305S,Теннисная ракетка Tecnifibre Tfight 305S Isoflex 2025,Ракетки для тенниса,Новый товар,0,6,6
2026-09-23 16:52:05,231424,Теннисная ракетка Head Extreme Jr23,Ракетки для тенниса,Новый товар,0,2,2
2026-09-23 16:52:05,235834,Теннисная ракетка Head COCO Jr 19,Ракетки для тенниса,Новый товар,0,3,3
2026-09-23 16:52:05,14TEMP194E,Теннисная ракетка Tecnifibre Tempo IGA 19,Ракетки для тенниса,Новый товар,0,2,2
2026-09-23 16:52:05,231434,Теннисная ракетка Head Extreme Jr.21,Ракетки для тенниса,Новый товар,0,6,6
2026-09-23 16:52:05,1920250-18x20,Теннисная ракетка Solinco Whiteout 305 18x20,Ракетки для тенниса,Новый товар,0,6,6
2026-09-23 16:52:05,231234,Теннисная ракетка Head Graphene Touch Radical XTR,Ракетки для тенниса,Новый товар,0,2,2
2026-09-23 16:52:05,232436,Теннисная ракетка Head Boom Team Alternate 2026,Ракетки для тенниса,Новый товар,0,1,1
2026-09-23 16:52:05,14TF441563,Теннисная ракетка Tecnifibre TF-40 V3 315 16X19,Ракетки для тенниса,Новый товар,0,5,5
2026-09-23 16:52:05,232216,Теннисная ракетка Head Boom MP 2026,Ракетки для тенниса,Новый товар,0,9,9
2026-09-23 16:52:05,233366,Теннисная ракетка Head Extreme Jr 2026,Ракетки для тенниса,Новый товар,0,10,10
2026-09-23 16:52:05,232086,Теннисная ракетка Head Speed Jr 2026,Ракетки для тенниса,Новый товар,0,11,11
2026-09-23 16:52:05,RK-RSE26-TL,Теннисная ракетка Diadem Rise 26 Teal,Ракетки для тенниса,Новый товар,0,1,1
2026-09-23 16:52:05,230546,Теннисная ракетка Head Coco 23,Ракетки для тенниса,Новый товар,0,6,6
2026-09-23 16:52:05,231145,Теннисная ракетка Head Gravity Team 2025,Ракетки для тенниса,Новый товар,0,18,18
2026-09-23 16:52:05,140516-100,Теннисная ракетка Babolat Drive 25 Junior 2025,Ракетки для тенниса,Новый товар,0,3,3
2026-09-23 16:52:05,14FI295R,Теннисная ракетка Tecnifibre Tfight 295 RS,Ракетки для тенниса,Новый товар,0,1,1
2026-09-23 16:52:05,WR125811,Теннисная ракетка Wilson Pro Staff X V14,Ракетки для тенниса,Новый товар,0,3,3
2026-09-23 16:52:05,230104,Теннисная ракетка Head Boom Pro 2024,Ракетки для тенниса,Новый товар,0,8,8
2026-09-23 16:52:05,1920232,Теннисная ракетка Solinco Blackout 265,Ракетки для тенниса,Новый товар,0,3,3
2026-09-23 16:52:05,236941,Теннисная ракетка Head Extreme Junior 19 2021,Ракетки для тенниса,Новый товар,0,6,6
2026-09-23 16:52:05,7T59K091,Теннисная ракетка Prince Beast 300 LTD Edition,Ракетки для тенниса,Новый товар,0,2,2
2026-09-23 16:52:05,232266,Теннисная ракетка Head Boom Jr 25 2026,Ракетки для тенниса,Новый товар,0,12,12
2026-09-23 16:52:05,140518-100,Теннисная ракетка Babolat Aero Junior 26 - Grey/Fluorescent Yellow,Ракетки для тенниса,Новый товар,0,5,5
2026-09-23 16:52:05,WR172110,Теннисная ракетка Wilson Slam Boys Junior 19,Ракетки для тенниса,Новый товар,0,8,8
2026-09-23 16:52:05,14FIGHTX25,Теннисная ракетка Tecnifibre T-Fight 25 Tour 2023,Ракетки для тенниса,Новый товар,0,4,4
2026-09-23 16:52:05,234933,Теннисная ракетка Head Radical Jr 21 2023,Ракетки для тенниса,Новый товар,0,18,18
2026-09-23 16:52:05,230144,Теннисная ракетка Head Boom Team L 2024,Ракетки для тенниса,Новый товар,0,4,4
2026-09-23 16:52:05,12CARJUN24,Ракетка для сквоша Tecnifiber Carboflex Junior V2,Ракетки для тенниса,Новый товар,0,2,2
2026-09-23 16:52:05,WR180510,Теннисная ракетка Wilson Intrigue Girls Junior 21,Ракетки для тенниса,Новый товар,0,3,3
2026-09-23 16:52:05,232426,Теннисная ракетка Head Boom MP UL Alternate 2026,Ракетки для тенниса,Новый товар,0,5,5
2026-09-23 16:52:05,14TF449063,Теннисная ракетка Tecnifibre TF-40 V3 290,Ракетки для тенниса,Новый товар,0,2,2
2026-09-23 16:52:05,235344,Теннисная ракетка Head MX Spark Elite - White,Ракетки для тенниса,Новый товар,0,3,3
2026-09-23 16:52:05,WR145311,Теннисная ракетка Wilson Shift 99 V1.0,Ракетки для тенниса,Новый товар,0,6,6
2026-09-23 16:52:05,231236,Теннисная ракетка Head IG Gravity XCEED,Ракетки для тенниса,Новый товар,0,1,1
2026-09-23 16:52:05,230034,Теннисная ракетка Head IG Speed 21 2024,Ракетки для тенниса,Новый товар,0,13,13
2026-09-23 16:52:05,232256,Теннисная ракетка Head Boom Jr 2026,Ракетки для тенниса,Новый товар,0,14,14
2026-09-23 16:52:05,WR199510,Теннисная ракетка Wilson Burn V6 100S,Ракетки для тенниса,Новый товар,0,4,4
2026-09-23 16:52:05,1920584,Теннисная ракетка Solinco Whiteout v.2 Camo 305,Ракетки для тенниса,Новый товар,0,15,15
2026-09-23 16:52:05,KR76-F26,Теннисная ракетка 7/6 Fox 26,Ракетки для тенниса,Новый товар,0,15,15
2026-09-23 16:52:05,14TEMP212E,Теннисная ракетка Tecnifibre Tempo 21,Ракетки для тенниса,Новый товар,0,1,1
2026-09-23 16:52:05,1920625,Теннисная ракетка Solinco Blackout v.2 Camo 300,Ракетки для тенниса,Новый товар,0,14,14
2026-09-23 16:52:05,RK-SUP19-RD,Теннисная ракетка Diadem Super 19 Red,Ракетки для тенниса,Новый товар,0,1,1
2026-09-23 16:52:05,WR175711,Теннисная ракетка Wilson RF 01 Future Lite,Ракетки для тенниса,Новый товар,0,1,1
2026-09-23 16:52:05,239816,Теннисная ракетка Head Gravity MP Zverev,Ракетки для тенниса,Новый товар,0,9,9
2026-09-23 16:52:05,AR76-A2270,Теннисная ракетка 7/6 A2 270,Ракетки для тенниса,Новый товар,0,34,34
2026-09-23 16:52:05,231414,Теннисная ракетка Head Extreme Jr.25,Ракетки для тенниса,Новый товар,0,7,7
2026-09-23 16:52:05,232005,Теннисная ракетка Head Instinct MP 2025,Ракетки для тенниса,Новый товар,0,15,15
2026-09-23 16:52:05,WR171810,Теннисная ракетка Wilson Slam Boys Junior 25,Ракетки для тенниса,Новый товар,0,5,5
2026-09-23 16:52:05,140237,Теннисная ракетка Babolat Ballfighter 17 Blue/Orange/Black,Ракетки для тенниса,Новый товар,0,4,4
2026-09-23 16:52:05,231425,Теннисная ракетка Head Radical Jr 23,Ракетки для тенниса,Новый товар,0,11,11
2026-09-23 16:52:05,0297,Теннисная ракетка Solinco Shadow 19,Ракетки для тенниса,Новый товар,0,2,2
2026-09-23 16:52:05,235173,Теннисная ракетка Head Radical Jr 2023 26,Ракетки для тенниса,Новый товар,0,4,4
2026-09-23 16:52:05,14TEMP192E,Теннисная ракетка Tecnifibre Tempo 19,Ракетки для тенниса,Новый товар,0,1,1
2026-09-23 16:52:05,WR118810H,Теннисная ракетка Wilson Ultra Power Jr.23,Ракетки для тенниса,Новый товар,0,3,3
2026-09-23 16:52:05,WR118110H,Теннисная ракетка Wilson Pro Staff Precision Jr. 21,Ракетки для тенниса,Новый товар,0,8,8
2026-09-23 16:52:05,236004,Теннисная ракетка Head Speed Pro 2024,Ракетки для тенниса,Новый товар,0,16,16
2026-09-23 16:52:05,231015,Теннисная ракетка Head Radical MP 2025,Ракетки для тенниса,Новый товар,0,6,6
2026-09-23 16:52:05,231435,Теннисная ракетка Head Radical Jr 21,Ракетки для тенниса,Новый товар,0,11,11
2026-09-23 16:52:05,231115,Теннисная ракетка Head Gravity Tour 2025,Ракетки для тенниса,Новый товар,0,16,16
2026-09-23 16:52:05,WR149811,Теннисная ракетка Wilson Blade 98 16x19 V9.0,Ракетки для тенниса,Новый товар,0,1,1
2026-09-23 16:52:05,WR198110,Теннисная ракетка Wilson US OPEN Pro 100,Ракетки для тенниса,Новый товар,0,1,1
2026-09-23 16:52:05,234032,Теннисная ракетка Head IG Speed Jr 21,Ракетки для тенниса,Новый товар,0,10,10
2026-09-23 16:52:05,WR151411,Теннисная ракетка Wilson RF 01,Ракетки для тенниса,Новый товар,0,3,3
2026-09-23 16:52:05,230024,Теннисная ракетка Head IG Speed 23 2024,Ракетки для тенниса,Новый товар,0,8,8
2026-09-23 16:52:05,192066,Теннисная ракетка Solinco Blackout v.2 Camo 265,Ракетки для тенниса,Новый товар,0,9,9
2026-09-23 16:52:05,230006,Теннисная ракетка Head IG Speed 26 2026,Ракетки для тенниса,Новый товар,0,12,12
2026-09-23 16:52:05,KR76-B26,Теннисная ракетка 7/6 Bear 26,Ракетки для тенниса,Новый товар,0,14,14
2026-09-23 16:52:05,232096,Теннисная ракетка Head Speed Jr 25 2026,Ракетки для тенниса,Новый товар,0,17,17
2026-09-23 16:52:05,235444,Теннисная ракетка Head Challenge Team L 2024 - Coral,Ракетки для тенниса,Новый товар,0,23,23
2026-09-23 16:52:05,140526-100,Теннисная ракетка Babolat Pure Strike 26 2026,Ракетки для тенниса,Новый товар,0,1,1
2026-09-23 16:52:05,231045,Теннисная ракетка Head Radical Jr 26 2025,Ракетки для тенниса,Новый товар,0,13,13
2026-09-23 16:52:05,232276,Теннисная ракетка Head Boom Elite 2026,Ракетки для тенниса,Новый товар,0,6,6
2026-09-23 16:52:05,235434,Теннисная ракетка Head Challenge Team 2024 - Mint,Ракетки для тенниса,Новый товар,0,10,10
2026-09-23 16:52:05,231226,Теннисная ракетка Head IG Speed Xceed,Ракетки для тенниса,Новый товар,0,6,6
2026-09-23 16:52:05,12CARJUNXT,Ракетка для сквоша Tecnifiber Carboflex Junior X-TOP,Ракетки для тенниса,Новый товар,0,3,3
2026-09-23 16:52:05,140454,Теннисная ракетка Babolat RAFA Junior 19,Ракетки для тенниса,Новый товар,0,9,9
2026-09-23 16:52:05,140487-100,Теннисная ракетка Babolat B'Fly 25 - Navy/Pink,Ракетки для тенниса,Новый товар,0,2,2
2026-09-23 16:52:05,235033,Теннисная ракетка Head IG Gravity Jr 21 2023,Ракетки для тенниса,Новый товар,0,8,8
2026-09-23 16:52:05,KR76-B23,Теннисная ракетка 7/6 Bear 23,Ракетки для тенниса,Новый товар,0,18,18
2026-09-23 16:52:05,14FIGHTX26,Теннисная ракетка Tecnifibre T-Fight 26 Tour 2023,Ракетки для тенниса,Новый товар,0,5,5
2026-09-23 16:52:05,14BULL19NW,Теннисная ракетка Tecnifibre Bullit 19,Ракетки для тенниса,Новый товар,0,4,4
2026-09-23 16:52:05,WR8218401001,Теннисные мячи Wilson 3B Championship Legacy White,Мячи для тенниса,Новый товар,0,0,0
2026-09-23 16:52:05,WR8218402001,Теннисные мячи Wilson 3B Championship Legacy Yellow,Мячи для тенниса,Новый товар,0,0,0
2026-09-23 16:52:05,TB-003-48,Теннисные мячи 7/6 3B Red x 48,Мячи для тенниса,Новый товар,0,9,9
2026-09-23 16:52:05,TB-005,Теннисные мячи 7/6 Green 3 X 24,Мячи для тенниса,Новый товар,0,0,0
2026-09-23 16:52:05,TB76-007,Теннисные мячи 7/6 Championship 3B,Мячи для тенниса,Новый товар,0,0,0
2026-09-23 16:52:05,570703,Теннисные мячи Head 3B Tour 3 x 24,Мячи для тенниса,Новый товар,0,0,0
2026-09-23 16:52:05,578413,Теннисные мячи Head Green 3 x 24,Мячи для тенниса,Новый товар,0,0,0
2026-09-23 16:52:05,J897-9.5,Мяч подарочный 7/6 Jumbo Tennis Ball 9.5' - Yellow,Мячи для тенниса,Новый товар,0,30,30
2026-09-23 16:52:05,571071,Теннисные мячи Head 3B Pro Blue,Мячи для тенниса,Новый товар,0,0,0
2026-09-23 16:52:05,575203,Теннисные мячи Head 3B Championship 2022,Мячи для тенниса,Новый товар,0,0,0
2026-09-23 16:52:05,578270,Теннисные мячи Head TIP Orange пакет 72 мяча,Мячи для тенниса,Новый товар,0,3,3
2026-09-23 16:52:05,WRT115000,Теннисные мячи Wilson 4B Roland Garros Clay,Мячи для тенниса,Новый товар,0,0,0
2026-09-23 16:52:05,575703,Теннисные мячи Head 3B Team,Мячи для тенниса,Новый товар,0,0,0
2026-09-23 16:52:05,578423,Теннисные мячи Head Stage 2 Orange 3 Х 24,Мячи для тенниса,Новый товар,0,0,0
2026-09-23 16:52:05,570823,Теннисные мячи Head 3B Tour XT,Мячи для тенниса,Новый товар,0,0,0
2026-09-23 16:52:05,578433,Теннисные мячи Head Red 3 ball,Мячи для тенниса,Новый товар,0,141,141
2026-09-23 16:52:05,603758,Теннисные мячи Dunlop Indoor Foam 12 Balls,Мячи для тенниса,Новый товар,0,0,0
2026-09-23 16:52:05,J897-6.0,Мяч подарочный 7/6 Jumbo Tennis Ball 6' - Yellow,Мячи для тенниса,Новый товар,0,23,23
2026-09-23 16:52:05,TB-001,Теннисные мячи 7/6 3B Pro,Мячи для тенниса,Новый товар,0,0,0
2026-09-23 16:52:05,578123,Теннисные мячи Head T.I.P. Orange 3 ball,Мячи для тенниса,Новый товар,0,0,0
2026-09-23 16:52:05,TB76-006,Теннисные мячи 7/6 Pro 3 X 24,Мячи для тенниса,Новый товар,0,0,0
2026-09-23 16:52:05,TB-004,Теннисные мячи 7/6 Orange 3 X 24,Мячи для тенниса,Новый товар,0,0,0
2026-09-23 16:52:05,WRT116200,Теннисные мячи Wilson 4B US Open,Мячи для тенниса,Новый товар,0,0,0
2026-09-23 16:52:05,601613,Теннисные мячи Dunlop Fort Clay Court 4B,Мячи для тенниса,Новый товар,0,0,0
2026-09-23 16:52:05,340982,Теннисные мячи Slazenger Wimbledon 2026 4B,Мячи для тенниса,Новый товар,0,0,0
2026-09-23 16:52:05,578410,Теннисные мячи Head Green пакет 72 мяча,Мячи для тенниса,Новый товар,0,1,1
2026-09-23 16:52:05,TB-003,Теннисные мячи 7/6 3B Red,Мячи для тенниса,Новый товар,0,0,0
2026-09-23 16:52:05,52ATPCON50,Овергрип Tecnifibre Contact Pro White 50 pk,Аксессуары,Новый товар,0,4,4
2026-09-23 16:52:05,285080-BN,Повязка на голову Head Headband - Banana,Аксессуары,Новый товар,0,5,5
2026-09-23 16:52:05,288400-40,Комплект ручки Head № 4,Аксессуары,Новый товар,0,6,6
2026-09-23 16:52:05,KL2657,Брелок-сумка Adidas Padel Wallet Multigame - Black,Аксессуары,Новый товар,0,4,4
2026-09-23 16:52:05,285080-RD,Повязка на голову Head Headband - Red,Аксессуары,Новый товар,0,7,7
2026-09-23 16:52:05,TL-Donut,Виброгаситель Tennis Life - Cake,Аксессуары,Новый товар,0,22,22
2026-09-23 16:52:05,700045,Виброгаситель Babolat Strawberry X 2,Аксессуары,Новый товар,0,3,3
2026-09-23 16:52:05,285080-BL,Повязка на голову Head Headband - Blue,Аксессуары,Новый товар,0,5,5
2026-09-23 16:52:05,STО76-1AS,Овергрип 7/6 Super Tacky 1 PK - Assorted,Аксессуары,Новый товар,0,105,105
2026-09-23 16:52:05,008-м,Полотенце Tennis Team 50x90 Red,Аксессуары,Новый товар,0,30,30
2026-09-23 16:52:05,285525,Виброгаситель Head Pro Damp Jar,Аксессуары,Новый товар,0,39,39
2026-09-23 16:52:05,285631,Овергрип Head Prime Tour 12 pack - Pink,Аксессуары,Новый товар,0,15,15
2026-09-23 16:52:05,100,"Брелок мячик в ассортименте (Pink, Purple, Green)",Аксессуары,Новый товар,0,9,9
2026-09-23 16:52:05,STO76-3WH,Овергрип 7/6 Super Tacky - White 3 pk,Аксессуары,Новый товар,0,3,3
2026-09-23 16:52:05,WR8405001001,Виброгаситель Wilson Animal Dampener,Аксессуары,Новый товар,0,163,163
2026-09-23 16:52:05,WR8441701001,Протектор Wilson Blade 98 Pro 18x20 V9.0,Аксессуары,Новый товар,0,17,17
2026-09-23 16:52:05,285511-YW,Виброгаситель Head Xtra Damp Yellow,Аксессуары,Новый товар,0,64,64
2026-09-23 16:52:05,001-YE,Овергрип Solinco Wonder Yellow 1pk,Аксессуары,Новый товар,0,21,21
2026-09-23 16:52:05,76WBL-NV,Напульсники 7/6 Wristband Long - Navy,Аксессуары,Новый товар,0,24,24
2026-09-23 16:52:05,710227,Защитная лента Babolat Super Tape black 5pk,Аксессуары,Новый товар,0,3,3
2026-09-23 16:52:05,52ATPPLAWH,Овергрип Tecnifibre Players Pro - White,Аксессуары,Новый товар,0,11,11
2026-09-23 16:52:05,285080-AN,Повязка на голову Head Headband - Antracite,Аксессуары,Новый товар,0,8,8
2026-09-23 16:52:05,STO76-3YW,Овергрип 7/6 Super Tacky - Yellow 3 pk,Аксессуары,Новый товар,0,90,90
2026-09-23 16:52:05,101-004,"Магнит Milo ""I CAN PLAY IN TOP 10 ATP""",Аксессуары,Новый товар,0,7,7
2026-09-23 16:52:05,X0015MP,Трафарет Logo W Stencil для тенниса,Аксессуары,Новый товар,0,6,6
2026-09-23 16:52:05,TL-Superman,Виброгаситель Tennis Life Superheroes - Superman,Аксессуары,Новый товар,0,17,17
2026-09-23 16:52:05,285005,Виброгаситель Head Sinner Dampener White/Black,Аксессуары,Новый товар,0,60,60
2026-09-23 16:52:05,TC76-GR,Теннисные носки 7/6 Tour Crew - Grey,Аксессуары,Новый товар,0,122,122
2026-09-23 16:52:05,WR8436101001,Протектор Wilson Pro Staff 97L/UL V14,Аксессуары,Новый товар,0,19,19
2026-09-23 16:52:05,285712,Овергрип Head Xtremsoft assorty,Аксессуары,Новый товар,0,59,59
2026-09-23 16:52:05,S1490008,Носки Bidi Badu No Party No Show Move 3pk - Black,Аксессуары,Новый товар,0,5,5
2026-09-23 16:52:05,STO76-3TB,Овергрип 7/6 Super Tacky - Tiffany Blue 3 pk,Аксессуары,Новый товар,0,27,27
2026-09-23 16:52:05,285515-AS,Виброгаситель Head Pro Damp Mix,Аксессуары,Новый товар,0,23,23
2026-09-23 16:52:05,WRZ470800,Грип Wilson Pro Performance Black,Аксессуары,Новый товар,0,10,10
2026-09-23 16:52:05,76WBL-BLACK,Напульсники 7/6 Wristband Long - Black,Аксессуары,Новый товар,0,83,83
2026-09-23 16:52:05,285018-WH,Защитная лента Head Protection Tape - White,Аксессуары,Новый товар,0,59,59
2026-09-23 16:52:05,285070-OR,Пара напульсников Head 5 Synthetic Wristband - Orange,Аксессуары,Новый товар,0,36,36
2026-09-23 16:52:05,285661,Овергрип Head Prime Tour 1 шт - Mint,Аксессуары,Новый товар,0,182,182
2026-09-23 16:52:05,285313,Грип Head Hydrosorb Comfort Black,Аксессуары,Новый товар,0,12,12
2026-09-23 16:52:05,285621,Овергрип Head Prime Tour - Mint,Аксессуары,Новый товар,0,53,53
2026-09-23 16:52:05,WR8403801001,Виброгаситель Wilson Roland Garros Tennis Ball,Аксессуары,Новый товар,0,6,6
2026-09-23 16:52:05,LT-76,Лента утяжелитель 7/6,Аксессуары,Новый товар,0,24,24
2026-09-23 16:52:05,76VC-BK,Виброгаситель 7/6 Dampener - Court Black,Аксессуары,Новый товар,0,146,146
2026-09-23 16:52:05,HR76-AS,Кольцо на ручку ракетки 7/6 assorty,Аксессуары,Новый товар,0,348,348
2026-09-23 16:52:05,WRZ4040BK,Овергрип Wilson Pro Soft Overgrip Black 3pk,Аксессуары,Новый товар,0,16,16
2026-09-23 16:52:05,282010-BW,Грип Head Leather Tour - Brown,Аксессуары,Новый товар,0,17,17
2026-09-23 16:52:05,51ATPWAMBK,Грип Tecnifibre WAX MAX Grip - Black,Аксессуары,Новый товар,0,1,1
2026-09-23 16:52:05,76WBL-2OR,Пара напульсников 7/6 Wristband Long - Orange,Аксессуары,Новый товар,0,29,29
2026-09-23 16:52:05,710227-105,Защитная лента Babolat Super Tape black 1pk,Аксессуары,Новый товар,0,4,4
2026-09-23 16:52:05,WRZ742500,Маркер Wilson Stencil,Аксессуары,Новый товар,0,15,15
2026-09-23 16:52:05,SK0118-010,Носки Nike Court Multiplier Cushioned - Black,Аксессуары,Новый товар,0,132,132
2026-09-23 16:52:05,TL76S-BK,Полотенце 7/6 (50*70) - Black,Аксессуары,Новый товар,0,19,19
2026-09-23 16:52:05,285104-BK,Овергрип Head Xtremsoft black,Аксессуары,Новый товар,0,71,71
2026-09-23 16:52:05,285050-OR,"Пара напульсников Head 2,5 Synthetic Wristband - Orange",Аксессуары,Новый товар,0,24,24
2026-09-23 16:52:05,653040,Овергрип Babolat VS Grip Original 3PK - Black,Аксессуары,Новый товар,0,17,17
2026-09-23 16:52:05,285104-BL,Овергрип Head Xtremsoft blue,Аксессуары,Новый товар,0,118,118
2026-09-23 16:52:05,285080-BK,Повязка на голову Head Headband - Black,Аксессуары,Новый товар,0,3,3
2026-09-23 16:52:05,285070-NV,Пара напульсников Head 5 Synthetic Wristband - Navy,Аксессуары,Новый товар,0,2,2
2026-09-23 16:52:05,TS76-BK,Теннисные носки 7/6 Tour Sneaker - Black,Аксессуары,Новый товар,0,188,188
2026-09-23 16:52:05,700129-100,Виброгаситель Babolat Wimbledon x2,Аксессуары,Новый товар,0,1,1
2026-09-23 16:52:05,001-RD,Овергрип Solinco Wonder Red 1pk,Аксессуары,Новый товар,0,48,48
2026-09-23 16:52:05,013,"Аромасаше ""Всегда в игре"" - Yellow",Аксессуары,Новый товар,0,20,20
2026-09-23 16:52:05,TQ76-BL,Теннисные носки 7/6 Tour Quater - Blue,Аксессуары,Новый товар,0,103,103
2026-09-23 16:52:05,53FRAIIGDA,Виброгаситель Tecnifiber Damp IGA Strawberry,Аксессуары,Новый товар,0,9,9
2026-09-23 16:52:05,WRZ539000,Виброгаситель Luxilon LXN Grey,Аксессуары,Новый товар,0,20,20
2026-09-23 16:52:05,76WBL-2GR,Пара напульсников 7/6 Wristband Long - Green,Аксессуары,Новый товар,0,7,7
2026-09-23 16:52:05,SL76(1)-WH,Теннисные носки 7/6 Pro - White,Аксессуары,Новый товар,0,204,204
2026-09-23 16:52:05,001-WH,Овергрип Solinco Wonder White 1pk,Аксессуары,Новый товар,0,22,22
2026-09-23 16:52:05,51ATPXFEBK,Грип Tecnifibre X-Tra Feel - Black,Аксессуары,Новый товар,0,2,2
2026-09-23 16:52:05,TL-WW,Виброгаситель Tennis Life Superheroes - Wonder Woman,Аксессуары,Новый товар,0,99,99
2026-09-23 16:52:05,771026001200043,Носки Head Short Crew Black (3 пары),Аксессуары,Новый товар,0,1,1
2026-09-23 16:52:05,WRZ4025RD,Овергрип Wilson Profile Overgrip 3PK - Red,Аксессуары,Новый товар,0,36,36
2026-09-23 16:52:05,GB-1200,Овергрип для падел ракеток BullPadel Comfort - White,Аксессуары,Новый товар,0,26,26
2026-09-23 16:52:05,STО76-60WH,Овергрип 7/6 Super Tacky 60 PK - White,Аксессуары,Новый товар,0,11,11
2026-09-23 16:52:05,101-002,"Магнит Milo ""NICE SHOT""",Аксессуары,Новый товар,0,1,1
2026-09-23 16:52:05,52ATPCON12,Овергрип Tecnifibre Contact Pro White x1,Аксессуары,Новый товар,0,206,206
2026-09-23 16:52:05,285088-BK,Овергрип Head Super Comp black,Аксессуары,Новый товар,0,54,54
2026-09-23 16:52:05,WR8441601001,Протектор Wilson Blade 98 Pro 16x19 V9.0,Аксессуары,Новый товар,0,5,5
2026-09-23 16:52:05,WR8912601001,Брелок Wilson Silicone Ball Keychain,Аксессуары,Новый товар,0,5,5
2026-09-23 16:52:05,TS76-WH,Теннисные носки 7/6 Tour Sneaker - White,Аксессуары,Новый товар,0,210,210
2026-09-23 16:52:05,76WB-2PK,Пара напульсников 7/6 Wristband - Pink,Аксессуары,Новый товар,0,11,11
2026-09-23 16:52:05,WRZ470810,Овергрип Wilson Pro Overgrip Blade Green 3 pk,Аксессуары,Новый товар,0,8,8
2026-09-23 16:52:05,10-1,Брелок Padel Nox ball green,Аксессуары,Новый товар,0,1,1
2026-09-23 16:52:05,653052,Овергрип Babolat My Grip Black/Blue/White,Аксессуары,Новый товар,0,5,5
2026-09-23 16:52:05,285104-YW,Овергрип Head Xtremsoft yellow,Аксессуары,Новый товар,0,96,96
2026-09-23 16:52:05,002,Полотенце Saletennis.com 70x140,Аксессуары,Новый товар,0,201,201
2026-09-23 16:52:05,76WB-2LG,Пара напульсников 7/6 Wristband - Light grey,Аксессуары,Новый товар,0,14,14
2026-09-23 16:52:05,285014,Грип Head Hydrosorb Mix,Аксессуары,Новый товар,0,5,5
2026-09-23 16:52:05,76HB-BL,Повязка на голову 7/6 Headband - Black,Аксессуары,Новый товар,0,11,11
2026-09-23 16:52:05,WR8442301001,Протектор Wilson Shift 99/99L V1.0,Аксессуары,Новый товар,0,1,1
2026-09-23 16:52:05,700032,Виброгаситель Babolat Flag Damp x2 - White/Pink,Аксессуары,Новый товар,0,3,3
2026-09-23 16:52:05,653040-105,Овергрип Babolat VS Original 3pk - Black,Аксессуары,Новый товар,0,12,12
2026-09-23 16:52:05,285070-AN,Пара напульсников Head 5 Synthetic Wristband - Anthracite,Аксессуары,Новый товар,0,7,7
2026-09-23 16:52:05,WR8442401001,Протектор Wilson Shift 99 Pro V1.0,Аксессуары,Новый товар,0,1,1
2026-09-23 16:52:05,285050-BK,"Пара напульсников Head 2,5 Synthetic Wristband - Black",Аксессуары,Новый товар,0,5,5
2026-09-23 16:52:05,285070-WH,Пара напульсников Head 5 Synthetic Wristband - White,Аксессуары,Новый товар,0,5,5
2026-09-23 16:52:05,101-026,"Магнит Milo ""WHY SO SERIOUS?""",Аксессуары,Новый товар,0,1,1
2026-09-23 16:52:05,285088-BL,Овергрип Head Super Comp blue,Аксессуары,Новый товар,0,144,144
2026-09-23 16:52:05,670063,Грип Babolat Natural Dry&Thin,Аксессуары,Новый товар,0,1,1
2026-09-23 16:52:05,WRZ4025BK,Овергрип Wilson Profile Overgrip black 3 pk,Аксессуары,Новый товар,0,17,17
2026-09-23 16:52:05,002-1,Полотенце Saletennis.com 50x90 - Grey,Аксессуары,Новый товар,0,61,61
2026-09-23 16:52:05,4C32-522,Носки 7/6 Ankle Socks Black,Аксессуары,Новый товар,0,170,170
2026-09-23 16:52:05,288435-10,Комплект ручки Head (кроме серии Speed) № 1,Аксессуары,Новый товар,0,6,6
2026-09-23 16:52:05,TL-Deadpool,Виброгаситель Tennis Life Superheroes - Deadpool,Аксессуары,Новый товар,0,18,18
2026-09-23 16:52:05,653048-105,Овергрип Babolat Pro Response X 3 Black,Аксессуары,Новый товар,0,4,4
2026-09-23 16:52:05,653040-101,Овергрип Babolat VS Original 3pk - White,Аксессуары,Новый товар,0,6,6
2026-09-23 16:52:05,811904-BKW,Носки Head Performance - Black/White (3 пары),Аксессуары,Новый товар,0,13,13
2026-09-23 16:52:05,WR8404801001,Виброгаситель Wilson Bowl O' Fun,Аксессуары,Новый товар,0,894,894
2026-09-23 16:52:05,A1450001-PK,Пара напульсников Bidi Badu Lil Move Short - Pink,Аксессуары,Новый товар,0,1,1
2026-09-23 16:52:05,WRG074000,Протектор Wilson Clash 100/100L/100UL V2.0,Аксессуары,Новый товар,0,5,5
2026-09-23 16:52:05,WRG044800,Протектор Wilson Burn 100S/100LS/100ULS V4.0,Аксессуары,Новый товар,0,6,6
2026-09-23 16:52:05,101-021,"Магнит Milo ""NOT EVERYONE CAN BE #1""",Аксессуары,Новый товар,0,1,1
2026-09-23 16:52:05,285050-AN,"Пара напульсников Head 2,5 Synthetic Wristband - Anthracite",Аксессуары,Новый товар,0,15,15
2026-09-23 16:52:05,4C31-522,Носки 7/6 Socks Black,Аксессуары,Новый товар,0,222,222
2026-09-23 16:52:05,653048-101,Овергрип Babolat Pro Response X 3 White,Аксессуары,Новый товар,0,4,4
2026-09-23 16:52:05,001-PK,Овергрип Solinco Wonder Pink 1pk,Аксессуары,Новый товар,0,31,31
2026-09-23 16:52:05,285018-BK,Защитная лента Head Protection Tape - Black,Аксессуары,Новый товар,0,32,32
2026-09-23 16:52:05,76HB-BLUE,Повязка на голову 7/6 Headband - Navy,Аксессуары,Новый товар,0,27,27
2026-09-23 16:52:05,WRG1645114,Заглушка ручки Wilson BLDV9/CLSHV2/PSV14 Size 1,Аксессуары,Новый товар,0,6,6
2026-09-23 16:52:05,285050-BL,"Пара напульсников Head 2,5 Synthetic Wristband - Blue",Аксессуары,Новый товар,0,18,18
2026-09-23 16:52:05,TC76-BK,Теннисные носки 7/6 Tour Crew - Black,Аксессуары,Новый товар,0,206,206
2026-09-23 16:52:05,WR8446502001,Овергрип Wilson Absorbx Overgrip - 3pk - Black,Аксессуары,Новый товар,0,12,12
2026-09-23 16:52:05,285907-50,Колпачек на ручку ракетки Head №5,Аксессуары,Новый товар,0,3,3
2026-09-23 16:52:05,978-5-906254-94-8,Теннис. Иллюстрированная библия великой игры,Аксессуары,Новый товар,0,1,1
2026-09-23 16:52:05,285515-BL,Виброгаситель Head Pro Damp Blue,Аксессуары,Новый товар,0,79,79
2026-09-23 16:52:05,285303,Грип Head Hydrosorb Pro Teal,Аксессуары,Новый товар,0,19,19
2026-09-23 16:52:05,WR8448401001,Виброгаситель Wilson Pro Feel Dampeners 2PK - Ultra v5.0,Аксессуары,Новый товар,0,17,17
2026-09-23 16:52:05,76WB-2GR,Пара напульсников 7/6 Wristband - Green,Аксессуары,Новый товар,0,19,19
2026-09-23 16:52:05,WRG1644112,Заглушка ручки Wilson Infrared Cap&Trap non-ps Size 2,Аксессуары,Новый товар,0,2,2
2026-09-23 16:52:05,VD76-AS,Виброгаситель 7/6 Dampener Assorted 1pk,Аксессуары,Новый товар,0,76,76
2026-09-23 16:52:05,288011-SI,Виброгаситель Head Smartsorb Silver,Аксессуары,Новый товар,0,37,37
2026-09-23 16:52:05,WR8441301001,Протектор Wilson Blade 98 18x20 V9.0,Аксессуары,Новый товар,0,22,22
2026-09-23 16:52:05,285104-WH,Овергрип Head Xtremsoft white,Аксессуары,Новый товар,0,39,39
2026-09-23 16:52:05,STO76-3RD,Овергрип 7/6 Super Tacky - Purple 3 pk,Аксессуары,Новый товар,0,26,26
2026-09-23 16:52:05,SS76-001,Пара напульсников 7/6 Wristband - Black,Аксессуары,Новый товар,0,12,12
2026-09-23 16:52:05,285050-WH,"Пара напульсников Head 2,5 Synthetic Wristband - White",Аксессуары,Новый товар,0,2,2
2026-09-23 16:52:05,WRZ4210BK,Грип Wilson Cushion-Aire Classic Perforated - Black,Аксессуары,Новый товар,0,11,11
2026-09-23 16:52:05,WRZ537600,Виброгаситель Wilson Pro Feel red\silver,Аксессуары,Новый товар,0,54,54
2026-09-23 16:52:05,285104-PK,Овергрип Head Xtremsoft pink,Аксессуары,Новый товар,0,137,137
2026-09-23 16:52:05,52ATPCOASS,Овергрип Tecnifibre Contact Pro - Assorted Fluo,Аксессуары,Новый товар,0,5,5
2026-09-23 16:52:05,WRZ4040LI,Овергрип Wilson Pro Soft Overgrip limon 3 pk,Аксессуары,Новый товар,0,25,25
2026-09-23 16:52:05,53TOURIGDA,Виброгаситель Tecnifiber Damp IGA Eiffel Tower,Аксессуары,Новый товар,0,10,10
2026-09-23 16:52:05,285080-OR,Повязка на голову Head Headband - Orange,Аксессуары,Новый товар,0,4,4
2026-09-23 16:52:05,WRZ470820,Овергрип Wilson Pro Overgrip 3PK - Burn Orange,Аксессуары,Новый товар,0,9,9
2026-09-23 16:52:05,WR8405801001,Виброгаситель Wilson Pro Feel Ultra Dampeners,Аксессуары,Новый товар,0,99,99
2026-09-23 16:52:05,WRZ7426-WH,Маркер Wilson Stencil White,Аксессуары,Новый товар,0,9,9
2026-09-23 16:52:05,WR8450701001,Сувенирная ракетка Wilson Ultra Roland Garros,Аксессуары,Новый товар,0,4,4
2026-09-23 16:52:05,51SQGRTACK/1,Грип Tecnifibre Squash Tack - Assorted,Аксессуары,Новый товар,0,10,10
2026-09-23 16:52:05,TL-Rabbit,Виброгаситель Tennis Life - Hamburger,Аксессуары,Новый товар,0,44,44
2026-09-23 16:52:05,012,"Аромасаше ""Всегда в игре"" - Pink",Аксессуары,Новый товар,0,3,3
2026-09-23 16:52:05,285511-BK,Виброгаситель Head Xtra Damp Black,Аксессуары,Новый товар,0,30,30
2026-09-23 16:52:05,76WBL-1120,Напульсник 7/6 Wristband Long - Starfish,Аксессуары,Новый товар,0,65,65
2026-09-23 16:52:05,WRG0437113,Заглушка ручки Wilson Cap&Trap PS Size 3,Аксессуары,Новый товар,0,4,4
2026-09-23 16:52:05,WR8446501001,Овергрип Wilson Absorbx Overgrip - 3pk - Red,Аксессуары,Новый товар,0,23,23
2026-09-23 16:52:05,TQ76-WH,Теннисные носки 7/6 Tour Quater - White,Аксессуары,Новый товар,0,220,220
2026-09-23 16:52:05,T014,"Магнит Milo ""PLAY WITH IDOLS""",Аксессуары,Новый товар,0,6,6
2026-09-23 16:52:05,WR8405901001,Виброгаситель Wilson Pro Feel Dampeners 2PK - Blade Green,Аксессуары,Новый товар,0,81,81
2026-09-23 16:52:05,81631-WH31,Носки детские Head Kids Tennis (2 пары),Аксессуары,Новый товар,0,6,6
2026-09-23 16:52:05,288011,Виброгаситель Head Smartsorb Mix,Аксессуары,Новый товар,0,29,29
2026-09-23 16:52:05,400603-200,Теннисные носки Joma Sport Socks - White,Аксессуары,Новый товар,0,58,58
2026-09-23 16:52:05,WR8447801001,Протектор Wilson Clash 100/100L/100UL V3.0,Аксессуары,Новый товар,0,3,3
2026-09-23 16:52:05,285511,Виброгаситель Head Xtra Damp Mix,Аксессуары,Новый товар,0,34,34
2026-09-23 16:52:05,WR8441901001,Протектор Wilson Blade 101L V9.0,Аксессуары,Новый товар,0,23,23
2026-09-23 16:52:05,WR8450801001,Магнит Wilson Roland Garros,Аксессуары,Новый товар,0,4,4
2026-09-23 16:52:05,52ATPPLABK,Овергрип Tecnifibre Players Pro - Black,Аксессуары,Новый товар,0,5,5
2026-09-23 16:52:05,76WB-2OR,Пара напульсников 7/6 Wristband - Orange,Аксессуары,Новый товар,0,37,37
2026-09-23 16:52:05,76WBL-2LG,Пара напульсников 7/6 Wristband Long - Light Grey,Аксессуары,Новый товар,0,8,8
2026-09-23 16:52:05,WR8441201001,Протектор Wilson Blade 98 16x19 V9.0,Аксессуары,Новый товар,0,1,1
2026-09-23 16:52:05,J618-7/6PK,Брелок мячик 7/6 - Pink,Аксессуары,Новый товар,0,159,159
2026-09-23 16:52:05,36034,"Бутылка для воды Nike ""Hyperfuel"" (синий)",Аксессуары,Новый товар,0,1,1
2026-09-23 16:52:05,285702,Овергрип Head Pro Grip blue,Аксессуары,Новый товар,0,23,23
2026-09-23 16:52:05,CU1309-100,Носки Nike Court Multiplier Max Quarter Crew Sock (2 pairs) - White,Аксессуары,Новый товар,0,12,12
2026-09-23 16:52:05,HA0113,Носки Adidas Tennis Crew Socks - White,Аксессуары,Новый товар,0,4,4
2026-09-23 16:52:05,WR8911501001,Брелок Wilson Premier Padel,Аксессуары,Новый товар,0,5,5
2026-09-23 16:52:05,WR8438701001,Грип Wilson Pro Performance - Grey,Аксессуары,Новый товар,0,14,14
2026-09-23 16:52:05,285907,Колпачек на ручку ракетки Head №4,Аксессуары,Новый товар,0,1,1
2026-09-23 16:52:05,021,"Аромасвеча ""Зажги свой мяч""",Аксессуары,Новый товар,0,8,8
2026-09-23 16:52:05,PRL11014XL,Суппорт голеностопа TORRES Nylon - Grey,Аксессуары,Новый товар,0,1,1
2026-09-23 16:52:05,TL-Batman,Виброгаситель Tennis Life Superheroes - Batman,Аксессуары,Новый товар,0,7,7
2026-09-23 16:52:05,53SPIRIT50,Виброгаситель Tecnifiber Spirit Damp 1 шт,Аксессуары,Новый товар,0,50,50
2026-09-23 16:52:05,STО76-1WH,Овергрип 7/6 Super Tacky 1 PK - White,Аксессуары,Новый товар,0,389,389
2026-09-23 16:52:05,700135-134/1,Виброгаситель Babolat Loony Damp x1,Аксессуары,Новый товар,0,38,38
2026-09-23 16:52:05,285621-OR,Овергрип Head Prime Tour - Orange,Аксессуары,Новый товар,0,104,104
2026-09-23 16:52:05,656006 + kk1703,Овергрип Babolat My Overgrip Assorty 1 шт,Аксессуары,Новый товар,0,69,69
2026-09-23 16:52:05,76WBL-1632,Напульсник 7/6 Wristband Long - Shell Pink,Аксессуары,Новый товар,0,64,64
2026-09-23 16:52:05,285070-CG,Пара напульсников Head 5 Synthetic Wristband - Cantaloupe Green,Аксессуары,Новый товар,0,11,11
2026-09-23 16:52:05,52ATPPLARD,Овергрип Tecnifibre Players Pro - Red,Аксессуары,Новый товар,0,33,33
2026-09-23 16:52:05,286140,Протектор Head Extreme TK333 - Grey,Аксессуары,Новый товар,0,4,4
2026-09-23 16:52:05,WRZ522800,Защитная лента Wilson Racket Saver black,Аксессуары,Новый товар,0,88,88
2026-09-23 16:52:05,00001,Шнурки - White,Аксессуары,Новый товар,0,224,224
2026-09-23 16:52:05,76WB-1120,Пара напульсников 7/6 Wristband - Starfish,Аксессуары,Новый товар,0,67,67
2026-09-23 16:52:05,978-5-532-07147-6,Большой теннис. Игра без ошибок,Аксессуары,Новый товар,0,1,1
2026-09-23 16:52:05,WRZ4010BK,Овергрип Wilson Pro Overgrip Sensation 3PK - Black,Аксессуары,Новый товар,0,10,10
2026-09-23 16:52:05,A1450001-BK,Пара напульсников Bidi Badu Lil Move Short - Black,Аксессуары,Новый товар,0,6,6
2026-09-23 16:52:05,WR8446901001,Грип Wilson Pro Performance Roland Garros,Аксессуары,Новый товар,0,6,6
2026-09-23 16:52:05,51SQGRTACB,Грип Tecnifibre Squash Tack - Black,Аксессуары,Новый товар,0,12,12
2026-09-23 16:52:05,TQ76-BK,Теннисные носки 7/6 Tour Quater - Black,Аксессуары,Новый товар,0,141,141
2026-09-23 16:52:05,76VC-WH,Виброгаситель 7/6 Dampener - Court White,Аксессуары,Новый товар,0,105,105
2026-09-23 16:52:05,WRG1645144,Заглушка ручки Wilson BLDV9/CLSHV2/PSV14 Size 4,Аксессуары,Новый товар,0,6,6
2026-09-23 16:52:05,STО76-1BK,Овергрип 7/6 Super Tacky 1 PK - Black,Аксессуары,Новый товар,0,1,1
2026-09-23 16:52:05,285511-WH,Виброгаситель Head Xtra Damp White,Аксессуары,Новый товар,0,57,57
2026-09-23 16:52:05,76WB-0116,Пара напульсников 7/6 Wristband - Margarita,Аксессуары,Новый товар,0,68,68
2026-09-23 16:52:05,5JA1371-2000-1,Носки Babolat Junior (1pk) - Black/Black,Аксессуары,Новый товар,0,13,13
2026-09-23 16:52:05,76WB-2RD,Пара напульсников 7/6 Wristband - Red,Аксессуары,Новый товар,0,11,11
2026-09-23 16:52:05,285515-LY,Виброгаситель Head Pro Damp Luminous Yellow,Аксессуары,Новый товар,0,9,9
2026-09-23 16:52:05,285621-CS,Овергрип Head Prime Tour - Cyan Sea,Аксессуары,Новый товар,0,87,87
2026-09-23 16:52:05,TL0008,Мяч для тренировки реакции TORRES Reaction ball - Orange,Аксессуары,Новый товар,0,10,10
2026-09-23 16:52:05,285070-BL,Пара напульсников Head 5 Synthetic Wristband - Blue,Аксессуары,Новый товар,0,12,12
2026-09-23 16:52:05,A1450001-WH,Пара напульсников Bidi Badu Lil Move Short - White,Аксессуары,Новый товар,0,7,7
2026-09-23 16:52:05,SX4508-001,Носки Nike Value Cotton Crew - Black (3 пары),Аксессуары,Новый товар,0,4,4
2026-09-23 16:52:05,PO76-12,Овергрип 7/6 Pro 12 PK - White,Аксессуары,Новый товар,0,60,60
2026-09-23 16:52:05,WR8434901001,Протектор Wilson Pro Staff 97 V14,Аксессуары,Новый товар,0,14,14
2026-09-23 16:52:05,DD-2,Виброгаситель Diadem Diamond - Black,Аксессуары,Новый товар,0,1,1
2026-09-23 16:52:05,S1490007-BK,Носки Bidi Badu Anchor Ankle Move 3pk - Black,Аксессуары,Новый товар,0,1,1
2026-09-23 16:52:05,TL-Pizza,Виброгаситель Tennis Life - Pizza,Аксессуары,Новый товар,0,72,72
2026-09-23 16:52:05,WRG017900,Протектор Wilson Ultra Pro 16X19,Аксессуары,Новый товар,0,12,12
2026-09-23 16:52:05,СТС,Серьги Теннисное Сердце,Аксессуары,Новый товар,0,1,1
2026-09-23 16:52:05,WRZ4014BK,Овергрип Wilson Pro Overgrip Black 3pk,Аксессуары,Новый товар,0,1,1
2026-09-23 16:52:05,52ATPCONRD,Овергрип Tecnifibre Contact Pro - Red,Аксессуары,Новый товар,0,28,28
2026-09-23 16:52:05,285080-NV,Повязка на голову Head Headband - Navy,Аксессуары,Новый товар,0,2,2
2026-09-23 16:52:05,101-020,"Магнит Milo ""NOTHING CAN STOP GOOD SERVE""",Аксессуары,Новый товар,0,4,4
2026-09-23 16:52:05,76WBL-RED,Напульсники 7/6 Wristband Long - Red,Аксессуары,Новый товар,0,44,44
2026-09-23 16:52:05,285080-DC,Повязка на голову Head Headband - Dirty Lilac,Аксессуары,Новый товар,0,10,10
2026-09-23 16:52:05,101-109,"Магнит Milo ""Завязываю""",Аксессуары,Новый товар,0,1,1
2026-09-23 16:52:05,WRZ4040OR,Овергрип Wilson Soft Overgrip orange 3 pk,Аксессуары,Новый товар,0,36,36
2026-09-23 16:52:05,285704,Виброгаситель Head Djokovic dampener white,Аксессуары,Новый товар,0,28,28
2026-09-23 16:52:05,TL76S-GR,Полотенце 7/6 (50*70) - Grey,Аксессуары,Новый товар,0,21,21
2026-09-23 16:52:05,SKLFT001-18,Бутылка для воды 7/6 UV Water Bottle - Black,Аксессуары,Новый товар,0,1,1
2026-09-23 16:52:05,WRG0437112,Заглушка ручки Wilson Cap&Trap PS Size 2,Аксессуары,Новый товар,0,2,2
2026-09-23 16:52:05,WRG1243113,Заглушка ручки Wilson Red Size 3,Аксессуары,Новый товар,0,11,11
2026-09-23 16:52:05,288400-00,Комплект ручки Head № 0,Аксессуары,Новый товар,0,3,3
2026-09-23 16:52:05,285104-RD,Овергрип Head Xtremsoft red,Аксессуары,Новый товар,0,127,127
2026-09-23 16:52:05,285415-WH,Овергрип Head Xtremsoft 30 Pack White,Аксессуары,Новый товар,0,1,1
2026-09-23 16:52:05,STO76-3FY,Овергрип 7/6 Super Tacky - Fluorescent Yellow 3 pk,Аксессуары,Новый товар,0,52,52
2026-09-23 16:52:05,700,Натяжка ракетки.,Аксессуары,Новый товар,0,100,100
2026-09-23 16:52:05,3176697,Бутылка для воды Tennis Ball - Green,Аксессуары,Новый товар,0,3,3
2026-09-23 16:52:05,WR8433801001,Протектор Wilson Pro Staff X V14,Аксессуары,Новый товар,0,16,16
2026-09-23 16:52:05,285515-Yel,Виброгаситель Head Pro Damp Yellow,Аксессуары,Новый товар,0,48,48
2026-09-23 16:52:05,285050-DC,"Пара напульсников Head 2,5 Synthetic Wristband - Dirty Lilac",Аксессуары,Новый товар,0,9,9
2026-09-23 16:52:05,288400,Комплект ручки Head № 5,Аксессуары,Новый товар,0,3,3
2026-09-23 16:52:05,52ATPCONBK,Овергрип Tecnifibre Contact Pro - Black,Аксессуары,Новый товар,0,6,6
2026-09-23 16:52:05,011,"Аромасаше ""Всегда в игре""",Аксессуары,Новый товар,0,6,6
2026-09-23 16:52:05,811509-BKW,Носки Head Tennis 2P Stripe Quarter - Black/White (2 пары),Аксессуары,Новый товар,0,18,18
2026-09-23 16:52:05,285104-MX,Овергрип Head Xtremsoft Mix,Аксессуары,Новый товар,0,105,105
2026-09-23 16:52:05,53DONUIGDA,Виброгаситель Tecnifiber Damp IGA Donut,Аксессуары,Новый товар,0,5,5
2026-09-23 16:52:05,52PLAPROWH,Овергрип Tecnifibre Players Pro Feel - White,Аксессуары,Новый товар,0,6,6
2026-09-23 16:52:05,76WBL-0116,Напульсник 7/6 Wristband Long - Margarita,Аксессуары,Новый товар,0,62,62
2026-09-23 16:52:05,76WB-1215,Пара напульсников 7/6 Wristband - Shaved Chocolate,Аксессуары,Новый товар,0,66,66
2026-09-23 16:52:05,282009-WH,Овергрип Head Prestige Pro white,Аксессуары,Новый товар,0,131,131
2026-09-23 16:52:05,WR8418001001,Виброгаситель Wilson Minions V3.0 2PK,Аксессуары,Новый товар,0,10,10
2026-09-23 16:52:05,001-GR,Овергрип Solinco Wonder Green 1pk,Аксессуары,Новый товар,0,66,66
2026-09-23 16:52:05,53CROIIGDA,Виброгаситель Tecnifiber Damp IGA Croissant,Аксессуары,Новый товар,0,1,1
2026-09-23 16:52:05,TL76-WH,Полотенце 7/6 - White,Аксессуары,Новый товар,0,21,21
2026-09-23 16:52:05,STO76-3BLU,Овергрип 7/6 Super Tacky - Blue 3 pk,Аксессуары,Новый товар,0,44,44
2026-09-23 16:52:05,WRZ4202BK,Грип Wilson Sublime black,Аксессуары,Новый товар,0,2,2
2026-09-23 16:52:05,WR8417901001,Виброгаситель Wilson Minions V3.0 Dampener,Аксессуары,Новый товар,0,35,35
2026-09-23 16:52:05,TC76-BL,Теннисные носки 7/6 Tour Crew - Blue,Аксессуары,Новый товар,0,133,133
2026-09-23 16:52:05,200,Брелок ракетка с мячиком mix,Аксессуары,Новый товар,0,52,52
2026-09-23 16:52:05,285124-BK,Овергрип Head XtremTrack Black,Аксессуары,Новый товар,0,42,42
2026-09-23 16:52:05,285070-RD,Пара напульсников Head 5 Synthetic Wristband - Red,Аксессуары,Новый товар,0,27,27
2026-09-23 16:52:05,285120-BLYW,Виброгаситель Head Zverev Dampener Blue/Yellow,Аксессуары,Новый товар,0,24,24
2026-09-23 16:52:05,WRZ4211BK,Грип Wilson Micro-Dry Comfort Replacement Black,Аксессуары,Новый товар,0,5,5
2026-09-23 16:52:05,GB-1202,Овергрип для падел ракеток BullPadel Adherent - Purple,Аксессуары,Новый товар,0,3,3
2026-09-23 16:52:05,STO76-3OR,Овергрип 7/6 Super Tacky - Orange 3 pk,Аксессуары,Новый товар,0,39,39
2026-09-23 16:52:05,WR8403301001,Грип Wilson Pro Performance Brown Replacment Grip,Аксессуары,Новый товар,0,14,14
2026-09-23 16:52:05,001-OR,Овергрип Solinco Wonder Orange 1pk,Аксессуары,Новый товар,0,59,59
2026-09-23 16:52:05,WRG1243114,Заглушка ручки Wilson Red Size 4,Аксессуары,Новый товар,0,6,6
2026-09-23 16:52:05,76WBL-1215,Напульсник 7/6 Wristband Long - Shaved Chocolate,Аксессуары,Новый товар,0,62,62
2026-09-23 16:52:05,TL-Ironman,Виброгаситель Tennis Life Superheroes - Ironman,Аксессуары,Новый товар,0,33,33
2026-09-23 16:52:05,52ATPCONWH,Овергрип Tecnifibre Contact Pro - White,Аксессуары,Новый товар,0,2,2
2026-09-23 16:52:05,WR8450401001,Протектор Wilson Ultra 100/100L/100UL V5.0,Аксессуары,Новый товар,0,11,11
2026-09-23 16:52:05,101-044,"Магнит Milo ""FINALIST""",Аксессуары,Новый товар,0,1,1
2026-09-23 16:52:05,PRL11011-GR,Суппорт бедра TORRES Grey (нейлон),Аксессуары,Новый товар,0,2,2
2026-09-23 16:52:05,TL-Santa,Виброгаситель Tennis Life - Santa,Аксессуары,Новый товар,0,3,3
2026-09-23 16:52:05,WR8438601001,Виброгаситель Wilson Pro Feel Shift Dampeners,Аксессуары,Новый товар,0,81,81
2026-09-23 16:52:05,52ATPPLANE,Овергрип Tecnifibre Players Pro - Neon,Аксессуары,Новый товар,0,4,4
2026-09-23 16:52:05,500713,Подарочная коробка для падел ракетки,Аксессуары,Новый товар,0,39,39
2026-09-23 16:52:05,76HB-RED,Повязка на голову 7/6 Headband - Red,Аксессуары,Новый товар,0,84,84
2026-09-23 16:52:05,WR8403901001,Виброгаситель Wilson Roland Garros Eiffel Tower,Аксессуары,Новый товар,0,5,5
2026-09-23 16:52:05,285515-PK,Виброгаситель Head Pro Damp Pink,Аксессуары,Новый товар,0,53,53
2026-09-23 16:52:05,285824,Виброгаситель Head Logo Jar,Аксессуары,Новый товар,0,143,143
2026-09-23 16:52:05,285511-OR,Виброгаситель Head Xtra Damp Orange,Аксессуары,Новый товар,0,101,101
2026-09-23 16:52:05,008-б,Полотенце Tennis Team 140x70 Red,Аксессуары,Новый товар,0,32,32
2026-09-23 16:52:05,TC76-WH,Теннисные носки 7/6 Tour Crew - White,Аксессуары,Новый товар,0,297,297
2026-09-23 16:52:05,WR8445001001,Виброгаситель Wilson RF Dampeners 2PK - Black,Аксессуары,Новый товар,0,3,3
2026-09-23 16:52:05,WRG074200,Протектор Wilson Clash 98 V2.0,Аксессуары,Новый товар,0,12,12
2026-09-23 16:52:05,76WB-2NV,Пара напульсников 7/6 Wristband - Navy,Аксессуары,Новый товар,0,11,11
2026-09-23 16:52:05,WRG074100,Протектор Wilson Clash 100 Pro V2.0,Аксессуары,Новый товар,0,9,9
2026-09-23 16:52:05,A1450001-DBL,Пара напульсников Bidi Badu Lil Move Short - Darkblue,Аксессуары,Новый товар,0,10,10
2026-09-23 16:52:05,HE4981,Носки Adidas UB22 Socks - Black,Аксессуары,Новый товар,0,1,1
2026-09-23 16:52:05,288400-10,Комплект ручки Head № 1,Аксессуары,Новый товар,0,1,1
2026-09-23 16:52:05,РО76-1,Овергрип 7/6 Pro 1 PK - White,Аксессуары,Новый товар,0,166,166
2026-09-23 16:52:05,DD-2-WH,Виброгаситель Diadem Diamond - White,Аксессуары,Новый товар,0,1,1
2026-09-23 16:52:05,WRG1645134,Заглушка ручки Wilson BLDV9/CLSHV2/PSV14 Size 3,Аксессуары,Новый товар,0,4,4
2026-09-23 16:52:05,51SQGRIPAS/1,Грип Tecnifibre Squash Dry - Mix,Аксессуары,Новый товар,0,8,8
2026-09-23 16:52:05,SK0118-100,Носки Nike Court Multiplier Cushioned - White,Аксессуары,Новый товар,0,29,29
2026-09-23 16:52:05,SS765-100,"Напульсник 7/6 Wristband 5"" - White",Аксессуары,Новый товар,0,4,4
2026-09-23 16:52:05,285120,Виброгаситель Head Zverev Dampener Teal/Hot Lava,Аксессуары,Новый товар,0,22,22
2026-09-23 16:52:05,GB-1603,Овергрип для падел ракеток BullPadel Thin - White,Аксессуары,Новый товар,0,5,5
2026-09-23 16:52:05,TQ76-GR,Теннисные носки 7/6 Tour Quater - Grey,Аксессуары,Новый товар,0,69,69
2026-09-23 16:52:05,285070-BN,Пара напульсников Head 5 Synthetic Wristband - Banana,Аксессуары,Новый товар,0,13,13
2026-09-23 16:52:05,285515-WH,Виброгаситель Head Pro Damp White,Аксессуары,Новый товар,0,12,12
2026-09-23 16:52:05,653040-232,Овергрип Babolat VS Grip Original 3PK - Black/Fluo Yellow,Аксессуары,Новый товар,0,11,11
2026-09-23 16:52:05,WR8404901001,Виброгаситель Wilson Emoji Dampener,Аксессуары,Новый товар,0,860,860
2026-09-23 16:52:05,PO76-3,Овергрип 7/6 Pro 3 PK - White,Аксессуары,Новый товар,0,65,65
2026-09-23 16:52:05,53SPIRIT02,Виброгаситель Tecnifiber Spirit Damp,Аксессуары,Новый товар,0,11,11
2026-09-23 16:52:05,STO76-3PN,Овергрип 7/6 Super Tacky - Pink 3 pk,Аксессуары,Новый товар,0,48,48
2026-09-23 16:52:05,51ATPXENBK,Грип Tecnifibre X-Tra Endurance - Black,Аксессуары,Новый товар,0,3,3
2026-09-23 16:52:05,76WB-1632,Пара напульсников 7/6 Wristband - Shell Pink,Аксессуары,Новый товар,0,65,65
2026-09-23 16:52:05,STO76-3GR,Овергрип 7/6 Super Tacky - Sky Blue 3 pk,Аксессуары,Новый товар,0,29,29
2026-09-23 16:52:05,285124-WH,Овергрип Head XtremTrack White,Аксессуары,Новый товар,0,46,46
2026-09-23 16:52:05,285070-DC,Пара напульсников Head 5 Synthetic Wristband - Dirty Lilac,Аксессуары,Новый товар,0,11,11
2026-09-23 16:52:05,001-BK,Овергрип Solinco Wonder Black 1pk,Аксессуары,Новый товар,0,63,63
2026-09-23 16:52:05,51SQFEGR24/1,Грип Tecnifibre Squash Feel - Assorted,Аксессуары,Новый товар,0,24,24
2026-09-23 16:52:05,TL76S-WH,Полотенце 7/6 (50*70) - White,Аксессуары,Новый товар,0,16,16
2026-09-23 16:52:05,WRZ537900,Виброгаситель Wilson Shock Shield Dampener,Аксессуары,Новый товар,0,137,137
2026-09-23 16:52:05,WRG1645124,Заглушка ручки Wilson BLDV9/CLSHV2/PSV14 Size 2,Аксессуары,Новый товар,0,4,4
2026-09-23 16:52:05,DD-2-YE,Виброгаситель Diadem Diamond - Yellow,Аксессуары,Новый товар,0,7,7
2026-09-23 16:52:05,WR8411701001,Виброгаситель Wilson RG Dampeners 2022,Аксессуары,Новый товар,0,16,16
2026-09-23 16:52:05,900138,Протектор Babolat Pure Drive (2015),Аксессуары,Новый товар,0,1,1
2026-09-23 16:52:05,WR8445801001,Виброгаситель Wilson Roland Garros 2025 - Green/Clay,Аксессуары,Новый товар,0,14,14
2026-09-23 16:52:05,WRG1644113,Заглушка ручки Wilson Infrared Cap&Trap non-ps Size 3,Аксессуары,Новый товар,0,4,4
2026-09-23 16:52:05,WRZ4040GO,Овергрип Wilson Pro Soft Overgrip gold 3pk,Аксессуары,Новый товар,0,41,41
2026-09-23 16:52:05,001-BL,Овергрип Solinco Wonder Blue 1pk,Аксессуары,Новый товар,0,40,40
2026-09-23 16:52:05,285088-WH,Овергрип Head Super Comp white,Аксессуары,Новый товар,0,54,54
2026-09-23 16:52:05,40-40,"Кружка сувенирная ""I love tennis""",Аксессуары,Новый товар,0,29,29
2026-09-23 16:52:05,101-118,"Магнит Milo ""Чемпионка""",Аксессуары,Новый товар,0,1,1
2026-09-23 16:52:05,54MARQBLAN,Маркер Tecnifibre Stencil White,Аксессуары,Новый товар,0,7,7
2026-09-23 16:52:05,TL-capAmerica,Виброгаситель Tennis Life Superheroes - Captain America,Аксессуары,Новый товар,0,34,34
2026-09-23 16:52:05,101-005,"Магнит Milo ""I CAN PLAY IN TOP 10 WTA""",Аксессуары,Новый товар,0,1,1
2026-09-23 16:52:05,285515-BKBL,Виброгаситель Head Pro Damp Black/Blue,Аксессуары,Новый товар,0,10,10
2026-09-23 16:52:05,400603-100,Теннисные носки Joma Sport Socks - Black,Аксессуары,Новый товар,0,72,72
2026-09-23 16:52:05,285050-CG,"Пара напульсников Head 2,5 Synthetic Wristband - Cantaloupe Green",Аксессуары,Новый товар,0,6,6
2026-09-23 16:52:05,656011-134,Овергрип Babolat My Overgrip Refill 1 шт,Аксессуары,Новый товар,0,270,270
2026-09-23 16:52:05,54MAR00020,Маркер Tecnifibre Stencil Black,Аксессуары,Новый товар,0,4,4
2026-09-23 16:52:05,670051-232,Грип Babolat Syntec Pro - Black/Fluo Yellow,Аксессуары,Новый товар,0,1,1
2026-09-23 16:52:05,5JA1461-2000,Носки Babolat INVISIBLE Black,Аксессуары,Новый товар,0,10,10
2026-09-23 16:52:05,282009-BK,Овергрип Head Prestige Pro black,Аксессуары,Новый товар,0,120,120
2026-09-23 16:52:05,KA-00392223,Блистательная Серена. Джеральд Марзорати,Аксессуары,Новый товар,0,3,3
2026-09-23 16:52:05,WR8441801001,Протектор Wilson Blade 98S V9.0,Аксессуары,Новый товар,0,11,11
2026-09-23 16:52:05,52ATPLAS1,Овергрип Tecnifibre Players Last 1pk,Аксессуары,Новый товар,0,15,15
2026-09-23 16:52:05,001,Овергрип Solinco Wonder assorty,Аксессуары,Новый товар,0,142,142
2026-09-23 16:52:05,WR8405701001,Виброгаситель Wilson Pro Feel Dampeners 2PK - Clash Red,Аксессуары,Новый товар,0,67,67
2026-09-23 16:52:05,SL76-WH,Носки 7/6 Socks Pro - White,Аксессуары,Новый товар,0,28,28
2026-09-23 16:52:05,811904-BKW(1),Теннисные носки Head Performance 3 Pack - Black/White,Аксессуары,Новый товар,0,15,15
2026-09-23 16:52:05,S1490008-DBL,Носки Bidi Badu No Party No Show Move 3pk - Dark Blue/Pink,Аксессуары,Новый товар,0,5,5
2026-09-23 16:52:05,285515-BK,Виброгаситель Head Pro Damp Black,Аксессуары,Новый товар,0,18,18
2026-09-23 16:52:05,WRZ4011BK,Овергрип Wilson Pro Overgrip Sensation Black 12 pk,Аксессуары,Новый товар,0,1,1
2026-09-23 16:52:05,T012,"Магнит Milo ""HOW LONG DO YOU PLAY TENNIS?""",Аксессуары,Новый товар,0,5,5
2026-09-23 16:52:05,285120-GD,Виброгаситель Head Zverev Dampener - Gold,Аксессуары,Новый товар,0,47,47
2026-09-23 16:52:05,WR8407101001,Виброгаситель Wilson Pro Feel Dampeners 2PK - Pro Staff Black/White,Аксессуары,Новый товар,0,101,101
2026-09-23 16:52:05,76WBL-WH,Напульсники 7/6 Wristband Long - White,Аксессуары,Новый товар,0,83,83
2026-09-23 16:52:05,WRG1243112,Заглушка ручки Wilson Red Size 2,Аксессуары,Новый товар,0,5,5
2026-09-23 16:52:05,WR8454601001,Грип Wilson Pro Performance - Green,Аксессуары,Новый товар,0,9,9
2026-09-23 16:52:05,285070-RS,Пара напульсников Head 5 Synthetic Wristband - Rose,Аксессуары,Новый товар,0,7,7
2026-09-23 16:52:05,285050-NV,"Пара напульсников Head 2,5 Synthetic Wristband - Navy",Аксессуары,Новый товар,0,7,7
2026-09-23 16:52:05,J618-7/6YW,Брелок мячик 7/6 - Yellow,Аксессуары,Новый товар,0,244,244
2026-09-23 16:52:05,285050-LN,"Пара напульсников Head 2,5 Synthetic Wristband - Light Green",Аксессуары,Новый товар,0,1,1
2026-09-23 16:52:05,KA-00398702,Точка опоры - Честная книга о теннисе как игре и профессии. Михаил Южный,Аксессуары,Новый товар,0,2,2
2026-09-23 16:52:05,285050-RD,"Пара напульсников Head 2,5 Synthetic Wristband - Red",Аксессуары,Новый товар,0,13,13
2026-09-23 16:52:05,GB-1201,Овергрип для падел ракеток BullPadel Comfort/Absorvent - Yellow,Аксессуары,Новый товар,0,5,5
2026-09-23 16:52:05,285124,Овергрип Head XtremTrack mix,Аксессуары,Новый товар,0,1,1
2026-09-23 16:52:05,811914-BK,Носки Head Tennis 3P Club Black (3 пары),Аксессуары,Новый товар,0,4,4
2026-09-23 16:52:05,WRZ4202WH,Грип Wilson Sublime white,Аксессуары,Новый товар,0,8,8
2026-09-23 16:52:05,B-180,Корзина для мячей 7/6 Tennis Ball Carts 160 мячей,Оборудование,Новый товар,0,56,56
2026-09-23 16:52:05,SPL-76BL,Скоростная лестница 7/6 Training Ladder,Оборудование,Новый товар,0,26,26
2026-09-23 16:52:05,76TN-45,"Сетка для корта 7/6 Tennis Net 4,5 метра",Оборудование,Новый товар,0,2,2
2026-09-23 16:52:05,ADJB6-76,Регулируемые барьеры 7/6 Training Barriers 6 шт,Оборудование,Новый товар,0,25,25
2026-09-23 16:52:05,TM7003,Корзина для мячей Head на 72 мяча,Оборудование,Новый товар,0,11,11
2026-09-23 16:52:05,76TN-6,Сетка для корта 7/6 Tennis Net 6 Mетров,Оборудование,Новый товар,0,1,1
2026-09-23 16:52:05,WRZ323700,Корзина для мячей Wilson Ball Pick Up 75 мяча,Оборудование,Новый товар,0,8,8
2026-09-23 16:52:05,TB18-76OR,Тубус для сбора мячей 7/6 Ball Picking Tube 18 Ball - Orange,Оборудование,Новый товар,0,9,9
2026-09-23 16:52:05,287271,Центральная линия для детских кортов TIP Net Belt,Оборудование,Новый товар,0,5,5
2026-09-23 16:52:05,TB75-BK,Корзина для мячей 7/6 Tennis Ball Hopper на 75 мячей,Оборудование,Новый товар,0,1,1
2026-09-23 16:52:05,RP-76BL,Парашют беговой 7/6 Training Chute,Оборудование,Новый товар,0,18,18
2026-09-23 16:52:05,T002/350,Корзина для мячей 7/6 железная Tennis Ball Carts на 350 мячей,Оборудование,Новый товар,0,6,6
2026-09-23 16:52:05,288777-SI,Маркер для струн Head - Silver,Оборудование,Новый товар,0,1,1
2026-09-23 16:52:05,TOH6-76,Тренировочная напольная сетка 7/6 Training Hexagon 5 шт,Оборудование,Новый товар,0,19,19
2026-09-23 16:52:05,76TN-3,Сетка для корта 7/6 Tennis Net 3 метра,Оборудование,Новый товар,0,7,7
2026-09-23 16:52:05,287521,Набор целей Head Targets 6pcs,Оборудование,Новый товар,0,5,5
2026-09-23 16:52:05,497237,Ракетка для падела Bullpadel Vertex 05 Hybrid 27,Падел - Ракетки,Новый товар,0,2,2
2026-09-23 16:52:05,PR76-TER,Ракетка для падела 7/6 Terra 18k Carbon,Падел - Ракетки,Новый товар,0,12,12
2026-09-23 16:52:05,497249,Ракетка для падела Bullpadel Pearl 27,Падел - Ракетки,Новый товар,0,5,5
2026-09-23 16:52:05,150179-100,Ракетка для падела Babolat Technical Viper Soft 3.0,Падел - Ракетки,Новый товар,0,1,1
2026-09-23 16:52:05,PD76-SN,Ракетка для падела 7/6 Stealth Night,Падел - Ракетки,Новый товар,0,11,11
2026-09-23 16:52:05,494399,Ракетка для падела Bullpadel Vertex 05 Woman 26,Падел - Ракетки,Новый товар,0,1,1
2026-09-23 16:52:05,494415,Ракетка для падела Bullpadel Hack Advance,Падел - Ракетки,Новый товар,0,1,1
2026-09-23 16:52:05,PD76-MN,Ракетка для падела 7/6 Minima,Падел - Ракетки,Новый товар,0,15,15
2026-09-23 16:52:05,221085,Ракетка для падела Head Speed Team 2025,Падел - Ракетки,Новый товар,0,6,6
2026-09-23 16:52:05,AR1CB2,Ракетка для падела Adidas Cross It CTRL 3.5,Падел - Ракетки,Новый товар,0,1,1
2026-09-23 16:52:05,PEA10VENTUSH1226,Ракетка для падела Nox EA10 Ventus Hybrid 12k Xtrem by Edu Alonso,Падел - Ракетки,Новый товар,0,1,1
2026-09-23 16:52:05,SIUX-DP26-NB,Ракетка для падела Siux Diablo Pro 2026 Night Blue,Падел - Ракетки,Новый товар,0,6,6
2026-09-23 16:52:05,497238,Ракетка для падела Bullpadel Vertex 05 Geo 27,Падел - Ракетки,Новый товар,0,5,5
2026-09-23 16:52:05,224064,Ракетка для падела Head Gravity Team Light 2024,Падел - Ракетки,Новый товар,0,4,4
2026-09-23 16:52:05,8261511,Ракетка для падела Oxdog Ultimate Pro,Падел - Ракетки,Новый товар,0,2,2
2026-09-23 16:52:05,PD76-OR,Ракетка для падела 7/6 Loop Orange,Падел - Ракетки,Новый товар,0,1,1
2026-09-23 16:52:05,222036,Ракетка для падела Head Radical Pro 2026,Падел - Ракетки,Новый товар,0,3,3
2026-09-23 16:52:05,LN76-RD,Ракетка для падела 7/6 Line Red,Падел - Ракетки,Новый товар,0,11,11
2026-09-23 16:52:05,SIUX-PR26-SG,Ракетка для падела Siux Pegasus Pro 2026 Storm Grey,Падел - Ракетки,Новый товар,0,1,1
2026-09-23 16:52:05,AR2CA3,Ракетка для падела Adidas Metalbone Team Light 3.5,Падел - Ракетки,Новый товар,0,2,2
2026-09-23 16:52:05,16WABR3654,Ракетка для падела Tecnifibre Wall Breaker V2 365,Падел - Ракетки,Новый товар,0,1,1
2026-09-23 16:52:05,221075,Ракетка для падела Head Speed Motion 2025,Падел - Ракетки,Новый товар,0,9,9
2026-09-23 16:52:05,226245,Ракетка для падела Head Bolt - Black/Purple,Падел - Ракетки,Новый товар,0,5,5
2026-09-23 16:52:05,PATULTLIG25,Ракетка для падела Nox AT10 Ultra Light by Agustín Tapia,Падел - Ракетки,Новый товар,0,1,1
2026-09-23 16:52:05,494407,Ракетка для падела Bullpadel Wonder,Падел - Ракетки,Новый товар,0,4,4
2026-09-23 16:52:05,WR203611U2,Ракетка для падела Wilson Blade Padel V4,Падел - Ракетки,Новый товар,0,3,3
2026-09-23 16:52:05,401908.111,Ракетка для падела Joma Blast Pro HRD - Black/Gray,Падел - Ракетки,Новый товар,0,2,2
2026-09-23 16:52:05,AR2AA4U01,Ракетка для падела Adidas Arrow Hit Carbone 2026,Падел - Ракетки,Новый товар,0,2,2
2026-09-23 16:52:05,497247,Ракетка для падела Bullpadel Flow Legend 27,Падел - Ракетки,Новый товар,0,3,3
2026-09-23 16:52:05,WR203711U2,Ракетка для падела Wilson Blade LS V4 GR,Падел - Ракетки,Новый товар,0,6,6
2026-09-23 16:52:05,BCWNREBL,Ракетка для падела Black Crown Rebel,Падел - Ракетки,Новый товар,0,1,1
2026-09-23 16:52:05,222044,Ракетка для падела Head Radical Motion 2024,Падел - Ракетки,Новый товар,0,3,3
2026-09-23 16:52:05,226116,Ракетка для падела Head Vibe 2026 - Grey/Orange,Падел - Ракетки,Новый товар,0,4,4
2026-09-23 16:52:05,PACKPATLTD26,Ракетка для падела Nox AT10 Genius 12K LTD,Падел - Ракетки,Новый товар,0,2,2
2026-09-23 16:52:05,401840AA201A,Ракетка для падела Joma Hyper 3.0 Premier Padel Valladolid P2,Падел - Ракетки,Новый товар,0,2,2
2026-09-23 16:52:05,SIUX-VE2,Ракетка для падела Siux Valkiria Elite 2,Падел - Ракетки,Новый товар,0,4,4
2026-09-23 16:52:05,226145,Ракетка для падела Head Vibe - Grey/Black,Падел - Ракетки,Новый товар,0,1,1
2026-09-23 16:52:05,16WAMA370,Ракетка для падела Tecnifibre Wall Master 370,Падел - Ракетки,Новый товар,0,1,1
2026-09-23 16:52:05,494408,Ракетка для падела Bullpadel Hack 04 Hybrid Cloud 26,Падел - Ракетки,Новый товар,0,1,1
2026-09-23 16:52:05,SIUX-EP26-SR,Ракетка для падела Siux Electra Pro 2026 Shadow Red,Падел - Ракетки,Новый товар,0,1,1
2026-09-23 16:52:05,497245,Ракетка для падела Bullpadel XPLO Comfort 27,Падел - Ракетки,Новый товар,0,3,3
2026-09-23 16:52:05,226726,Ракетка для падела Head Coello JR 2026,Падел - Ракетки,Новый товар,0,6,6
2026-09-23 16:52:05,SIUX-EP26-FR,Ракетка для падела Siux Electra Pro 2026 Fire Red,Падел - Ракетки,Новый товар,0,3,3
2026-09-23 16:52:05,497246,Ракетка для падела Bullpadel ICON 27,Падел - Ракетки,Новый товар,0,2,2
2026-09-23 16:52:05,223125,Ракетка для падела Head Extreme Pro 2025,Падел - Ракетки,Новый товар,0,3,3
2026-09-23 16:52:05,A005354C,Ракетка для падела Black Crown Piton Epic Energy,Падел - Ракетки,Новый товар,0,1,1
2026-09-23 16:52:05,16BOMBALI6,Ракетка для падела Tecnifibre Bomba Lite 2026,Падел - Ракетки,Новый товар,0,2,2
2026-09-23 16:52:05,223145,Ракетка для падела Head Extreme Team 2025,Падел - Ракетки,Новый товар,0,5,5
2026-09-23 16:52:05,16BOMBASO6,Ракетка для падела Tecnifibre Bomba Soft 2026,Падел - Ракетки,Новый товар,0,4,4
2026-09-23 16:52:05,226156,Ракетка для падела Head Coello Vibe 2026,Падел - Ракетки,Новый товар,0,5,5
2026-09-23 16:52:05,224024,Ракетка для падела Head Gravity Team 2024,Падел - Ракетки,Новый товар,0,4,4
2026-09-23 16:52:05,PR76-OB,Ракетка для падела 7/6 Orange Boost,Падел - Ракетки,Новый товар,0,13,13
2026-09-23 16:52:05,497244,Ракетка для падела Bullpadel XPLO 27,Падел - Ракетки,Новый товар,0,3,3
2026-09-23 16:52:05,494392,Ракетка для падела Bullpadel Hack 04 26,Падел - Ракетки,Новый товар,0,3,3
2026-09-23 16:52:05,PVENTUS12HK,Ракетка для падела Nox Ventus Hybrid 12k Lite,Падел - Ракетки,Новый товар,0,1,1
2026-09-23 16:52:05,PD76-SS,Ракетка для падела 7/6 Slide Shadow,Падел - Ракетки,Новый товар,0,15,15
2026-09-23 16:52:05,AR1CB4U02,Ракетка для падела Adidas Cross It Light It 2026 Pro EDT,Падел - Ракетки,Новый товар,0,3,3
2026-09-23 16:52:05,SIUX-DP26-RB,Ракетка для падела Siux Diablo Pro 2026 Royal Blue,Падел - Ракетки,Новый товар,0,4,4
2026-09-23 16:52:05,494419,Ракетка для падела Bullpadel Hack Junior 26,Падел - Ракетки,Новый товар,0,3,3
2026-09-23 16:52:05,WR134411,Ракетка для падела Wilson Carbon Force LT,Падел - Ракетки,Новый товар,0,4,4
2026-09-23 16:52:05,TR76-BK,Ракетка для падела 7/6 Trinity Black,Падел - Ракетки,Новый товар,0,13,13
2026-09-23 16:52:05,8261541,Ракетка для падела Oxdog Pure Tour X,Падел - Ракетки,Новый товар,0,4,4
2026-09-23 16:52:05,221013,Ракетка для падела Head Speed Pro 2023,Падел - Ракетки,Новый товар,0,1,1
2026-09-23 16:52:05,AR2CA5,Ракетка для падела Adidas Cross It Carbon CTRL 3.5,Падел - Ракетки,Новый товар,0,2,2
2026-09-23 16:52:05,KL2633,Ракетка для падела Adidas Drive Match - Black/Green 2026,Падел - Ракетки,Новый товар,0,3,3
2026-09-23 16:52:05,494423,Ракетка для падела Bullpadel Indiga Girl 26,Падел - Ракетки,Новый товар,0,2,2
2026-09-23 16:52:05,KPD76-WH,Ракетка для падела 7/6 Padel Kids White,Падел - Ракетки,Новый товар,0,19,19
2026-09-23 16:52:05,224014,Ракетка для падела Head Gravity Motion 2024,Падел - Ракетки,Новый товар,0,3,3
2026-09-23 16:52:05,WR190511,Ракетка для падела Wilson Endure LS V1,Падел - Ракетки,Новый товар,0,1,1
2026-09-23 16:52:05,150174-100,Ракетка для падела Babolat Viper Juan Lebron 3.0,Падел - Ракетки,Новый товар,0,2,2
2026-09-23 16:52:05,494402,Ракетка для падела Bullpadel Neuron 02,Падел - Ракетки,Новый товар,0,2,2
2026-09-23 16:52:05,PR76-OR,Ракетка для падела 7/6 Ural 12k Carbon,Падел - Ракетки,Новый товар,0,4,4
2026-09-23 16:52:05,PAT10GENIUSAT1826,Ракетка для падела NOX AT10 Genius Attack 18k Alum by Agustin Tapia,Падел - Ракетки,Новый товар,0,3,3
2026-09-23 16:52:05,494405,Ракетка для падела Bullpadel Flow Legend,Падел - Ракетки,Новый товар,0,1,1
2026-09-23 16:52:05,KPD76-OR,Ракетка для падела 7/6 Padel Kids Orange,Падел - Ракетки,Новый товар,0,20,20
2026-09-23 16:52:05,494396,Ракетка для падела Bullpadel Vertex 05 Geo,Падел - Ракетки,Новый товар,0,1,1
2026-09-23 16:52:05,497248,Ракетка для падела Bullpadel Elite 02,Падел - Ракетки,Новый товар,0,3,3
2026-09-23 16:52:05,16BOMBASP6,Ракетка для падела Tecnifibre Bomba Speed 2026,Падел - Ракетки,Новый товар,0,2,2
2026-09-23 16:52:05,497250,Ракетка для падела Bullpadel Wonder 27,Падел - Ракетки,Новый товар,0,5,5
2026-09-23 16:52:05,WR190411,Ракетка для падела Wilson Endure V1,Падел - Ракетки,Новый товар,0,3,3
2026-09-23 16:52:05,221065,Ракетка для падела Head Speed Pro 2025,Падел - Ракетки,Новый товар,0,4,4
2026-09-23 16:52:05,SIUX-VP26,Ракетка для падела Siux Valkiria Pro 2026,Падел - Ракетки,Новый товар,0,1,1
2026-09-23 16:52:05,495203,Ракетка для падела Bullpadel XPLO PP 2026,Падел - Ракетки,Новый товар,0,2,2
2026-09-23 16:52:05,WR134511,Ракетка для падела Wilson Carbon Force,Падел - Ракетки,Новый товар,0,1,1
2026-09-23 16:52:05,SIUX-EE6,Ракетка для падела Siux Electra Elite 6,Падел - Ракетки,Новый товар,0,4,4
2026-09-23 16:52:05,AR1AB3U10,Ракетка для падела Adidas Adipower 10 Anniversary 3.4,Падел - Ракетки,Новый товар,0,1,1
2026-09-23 16:52:05,494397,Ракетка для падела Bullpadel Vertex 05 Hybrid 26,Падел - Ракетки,Новый товар,0,1,1
2026-09-23 16:52:05,JK5303,Ракетка для падела Adidas Cross IT 3.4,Падел - Ракетки,Новый товар,0,1,1
2026-09-23 16:52:05,PML10VENTUS326,Ракетка для падела Nox ML10 Ventus Control 3k By Miguel Lamperti,Падел - Ракетки,Новый товар,0,3,3
2026-09-23 16:52:05,1900279,Ракетка для падела Black Crown Special Max,Падел - Ракетки,Новый товар,0,1,1
2026-09-23 16:52:05,AR2AA5,Ракетка для падела Adidas Cross It Carbon 3.5,Падел - Ракетки,Новый товар,0,2,2
2026-09-23 16:52:05,8261510,Ракетка для падела Oxdog Ultimate Pro+,Падел - Ракетки,Новый товар,0,2,2
2026-09-23 16:52:05,494421,Ракетка для падела Bullpadel Vertex Junior Girl 26,Падел - Ракетки,Новый товар,0,3,3
2026-09-23 16:52:05,LN76-GR,Ракетка для падела 7/6 Line Green,Падел - Ракетки,Новый товар,0,12,12
2026-09-23 16:52:05,494411,Ракетка для падела Bullpadel Ionic Power 26,Падел - Ракетки,Новый товар,0,3,3
2026-09-23 16:52:05,497236,Ракетка для падела Bullpadel Vertex 05 27,Падел - Ракетки,Новый товар,0,4,4
2026-09-23 16:52:05,PD76-WH,Ракетка для падела 7/6 Loop White,Падел - Ракетки,Новый товар,0,8,8
2026-09-23 16:52:05,SIUX-PR26-LO,Ракетка для падела Siux Pegasus Pro 2026 Lava Orange,Падел - Ракетки,Новый товар,0,5,5
2026-09-23 16:52:05,494403,Ракетка для падела Bullpadel Neuron 26 Egde,Падел - Ракетки,Новый товар,0,3,3
2026-09-23 16:52:05,16BOMBMAX6,Ракетка для падела Tecnifibre Bomba Max 2026,Падел - Ракетки,Новый товар,0,1,1
2026-09-23 16:52:05,494395,Ракетка для падела Bullpadel Vertex 05 26,Падел - Ракетки,Новый товар,0,1,1
2026-09-23 16:52:05,494410,Ракетка для падела Bullpadel Neuron 02 Cloud 26,Падел - Ракетки,Новый товар,0,1,1
2026-09-23 16:52:05,PD76-LM,Ракетка для падела 7/6 Loop Mint,Падел - Ракетки,Новый товар,0,3,3
2026-09-23 16:52:05,225056,Ракетка для падела Head Coello Team 2026,Падел - Ракетки,Новый товар,0,2,2
2026-09-23 16:52:05,112661,Ракетка для падела Siux Valkyrie Elite,Падел - Ракетки,Новый товар,0,2,2
2026-09-23 16:52:05,497241,Ракетка для падела Bullpadel Neuron 27,Падел - Ракетки,Новый товар,0,5,5
2026-09-23 16:52:05,226206,Ракетка для падела Head Bolt 2026 - Red/Black,Падел - Ракетки,Новый товар,0,1,1
2026-09-23 16:52:05,494400,Ракетка для падела Bullpadel XPLO 26,Падел - Ракетки,Новый товар,0,4,4
2026-09-23 16:52:05,493804,Ракетка для падела Bullpadel Pearl 26,Падел - Ракетки,Новый товар,0,6,6
2026-09-23 16:52:05,PVK10VENTUS1226,Ракетка для падела Nox EA10 K10 Ventus Control 12k by Aranzazu Osoro,Падел - Ракетки,Новый товар,0,2,2
2026-09-23 16:52:05,494417,Ракетка для падела Bullpadel Indiga Control 26,Падел - Ракетки,Новый товар,0,2,2
2026-09-23 16:52:05,495198,Ракетка для падела Bullpadel Neuron 02 EDGE TF 25,Падел - Ракетки,Новый товар,0,1,1
2026-09-23 16:52:05,494416,Ракетка для падела Bullpadel Indiga PWR 26,Падел - Ракетки,Новый товар,0,3,3
2026-09-23 16:52:05,224004,Ракетка для падела Head Gravity Pro 2024,Падел - Ракетки,Новый товар,0,2,2
2026-09-23 16:52:05,497240,Ракетка для падела Bullpadel Vertex 05 Woman 27,Падел - Ракетки,Новый товар,0,5,5
2026-09-23 16:52:05,497242,Ракетка для падела Bullpadel Neuron 02 Edge 27,Падел - Ракетки,Новый товар,0,5,5
2026-09-23 16:52:05,TR76-PL,Ракетка для падела 7/6 Trinity Purple,Падел - Ракетки,Новый товар,0,12,12
2026-09-23 16:52:05,223135,Ракетка для падела Head Extreme Motion 2025,Падел - Ракетки,Новый товар,0,5,5
2026-09-23 16:52:05,AR1AB6U23,Ракетка для падела Adidas Metalbone Pro EDT 2026,Падел - Ракетки,Новый товар,0,2,2
2026-09-23 16:52:05,495201,Ракетка для падела Bullpadel Vertex 05 Geo PP 2026,Падел - Ракетки,Новый товар,0,1,1
2026-09-23 16:52:05,AR4CA2U74,Ракетка для падела Adidas Arrow Hit Junior 2026,Падел - Ракетки,Новый товар,0,4,4
2026-09-23 16:52:05,SIUX-DE6,Ракетка для падела Siux Diablo Elite 6,Падел - Ракетки,Новый товар,0,2,2
2026-09-23 16:52:05,PAT10GENIUSAT1226,Ракетка для падела Nox AT10 Genius Attack 12K Alum Xtrem by Agustín Tapia,Падел - Ракетки,Новый товар,0,3,3
2026-09-23 16:52:05,226715,Ракетка для падела Head Speed JR,Падел - Ракетки,Новый товар,0,3,3
2026-09-23 16:52:05,PD76-SM,Ракетка для падела 7/6 Slide Mist,Падел - Ракетки,Новый товар,0,10,10
2026-09-23 16:52:05,PD76-BK,Ракетка для падела 7/6 Loop Black,Падел - Ракетки,Новый товар,0,12,12
2026-09-23 16:52:05,PR76-HUR,Ракетка для падела 7/6 Hurricane 12k Carbon,Падел - Ракетки,Новый товар,0,13,13
2026-09-23 16:52:05,226106,Ракетка для падела Head Vibe 2026 - Blue/Yellow,Падел - Ракетки,Новый товар,0,1,1
2026-09-23 16:52:05,494420,Ракетка для падела Bullpadel Vertex Junior Boy 26,Падел - Ракетки,Новый товар,0,3,3
2026-09-23 16:52:05,401906.107,Ракетка для падела Joma Valkiria Flex - Blue/White 2026,Падел - Ракетки,Новый товар,0,1,1
2026-09-23 16:52:05,222046,Ракетка для падела Head Radical Motion 2026,Падел - Ракетки,Новый товар,0,3,3
2026-09-23 16:52:05,495200,Ракетка для падела Bullpadel HACK 04 PP 2026,Падел - Ракетки,Новый товар,0,2,2
2026-09-23 16:52:05,401811.531,Ракетка для падела Joma Hyper 3.0 Vero Virseda - Pink/Black,Падел - Ракетки,Новый товар,0,1,1
2026-09-23 16:52:05,WR146311,Ракетка для падела Wilson Accent LT Padel,Падел - Ракетки,Новый товар,0,1,1
2026-09-23 16:52:05,150187,Ракетка для падела Babolat Viper Juan Lebron 3.0 Green,Падел - Ракетки,Новый товар,0,2,2
2026-09-23 16:52:05,A005353C,Ракетка для падела Black Crown Piton Epic,Падел - Ракетки,Новый товар,0,1,1
2026-09-23 16:52:05,SIUX-FE6,Ракетка для падела Siux Fenix Elite 6,Падел - Ракетки,Новый товар,0,1,1
2026-09-23 16:52:05,497243,Ракетка для падела Bullpadel Neuron 02 Comfort 27,Падел - Ракетки,Новый товар,0,3,3
2026-09-23 16:52:05,495214,Ракетка для падела Bullpadel Neuron 02 PP 2026,Падел - Ракетки,Новый товар,0,1,1
2026-09-23 16:52:05,AR2CA2,Ракетка для падела Adidas Metalbone Carbon CTRL 3.5,Падел - Ракетки,Новый товар,0,1,1
2026-09-23 16:52:05,BCWNPT14GL,Ракетка для падела Black Crown Piton 14 Global,Падел - Ракетки,Новый товар,0,1,1
2026-09-23 16:52:05,401907.002,Ракетка для падела Joma Hyper Pro Hard - Black/Beige,Падел - Ракетки,Новый товар,0,2,2
2026-09-23 16:52:05,495202,Ракетка для падела Bullpadel Vertex 05 Light PP 2026,Падел - Ракетки,Новый товар,0,2,2
2026-09-23 16:52:05,150177-100,Ракетка для падела Babolat Counter Viper 2.6,Падел - Ракетки,Новый товар,0,1,1
2026-09-23 16:52:05,SIUX-TP26-NF,Ракетка для падела Siux Trilogy Pro 2026 Noir Fog,Падел - Ракетки,Новый товар,0,3,3
2026-09-23 16:52:05,494409,Ракетка для падела Bullpadel Vertex 04 Woman Cloud,Падел - Ракетки,Новый товар,0,2,2
2026-09-23 16:52:05,16WAMA3553,Ракетка для падела Tecnifibre Wall Master 355,Падел - Ракетки,Новый товар,0,1,1
2026-09-23 16:52:05,8261521,Ракетка для падела Oxdog Hyper Pro 2.0,Падел - Ракетки,Новый товар,0,3,3
2026-09-23 16:52:05,401913.001,Ракетка для падела Joma Slam Pro Iconic - White/Gold,Падел - Ракетки,Новый товар,0,2,2
2026-09-23 16:52:05,LB76-490,Сумка для падел 7/6 Padel Bag Light 2R - Burgundy,Падел - Сумки и чехлы,Новый товар,0,21,21
2026-09-23 16:52:05,ORB-043,Чехол для падел 7/6 One Racket Bag - Pink,Падел - Сумки и чехлы,Новый товар,0,12,12
2026-09-23 16:52:05,BPM-25226,Рюкзак для падел Bullpadel Handbag - Black/White,Падел - Сумки и чехлы,Новый товар,0,1,1
2026-09-23 16:52:05,SIUXPM,Рюкзак для падел Siux Pulse Mochila - Red,Падел - Сумки и чехлы,Новый товар,0,1,1
2026-09-23 16:52:05,261365-NY,Сумка для падел Head Base Padel Bag M - Navy,Падел - Сумки и чехлы,Новый товар,0,4,4
2026-09-23 16:52:05,WR8912901001,Рюкзак для падел Wilson Super Tour Padel Backpack - Red,Падел - Сумки и чехлы,Новый товар,0,1,1
2026-09-23 16:52:05,495060,Сумка для падел Bullpadel Vertex Woman,Падел - Сумки и чехлы,Новый товар,0,2,2
2026-09-23 16:52:05,BPM26004,Рюкзак для падел Bullpadel Advance - Black\Orange,Падел - Сумки и чехлы,Новый товар,0,1,1
2026-09-23 16:52:05,JK5601,Рюкзак Adidas Multigame 3.4 Sand,Падел - Сумки и чехлы,Новый товар,0,1,1
2026-09-23 16:52:05,261805,Сумка для падел Head Coello Pro X Padel L,Падел - Сумки и чехлы,Новый товар,0,1,1
2026-09-23 16:52:05,ORB-1215,Чехол для падел 7/6 One Racket Bag - Brown,Падел - Сумки и чехлы,Новый товар,0,12,12
2026-09-23 16:52:05,495083,Рюкзак для падел Bullpadel Vertex GEO,Падел - Сумки и чехлы,Новый товар,0,1,1
2026-09-23 16:52:05,260135-BKDG,Сумка для падел Head Pro X Padel Duffle L - Black/Dark Grey,Падел - Сумки и чехлы,Новый товар,0,5,5
2026-09-23 16:52:05,PB76-0303,Сумка для падел 7/6 Ankl - Black,Падел - Сумки и чехлы,Новый товар,0,7,7
2026-09-23 16:52:05,PO35475,Сумка для падел Black Crown Thunder - Negro,Падел - Сумки и чехлы,Новый товар,0,1,1
2026-09-23 16:52:05,WR8914101001,Рюкзак для падел Wilson Defy V1 - Black/Gold,Падел - Сумки и чехлы,Новый товар,0,1,1
2026-09-23 16:52:05,A005991.B57.1,Сумка для падел Black Crown Plus - Grey/Orange,Падел - Сумки и чехлы,Новый товар,0,1,1
2026-09-23 16:52:05,WR8910801001,Сумка для падел Wilson Bela Super Tour - Black/Red,Падел - Сумки и чехлы,Новый товар,0,3,3
2026-09-23 16:52:05,493900,Рюкзак для падел Bullpadel Pearl,Падел - Сумки и чехлы,Новый товар,0,3,3
2026-09-23 16:52:05,ORB-448,Чехол для падел 7/6 One Racket Bag - Orange,Падел - Сумки и чехлы,Новый товар,0,9,9
2026-09-23 16:52:05,WR8913001001,Сумка для падел Wilson Super Tour Padel 2026 - Red,Падел - Сумки и чехлы,Новый товар,0,2,2
2026-09-23 16:52:05,WR8904301001,Сумка-чехол для падел Wilson Padel Cover - Black/Red,Падел - Сумки и чехлы,Новый товар,0,8,8
2026-09-23 16:52:05,261815,Рюкзак для падел Head Coello Pro X Padel,Падел - Сумки и чехлы,Новый товар,0,2,2
2026-09-23 16:52:05,A005988,Сумка для обуви Black Crown Duster - Black,Падел - Сумки и чехлы,Новый товар,0,2,2
2026-09-23 16:52:05,759021-105,Рюкзак Babolat Perf Padel 2Gen - Black,Падел - Сумки и чехлы,Новый товар,0,1,1
2026-09-23 16:52:05,ORB-1632,Чехол для падел 7/6 One Racket Bag - Shell Pink,Падел - Сумки и чехлы,Новый товар,0,10,10
2026-09-23 16:52:05,PB76-4201,Сумка для падел 7/6 Ankl - Grey,Падел - Сумки и чехлы,Новый товар,0,13,13
2026-09-23 16:52:05,BPM-25008,Рюкзак для падел Bullpadel FEP - Red,Падел - Сумки и чехлы,Новый товар,0,1,1
2026-09-23 16:52:05,759021-264,Рюкзак Babolat Perf Padel 2Gen - Multicolor,Падел - Сумки и чехлы,Новый товар,0,1,1
2026-09-23 16:52:05,495087,Рюкзак для падел Bullpadel Neuron,Падел - Сумки и чехлы,Новый товар,0,1,1
2026-09-23 16:52:05,BPM-25022,Рюкзак для падел Bullpadel XPLO - Negro,Падел - Сумки и чехлы,Новый товар,0,1,1
2026-09-23 16:52:05,SIUXBK,Сумка Siux Bag The King - Black,Падел - Сумки и чехлы,Новый товар,0,1,1
2026-09-23 16:52:05,ORB-912,Чехол для падел 7/6 One Racket Bag - Black,Падел - Сумки и чехлы,Новый товар,0,9,9
2026-09-23 16:52:05,PO34871,Рюкзак для падел Black Crown Magic,Падел - Сумки и чехлы,Новый товар,0,2,2
2026-09-23 16:52:05,493899,Сумка для падел Bullpadel Pearl - Turquosie,Падел - Сумки и чехлы,Новый товар,0,1,1
2026-09-23 16:52:05,495059,Сумка для падел Bullpadel Vertex Geo,Падел - Сумки и чехлы,Новый товар,0,1,1
2026-09-23 16:52:05,ORB-109,Чехол для падел 7/6 One Racket Bag - Blue,Падел - Сумки и чехлы,Новый товар,0,6,6
2026-09-23 16:52:05,260344-NV,Сумка для падел Head Pro Padel Bag L - Navy,Падел - Сумки и чехлы,Новый товар,0,2,2
2026-09-23 16:52:05,260045-BK,Сумка для падел Head Pro X Padel Bag L - Black,Падел - Сумки и чехлы,Новый товар,0,1,1
2026-09-23 16:52:05,BPM-25003,Рюкзак для падел Bullpadel Tech - Negro,Падел - Сумки и чехлы,Новый товар,0,1,1
2026-09-23 16:52:05,KL2639,Сумка для падел Adidas Racket Bag Multigame - Black/Red,Падел - Сумки и чехлы,Новый товар,0,4,4
2026-09-23 16:52:05,262254-BKCC,Сумка для падел Head Team Padel Bag L - Black/Ceramic,Падел - Сумки и чехлы,Новый товар,0,1,1
2026-09-23 16:52:05,LB76-001,Сумка для падел 7/6 Padel Bag Light 2R - Black,Падел - Сумки и чехлы,Новый товар,0,22,22
2026-09-23 16:52:05,JK5606,Сумка для падел Adidas Protour 3.4 - Black,Падел - Сумки и чехлы,Новый товар,0,1,1
2026-09-23 16:52:05,40PADELRAQ,Сумка Tecnifibre Tour Endurance Paletero,Падел - Сумки и чехлы,Новый товар,0,1,1
2026-09-23 16:52:05,495089,Рюкзак для падел Bullpadel IONIC,Падел - Сумки и чехлы,Новый товар,0,2,2
2026-09-23 16:52:05,260204-BK,Рюкзак Head Pro Backpack 23L - Black,Падел - Сумки и чехлы,Новый товар,0,1,1
2026-09-23 16:52:05,BG4RA2,Сумка для падел Adidas Stage Tour Trolley Bag,Падел - Сумки и чехлы,Новый товар,0,2,2
2026-09-23 16:52:05,BPP-25012-005,Сумка для падел Bullpadel HACK - Negro,Падел - Сумки и чехлы,Новый товар,0,1,1
2026-09-23 16:52:05,SPO76-3TB,Овергрип 7/6 Padel Super Tacky - Tiffany Blue 3 pk,Падел - Аксессуары,Новый товар,0,15,15
2026-09-23 16:52:05,PRT76-1MX,Защитная лента для падел ракеток 7/6 Protection Tape 1PK,Падел - Аксессуары,Новый товар,0,220,220
2026-09-23 16:52:05,PRTNXNEBL,Защитная лента для падел NOX Padel Racket Protector 1PK - Black,Падел - Аксессуары,Новый товар,0,17,17
2026-09-23 16:52:05,WR8416301001,Овергрип Wilson Padel Pro Overgrip 3pk - White,Падел - Аксессуары,Новый товар,0,15,15
2026-09-23 16:52:05,SPO76-3PL,Овергрип 7/6 Padel Super Tacky - Purple 3 pk,Падел - Аксессуары,Новый товар,0,18,18
2026-09-23 16:52:05,285111-GR,Овергрип Head Padel Pro - Grey,Падел - Аксессуары,Новый товар,0,11,11
2026-09-23 16:52:05,285111-MI,Овергрип Head Padel Pro - Mint,Падел - Аксессуары,Новый товар,0,8,8
2026-09-23 16:52:05,NOXCUGRIP,Овергрип Nox Custom Grip - Red,Падел - Аксессуары,Новый товар,0,6,6
2026-09-23 16:52:05,SPO76-3PK,Овергрип 7/6 Padel Super Tacky - Pink 3 pk,Падел - Аксессуары,Новый товар,0,23,23
2026-09-23 16:52:05,AC2BA1-OR,Овергрип Adidas Perforated 3pk - Orange,Падел - Аксессуары,Новый товар,0,10,10
2026-09-23 16:52:05,476026,Защитная лента Bullpadel для падел-ракетки 3pk,Падел - Аксессуары,Новый товар,0,22,22
2026-09-23 16:52:05,AC2TA2-MIX1,Овергрип Adidas Logo Box 1pk - Mix,Падел - Аксессуары,Новый товар,0,128,128
2026-09-23 16:52:05,PRTNXAZBL,Защитная лента для падел NOX Padel Racket Protector 1PK - Blue,Падел - Аксессуары,Новый товар,0,31,31
2026-09-23 16:52:05,WR8416501001,Овергрип Wilson Shock Shield Hybrid Padel - Black,Падел - Аксессуары,Новый товар,0,32,32
2026-09-23 16:52:05,400748.200,Овергрип Joma Club - White,Падел - Аксессуары,Новый товар,0,20,20
2026-09-23 16:52:05,SPO76-3YW,Овергрип 7/6 Padel Super Tacky - Yellow 3 pk,Падел - Аксессуары,Новый товар,0,32,32
2026-09-23 16:52:05,PRTNXTRAN,Защитная лента для падел NOX Padel Racket Protector 1PK,Падел - Аксессуары,Новый товар,0,29,29
2026-09-23 16:52:05,SPO76-3OR,Овергрип 7/6 Padel Super Tacky - Orange 3 pk,Падел - Аксессуары,Новый товар,0,20,20
2026-09-23 16:52:05,PRT76-WH,Защитная лента для падел ракеток 7/6 Protection Tape - White,Падел - Аксессуары,Новый товар,0,12,12
2026-09-23 16:52:05,PRT76-MX,Защитная лента для падел ракеток 7/6 Protection Tape 50PK,Падел - Аксессуары,Новый товар,0,15,15
2026-09-23 16:52:05,AC2BA1-WH,Овергрип Adidas Perforated 3pk - White,Падел - Аксессуары,Новый товар,0,10,10
2026-09-23 16:52:05,285111-WH,Овергрип Head Padel Pro - White,Падел - Аксессуары,Новый товар,0,6,6
2026-09-23 16:52:05,AC2BA1-BK,Овергрип Adidas Perforated 3pk - Black,Падел - Аксессуары,Новый товар,0,4,4
2026-09-23 16:52:05,455593,Лента с утяжелением Bullpadel для падел-ракетки 3pk,Падел - Аксессуары,Новый товар,0,6,6
2026-09-23 16:52:05,PRTNXROBL,Защитная лента для падел NOX Padel Racket Protector 1PK - Red,Падел - Аксессуары,Новый товар,0,23,23
2026-09-23 16:52:05,400748.050,Овергрип Joma Club - Orange,Падел - Аксессуары,Новый товар,0,23,23
2026-09-23 16:52:05,448305,Защитная лента Bullpadel PRO для падел-ракетки 2pk,Падел - Аксессуары,Новый товар,0,26,26
2026-09-23 16:52:05,SPO76-3FY,Овергрип 7/6 Padel Super Tacky - Fluorescent Yellow 3 pk,Падел - Аксессуары,Новый товар,0,11,11
2026-09-23 16:52:05,WRR940100,Защитная лента Wilson Padel Guard - White,Падел - Аксессуары,Новый товар,0,7,7
2026-09-23 16:52:05,WR8906601001,Овергрип Wilson Padel Pro Overgrip - 1PK,Падел - Аксессуары,Новый товар,0,239,239
2026-09-23 16:52:05,SPO76-3LB,Овергрип 7/6 Padel Super Tacky - Light Blue 3 pk,Падел - Аксессуары,Новый товар,0,28,28
2026-09-23 16:52:05,455595,Утяжелитель Bullpadel в ручку для падел-ракетки,Падел - Аксессуары,Новый товар,0,15,15
2026-09-23 16:52:05,450851,Защитная лента Bullpadel для падел-ракетки 1pk,Падел - Аксессуары,Новый товар,0,38,38
2026-09-23 16:52:05,WR8416601001,Овергрип Wilson Profile Padel 3pk - Black,Падел - Аксессуары,Новый товар,0,20,20
2026-09-23 16:52:05,285111-BK,Овергрип Head Padel Pro - Black,Падел - Аксессуары,Новый товар,0,2,2
2026-09-23 16:52:05,400748.060,Овергрип Joma Club - Yellow,Падел - Аксессуары,Новый товар,0,20,20
2026-09-23 16:52:05,WR8911101001,Овергрип Wilson AbsorbX Padel Overgrip 3 Pack - Red,Падел - Аксессуары,Новый товар,0,28,28
2026-09-23 16:52:05,SPO76-3BL,Овергрип 7/6 Padel Super Tacky - Blue 3 pk,Падел - Аксессуары,Новый товар,0,17,17
2026-09-23 16:52:05,285111-PK,Овергрип Head Padel Pro - Pink,Падел - Аксессуары,Новый товар,0,7,7
2026-09-23 16:52:05,AC2BA1-PI,Овергрип Adidas Perforated 3pk - Pink,Падел - Аксессуары,Новый товар,0,14,14
2026-09-23 16:52:05,AC2BA0,Защитная лента Adidas Protection Tape,Падел - Аксессуары,Новый товар,0,12,12
2026-09-23 16:52:05,OVPROBLCO3,Овергрип Nox Pro Padel Overgrip 3pk - Mixed Colours,Падел - Аксессуары,Новый товар,0,3,3
2026-09-23 16:52:05,285111-YW,Овергрип Head Padel Pro - Yellow,Падел - Аксессуары,Новый товар,0,11,11
2026-09-23 16:52:05,AC2BA1-YE,Овергрип Adidas Perforated 3pk - Yellow,Падел - Аксессуары,Новый товар,0,16,16
2026-09-23 16:52:05,471959,Мячи для падел BullPadel Premium Pro 3B,Падел - Мячи,Новый товар,0,0,0
2026-09-23 16:52:05,540203,Мячи для падел Head Padel Pro+ 3B,Падел - Мячи,Новый товар,0,0,0
2026-09-23 16:52:05,575383,Мячи для падел Head Padel One S 3B,Падел - Мячи,Новый товар,0,0,0
2026-09-23 16:52:05,PB76-003,Мячи для падл 7/6 Padel Tour 3 X 24,Падел - Мячи,Новый товар,0,0,0
2026-09-23 16:52:05,PB76-004,Мячи для падл 7/6 Padel Pro 2.0 3 X 24,Падел - Мячи,Новый товар,0,0,0
2026-09-23 16:52:05,540303,Мячи для падел Head Padel Pro S+ 3B,Падел - Мячи,Новый товар,0,0,0
2026-09-23 16:52:05,WR8908401001,Мячи для падел Wilson Premier Padel 3B,Падел - Мячи,Новый товар,0,0,0
2026-09-23 16:52:05,471962,Мячи для падел Bullpadel FIP Next Pro 3B,Падел - Мячи,Новый товар,0,0,0
2026-09-23 16:52:05,WJ76-WHBK,Ветровка женская 7/6 Woman Jacket - White/Black,Одежда,Товар удалён с сайта,11,0,-11
2026-09-23 16:52:05,IB3776-010,Футболка женская Nike Victory - Black/White,Одежда,Товар удалён с сайта,1,0,-1
2026-09-23 16:52:05,MTS76-010,Футболка для мальчиков 7/6 Max T-shirt 2.0 - Black,Одежда,Товар удалён с сайта,18,0,-18
2026-09-23 16:52:05,TJ76-BK,Ветровка мужская 7/6 Taylor Man Jacket - Black,Одежда,Товар удалён с сайта,17,0,-17
2026-09-23 16:52:05,KS76-2520,Юбка женская 7/6 Kris Skirt - Potent Purple,Одежда,Товар удалён с сайта,7,0,-7
2026-09-24 06:17:31,ORS-7601,Чехол для ракетки 7/6 One Racket - Black,Сумки и чехлы,Изменение количества,31,30,-1
2026-09-24 06:17:31,ORS-1632,Чехол для ракетки 7/6 One Racket - Shell Pink,Сумки и чехлы,Изменение количества,32,31,-1
2026-09-24 06:17:31,KB276-PK,Детский рюкзак 7/6 Kids Backpack 2.0 - Pink,Сумки и чехлы,Изменение количества,13,12,-1
2026-09-24 06:17:31,CB76-BK,Сумка 7/6 Club Bag - Black,Сумки и чехлы,Изменение количества,7,6,-1
2026-09-24 06:17:31,BA5451-BL,Сумка 7/6 Racket Holder 6 Rackets - Blue,Сумки и чехлы,Изменение количества,5,4,-1
2026-09-24 06:17:31,DB76-BK,Сумка 7/6 Tennis Duffle Bag - Black,Сумки и чехлы,Изменение количества,12,11,-1
2026-09-24 06:17:31,TB76-1559,Сумка 7/6 Tournament Bag - Red,Сумки и чехлы,Изменение количества,13,11,-2
2026-09-24 06:17:31,261325-NV,Сумка Head Base Racquet Bag S - Navy,Сумки и чехлы,Изменение количества,2,1,-1
2026-09-24 06:17:31,260404-LLAN,Сумка Head Pro Duffle Bag L - Liquid Lime/Anthracite,Сумки и чехлы,Изменение количества,4,3,-1
2026-09-24 06:17:31,260326-OR,Сумка Head Tour Racquet Bag S - Orange,Сумки и чехлы,Изменение количества,4,3,-1
2026-09-24 06:17:31,GT76-4718,Футболка для девочек 7/6 Mia T-shirt - Hydro,Одежда,Изменение количества,43,42,-1
2026-09-24 06:17:31,MTS76-010,Футболка для мальчиков 7/6 Max T-shirt 2.0 - Black,Одежда,Новый товар,0,18,18
2026-09-24 06:17:31,MTS76-4718,Футболка для мальчиков 7/6 Max T-shirt 2.0 - Hydro,Одежда,Изменение количества,33,32,-1
2026-09-24 06:17:31,MTL76-4718,Футболка мужская 7/6 Loddy T-Shirt 2.0 - Hydro,Одежда,Изменение количества,24,23,-1
2026-09-24 06:17:31,MTL76-1632,Футболка мужская 7/6 Loddy T-Shirt 2.0 - Shell Pink,Одежда,Изменение количества,39,38,-1
2026-09-24 06:17:31,VT76-4201,Футболка мужская 7/6 Victory Cotton T-shirt - Grey,Одежда,Изменение количества,11,10,-1
2026-09-24 06:17:31,IH2085-394,Футболка мужская Nike Court Heritage Tennis T-Shirt - Barely Green,Одежда,Изменение количества,4,3,-1
2026-09-24 06:17:31,KTS76-0515,Футболка женская 7/6 Kate T-shirt - Lemon Icing,Одежда,Изменение количества,31,30,-1
2026-09-24 06:17:31,KTS76-2520,Футболка женская 7/6 Kate T-shirt - Potent Purple,Одежда,Изменение количества,7,5,-2
2026-09-24 06:17:31,W1330002,Футболка женская Bidi Badu Crew V-Neck - Black,Одежда,Новый товар,0,2,2
2026-09-24 06:17:31,W1330002,Футболка женская Bidi Badu Crew V-Neck - Navy,Одежда,Новый товар,0,1,1
2026-09-24 06:17:31,HQ2994-006,Футболка женская Court Advantage Pro T-Shirt - Steam/White,Одежда,Изменение количества,1,2,1
2026-09-24 06:17:31,IM0310-341,Футболка женская Nike Slam Women's Tennis T-Shirt - Gorge Green,Одежда,Новый товар,0,1,1
2026-09-24 06:17:31,IB3776-010,Футболка женская Nike Victory - Black/White,Одежда,Новый товар,0,1,1
2026-09-24 06:17:31,KSK76-4718,Юбка детская 7/6 Kristy Skirt - Hydro,Одежда,Изменение количества,36,35,-1
2026-09-24 06:17:31,KSK76-1632,Юбка детская 7/6 Kristy Skirt - Shell Pink,Одежда,Изменение количества,33,32,-1
2026-09-24 06:17:31,KS76-2520,Юбка женская 7/6 Kris Skirt - Potent Purple,Одежда,Новый товар,0,7,7
2026-09-24 06:17:31,KS76-1215,Юбка женская 7/6 Kris Skirt - Shaved Chocolate,Одежда,Изменение количества,32,31,-1
2026-09-24 06:17:31,NS76-1215,Юбка женская 7/6 Nata Skirt - Shaved Chocolate,Одежда,Изменение количества,33,32,-1
2026-09-24 06:17:31,FD5574-744,Юбка женская Nike Court Victory Skirt - Alabaster/White,Одежда,Новый товар,0,1,1
2026-09-24 06:17:31,DH9779-629,Юбка женская Nike Court Victory Straight Skirt - Aster Pink/Black,Одежда,Новый товар,0,1,1
2026-09-24 06:17:31,FD6528-844,Юбка женская Nike Victory Skirt - Apricot Agate,Одежда,Новый товар,0,1,1
2026-09-24 06:17:31,G1200001,Капри для девочек Bidi Badu Crew - Black,Одежда,Изменение количества,5,4,-1
2026-09-24 06:17:31,G1200001,Капри для девочек Bidi Badu Crew - Dark Blue/Pink,Одежда,Новый товар,0,1,1
2026-09-24 06:17:31,MJJ76-1215,Кофта мужская 7/6 Jackie Jacket Men - Shaved Chocolate,Одежда,Изменение количества,26,25,-1
2026-09-24 06:17:31,FB6443-010,Козырек Nike ADV Ace Visor - Black,Одежда,Изменение количества,10,9,-1
2026-09-24 06:17:31,FB6443-006,Козырек Nike ADV Ace Visor - Steam/Anthracite/Black,Одежда,Изменение количества,8,7,-1
2026-09-24 06:17:31,II3375-503,Лонгслив женский Nike Court Slam Long-Sleeve Cropped - Light Magenta/Black,Одежда,Новый товар,0,1,1
2026-09-24 06:17:31,G1580023-TW,Майка женская Bidi Badu Twiggy Chill - Blue/Mixed,Одежда,Новый товар,0,7,7
2026-09-24 06:17:31,NT76-4104,Майка женская Nata Sleeveless T-shirt - Antarctica,Одежда,Изменение количества,13,12,-1
2026-09-24 06:17:31,II3606-010,Майка женская Nike Court Advantage - Black/White,Одежда,Изменение количества,7,8,1
2026-09-24 06:17:31,AD76-100,Платье женское 7/6 Arina Dress - White,Одежда,Изменение количества,8,7,-1
2026-09-24 06:17:31,MD276-2520,Платье женское 7/6 Mari Dress 2.0 - Potent Purple,Одежда,Изменение количества,12,11,-1
2026-09-24 06:17:31,MD276-1215,Платье женское 7/6 Mari Dress 2.0 - Shaved Chocolate,Одежда,Изменение количества,31,30,-1
2026-09-24 06:17:31,BPL76-1119,Поло детское 7/6 Sasha Polo - Taos Taupe,Одежда,Изменение количества,8,7,-1
2026-09-24 06:17:31,MPA76-0106,Поло мужское 7/6 Andy Polo - Light Green/Green,Одежда,Изменение количества,3,2,-1
2026-09-24 06:17:31,MPA76-1215,Поло мужское 7/6 Andy Polo - Shaved Chocolate,Одежда,Изменение количества,37,36,-1
2026-09-24 06:17:31,PL7060-010,Поло мужское 7/6 Ankl Polo 2.0 - Black,Одежда,Изменение количества,37,35,-2
2026-09-24 06:17:31,PL7060-4718,Поло мужское 7/6 Ankl Polo 2.0 - Hydro,Одежда,Изменение количества,30,29,-1
2026-09-24 06:17:31,PL76-1119,Поло мужское 7/6 Anlk Polo - Taos Taupe,Одежда,Изменение количества,10,9,-1
2026-09-24 06:17:31,IB1028-006,Поло мужское Nike Court Slam Tennis Polo - Steam/Barely Green/Black,Одежда,Изменение количества,5,4,-1
2026-09-24 06:17:31,BSH76-010,Шорты детские 7/6 Tema Shorts - Black,Одежда,Изменение количества,17,16,-1
2026-09-24 06:17:31,BSH76-4718,Шорты детские 7/6 Tema Shorts - Hydro,Одежда,Изменение количества,37,36,-1
2026-09-24 06:17:31,SH7060-010,Шорты мужские 7/6 Miran Shorts 7 - Black,Одежда,Изменение количества,28,27,-1
2026-09-24 06:17:31,SH7760-4718,Шорты мужские 7/6 Miran Shorts 7 - Hydro,Одежда,Изменение количества,42,41,-1
2026-09-24 06:17:31,SH7060-100,Шорты мужские 7/6 Miran Shorts 7 - White,Одежда,Изменение количества,20,19,-1
2026-09-24 06:17:31,SH9760-4718,Шорты мужские 7/6 Miran Shorts 9 - Hydro,Одежда,Изменение количества,49,47,-2
2026-09-24 06:17:31,FD5384-451,"Шорты мужские Nike Court Victory 9"" Short - Obsidian",Одежда,Изменение количества,11,10,-1
2026-09-24 06:17:31,WSA76-156,Шорты женские 7/6 Alex Shorts - Red Alert,Одежда,Изменение количества,10,11,1
2026-09-24 06:17:31,IB0769-133,Шорты женские Nike Court Collection High Waist Short - Sail,Одежда,Изменение количества,6,5,-1
2026-09-24 06:17:31,JP76-1215,Штаны мужские 7/6 Jackie Pants Men - Shaved Chocolate,Одежда,Изменение количества,25,24,-1
2026-09-24 06:17:31,TJ76-BK,Ветровка мужская 7/6 Taylor Man Jacket - Black,Одежда,Новый товар,0,17,17
2026-09-24 06:17:31,WJ76-WHBK,Ветровка женская 7/6 Woman Jacket - White/Black,Одежда,Новый товар,0,11,11
2026-09-24 06:17:31,KSB-201,Кроссовки детские 7/6 Bimby – Light Grey,Обувь,Изменение количества,76,73,-3
2026-09-24 06:17:31,275236-RDDR,Кроссовки детские Head Revolt Pro 5.0 Clay - Red/Dark Red,Обувь,Изменение количества,1,2,1
2026-09-24 06:17:31,275314-BNBK,Кроссовки детские Head Sprint 3.5 Junior - Banana/Black,Обувь,Изменение количества,5,4,-1
2026-09-24 06:17:31,275315-LINV,Кроссовки детские Head Sprint Pro 4.0 Junior - Lime/Navy,Обувь,Изменение количества,4,3,-1
2026-09-24 06:17:31,JMATS2503C,Кроссовки детские Joma Master 1000 Junior Clay - Navy/Blue,Обувь,Новый товар,0,1,1
2026-09-24 06:17:31,JMATW2604C,Кроссовки детские Joma Master 1000 Junior Clay - Royal/Blue,Обувь,Изменение количества,7,8,1
2026-09-24 06:17:31,TS76-BKWH,Кроссовки мужские 7/6 - Marble 2.0 - Black/White,Обувь,Изменение количества,19,17,-2
2026-09-24 06:17:31,TS76-4939,Кроссовки мужские 7/6 Marble 2.0 - Blue Blossom,Обувь,Новый товар,0,42,42
2026-09-24 06:17:31,TS76-0201,Кроссовки мужские 7/6 Marble 2.0 -  Dark Grey,Обувь,Новый товар,0,83,83
2026-09-24 06:17:31,TS76-0116,Кроссовки мужские 7/6 Marble 2.0 - Green Blossom,Обувь,Изменение количества,33,32,-1
2026-09-24 06:17:31,TS76-4300,Кроссовки мужские 7/6 Marble 2.0 - Light Grey,Обувь,Новый товар,0,34,34
2026-09-24 06:17:31,FV5552-001,Кроссовки мужские Nike Court Air Zoom Vapor 12 HC - Black/Dark Smoke Grey/White,Обувь,Изменение количества,25,24,-1
2026-09-24 06:17:31,FV5552-403,Кроссовки мужские Nike Court Air Zoom Vapor 12 HC - University Blue/Midnight Navy,Обувь,Изменение количества,6,5,-1
2026-09-24 06:17:31,FZ2155-102,Кроссовки мужские Nike Court Vapor Lite 3 HC - White/Midnight Navy,Обувь,Изменение количества,4,3,-1
2026-09-24 06:17:31,IB6555-100,Кроссовки мужские Nike Vapor 12 - Sail/Turf Orange/Blue Ribbon Heather/Black,Обувь,Изменение количества,2,3,1
2026-09-24 06:17:31,HV1475-100,Кроссовки мужские Nike Vapor Lite 3 HC Premium - White/Hot Lava/Wolf Grey/Black,Обувь,Изменение количества,4,6,2
2026-09-24 06:17:31,IQ5179-005,Кроссовки мужские Nike Zoom GP Challenge 1.5 Clay - Steam/Black/Light Silver/White,Обувь,Изменение количества,5,4,-1
2026-09-24 06:17:31,TS76-BKWH,Кроссовки женские 7/6 - Marble 2.0 - Black/White,Обувь,Новый товар,0,1,1
2026-09-24 06:17:31,TS76-0201,Кроссовки женские 7/6 Marble 2.0 - Dark Grey,Обувь,Новый товар,0,47,47
2026-09-24 06:17:31,TS76-0116,Кроссовки женские 7/6 Marble 2.0 - Green Blossom,Обувь,Новый товар,0,4,4
2026-09-24 06:17:31,TS76-4300,Кроссовки женские 7/6 Marble 2.0 - Light Grey,Обувь,Изменение количества,43,42,-1
2026-09-24 06:17:31,TS76-1264,Кроссовки женские 7/6 Marble 2.0 - Orange Blossom,Обувь,Новый товар,0,8,8
2026-09-24 06:17:31,TS76-WHBK,Кроссовки женские 7/6 - Marble 2.0 - White/Black,Обувь,Новый товар,0,3,3
2026-09-24 06:17:31,HQ6027-003,Кроссовки женские Nike Court Air Zoom Vapor 12 Clay - Light Silver/Black/Steam,Обувь,Изменение количества,10,9,-1
2026-09-24 06:17:31,06GXON124O,"Струна для сквоша X-ONE Orange 1,24 200 метров",Теннисные струны,Новый товар,0,1,1
2026-09-24 06:17:31,241101,"Теннисная струна Babolat RPM Blast 1,25 12 метров",Теннисные струны,Новый товар,0,17,17
2026-09-24 06:17:31,241101,"Теннисная струна Babolat RPM Blast 1,30 12 метров",Теннисные струны,Изменение количества,57,56,-1
2026-09-24 06:17:31,281103,"Теннисная струна Head HAWK 1,20 12 метров",Теннисные струны,Новый товар,0,9,9
2026-09-24 06:17:31,281784,"Теннисная струна Head LYNX 1,20 12 метров",Теннисные струны,Новый товар,0,3,3
2026-09-24 06:17:31,281099,"Теннисная струна Head Rip Control 1,30 12 метров",Теннисные струны,Новый товар,0,16,16
2026-09-24 06:17:31,AN12-FY,"Теннисная струна 7/6 Antelope - Yellow 1,25 12 метров",Теннисные струны,Изменение количества,82,77,-5
2026-09-24 06:17:31,EG12-NL,"Теннисная струна 7/6 Eagle - Natural 1,25 12 метров",Теннисные струны,Новый товар,0,42,42
2026-09-24 06:17:31,LN12-BK,"Теннисная струна 7/6 Lion - Black 1,25 12 метров",Теннисные струны,Новый товар,0,67,67
2026-09-24 06:17:31,OC12-SL,"Теннисная струна 7/6 Octopus - Silver 1,25 200 метров",Теннисные струны,Новый товар,0,3,3
2026-09-24 06:17:31,RH12-BK,"Теннисная струна 7/6 Rhino - Black 1,22 12 метров",Теннисные струны,Новый товар,0,100,100
2026-09-24 06:17:31,RH12-BL,"Теннисная струна 7/6 Rhino - Blue 1,22 200 метров",Теннисные струны,Новый товар,0,6,6
2026-09-24 06:17:31,RH12-BL,"Теннисная струна 7/6 Rhino - Blue 1,27 12 метров",Теннисные струны,Новый товар,0,29,29
2026-09-24 06:17:31,SH12-RD,"Теннисная струна 7/6 Shark - Red 1,25 200 метров",Теннисные струны,Новый товар,0,4,4
2026-09-24 06:17:31,243142,"Теннисная струна Babolat PRO LAST - Grey 1,25 12 м",Теннисные струны,Изменение количества,0,15,15
2026-09-24 06:17:31,243142,"Теннисная струна Babolat PRO LAST - Grey 1,25 12 м",Теннисные струны,Товар появился,0,15,15
2026-09-24 06:17:31,241136,"Теннисная струна Babolat RPM Blast Rough Red 1,30 12 метров",Теннисные струны,Новый товар,0,24,24
2026-09-24 06:17:31,243140,"Теннисная струна Babolat RPM Blast Rough Red 1,30 200 метров",Теннисные струны,Новый товар,0,2,2
2026-09-24 06:17:31,241136,"Теннисная струна Babolat RPM Blast Rough Yellow 1,25 12 метров",Теннисные струны,Новый товар,0,12,12
2026-09-24 06:17:31,241136,"Теннисная струна Babolat RPM Blast Rough Yellow 1,30 12 метров",Теннисные струны,Новый товар,0,26,26
2026-09-24 06:17:31,243140,"Теннисная струна Babolat RPM Blast Rough Yellow 1,30 200 метров",Теннисные струны,Новый товар,0,4,4
2026-09-24 06:17:31,243141,"Теннисная струна Babolat RPM Hurricane - Yellow 1,25 12 метров",Теннисные струны,Изменение количества,0,46,46
2026-09-24 06:17:31,243141,"Теннисная струна Babolat RPM Hurricane - Yellow 1,25 12 метров",Теннисные струны,Товар появился,0,46,46
2026-09-24 06:17:31,243141,"Теннисная струна Babolat RPM Hurricane - Yellow 1,30 12 метров",Теннисные струны,Новый товар,0,42,42
2026-09-24 06:17:31,241139-336,"Теннисная струна Babolat RPM Power Brown 1,25 12 метров",Теннисные струны,Новый товар,0,17,17
2026-09-24 06:17:31,241146,"Теннисная струна Babolat RPM Soft 1,25 12 метров",Теннисные струны,Новый товар,0,18,18
2026-09-24 06:17:31,243144,"Теннисная струна Babolat Syn Gut - Black 1,30 12 метров",Теннисные струны,Новый товар,0,16,16
2026-09-24 06:17:31,243144,"Теннисная струна Babolat SYNTHETIC GUT White 1,25 12 метров",Теннисные струны,Новый товар,0,1,1
2026-09-24 06:17:31,241110,"Теннисная струна Babolat Xcel 1,30 12 метров",Теннисные струны,Изменение количества,5,4,-1
2026-09-24 06:17:31,281032-PT,"Теннисная струна Head Hawk Power 1,30 200 метров",Теннисные струны,Новый товар,0,3,3
2026-09-24 06:17:31,281022-PT,"Теннисная струна Head Hawk Power - Petrol 1,25 12 метров",Теннисные струны,Новый товар,0,23,23
2026-09-24 06:17:31,281234-AN,"Теннисная струна Head Hawk Touch Antracite 1,20 200 метров",Теннисные струны,Новый товар,0,2,2
2026-09-24 06:17:31,281204-17AN,"Теннисная струна Head Hawk Touch Antracite 1,25 12 метров",Теннисные струны,Изменение количества,16,15,-1
2026-09-24 06:17:31,281103-WH,"Теннисная струна Head Hawk - White 1,20 12 метров",Теннисные струны,Новый товар,0,27,27
2026-09-24 06:17:31,281113-WH,"Теннисная струна Head Hawk White 1,20 200 метров",Теннисные струны,Новый товар,0,1,1
2026-09-24 06:17:31,281103-WH,"Теннисная струна Head Hawk White 1,30 12 метров",Теннисные струны,Новый товар,0,23,23
2026-09-24 06:17:31,281794,"Теннисная струна Head LYNX 1,25 (антрацит) 12 метров",Теннисные струны,Новый товар,0,56,56
2026-09-24 06:17:31,281794-16AN,"Теннисная струна Head LYNX (антрацит) 1,30 12 метров",Теннисные струны,Новый товар,0,66,66
2026-09-24 06:17:31,281794-16GE,"Теннисная струна Head LYNX Green 1,30 200 метров",Теннисные струны,Изменение количества,0,2,2
2026-09-24 06:17:31,281794-16GE,"Теннисная струна Head LYNX Green 1,30 200 метров",Теннисные струны,Товар появился,0,2,2
2026-09-24 06:17:31,281784-AN,"Теннисная струна Head LYNX (Серый) 1,25 12 метров",Теннисные струны,Изменение количества,24,25,1
2026-09-24 06:17:31,281052,Теннисная струна Head Lynx Touch - Smoky 1.30 200м,Теннисные струны,Новый товар,0,2,2
2026-09-24 06:17:31,281799-BK,"Теннисная струна Head LYNX Tour Black 1,25 12 метров",Теннисные струны,Новый товар,0,12,12
2026-09-24 06:17:31,281799-BK,"Теннисная струна Head LYNX Tour Black 1,25 200 метров",Теннисные струны,Новый товар,0,5,5
2026-09-24 06:17:31,281799-BK,"Теннисная струна Head LYNX Tour Black 1,30 200 метров",Теннисные струны,Новый товар,0,1,1
2026-09-24 06:17:31,281799-CP,"Теннисная струна Head LYNX Tour - Champagne 1,20 12 метров",Теннисные струны,Новый товар,0,16,16
2026-09-24 06:17:31,281799-CP,"Теннисная струна Head LYNX Tour Champagne 1,25 12 метров",Теннисные струны,Новый товар,0,12,12
2026-09-24 06:17:31,281799-CP,"Теннисная струна Head LYNX Tour Champagne 1,30 12 метров",Теннисные струны,Новый товар,0,81,81
2026-09-24 06:17:31,281799-CP,"Теннисная струна Head LYNX Tour Champagne 1,30 200 метров",Теннисные струны,Новый товар,0,8,8
2026-09-24 06:17:31,281790-GR,"Теннисная струна Head LYNX Tour Grey 1,25 12 метров",Теннисные струны,Изменение количества,0,6,6
2026-09-24 06:17:31,281790-GR,"Теннисная струна Head LYNX Tour Grey 1,25 12 метров",Теннисные струны,Товар появился,0,6,6
2026-09-24 06:17:31,281790-GR,"Теннисная струна Head LYNX Tour Grey 1,30 12 метров",Теннисные струны,Новый товар,0,51,51
2026-09-24 06:17:31,281799-OR,"Теннисная струна Head LYNX Tour Orange 1,25 12 метров",Теннисные струны,Изменение количества,0,10,10
2026-09-24 06:17:31,281799-OR,"Теннисная струна Head LYNX Tour Orange 1,25 12 метров",Теннисные струны,Товар появился,0,10,10
2026-09-24 06:17:31,281799-OR,"Теннисная струна Head LYNX Tour Orange 1,25 200 метров",Теннисные струны,Новый товар,0,1,1
2026-09-24 06:17:31,281799-OR,"Теннисная струна Head LYNX Tour Orange 1,30 12 метров",Теннисные струны,Новый товар,0,53,53
2026-09-24 06:17:31,281799-OR,"Теннисная струна Head LYNX Tour Orange 1,30 200 метров",Теннисные струны,Новый товар,0,7,7
2026-09-24 06:17:31,281794-17YW,"Теннисная струна Head LYNX Yellow 1,25 12 метров",Теннисные струны,Новый товар,0,57,57
2026-09-24 06:17:31,281794-16YW,"Теннисная струна Head LYNX Yellow 1,30 12 метров",Теннисные струны,Изменение количества,72,71,-1
2026-09-24 06:17:31,281794-16YW,"Теннисная струна Head LYNX Yellow 1,30 200 метров",Теннисные струны,Новый товар,0,1,1
2026-09-24 06:17:31,281784,"Теннисная струна Head LYNX (желтый) 1,20 12 метров",Теннисные струны,Новый товар,0,2,2
2026-09-24 06:17:31,281784-YW,"Теннисная струна Head LYNX (желтый) 1,30 12 метров",Теннисные струны,Новый товар,0,32,32
2026-09-24 06:17:31,281784,"Теннисная струна Head LYNX (Зеленый) 1,25 12 метров",Теннисные струны,Новый товар,0,4,4
2026-09-24 06:17:31,281784,"Теннисная струна Head LYNX (Зеленый) 1,30 12 метров",Теннисные струны,Новый товар,0,46,46
2026-09-24 06:17:31,281023-16LSI,"Теннисная струна Head Master Silver 1,30 12 метров",Теннисные струны,Изменение количества,0,19,19
2026-09-24 06:17:31,281023-16LSI,"Теннисная струна Head Master Silver 1,30 12 метров",Теннисные струны,Товар появился,0,19,19
2026-09-24 06:17:31,281033,"Теннисная струна Head Master White 1,30 200 метров",Теннисные струны,Новый товар,0,3,3
2026-09-24 06:17:31,281033,"Теннисная струна Head Master Yellow 1,40 200 метров",Теннисные струны,Новый товар,0,3,3
2026-09-24 06:17:31,281304-NT,"Теннисная струна Head Reflex MLT  Natural 1,25 12 метров",Теннисные струны,Новый товар,0,8,8
2026-09-24 06:17:31,281304-NT,"Теннисная струна Head Reflex MLT Natural 1,30 12 метров",Теннисные струны,Новый товар,0,5,5
2026-09-24 06:17:31,281099-NT,"Теннисная струна Head Rip Control - Natural 1,30 12 метров",Теннисные струны,Изменение количества,0,4,4
2026-09-24 06:17:31,281099-NT,"Теннисная струна Head Rip Control - Natural 1,30 12 метров",Теннисные струны,Товар появился,0,4,4
2026-09-24 06:17:31,281128-BK,"Теннисная струна Head Sonic Pro Black 1,25 12 метров",Теннисные струны,Новый товар,0,41,41
2026-09-24 06:17:31,281128-BK,"Теннисная струна Head Sonic Pro Black 1,25 200 метров",Теннисные струны,Новый товар,0,7,7
2026-09-24 06:17:31,281128-16WH,"Теннисная струна Head Sonic Pro White 1,30 200 метров",Теннисные струны,Новый товар,0,4,4
2026-09-24 06:17:31,281311-BK,"Теннисная струна Head Synthetic Gut - Black 1,30 12 метров",Теннисные струны,Изменение количества,0,5,5
2026-09-24 06:17:31,281311-BK,"Теннисная струна Head Synthetic Gut - Black 1,30 12 метров",Теннисные струны,Товар появился,0,5,5
2026-09-24 06:17:31,281404-BK,"Теннисная струна Head Velocity MLT Black - 1,35 12 метров",Теннисные струны,Новый товар,0,14,14
2026-09-24 06:17:31,281404-PK,"Теннисная струна Head Velocity MLT Pink 1,25 12 метров",Теннисные струны,Новый товар,0,22,22
2026-09-24 06:17:31,281404-YW,"Теннисная струна Head Velocity MLT Yellow - 1,25  12 метров",Теннисные струны,Новый товар,0,9,9
2026-09-24 06:17:31,281404-YW,"Теннисная струна Head Velocity MLT Yellow - 1,30  12 метров",Теннисные струны,Новый товар,0,22,22
2026-09-24 06:17:31,281404-YW,"Теннисная струна Head Velocity MLT - Yellow 1,35  12 метров",Теннисные струны,Новый товар,0,17,17
2026-09-24 06:17:31,WRZ997110,"Теннисная струна Luxilon 4G 1,25 12 метров",Теннисные струны,Изменение количества,0,14,14
2026-09-24 06:17:31,WRZ997110,"Теннисная струна Luxilon 4G 1,25 12 метров",Теннисные струны,Товар появился,0,14,14
2026-09-24 06:17:31,WRZ990144,"Теннисная струна Luxilon 4G Rough 1,25 200 метров",Теннисные струны,Новый товар,0,1,1
2026-09-24 06:17:31,WR8310701125,"Теннисная струна Luxilon ECO Spin 1,25 200 метров",Теннисные струны,Новый товар,0,1,1
2026-09-24 06:17:31,WR8314003125,"Теннисная струна Luxilon Element Infrared 1,25 12 метров",Теннисные струны,Изменение количества,0,9,9
2026-09-24 06:17:31,WR8314003125,"Теннисная струна Luxilon Element Infrared 1,25 12 метров",Теннисные струны,Товар появился,0,9,9
2026-09-24 06:17:31,1920049,"Теннисная струна Solinco Barb Wire 1,20 200 метров",Теннисные струны,Новый товар,0,6,6
2026-09-24 06:17:31,1920048,"Теннисная струна Solinco Barb Wire 1,25 12 метров",Теннисные струны,Новый товар,0,44,44
2026-09-24 06:17:31,1920206,"Теннисная струна Solinco Confidential 1,15 12 метров",Теннисные струны,Новый товар,0,8,8
2026-09-24 06:17:31,1920206,"Теннисная струна Solinco Confidential 1,20 12,2 метров",Теннисные струны,Новый товар,0,81,81
2026-09-24 06:17:31,1920206,"Теннисная струна Solinco Confidential 1,25 12,2 метров",Теннисные струны,Новый товар,0,55,55
2026-09-24 06:17:31,1920206,"Теннисная струна Solinco Confidential 1,30 12,2 метров",Теннисные струны,Новый товар,0,96,96
2026-09-24 06:17:31,1920210,"Теннисная струна Solinco Confidential 1,30 200 метров",Теннисные струны,Новый товар,0,10,10
2026-09-24 06:17:31,192065,"Теннисная струна Solinco Confidential Soft Pink 1,20 12 метров",Теннисные струны,Новый товар,0,32,32
2026-09-24 06:17:31,192065,"Теннисная струна Solinco Confidential Soft Pink 1,25 12 метров",Теннисные струны,Новый товар,0,41,41
2026-09-24 06:17:31,1920003,"Теннисная струна Solinco Hyper-G 1,20 12,2 метров",Теннисные струны,Новый товар,0,45,45
2026-09-24 06:17:31,1920100,"Теннисная струна Solinco Hyper-G 1,25 12,2 метров",Теннисные струны,Изменение количества,0,51,51
2026-09-24 06:17:31,1920100,"Теннисная струна Solinco Hyper-G 1,25 12,2 метров",Теннисные струны,Товар появился,0,51,51
2026-09-24 06:17:31,1920003,"Теннисная струна Solinco Hyper-G 1,30 12,2 метров",Теннисные струны,Новый товар,0,108,108
2026-09-24 06:17:31,1920547,"Теннисная струна Solinco Hyper-G Round 1,20 12 метров",Теннисные струны,Новый товар,0,26,26
2026-09-24 06:17:31,1920547,"Теннисная струна Solinco Hyper-G Round 1,25 12 метров",Теннисные струны,Новый товар,0,92,92
2026-09-24 06:17:31,1920547,"Теннисная струна Solinco Hyper-G Round 1,25 200 метров",Теннисные струны,Новый товар,0,21,21
2026-09-24 06:17:31,1920547,"Теннисная струна Solinco Hyper-G Round 1,30 12 метров",Теннисные струны,Новый товар,0,95,95
2026-09-24 06:17:31,1920547,"Теннисная струна Solinco Hyper-G Round 1,30 200 метров",Теннисные струны,Новый товар,0,16,16
2026-09-24 06:17:31,1920100,"Теннисная струна Solinco Hyper-G Soft 1,25 12,2 метров",Теннисные струны,Новый товар,0,56,56
2026-09-24 06:17:31,1920100,"Теннисная струна Solinco Hyper-G Soft 1,30 12,2 метров",Теннисные струны,Новый товар,0,130,130
2026-09-24 06:17:31,1920600,"Теннисная струна Solinco Mach-10 1,20 12,2 метров",Теннисные струны,Новый товар,0,64,64
2026-09-24 06:17:31,1920067,"Теннисная струна Solinco Mach-10 1,25 12,2 метров",Теннисные струны,Новый товар,0,71,71
2026-09-24 06:17:31,1920067,"Теннисная струна Solinco Mach-10 1,25 200 метров",Теннисные струны,Новый товар,0,2,2
2026-09-24 06:17:31,1920600,"Теннисная струна Solinco Mach-10 1,30 12,2 метров",Теннисные струны,Изменение количества,75,74,-1
2026-09-24 06:17:31,1920067,"Теннисная струна Solinco Mach-10 1,30 200 метров",Теннисные струны,Новый товар,0,10,10
2026-09-24 06:17:31,19200100,"Теннисная струна Solinco Outlast 1,20 200 метров",Теннисные струны,Новый товар,0,2,2
2026-09-24 06:17:31,1920006,"Теннисная струна Solinco Revolution Blue 1,25 12 метров",Теннисные струны,Изменение количества,90,89,-1
2026-09-24 06:17:31,1920003,"Теннисная струна Solinco Tour Bite 1,30 12 метров",Теннисные струны,Новый товар,0,72,72
2026-09-24 06:17:31,1920003,"Теннисная струна Solinco Tour Bite 1,35 12 метров",Теннисные струны,Новый товар,0,21,21
2026-09-24 06:17:31,1920029,"Теннисная струна Solinco Tour Bite 1,35 200 метров",Теннисные струны,Новый товар,0,3,3
2026-09-24 06:17:31,1920078,"Теннисная струна Solinco Tour Bite Diamond Rough 1,30 200 метров",Теннисные струны,Новый товар,0,14,14
2026-09-24 06:17:31,1920067,"Теннисная струна Solinco Tour Bite Soft 1,20 200 метров",Теннисные струны,Новый товар,0,1,1
2026-09-24 06:17:31,1920067,"Теннисная струна Solinco Tour Bite Soft 1,25 12,2 метров",Теннисные струны,Новый товар,0,68,68
2026-09-24 06:17:31,1920067,"Теннисная струна Solinco Tour Bite Soft 1,25 200 метров",Теннисные струны,Новый товар,0,1,1
2026-09-24 06:17:31,1920057,"Теннисная струна Solinco Tour Bite Soft 1,30 12,2 метров",Теннисные струны,Новый товар,0,105,105
2026-09-24 06:17:31,1920067,"Теннисная струна Solinco Tour Bite Soft 1,30 200 метров",Теннисные струны,Изменение количества,0,10,10
2026-09-24 06:17:31,1920067,"Теннисная струна Solinco Tour Bite Soft 1,30 200 метров",Теннисные струны,Товар появился,0,10,10
2026-09-24 06:17:31,1920043,"Теннисная струна Solinco Vanqush 1,30 12 метров",Теннисные струны,Новый товар,0,27,27
2026-09-24 06:17:31,1920230,"Теннисная струна Solinco X-Natural 1,20 12 метров",Теннисные струны,Новый товар,0,7,7
2026-09-24 06:17:31,1920230,"Теннисная струна Solinco X-Natural 1,30 12 метров",Теннисные струны,Новый товар,0,80,80
2026-09-24 06:17:31,01GHD130XN,"Теннисная струна Tecnifibre HDMX 1,30 12 метров",Теннисные струны,Новый товар,0,8,8
2026-09-24 06:17:31,04RIC130XW,"Теннисная струна Tecnifibre Ice Code 1,30 200 метров",Теннисные струны,Новый товар,0,1,1
2026-09-24 06:17:31,04RRA130XC,"Теннисная струна Tecnifibre Razor Code Carbon 1,30 200 метров",Теннисные струны,Новый товар,0,2,2
2026-09-24 06:17:31,04GRAS125L,"Теннисная струна Tecnifibre Razor Soft Lime 1,30 12 метров",Теннисные струны,Новый товар,0,11,11
2026-09-24 06:17:31,04RRAS125W,"Теннисная струна Tecnifibre Razor Soft White 1,25 12 метров",Теннисные струны,Новый товар,0,54,54
2026-09-24 06:17:31,04RRAS125W,"Теннисная струна Tecnifibre Razor Soft White 1,30 12 метров",Теннисные струны,Изменение количества,0,6,6
2026-09-24 06:17:31,04RRAS125W,"Теннисная струна Tecnifibre Razor Soft White 1,30 12 метров",Теннисные струны,Товар появился,0,6,6
2026-09-24 06:17:31,WRZ904700,"Теннисная струна Wilson Poly Pro Silver 1,25 200 метров",Теннисные струны,Новый товар,0,6,6
2026-09-24 06:17:31,WRZ904600,"Теннисная струна Wilson Poly Pro Silver 1,30 200 метров",Теннисные струны,Новый товар,0,3,3
2026-09-24 06:17:31,WRZ906800,"Теннисная струна Wilson Revolve Black 1,30 12 метров",Теннисные струны,Новый товар,0,38,38
2026-09-24 06:17:31,WRZ906700,"Теннисная струна Wilson Revolve Black 1,35 12 метров",Теннисные струны,Новый товар,0,6,6
2026-09-24 06:17:31,WRZ908100,"Теннисная струна Wilson Revolve Spin Black 1,25 12 метров",Теннисные струны,Новый товар,0,47,47
2026-09-24 06:17:31,WRZ907600,"Теннисная струна Wilson Revolve Spin Black 1,30 12 метров",Теннисные струны,Изменение количества,0,11,11
2026-09-24 06:17:31,WRZ907600,"Теннисная струна Wilson Revolve Spin Black 1,30 12 метров",Теннисные струны,Товар появился,0,11,11
2026-09-24 06:17:31,WRZ907600,"Теннисная струна Wilson Revolve Spin Black 1,30 200 метров",Теннисные струны,Новый товар,0,6,6
2026-09-24 06:17:31,WRZ906600,"Теннисная струна Wilson Revolve White 1,25 12 метров",Теннисные струны,Новый товар,0,31,31
2026-09-24 06:17:31,WRZ906500,"Теннисная струна Wilson Revolve White 1,30 12 метров",Теннисные струны,Изменение количества,0,50,50
2026-09-24 06:17:31,WRZ906500,"Теннисная струна Wilson Revolve White 1,30 12 метров",Теннисные струны,Товар появился,0,50,50
2026-09-24 06:17:31,WRZ906500,"Теннисная струна Wilson Revolve White 1,30 200 метров",Теннисные струны,Новый товар,0,3,3
2026-09-24 06:17:31,WRZ906400,"Теннисная струна Wilson Revolve White 1,35 200 метров",Теннисные струны,Изменение количества,0,4,4
2026-09-24 06:17:31,WRZ906400,"Теннисная струна Wilson Revolve White 1,35 200 метров",Теннисные струны,Товар появился,0,4,4
2026-09-24 06:17:31,AR76-A2270,Теннисная ракетка 7/6 A2 270,Ракетки для тенниса,Изменение количества,34,32,-2
2026-09-24 06:17:31,AR76-A2300,Теннисная ракетка 7/6 A2 300,Ракетки для тенниса,Изменение количества,37,36,-1
2026-09-24 06:17:31,KR76-F19,Теннисная ракетка 7/6 Fox 19,Ракетки для тенниса,Изменение количества,11,9,-2
2026-09-24 06:17:31,101524,Теннисная ракетка Babolat Pure Strike 16/19 2024,Ракетки для тенниса,Новый товар,0,1,1
2026-09-24 06:17:31,233356,Теннисная ракетка Head Extreme Elite 2026,Ракетки для тенниса,Изменение количества,2,1,-1
2026-09-24 06:17:31,231226,Теннисная ракетка Head IG Speed Xceed,Ракетки для тенниса,Изменение количества,6,5,-1
2026-09-24 06:17:31,235014,Теннисная ракетка Head Novak 23 2024,Ракетки для тенниса,Изменение количества,2,1,-1
2026-09-24 06:17:31,WR215411,Теннисная ракетка Wilson Defyer 100 V1,Ракетки для тенниса,Изменение количества,5,6,1
2026-09-24 06:17:31,571071,Теннисные мячи Head 3B Pro Blue,Мячи для тенниса,Изменение количества,0,11,11
2026-09-24 06:17:31,571071,Теннисные мячи Head 3B Pro Blue,Мячи для тенниса,Товар появился,0,11,11
2026-09-24 06:17:31,575703,Теннисные мячи Head 3B Team,Мячи для тенниса,Изменение количества,0,59,59
2026-09-24 06:17:31,575703,Теннисные мячи Head 3B Team,Мячи для тенниса,Товар появился,0,59,59
2026-09-24 06:17:31,578123,Теннисные мячи Head T.I.P. Orange 3 ball,Мячи для тенниса,Изменение количества,0,17,17
2026-09-24 06:17:31,578123,Теннисные мячи Head T.I.P. Orange 3 ball,Мячи для тенниса,Товар появился,0,17,17
2026-09-24 06:17:31,TB-005,Теннисные мячи 7/6 3B Green,Мячи для тенниса,Новый товар,0,102,102
2026-09-24 06:17:31,TB-004,Теннисные мячи 7/6 3B Orange,Мячи для тенниса,Новый товар,0,217,217
2026-09-24 06:17:31,TB-001,Теннисные мячи 7/6 3B Pro,Мячи для тенниса,Изменение количества,0,2571,2571
2026-09-24 06:17:31,TB-001,Теннисные мячи 7/6 3B Pro,Мячи для тенниса,Товар появился,0,2571,2571
2026-09-24 06:17:31,TB-003,Теннисные мячи 7/6 3B Red,Мячи для тенниса,Изменение количества,0,1,1
2026-09-24 06:17:31,TB-003,Теннисные мячи 7/6 3B Red,Мячи для тенниса,Товар появился,0,1,1
2026-09-24 06:17:31,TB76-007,Теннисные мячи 7/6 Championship 3 X 24,Мячи для тенниса,Новый товар,0,5,5
2026-09-24 06:17:31,TB76-007,Теннисные мячи 7/6 Championship 3B,Мячи для тенниса,Изменение количества,0,256,256
2026-09-24 06:17:31,TB76-007,Теннисные мячи 7/6 Championship 3B,Мячи для тенниса,Товар появился,0,256,256
2026-09-24 06:17:31,TB-005,Теннисные мячи 7/6 Green 3 X 24,Мячи для тенниса,Изменение количества,0,18,18
2026-09-24 06:17:31,TB-005,Теннисные мячи 7/6 Green 3 X 24,Мячи для тенниса,Товар появился,0,18,18
2026-09-24 06:17:31,TB-004,Теннисные мячи 7/6 Orange 3 X 24,Мячи для тенниса,Изменение количества,0,18,18
2026-09-24 06:17:31,TB-004,Теннисные мячи 7/6 Orange 3 X 24,Мячи для тенниса,Товар появился,0,18,18
2026-09-24 06:17:31,TB76-006,Теннисные мячи 7/6 Pro 3 X 24,Мячи для тенниса,Изменение количества,0,14,14
2026-09-24 06:17:31,TB76-006,Теннисные мячи 7/6 Pro 3 X 24,Мячи для тенниса,Товар появился,0,14,14
2026-09-24 06:17:31,601613,Теннисные мячи Dunlop Fort Clay Court 4B,Мячи для тенниса,Изменение количества,0,39,39
2026-09-24 06:17:31,601613,Теннисные мячи Dunlop Fort Clay Court 4B,Мячи для тенниса,Товар появился,0,39,39
2026-09-24 06:17:31,603758,Теннисные мячи Dunlop Indoor Foam 12 Balls,Мячи для тенниса,Изменение количества,0,3,3
2026-09-24 06:17:31,603758,Теннисные мячи Dunlop Indoor Foam 12 Balls,Мячи для тенниса,Товар появился,0,3,3
2026-09-24 06:17:31,575203,Теннисные мячи Head 3B Championship 2022,Мячи для тенниса,Изменение количества,0,84,84
2026-09-24 06:17:31,575203,Теннисные мячи Head 3B Championship 2022,Мячи для тенниса,Товар появился,0,84,84
2026-09-24 06:17:31,575203,Теннисные мячи Head 3B Championship 3 x 24,Мячи для тенниса,Новый товар,0,32,32
2026-09-24 06:17:31,575703,Теннисные мячи Head 3B Team 3 х 24,Мячи для тенниса,Новый товар,0,64,64
2026-09-24 06:17:31,570703,Теннисные мячи Head 3B Tour 3 x 24,Мячи для тенниса,Изменение количества,0,54,54
2026-09-24 06:17:31,570703,Теннисные мячи Head 3B Tour 3 x 24,Мячи для тенниса,Товар появился,0,54,54
2026-09-24 06:17:31,570703,Теннисные мячи Head 3B Tour,Мячи для тенниса,Новый товар,0,89,89
2026-09-24 06:17:31,570823,Теннисные мячи Head 3B Tour XT,Мячи для тенниса,Изменение количества,0,128,128
2026-09-24 06:17:31,570823,Теннисные мячи Head 3B Tour XT,Мячи для тенниса,Товар появился,0,128,128
2026-09-24 06:17:31,570823,Теннисные мячи Head 3B Tour XT - 3 X 24,Мячи для тенниса,Новый товар,0,102,102
2026-09-24 06:17:31,578413,Теннисные мячи Head Green 3 ball,Мячи для тенниса,Новый товар,0,98,98
2026-09-24 06:17:31,578413,Теннисные мячи Head Green 3 x 24,Мячи для тенниса,Изменение количества,0,2,2
2026-09-24 06:17:31,578413,Теннисные мячи Head Green 3 x 24,Мячи для тенниса,Товар появился,0,2,2
2026-09-24 06:17:31,578433,Теннисные мячи Head Red 3 ball,Мячи для тенниса,Изменение количества,141,140,-1
2026-09-24 06:17:31,578423,Теннисные мячи Head Stage 2 Orange 3 ball,Мячи для тенниса,Новый товар,0,24,24
2026-09-24 06:17:31,578423,Теннисные мячи Head Stage 2 Orange 3 Х 24,Мячи для тенниса,Изменение количества,0,6,6
2026-09-24 06:17:31,578423,Теннисные мячи Head Stage 2 Orange 3 Х 24,Мячи для тенниса,Товар появился,0,6,6
2026-09-24 06:17:31,578123,Теннисные мячи Head T.I.P. Orange 3 Х 24,Мячи для тенниса,Новый товар,0,25,25
2026-09-24 06:17:31,340982,Теннисные мячи Slazenger Wimbledon 2026 4B,Мячи для тенниса,Изменение количества,0,159,159
2026-09-24 06:17:31,340982,Теннисные мячи Slazenger Wimbledon 2026 4B,Мячи для тенниса,Товар появился,0,159,159
2026-09-24 06:17:31,WR8218401001,Теннисные мячи Wilson 3B Championship Legacy White,Мячи для тенниса,Изменение количества,0,152,152
2026-09-24 06:17:31,WR8218401001,Теннисные мячи Wilson 3B Championship Legacy White,Мячи для тенниса,Товар появился,0,152,152
2026-09-24 06:17:31,WR8218402001,Теннисные мячи Wilson 3B Championship Legacy Yellow,Мячи для тенниса,Изменение количества,0,71,71
2026-09-24 06:17:31,WR8218402001,Теннисные мячи Wilson 3B Championship Legacy Yellow,Мячи для тенниса,Товар появился,0,71,71
2026-09-24 06:17:31,WRT115000,Теннисные мячи Wilson 4B Roland Garros Clay,Мячи для тенниса,Изменение количества,0,17,17
2026-09-24 06:17:31,WRT115000,Теннисные мячи Wilson 4B Roland Garros Clay,Мячи для тенниса,Товар появился,0,17,17
2026-09-24 06:17:31,J618-7/6YW,Брелок мячик 7/6 - Yellow,Аксессуары,Изменение количества,244,241,-3
2026-09-24 06:17:31,3176697,Бутылка для воды Tennis Ball - Green,Аксессуары,Изменение количества,3,2,-1
2026-09-24 06:17:31,285014,Грип Head Hydrosorb Black/Red,Аксессуары,Новый товар,0,20,20
2026-09-24 06:17:31,285313,Грип Head Hydrosorb Comfort White,Аксессуары,Новый товар,0,19,19
2026-09-24 06:17:31,285014,Грип Head Hydrosorb Grey/Black,Аксессуары,Новый товар,0,7,7
2026-09-24 06:17:31,285303,Грип Head Hydrosorb Pro Black,Аксессуары,Новый товар,0,8,8
2026-09-24 06:17:31,285303,Грип Head Hydrosorb Pro Cyan Sea,Аксессуары,Новый товар,0,8,8
2026-09-24 06:17:31,285303,Грип Head Hydrosorb Pro Green,Аксессуары,Новый товар,0,5,5
2026-09-24 06:17:31,285303,Грип Head Hydrosorb Pro White,Аксессуары,Новый товар,0,8,8
2026-09-24 06:17:31,285303,Грип Head Hydrosorb Pro Yellow,Аксессуары,Новый товар,0,10,10
2026-09-24 06:17:31,285014,Грип Head Hydrosorb White/Black,Аксессуары,Новый товар,0,16,16
2026-09-24 06:17:31,4C32-522,Носки 7/6 Ankle Socks White,Аксессуары,Новый товар,0,5,5
2026-09-24 06:17:31,282009-WH,Овергрип Head Prestige Pro white,Аксессуары,Изменение количества,131,130,-1
2026-09-24 06:17:31,285104-RD,Овергрип Head Xtremsoft red,Аксессуары,Изменение количества,127,126,-1
2026-09-24 06:17:31,285104-YW,Овергрип Head Xtremsoft yellow,Аксессуары,Изменение количества,96,95,-1
2026-09-24 06:17:31,РО76-1,Овергрип 7/6 Pro 1 PK  - White,Аксессуары,Изменение количества,166,163,-3
2026-09-24 06:17:31,STО76-1AS,Овергрип 7/6 Super Tacky 1 PK - Assorted,Аксессуары,Изменение количества,105,104,-1
2026-09-24 06:17:31,STО76-1WH,Овергрип 7/6 Super Tacky 1 PK - White,Аксессуары,Изменение количества,389,386,-3
2026-09-24 06:17:31,STO76-3FY,Овергрип 7/6 Super Tacky - Fluorescent Yellow  3 pk,Аксессуары,Изменение количества,52,51,-1
2026-09-24 06:17:31,656011-134,Овергрип Babolat My Overgrip Refill 1 шт,Аксессуары,Изменение количества,270,262,-8
2026-09-24 06:17:31,653040,Овергрип Babolat VS Grip Original 3PK - Black/Blue,Аксессуары,Новый товар,0,15,15
2026-09-24 06:17:31,653040-232,Овергрип Babolat VS Grip Original 3PK - Black/Fluo Yellow,Аксессуары,Изменение количества,11,10,-1
2026-09-24 06:17:31,653040,Овергрип Babolat VS Grip Original 3PK - White,Аксессуары,Новый товар,0,4,4
2026-09-24 06:17:31,GB-1200,Овергрип для падел ракеток BullPadel Comfort - Neon Orange,Аксессуары,Новый товар,0,4,4
2026-09-24 06:17:31,285661,Овергрип Head Prime Tour 1 шт - Black,Аксессуары,Новый товар,0,161,161
2026-09-24 06:17:31,285661,Овергрип Head Prime Tour 1 шт - Blue,Аксессуары,Новый товар,0,146,146
2026-09-24 06:17:31,285661,Овергрип Head Prime Tour 1 шт - Grey,Аксессуары,Новый товар,0,39,39
2026-09-24 06:17:31,285661,Овергрип Head Prime Tour 1 шт - Mint,Аксессуары,Изменение количества,182,181,-1
2026-09-24 06:17:31,285661,Овергрип Head Prime Tour 1 шт - Orange,Аксессуары,Новый товар,0,320,320
2026-09-24 06:17:31,285661,Овергрип Head Prime Tour 1 шт - Pink,Аксессуары,Новый товар,0,78,78
2026-09-24 06:17:31,285661,Овергрип Head Prime Tour 1 шт - Salmon,Аксессуары,Новый товар,0,43,43
2026-09-24 06:17:31,285661,Овергрип Head Prime Tour 1 шт - White,Аксессуары,Новый товар,0,73,73
2026-09-24 06:17:31,285661,Овергрип Head Prime Tour 1 шт - Yellow,Аксессуары,Новый товар,0,451,451
2026-09-24 06:17:31,285631,Овергрип Head Prime Tour 12 pack - Blue,Аксессуары,Новый товар,0,28,28
2026-09-24 06:17:31,285631,Овергрип Head Prime Tour 12 pack - Cyan Sea,Аксессуары,Новый товар,0,7,7
2026-09-24 06:17:31,285631,Овергрип Head Prime Tour 12 pack - Grey,Аксессуары,Новый товар,0,13,13
2026-09-24 06:17:31,285631,Овергрип Head Prime Tour 12 pack - Mint,Аксессуары,Новый товар,0,17,17
2026-09-24 06:17:31,285631,Овергрип Head Prime Tour 12 pack - Orange,Аксессуары,Новый товар,0,7,7
2026-09-24 06:17:31,285631,Овергрип Head Prime Tour 12 pack - Salmon,Аксессуары,Новый товар,0,18,18
2026-09-24 06:17:31,285631,Овергрип Head Prime Tour 12 pack - Yellow,Аксессуары,Новый товар,0,11,11
2026-09-24 06:17:31,285661,Овергрип Head Prime Tour 60 pack - Mint,Аксессуары,Новый товар,0,1,1
2026-09-24 06:17:31,285661,Овергрип Head Prime Tour 60 pack - Yellow,Аксессуары,Новый товар,0,1,1
2026-09-24 06:17:31,285621,Овергрип Head Prime Tour - Black,Аксессуары,Новый товар,0,49,49
2026-09-24 06:17:31,285621,Овергрип Head Prime Tour - Blue,Аксессуары,Новый товар,0,111,111
2026-09-24 06:17:31,285621,Овергрип Head Prime Tour - Grey,Аксессуары,Новый товар,0,92,92
2026-09-24 06:17:31,285621,Овергрип Head Prime Tour - Pink,Аксессуары,Новый товар,0,97,97
2026-09-24 06:17:31,285621,Овергрип Head Prime Tour - Salmon,Аксессуары,Новый товар,0,122,122
2026-09-24 06:17:31,285621,Овергрип Head Prime Tour - White,Аксессуары,Новый товар,0,31,31
2026-09-24 06:17:31,285621,Овергрип Head Prime Tour - Yellow,Аксессуары,Новый товар,0,206,206
2026-09-24 06:17:31,285712,Овергрип Head Xtremsoft assorty,Аксессуары,Изменение количества,59,52,-7
2026-09-24 06:17:31,285104-BK,Овергрип Head Xtremsoft black,Аксессуары,Изменение количества,71,68,-3
2026-09-24 06:17:31,285124-BK,Овергрип Head XtremTrack Black,Аксессуары,Изменение количества,42,41,-1
2026-09-24 06:17:31,001-BK,Овергрип Solinco Wonder Black 1pk,Аксессуары,Изменение количества,63,62,-1
2026-09-24 06:17:31,52ATPCON12,Овергрип Tecnifibre Contact Pro 12 Pk - White,Аксессуары,Новый товар,0,2,2
2026-09-24 06:17:31,WRZ4016WH,Овергрип Wilson Pro Overgrip 12PK - White,Аксессуары,Новый товар,0,1,1
2026-09-24 06:17:31,76WB-1215,Пара напульсников 7/6 Wristband  - Shaved Chocolate,Аксессуары,Изменение количества,66,65,-1
2026-09-24 06:17:31,76WB-1632,Пара напульсников 7/6 Wristband  - Shell Pink,Аксессуары,Изменение количества,65,64,-1
2026-09-24 06:17:31,TC76-BK,Теннисные носки 7/6 Tour Crew - Black,Аксессуары,Изменение количества,206,204,-2
2026-09-24 06:17:31,TC76-WH,Теннисные носки 7/6 Tour Crew - White,Аксессуары,Изменение количества,297,296,-1
2026-09-24 06:17:31,TQ76-BK,Теннисные носки 7/6 Tour Quater - Black,Аксессуары,Изменение количества,141,140,-1
2026-09-24 06:17:31,TQ76-WH,Теннисные носки 7/6 Tour Quater - White,Аксессуары,Изменение количества,220,216,-4
2026-09-24 06:17:31,TS76-WH,Теннисные носки 7/6 Tour Sneaker - White,Аксессуары,Изменение количества,210,204,-6
2026-09-24 06:17:31,WR8404801001,Виброгаситель Wilson Bowl O' Fun,Аксессуары,Изменение количества,894,893,-1
2026-09-24 06:17:31,VD76-AS,Виброгаситель 7/6 Dampener Assorted 1pk,Аксессуары,Изменение количества,76,73,-3
2026-09-24 06:17:31,76VC-BK,Виброгаситель 7/6 Dampener - Court Black,Аксессуары,Изменение количества,146,145,-1
2026-09-24 06:17:31,700032,Виброгаситель Babolat Flag Damp x2 - Black/Yellow,Аксессуары,Новый товар,0,1,1
2026-09-24 06:17:31,285525,Виброгаситель Head Pro Damp Jar,Аксессуары,Изменение количества,39,37,-2
2026-09-24 06:17:31,TL-Donut,Виброгаситель Tennis Life - Donut,Аксессуары,Новый товар,0,8,8
2026-09-24 06:17:31,TL-Deadpool,Виброгаситель Tennis Life Superheroes - Deadpool,Аксессуары,Изменение количества,18,17,-1
2026-09-24 06:17:31,WR8405001001,Виброгаситель Wilson Animal Dampener,Аксессуары,Изменение количества,163,162,-1
2026-09-24 06:17:31,B-180,Корзина для мячей 7/6 Tennis Ball Carts 160 мячей,Оборудование,Изменение количества,56,55,-1
2026-09-24 06:17:31,TM7003,Корзина для мячей Head на 72 мяча,Оборудование,Изменение количества,11,10,-1
2026-09-24 06:17:31,226726,Ракетка для падела Head Coello JR 2026,Падел - Ракетки,Изменение количества,6,5,-1
2026-09-24 06:17:31,225056,Ракетка для падела Head Coello Team 2026,Падел - Ракетки,Изменение количества,2,1,-1
2026-09-24 06:17:31,WR203711U2,Ракетка для падела Wilson Blade LS V4 GR,Падел - Ракетки,Изменение количества,6,5,-1
2026-09-24 06:17:31,WR190411,Ракетка для падела Wilson Endure V1,Падел - Ракетки,Изменение количества,3,2,-1
2026-09-24 06:17:31,BPM26004,Рюкзак для падел Bullpadel Advance - Beige,Падел - Сумки и чехлы,Новый товар,0,1,1
2026-09-24 06:17:31,BPM26004,Рюкзак для падел Bullpadel Advance - Black\Green,Падел - Сумки и чехлы,Новый товар,0,1,1
2026-09-24 06:17:31,BPM26004,Рюкзак для падел Bullpadel Advance - White,Падел - Сумки и чехлы,Новый товар,0,1,1
2026-09-24 06:17:31,SPO76-3FY,Овергрип 7/6 Padel Super Tacky - Fluorescent Yellow 3 pk,Падел - Аксессуары,Изменение количества,11,10,-1
2026-09-24 06:17:31,SPO76-3LB,Овергрип 7/6 Padel Super Tacky - Light Blue 3 pk,Падел - Аксессуары,Изменение количества,28,27,-1
2026-09-24 06:17:31,WR8906601001,Овергрип Wilson Padel Pro Overgrip - 1PK,Падел - Аксессуары,Изменение количества,239,234,-5
2026-09-24 06:17:31,WR8416301001,Овергрип Wilson Padel Pro Overgrip 3pk - White,Падел - Аксессуары,Изменение количества,15,14,-1
2026-09-24 06:17:31,471962,Мячи для падел Bullpadel FIP Next Pro 3B,Падел - Мячи,Изменение количества,0,95,95
2026-09-24 06:17:31,471962,Мячи для падел Bullpadel FIP Next Pro 3B,Падел - Мячи,Товар появился,0,95,95
2026-09-24 06:17:31,471959,Мячи для падел BullPadel Premium Pro 3B,Падел - Мячи,Изменение количества,0,119,119
2026-09-24 06:17:31,471959,Мячи для падел BullPadel Premium Pro 3B,Падел - Мячи,Товар появился,0,119,119
2026-09-24 06:17:31,575383,Мячи для падел Head Padel One S 3B,Падел - Мячи,Изменение количества,0,210,210
2026-09-24 06:17:31,575383,Мячи для падел Head Padel One S 3B,Падел - Мячи,Товар появился,0,210,210
2026-09-24 06:17:31,540203,Мячи для падел Head Padel Pro+ 3B,Падел - Мячи,Изменение количества,0,34,34
2026-09-24 06:17:31,540203,Мячи для падел Head Padel Pro+ 3B,Падел - Мячи,Товар появился,0,34,34
2026-09-24 06:17:31,540303,Мячи для падел Head Padel Pro S+ 3B,Падел - Мячи,Изменение количества,0,84,84
2026-09-24 06:17:31,540303,Мячи для падел Head Padel Pro S+ 3B,Падел - Мячи,Товар появился,0,84,84
2026-09-24 06:17:31,540303,Мячи для падел Head Padel Pro S+ 3x24,Падел - Мячи,Новый товар,0,11,11
2026-09-24 06:17:31,WR8908401001,Мячи для падел Wilson Premier Padel 3B,Падел - Мячи,Изменение количества,0,29,29
2026-09-24 06:17:31,WR8908401001,Мячи для падел Wilson Premier Padel 3B,Падел - Мячи,Товар появился,0,29,29
2026-09-24 06:17:31,PB76-004,Мячи для падл 7/6 Padel Pro 2.0 3 X 24,Падел - Мячи,Изменение количества,0,18,18
2026-09-24 06:17:31,PB76-004,Мячи для падл 7/6 Padel Pro 2.0 3 X 24,Падел - Мячи,Товар появился,0,18,18
2026-09-24 06:17:31,PB76-004,Мячи для падл 7/6 Padel Pro 2.0 3B,Падел - Мячи,Новый товар,0,99,99
2026-09-24 06:17:31,PB76-003,Мячи для падл 7/6 Padel Tour 3 X 24,Падел - Мячи,Изменение количества,0,10,10
2026-09-24 06:17:31,PB76-003,Мячи для падл 7/6 Padel Tour 3 X 24,Падел - Мячи,Товар появился,0,10,10
2026-09-24 06:17:31,PB76-003,Мячи для падл 7/6 Padel Tour 3B,Падел - Мячи,Новый товар,0,51,51
2026-09-24 06:17:31,WR8030201001,Сумка Wilson Shift Super Tour Duffle Artic Ice,Сумки и чехлы,Товар удалён с сайта,1,0,-1
2026-09-24 06:17:31,PL76-0404,Поло мужское 7/6 Anlk Polo - Kambaba,Одежда,Товар удалён с сайта,1,0,-1
2026-09-24 06:17:31,IH5059-410,Футболка женская Nike Heritage - Midnight Navy/Sail,Одежда,Товар удалён с сайта,1,0,-1
2026-09-24 06:17:31,TS76-0201,Кроссовки мужские 7/6 Marble 2.0 - Dark Grey,Обувь,Товар удалён с сайта,83,0,-83
2026-09-24 06:17:31,281404-YW,"Теннисная струна Head Velocity MLT - Yellow 1,35 12 метров",Теннисные струны,Товар удалён с сайта,0,0,0
2026-09-24 06:17:31,281304-NT,"Теннисная струна Head Reflex MLT Natural 1,25 12 метров",Теннисные струны,Товар удалён с сайта,8,0,-8
2026-09-24 06:17:31,01GXO124XB,"Теннисная струна Tecnifibre X-ONE Biphase Black 1,24 12 метров",Теннисные струны,Товар удалён с сайта,0,0,0
2026-09-24 06:17:31,WRT116200,Теннисные мячи Wilson 4B US Open,Мячи для тенниса,Товар удалён с сайта,0,0,0
2026-09-24 06:17:31,285907,Колпачек на ручку ракетки Head №4,Аксессуары,Товар удалён с сайта,1,0,-1
2026-09-24 06:17:31,AR2CA2,Ракетка для падела Adidas Metalbone Carbon CTRL 3.5,Падел - Ракетки,Товар удалён с сайта,1,0,-1
2026-09-24 09:10:51,ND276-1304,Платье женское 7/6 Nika Dress 2.0 - Pearl,Одежда,Изменение количества,29,28,-1
2026-09-24 09:10:51,ND76-1265,Платье женское 7/6 Nika Dress - Bright Pink,Одежда,Изменение количества,27,26,-1
2026-09-24 09:10:51,W214102221,Платье женское Bidi Badu Jala Tech - Red/Blue,Одежда,Изменение количества,2,1,-1
2026-09-24 09:10:51,W214102222,Платье женское Bidi Badu Tuelo Tech - Dark Grey/Pink,Одежда,Новый товар,0,1,1
2026-09-24 21:16:35,ORS-7601,Чехол для ракетки 7/6 One Racket - Black,Сумки и чехлы,Изменение количества,30,26,-4
2026-09-24 21:16:35,260774-MONSTER,Рюкзак Head Tour Backpack 14L - Monster,Сумки и чехлы,Изменение количества,20,19,-1
2026-09-24 21:16:35,DB76-WH,Сумка 7/6 Tennis Duffle Bag - White,Сумки и чехлы,Изменение количества,5,4,-1
2026-09-24 21:16:35,GT76-010,Футболка для девочек 7/6 Eva T-shirt - Black,Одежда,Изменение количества,21,20,-1
2026-09-24 21:16:35,GT76-4718,Футболка для девочек 7/6 Mia T-shirt - Hydro,Одежда,Изменение количества,42,40,-2
2026-09-24 21:16:35,MTS76-0205,Футболка для мальчиков 7/6 Max T-shirt 2.0 - Cream,Одежда,Изменение количества,23,20,-3
2026-09-24 21:16:35,MTS76-4718,Футболка для мальчиков 7/6 Max T-shirt 2.0 - Hydro,Одежда,Изменение количества,32,31,-1
2026-09-24 21:16:35,IB1016-664,Футболка мужская Nike Court Advantage Slam - Pearl Pink/Silt Red/Black,Одежда,Изменение количества,8,7,-1
2026-09-24 21:16:35,KSK76-4718,Юбка детская 7/6 Kristy Skirt - Hydro,Одежда,Изменение количества,35,33,-2
2026-09-24 21:16:35,NS76-1215,Юбка женская 7/6 Nata Skirt - Shaved Chocolate,Одежда,Изменение количества,32,31,-1
2026-09-24 21:16:35,W2390012-DBBL,Юбка женская Bidi Badu Spike Printed - Dark Blue/Blue,Одежда,Изменение количества,4,6,2
2026-09-24 21:16:35,W1390010-DBLMX,Юбка женская Bidi Badu Twiggy Printed  - Blue/Mixed,Одежда,Изменение количества,3,2,-1
2026-09-24 21:16:35,FB5598-010,Кепка Nike Dri-FIT ADV Club Cap - Black,Одежда,Изменение количества,8,7,-1
2026-09-24 21:16:35,W2580028,Майка женская Bidi Badu Spike - Navy/Pink,Одежда,Изменение количества,5,6,1
2026-09-24 21:16:35,W1580027-DBLMX,Майка женская Bidi Badu Twiggy - Blue/Mixed,Одежда,Изменение количества,7,6,-1
2026-09-24 21:16:35,NT76-1265,Майка женская Nata Sleeveless T-shirt - Bright Pink,Одежда,Изменение количества,13,12,-1
2026-09-24 21:16:35,NT76-2520,Майка женская Nata Sleeveless T-shirt - Potent Purple,Одежда,Изменение количества,14,13,-1
2026-09-24 21:16:35,AD76-100,Платье женское 7/6 Arina Dress - White,Одежда,Изменение количества,7,6,-1
2026-09-24 21:16:35,MD276-1265,Платье женское 7/6 Mari Dress 2.0 - Bright Pink,Одежда,Изменение количества,23,22,-1
2026-09-24 21:16:35,MD276-1215,Платье женское 7/6 Mari Dress 2.0 - Shaved Chocolate,Одежда,Изменение количества,30,29,-1
2026-09-24 21:16:35,IB1028-060,Поло мужское Nike Court Slam Tennis Polo - Anthracite/Cool Grey/White,Одежда,Изменение количества,5,4,-1
2026-09-24 21:16:35,IB1028-486,Поло мужское Nike Court Slam Tennis Polo - Work Blue/Hydrogen Blue/Black,Одежда,Изменение количества,6,4,-2
2026-09-24 21:16:35,BSH76-1360,Шорты детские 7/6 Tema Shorts - Dark Orange,Одежда,Изменение количества,20,19,-1
2026-09-24 21:16:35,BSH76-100,Шорты детские 7/6 Tema Shorts - White,Одежда,Изменение количества,11,10,-1
2026-09-24 21:16:35,SH7760-1215,Шорты мужские 7/6 Miran Shorts 7 - Shaved Chocolate,Одежда,Изменение количества,55,54,-1
2026-09-24 21:16:35,IF1560-060,Шорты мужские Nike Court Slam 6in - Anthracite/Cool Grey/White,Одежда,Изменение количества,5,4,-1
2026-09-24 21:16:35,IF1560-486,Шорты мужские Nike Court Slam 6in - Work Blue/Hydrogen Blue/Black,Одежда,Изменение количества,6,5,-1
2026-09-24 21:16:35,FD5384-451,"Шорты мужские Nike Court Victory 9"" Short - Obsidian",Одежда,Изменение количества,10,9,-1
2026-09-24 21:16:35,AS276-1215,Шорты под платье 7/6 Ana Shorts 2.0 - Shaved Chocolate,Одежда,Изменение количества,29,28,-1
2026-09-24 21:16:35,WSA76-100,Шорты женские 7/6 Alex Shorts - White,Одежда,Изменение количества,16,15,-1
2026-09-24 21:16:35,WSL76-4718,Шорты женские 7/6 Lexie Shorts - Hydro,Одежда,Изменение количества,33,32,-1
2026-09-24 21:16:35,WS76-1110,Шорты женские под платье 7/6 Ana - Boulder,Одежда,Изменение количества,30,29,-1
2026-09-24 21:16:35,AT276-4800,Топ женский под платье 7/6 Ana Top 2.0 - Pink,Одежда,Изменение количества,10,9,-1
2026-09-24 21:16:35,KSB-201,Кроссовки детские 7/6 Bimby – Light Grey,Обувь,Изменение количества,73,72,-1
2026-09-24 21:16:35,KSL-313,Кроссовки детские 7/6 Leafy - Blue,Обувь,Изменение количества,19,18,-1
2026-09-24 21:16:35,275404-ORDR,Кроссовки детские Head Sprint Velcro 3.0 - Orange/Dark Red,Обувь,Изменение количества,2,3,1
2026-09-24 21:16:35,JMATW2613C,Кроссовки детские Joma Master 1000 Junior Clay - LIght Pink,Обувь,Изменение количества,7,8,1
2026-09-24 21:16:35,JMATW2604C,Кроссовки детские Joma Master 1000 Junior Clay - Royal/Blue,Обувь,Изменение количества,8,7,-1
2026-09-24 21:16:35,TS76-0201,Кроссовки мужские 7/6 Marble 2.0 -  Dark Grey,Обувь,Изменение количества,83,82,-1
2026-09-24 21:16:35,TS76-1264,Кроссовки мужские 7/6 Marble 2.0 - Orange Blossom,Обувь,Изменение количества,58,56,-2
2026-09-24 21:16:35,273245-DBRD,Кроссовки мужские Head Revolt Pro 4.5 - Dark Blue/Red,Обувь,Изменение количества,3,2,-1
2026-09-24 21:16:35,273436-NVCG,Кроссовки мужские Head Sprint Team 4.0 Clay - Navy/Cantaloupe Green,Обувь,Изменение количества,6,5,-1
2026-09-24 21:16:35,TSPINS2612OM,Кроссовки мужские Joma Spin Padel - Grey/Blue,Обувь,Изменение количества,14,13,-1
2026-09-24 21:16:35,FZ2155-402,Кроссовки мужские Nike Court Vapor Lite 3 HC - Hydrogen Blue/Midnight Navy/Hot Lava,Обувь,Изменение количества,3,2,-1
2026-09-24 21:16:35,TS101001-BKWH,Кроссовки Seven Six Sprint - Black/White,Обувь,Новый товар,0,1,1
2026-09-24 21:16:35,TS76-4939,Кроссовки женские 7/6 Marble 2.0 - Blue Blossom,Обувь,Изменение количества,12,11,-1
2026-09-24 21:16:35,TROLLS2532AC,Кроссовки женские Joma Roland Lady - White/Yellow/Mint,Обувь,Изменение количества,2,1,-1
2026-09-24 21:16:35,HQ6027-003,Кроссовки женские Nike Court Air Zoom Vapor 12 Clay - Light Silver/Black/Steam,Обувь,Изменение количества,9,8,-1
2026-09-24 21:16:35,HQ6027-501,Кроссовки женские Nike Court Air Zoom Vapor 12 Clay - Sapphire/Black/Light Thistle,Обувь,Изменение количества,10,9,-1
2026-09-24 21:16:35,IQ5175-001,Кроссовки женские Nike Zoom GP Challenge 1.5 Premium HC - Black/Light Lemon Twist/White,Обувь,Изменение количества,5,4,-1
2026-09-24 21:16:35,241101,"Теннисная струна Babolat RPM Blast 1,25 12 метров",Теннисные струны,Изменение количества,17,15,-2
2026-09-24 21:16:35,RH12-BL,"Теннисная струна 7/6 Rhino - Blue 1,22 12 метров",Теннисные струны,Изменение количества,99,98,-1
2026-09-24 21:16:35,RH12-BL,"Теннисная струна 7/6 Rhino - Blue 1,27 12 метров",Теннисные струны,Изменение количества,29,28,-1
2026-09-24 21:16:35,281794-17YW,"Теннисная струна Head LYNX Yellow 1,25 12 метров",Теннисные струны,Изменение количества,57,56,-1
2026-09-24 21:16:35,281404-PK,"Теннисная струна Head Velocity MLT Pink 1,25 12 метров",Теннисные струны,Изменение количества,22,21,-1
2026-09-24 21:16:35,WRZ995200,"Теннисная струна Luxilon Alu Power Rough 1,25 12 метров",Теннисные струны,Изменение количества,10,8,-2
2026-09-24 21:16:35,1920206,"Теннисная струна Solinco Confidential 1,30 12,2 метров",Теннисные струны,Изменение количества,96,95,-1
2026-09-24 21:16:35,1920003,"Теннисная струна Solinco Hyper-G 1,20 12,2 метров",Теннисные струны,Изменение количества,45,44,-1
2026-09-24 21:16:35,1920547,"Теннисная струна Solinco Hyper-G Round 1,20 12 метров",Теннисные струны,Изменение количества,26,25,-1
2026-09-24 21:16:35,1920100,"Теннисная струна Solinco Hyper-G Soft 1,25 12,2 метров",Теннисные струны,Изменение количества,56,55,-1
2026-09-24 21:16:35,1920067,"Теннисная струна Solinco Mach-10 1,25 12,2 метров",Теннисные струны,Изменение количества,71,69,-2
2026-09-24 21:16:35,1920006,"Теннисная струна Solinco Revolution Blue 1,25 12 метров",Теннисные струны,Изменение количества,89,87,-2
2026-09-24 21:16:35,1920002,"Теннисная струна Solinco Tour Bite 1,25 12 метров",Теннисные струны,Изменение количества,61,60,-1
2026-09-24 21:16:35,1920067,"Теннисная струна Solinco Tour Bite Soft 1,25 12,2 метров",Теннисные струны,Изменение количества,68,67,-1
2026-09-24 21:16:35,1920043,"Теннисная струна Solinco Vanqush 1,30 12 метров",Теннисные струны,Изменение количества,27,26,-1
2026-09-24 21:16:35,04G4S125XB,"Теннисная струна Tecnifibre 4S 1,25 12 метров",Теннисные струны,Изменение количества,8,7,-1
2026-09-24 21:16:35,WRZ906500,"Теннисная струна Wilson Revolve White 1,30 12 метров",Теннисные струны,Изменение количества,50,49,-1
2026-09-24 21:16:35,AR76-A2255,Теннисная ракетка 7/6 A2 255,Ракетки для тенниса,Изменение количества,29,28,-1
2026-09-24 21:16:35,AR76-A2270,Теннисная ракетка 7/6 A2 270,Ракетки для тенниса,Изменение количества,32,30,-2
2026-09-24 21:16:35,AR76-A2285,Теннисная ракетка 7/6 A2 285,Ракетки для тенниса,Изменение количества,35,34,-1
2026-09-24 21:16:35,KR76-B25,Теннисная ракетка 7/6 Bear 25,Ракетки для тенниса,Изменение количества,19,18,-1
2026-09-24 21:16:35,KR76-F21,Теннисная ракетка 7/6 Fox 21,Ракетки для тенниса,Изменение количества,11,10,-1
2026-09-24 21:16:35,230546,Теннисная ракетка Head Coco 23,Ракетки для тенниса,Изменение количества,6,5,-1
2026-09-24 21:16:35,231114,Теннисная ракетка Head Extreme MP 2024,Ракетки для тенниса,Изменение количества,19,18,-1
2026-09-24 21:16:35,231104,Теннисная ракетка Head Extreme Pro 2024,Ракетки для тенниса,Изменение количества,14,13,-1
2026-09-24 21:16:35,235034,Теннисная ракетка Head Novak 19 2024,Ракетки для тенниса,Изменение количества,6,5,-1
2026-09-24 21:16:35,232026,Теннисная ракетка Head Speed MP 2026,Ракетки для тенниса,Изменение количества,7,6,-1
2026-09-24 21:16:35,236004,Теннисная ракетка Head Speed Pro 2024,Ракетки для тенниса,Изменение количества,16,15,-1
2026-09-24 21:16:35,WR199710,Теннисная ракетка Wilson Burn V6 100 ULS,Ракетки для тенниса,Изменение количества,6,5,-1
2026-09-24 21:16:35,WR145311,Теннисная ракетка Wilson Shift 99 V1.0,Ракетки для тенниса,Изменение количества,6,5,-1
2026-09-24 21:16:35,J897-6.0,Мяч подарочный 7/6 Jumbo Tennis Ball 6' - Yellow,Мячи для тенниса,Изменение количества,23,22,-1
2026-09-24 21:16:35,TB-004,Теннисные мячи 7/6 3B Orange,Мячи для тенниса,Изменение количества,217,216,-1
2026-09-24 21:16:35,TB-001,Теннисные мячи 7/6 3B Pro,Мячи для тенниса,Изменение количества,2571,2514,-57
2026-09-24 21:16:35,TB76-007,Теннисные мячи 7/6 Championship 3 X 24,Мячи для тенниса,Изменение количества,5,3,-2
2026-09-24 21:16:35,TB76-007,Теннисные мячи 7/6 Championship 3B,Мячи для тенниса,Изменение количества,256,250,-6
2026-09-24 21:16:35,TB-005,Теннисные мячи 7/6 Green 3 X 24,Мячи для тенниса,Изменение количества,18,17,-1
2026-09-24 21:16:35,TB76-006,Теннисные мячи 7/6 Pro 3 X 24,Мячи для тенниса,Изменение количества,14,12,-2
2026-09-24 21:16:35,603758,Теннисные мячи Dunlop Indoor Foam 12 Balls,Мячи для тенниса,Изменение количества,3,1,-2
2026-09-24 21:16:35,570823,Теннисные мячи Head 3B Tour XT,Мячи для тенниса,Изменение количества,128,125,-3
2026-09-24 21:16:35,578413,Теннисные мячи Head Green 3 ball,Мячи для тенниса,Изменение количества,98,97,-1
2026-09-24 21:16:35,578433,Теннисные мячи Head Red 3 ball,Мячи для тенниса,Изменение количества,140,139,-1
2026-09-24 21:16:35,WR8218401001,Теннисные мячи Wilson 3B Championship Legacy White,Мячи для тенниса,Изменение количества,152,127,-25
2026-09-24 21:16:35,WRT115000,Теннисные мячи Wilson 4B Roland Garros Clay,Мячи для тенниса,Изменение количества,17,16,-1
2026-09-24 21:16:35,021,"Аромасвеча ""Зажги свой мяч""",Аксессуары,Изменение количества,8,7,-1
2026-09-24 21:16:35,J618-7/6PK,Брелок мячик 7/6 - Pink,Аксессуары,Изменение количества,159,157,-2
2026-09-24 21:16:35,J618-7/6YW,Брелок мячик 7/6 - Yellow,Аксессуары,Изменение количества,241,239,-2
2026-09-24 21:16:35,200,Брелок ракетка с мячиком mix,Аксессуары,Изменение количества,52,51,-1
2026-09-24 21:16:35,WR8911501001,Брелок Wilson Premier Padel,Аксессуары,Изменение количества,5,4,-1
2026-09-24 21:16:35,WR8454601001,Грип Wilson Pro Performance - Green,Аксессуары,Изменение количества,9,7,-2
2026-09-24 21:16:35,WR8438701001,Грип Wilson Pro Performance - Grey,Аксессуары,Изменение количества,14,13,-1
2026-09-24 21:16:35,WRZ4202BK,Грип Wilson Sublime black,Аксессуары,Изменение количества,2,1,-1
2026-09-24 21:16:35,WRZ4202WH,Грип Wilson Sublime white,Аксессуары,Изменение количества,8,7,-1
2026-09-24 21:16:35,TL0008,Мяч для тренировки реакции TORRES Reaction ball - Orange,Аксессуары,Изменение количества,10,9,-1
2026-09-24 21:16:35,76WBL-1120,Напульсник 7/6 Wristband Long  - Starfish,Аксессуары,Изменение количества,65,64,-1
2026-09-24 21:16:35,76WBL-BLACK,Напульсники 7/6 Wristband Long - Black,Аксессуары,Изменение количества,83,81,-2
2026-09-24 21:16:35,76WBL-WH,Напульсники 7/6 Wristband Long - White,Аксессуары,Изменение количества,83,81,-2
2026-09-24 21:16:35,WRZ4040OR,Овергрип Wilson Soft Overgrip orange 3 pk,Аксессуары,Изменение количества,36,35,-1
2026-09-24 21:16:35,PO76-3,Овергрип 7/6 Pro 3 PK - White,Аксессуары,Изменение количества,65,64,-1
2026-09-24 21:16:35,STО76-1AS,Овергрип 7/6 Super Tacky 1 PK - Assorted,Аксессуары,Изменение количества,104,100,-4
2026-09-24 21:16:35,STО76-1WH,Овергрип 7/6 Super Tacky 1 PK - White,Аксессуары,Изменение количества,386,384,-2
2026-09-24 21:16:35,STO76-3BLU,Овергрип 7/6 Super Tacky - Blue 3 pk,Аксессуары,Изменение количества,44,43,-1
2026-09-24 21:16:35,STO76-3TB,Овергрип 7/6 Super Tacky - Tiffany Blue 3 pk,Аксессуары,Изменение количества,27,26,-1
2026-09-24 21:16:35,285661,Овергрип Head Prime Tour 1 шт - Black,Аксессуары,Изменение количества,161,160,-1
2026-09-24 21:16:35,285661,Овергрип Head Prime Tour 1 шт - Blue,Аксессуары,Изменение количества,146,145,-1
2026-09-24 21:16:35,285661,Овергрип Head Prime Tour 1 шт - Mint,Аксессуары,Изменение количества,181,180,-1
2026-09-24 21:16:35,285661,Овергрип Head Prime Tour 1 шт - Orange,Аксессуары,Изменение количества,320,318,-2
2026-09-24 21:16:35,285631,Овергрип Head Prime Tour 12 pack - Cyan Sea,Аксессуары,Изменение количества,7,6,-1
2026-09-24 21:16:35,285631,Овергрип Head Prime Tour 12 pack - Pink,Аксессуары,Изменение количества,15,14,-1
2026-09-24 21:16:35,285621-CS,Овергрип Head Prime Tour - Cyan Sea,Аксессуары,Изменение количества,87,86,-1
2026-09-24 21:16:35,285621,Овергрип Head Prime Tour - Grey,Аксессуары,Изменение количества,92,90,-2
2026-09-24 21:16:35,285712,Овергрип Head Xtremsoft assorty,Аксессуары,Изменение количества,52,49,-3
2026-09-24 21:16:35,285104-MX,Овергрип Head Xtremsoft Mix,Аксессуары,Изменение количества,105,104,-1
2026-09-24 21:16:35,001,Овергрип Solinco Wonder assorty,Аксессуары,Изменение количества,142,138,-4
2026-09-24 21:16:35,001-BK,Овергрип Solinco Wonder Black 1pk,Аксессуары,Изменение количества,62,61,-1
2026-09-24 21:16:35,001-BL,Овергрип Solinco Wonder Blue 1pk,Аксессуары,Изменение количества,40,38,-2
2026-09-24 21:16:35,001-GR,Овергрип Solinco Wonder Green 1pk,Аксессуары,Изменение количества,66,63,-3
2026-09-24 21:16:35,001-PK,Овергрип Solinco Wonder Pink 1pk,Аксессуары,Изменение количества,31,30,-1
2026-09-24 21:16:35,001-RD,Овергрип Solinco Wonder Red 1pk,Аксессуары,Изменение количества,48,47,-1
2026-09-24 21:16:35,001-YE,Овергрип Solinco Wonder Yellow 1pk,Аксессуары,Изменение количества,21,20,-1
2026-09-24 21:16:35,WRZ470820,Овергрип Wilson Pro Overgrip 3PK - Burn Orange,Аксессуары,Изменение количества,9,8,-1
2026-09-24 21:16:35,WRZ470810,Овергрип Wilson Pro Overgrip Blade Green 3 pk,Аксессуары,Изменение количества,8,7,-1
2026-09-24 21:16:35,WR8450701001,Сувенирная ракетка Wilson Ultra Roland Garros,Аксессуары,Изменение количества,4,2,-2
2026-09-24 21:16:35,SL76(1)-WH,Теннисные носки 7/6 Pro - White,Аксессуары,Изменение количества,204,203,-1
2026-09-24 21:16:35,TC76-WH,Теннисные носки 7/6 Tour Crew - White,Аксессуары,Изменение количества,296,295,-1
2026-09-24 21:16:35,TQ76-GR,Теннисные носки 7/6 Tour Quater - Grey,Аксессуары,Изменение количества,69,68,-1
2026-09-24 21:16:35,TQ76-WH,Теннисные носки 7/6 Tour Quater - White,Аксессуары,Изменение количества,216,214,-2
2026-09-24 21:16:35,TS76-WH,Теннисные носки 7/6 Tour Sneaker - White,Аксессуары,Изменение количества,204,203,-1
2026-09-24 21:16:35,WRZ537600,Виброгаситель Wilson Pro Feel red\silver,Аксессуары,Изменение количества,54,52,-2
2026-09-24 21:16:35,VD76-AS,Виброгаситель 7/6 Dampener Assorted 1pk,Аксессуары,Изменение количества,73,71,-2
2026-09-24 21:16:35,76VC-WH,Виброгаситель 7/6 Dampener - Court White,Аксессуары,Изменение количества,105,103,-2
2026-09-24 21:16:35,700135-134/1,Виброгаситель Babolat Loony Damp x1,Аксессуары,Изменение количества,38,37,-1
2026-09-24 21:16:35,285515-Yel,Виброгаситель Head Pro Damp Yellow,Аксессуары,Изменение количества,48,47,-1
2026-09-24 21:16:35,TL-Rabbit,Виброгаситель Tennis Life - Hamburger,Аксессуары,Изменение количества,44,43,-1
2026-09-24 21:16:35,TL-Ironman,Виброгаситель Tennis Life Superheroes - Ironman,Аксессуары,Изменение количества,33,32,-1
2026-09-24 21:16:35,WR8405001001,Виброгаситель Wilson Animal Dampener,Аксессуары,Изменение количества,162,161,-1
2026-09-24 21:16:35,WRG1645134,Заглушка ручки Wilson BLDV9/CLSHV2/PSV14 Size 3,Аксессуары,Изменение количества,4,3,-1
2026-09-24 21:16:35,WRZ323700,Корзина для мячей Wilson Ball Pick Up 75 мяча,Оборудование,Изменение количества,8,7,-1
2026-09-24 21:16:35,PR76-TER,Ракетка для падела 7/6 Terra 18k Carbon,Падел - Ракетки,Изменение количества,12,11,-1
2026-09-24 21:16:35,224024,Ракетка для падела Head Gravity Team 2024,Падел - Ракетки,Изменение количества,4,3,-1
2026-09-24 21:16:35,222036,Ракетка для падела Head Radical Pro 2026,Падел - Ракетки,Изменение количества,3,2,-1
2026-09-24 21:16:35,SPO76-3FY,Овергрип 7/6 Padel Super Tacky - Fluorescent Yellow 3 pk,Падел - Аксессуары,Изменение количества,10,11,1
2026-09-24 21:16:35,SPO76-3YW,Овергрип 7/6 Padel Super Tacky - Yellow 3 pk,Падел - Аксессуары,Изменение количества,32,31,-1
2026-09-24 21:16:35,AC2TA2-MIX1,Овергрип Adidas Logo Box 1pk - Mix,Падел - Аксессуары,Изменение количества,128,121,-7
2026-09-24 21:16:35,WR8906601001,Овергрип Wilson Padel Pro Overgrip - 1PK,Падел - Аксессуары,Изменение количества,234,231,-3
2026-09-24 21:16:35,WR8416601001,Овергрип Wilson Profile Padel 3pk - Black,Падел - Аксессуары,Изменение количества,20,19,-1
2026-09-24 21:16:35,PRTNXNEBL,Защитная лента для падел NOX Padel Racket Protector 1PK - Black,Падел - Аксессуары,Изменение количества,17,16,-1
2026-09-24 21:16:35,PRTNXAZBL,Защитная лента для падел NOX Padel Racket Protector 1PK - Blue,Падел - Аксессуары,Изменение количества,31,32,1
2026-09-24 21:16:35,PB76-004,Мячи для падл 7/6 Padel Pro 2.0 3B,Падел - Мячи,Изменение количества,99,98,-1
2026-09-24 21:16:35,260436-PK,Рюкзак Head Tour Backpack 25L - Pink,Сумки и чехлы,Товар удалён с сайта,1,0,-1
2026-09-24 21:16:35,62GBB730-09,Юбка женская Mizuno Flex Skirt - Black,Одежда,Товар удалён с сайта,1,0,-1
2026-09-24 21:16:35,ND76-010,Платье женское 7/6 Nika Dress - Black,Одежда,Товар удалён с сайта,1,0,-1
2026-09-24 21:16:35,WR8310601125,"Теннисная струна Luxilon Eco Spin Black 1,25 12 метров",Теннисные струны,Товар удалён с сайта,1,0,-1
2026-09-24 21:16:35,RK-FS-NVA,Теннисная ракетка Diadem Nova FS 100,Ракетки для тенниса,Товар удалён с сайта,1,0,-1
2026-09-24 21:16:35,WR204311,Теннисная ракетка Wilson Ultra 100L V5.0 Roland Garros 2026,Ракетки для тенниса,Товар удалён с сайта,1,0,-1
2026-09-24 21:16:35,978-5-532-07147-6,Большой теннис. Игра без ошибок,Аксессуары,Товар удалён с сайта,1,0,-1
2026-09-25 15:18:21,260704-BKWH,Мешок для обуви Head Tour Shoe Bag - Black/White,Сумки и чехлы,Новый товар,0,10,10
2026-09-25 15:18:21,262605-BL,Рюкзак Head Paw Patrol - Blue,Сумки и чехлы,Изменение количества,2,5,3
2026-09-25 15:18:21,262615-PU,Рюкзак Head Paw Patrol - Purple,Сумки и чехлы,Новый товар,0,3,3
2026-09-25 15:18:21,260784-OWL,Рюкзак Head Tour Backpack 14L - Owl,Сумки и чехлы,Новый товар,0,3,3
2026-09-25 15:18:21,260246-BK,Рюкзак Head Tour Backpack 25L - Black,Сумки и чехлы,Изменение количества,3,2,-1
2026-09-25 15:18:21,TB76-1559,Сумка 7/6 Tournament Bag - Red,Сумки и чехлы,Изменение количества,11,10,-1
2026-09-25 15:18:21,260915-SG,Сумка Head Tour Racquet Bag L - Sage,Сумки и чехлы,Изменение количества,3,2,-1
2026-09-25 15:18:21,260754-Monster,Сумка Head Tour Racquet Bag  - Monster,Сумки и чехлы,Изменение количества,2,5,3
2026-09-25 15:18:21,1920675,Сумка Solinco Tech Duffle Bag,Сумки и чехлы,Изменение количества,4,3,-1
2026-09-25 15:18:21,MTS76-0205,Футболка для мальчиков 7/6 Max T-shirt 2.0 - Cream,Одежда,Изменение количества,20,19,-1
2026-09-25 15:18:21,MTL76-1440,Футболка мужская 7/6 Loddy T-Shirt 2.0 - Misty Blue,Одежда,Изменение количества,28,25,-3
2026-09-25 15:18:21,TS7060-010,Футболка мужская 7/6 Loddy T-Shirt - Black/White,Одежда,Изменение количества,4,3,-1
2026-09-25 15:18:21,KTS76-4405,Футболка женская 7/6 Kate T-shirt - Misty Blue,Одежда,Изменение количества,36,35,-1
2026-09-25 15:18:21,HQ2994-641,Футболка женская Court Advantage Pro T-Shirt - Peony/White,Одежда,Изменение количества,2,1,-1
2026-09-25 15:18:21,II3469-503,Юбка женская Nike Court Slam High-Waisted Skirt - Light Magenta,Одежда,Изменение количества,3,2,-1
2026-09-25 15:18:21,G1200001,Капри для девочек Bidi Badu Crew - Black,Одежда,Изменение количества,4,3,-1
2026-09-25 15:18:21,LS76-0515,Лонгслив мужской 7/6 Tony Longsleeve 2.0 - Lemon Icing,Одежда,Изменение количества,35,34,-1
2026-09-25 15:18:21,NT76-4109,Майка женская Nata Sleeveless T-shirt - Arona,Одежда,Изменение количества,14,13,-1
2026-09-25 15:18:21,NT76-1215,Майка женская Nata Sleeveless T-shirt - Shaved Chocolate,Одежда,Изменение количества,29,27,-2
2026-09-25 15:18:21,II3606-010,Майка женская Nike Court Advantage - Black/White,Одежда,Изменение количества,8,7,-1
2026-09-25 15:18:21,II2602-503,Майка женская Nike Court Slam - Light Magenta/Tattoo/Black,Одежда,Изменение количества,6,5,-1
2026-09-25 15:18:21,MD76-4313,Платье женское 7/6 Mari Dress - Light Blue,Одежда,Изменение количества,23,22,-1
2026-09-25 15:18:21,IH3765-006,Платье женское Nike Court Slam Tennis Dress - Steam/Barely Green,Одежда,Изменение количества,3,4,1
2026-09-25 15:18:21,PL7060-100,Поло мужское 7/6 Ankl Polo 2.0 - White,Одежда,Изменение количества,25,26,1
2026-09-25 15:18:21,IB0772-410,Поло женское Nike Cropped Tennis Polo - Midnight Navy/Sail,Одежда,Изменение количества,2,4,2
2026-09-25 15:18:21,BSH76-010,Шорты детские 7/6 Tema Shorts - Black,Одежда,Изменение количества,16,15,-1
2026-09-25 15:18:21,BSH76-1360,Шорты детские 7/6 Tema Shorts - Dark Orange,Одежда,Изменение количества,19,18,-1
2026-09-25 15:18:21,IB1043-100,Шорты мужские Nike Court Slam 6in - White,Одежда,Изменение количества,3,2,-1
2026-09-25 15:18:21,AS276-1304,Шорты под платье 7/6 Ana Shorts 2.0 - Pearl,Одежда,Изменение количества,32,31,-1
2026-09-25 15:18:21,WSA76-156,Шорты женские 7/6 Alex Shorts - Red Alert,Одежда,Изменение количества,11,10,-1
2026-09-25 15:18:21,WSA76-100,Шорты женские 7/6 Alex Shorts - White,Одежда,Изменение количества,15,14,-1
2026-09-25 15:18:21,WSL76-4718,Шорты женские 7/6 Lexie Shorts - Hydro,Одежда,Изменение количества,32,31,-1
2026-09-25 15:18:21,IB0769-410,Шорты женские Nike Court Collection High Waist Short - Midnight Navy,Одежда,Новый товар,0,1,1
2026-09-25 15:18:21,IB0769-133,Шорты женские Nike Court Collection High Waist Short - Sail,Одежда,Изменение количества,5,6,1
2026-09-25 15:18:21,HM6759-010,Толстовка мужская Nike Heritage Hoodie - Black/Anthracite,Одежда,Изменение количества,5,4,-1
2026-09-25 15:18:21,T76-0602,Топ женский 7/6 Ana Top - White,Одежда,Изменение количества,15,13,-2
2026-09-25 15:18:21,KSL-313,Кроссовки детские 7/6 Leafy - Blue,Обувь,Изменение количества,18,16,-2
2026-09-25 15:18:21,275236-RDDR,Кроссовки детские Head Revolt Pro 5.0 Clay - Red/Dark Red,Обувь,Изменение количества,2,1,-1
2026-09-25 15:18:21,275300-MNNR,Кроссовки детские Head Sprint 3.0 Dark - Midnight Navy/Neon Red,Обувь,Новый товар,0,3,3
2026-09-25 15:18:21,275314-BNBK,Кроссовки детские Head Sprint 3.5 Junior - Banana/Black,Обувь,Изменение количества,4,5,1
2026-09-25 15:18:21,275405-DBRD,Кроссовки детские Head Sprint Court 4.0 Junior - Dark Blue/Red,Обувь,Изменение количества,5,6,1
2026-09-25 15:18:21,275305-DBRD,Кроссовки детские Head Sprint Pro 4.0 Junior - Dark Blue/Red,Обувь,Изменение количества,3,2,-1
2026-09-25 15:18:21,AR8851-302,Кроссовки детские Nike Vapor X Junior  - Ghost Green/Barley Volt,Обувь,Изменение количества,5,4,-1
2026-09-25 15:18:21,TS76-1264,Кроссовки мужские 7/6 Marble 2.0 - Orange Blossom,Обувь,Изменение количества,56,57,1
2026-09-25 15:18:21,273273-LNWH,Кроссовки мужские Head Revolt Pro 4.0 Clay - Light Green,Обувь,Новый товар,0,9,9
2026-09-25 15:18:21,273293-WHBK,Кроссовки мужские Head Revolt Pro 4.0 Clay - White/Black,Обувь,Новый товар,0,5,5
2026-09-25 15:18:21,273163-FCBB,Кроссовки мужские Head Spint Pro 3.5 Clay - Fiery Coral/Blueberry,Обувь,Изменение количества,1,2,1
2026-09-25 15:18:21,273143-FGLN,Кроссовки мужские Head Spint Pro 3.5 Clay - Forest Green/Light Green,Обувь,Изменение количества,2,4,2
2026-09-25 15:18:21,273413-BSLN,Кроссовки мужские Head Sprint Team 3.5 Clay - Bluestone/Light Green,Обувь,Новый товар,0,5,5
2026-09-25 15:18:21,TROLS2531AC,Кроссовки мужские Joma Roland - Black/Blue/Orange,Обувь,Изменение количества,11,10,-1
2026-09-25 15:18:21,TSPINS2632OM,Кроссовки мужские Joma Spin Padel - White/Navy/Orange,Обувь,Изменение количества,3,2,-1
2026-09-25 15:18:21,61GA260002,Кроссовки мужские Mizuno Wave Enforce Tour 2 AC - White/Blue/Orange,Обувь,Изменение количества,9,21,12
2026-09-25 15:18:21,61GC260314,Кроссовки мужские Mizuno Wave Enforce Tour 2 CC - Blue/White/Orange,Обувь,Изменение количества,8,12,4
2026-09-25 15:18:21,61GA267002,Кроссовки мужские Mizuno Wave Exceed Tour 7 AC - White/Blue/Orange,Обувь,Изменение количества,7,21,14
2026-09-25 15:18:21,61GC267514,Кроссовки мужские Mizuno Wave Exceed Tour 7 CC - Blue/White/Orange,Обувь,Изменение количества,8,20,12
2026-09-25 15:18:21,FZ2155-800,Кроссовки мужские Nike Court Vapor Lite 3 HC - Apricot Agate,Обувь,Изменение количества,7,6,-1
2026-09-25 15:18:21,FZ2155-401,Кроссовки мужские Nike Court Vapor Lite 3 HC - Racer Blue/Lightening/White/Black,Обувь,Изменение количества,16,15,-1
2026-09-25 15:18:21,HQ5292-001,Кроссовки мужские Nike Vapor Lite 3 Clay - Black/White,Обувь,Изменение количества,7,6,-1
2026-09-25 15:18:21,FZ2161-108,Кроссовки мужские Nike Vapor Pro 3 HC - White/Dark Raisin/Volt Tint,Обувь,Изменение количества,5,3,-2
2026-09-25 15:18:21,TS76-4300,Кроссовки женские 7/6 Marble 2.0 - Light Grey,Обувь,Изменение количества,42,41,-1
2026-09-25 15:18:21,TS76-2124,Кроссовки женские 7/6 Marble 2.0 - Pink Blossom,Обувь,Изменение количества,12,11,-1
2026-09-25 15:18:21,274173-WHAQ,Кроссовки женские Head Sprint Pro 3.5 Clay - White/Aqua,Обувь,Новый товар,0,3,3
2026-09-25 15:18:21,274143-MCLI,Кроссовки женские Head Sprint Pro 3.5 - Macadamia/Lime,Обувь,Новый товар,0,7,7
2026-09-25 15:18:21,274166-APVA,Кроссовки женские Head Sprint Pro 4.0 - Apricot/Vanilla,Обувь,Изменение количества,5,6,1
2026-09-25 15:18:21,274176-APVA,Кроссовки женские Head Sprint Pro 4.0 Clay - Apricot/Vanilla,Обувь,Изменение количества,1,2,1
2026-09-25 15:18:21,274403-BSTE,Кроссовки женские Head Sprint Team 3.5 - Bluestone/Teal,Обувь,Новый товар,0,9,9
2026-09-25 15:18:21,61GC260402,Кроссовки женские Mizuno Wave Enforce Tour 2 CC - White/Orange/Dahlia,Обувь,Изменение количества,6,14,8
2026-09-25 15:18:21,IH1705-601,Кроссовки женские Nike Court Air Zoom Vapor 12 Clay - Pearl Pink/Chalk/Light Magenta,Обувь,Изменение количества,5,6,1
2026-09-25 15:18:21,281103,"Теннисная струна Head HAWK 1,25 12 метров",Теннисные струны,Изменение количества,27,26,-1
2026-09-25 15:18:21,LP129-FY,"Теннисная струна 7/6 Lion Pro - Yellow 1,29 12 метров",Теннисные струны,Изменение количества,31,29,-2
2026-09-25 15:18:21,241146,"Теннисная струна Babolat RPM Soft 1,30 12 метров",Теннисные струны,Изменение количества,84,83,-1
2026-09-25 15:18:21,281204-16AN,"Теннисная струна Head Hawk Touch Antracite 1,30 12 метров",Теннисные струны,Изменение количества,76,75,-1
2026-09-25 15:18:21,281103-WH,"Теннисная струна Head Hawk White 1,30 12 метров",Теннисные струны,Изменение количества,23,22,-1
2026-09-25 15:18:21,281799-BK,"Теннисная струна Head LYNX Tour Black 1,25 12 метров",Теннисные струны,Изменение количества,12,28,16
2026-09-25 15:18:21,281799-BK,"Теннисная струна Head LYNX Tour Black 1,25 200 метров",Теннисные струны,Изменение количества,5,4,-1
2026-09-25 15:18:21,281799-BK,"Теннисная струна Head LYNX Tour Black 1,30 12 метров",Теннисные струны,Изменение количества,85,84,-1
2026-09-25 15:18:21,281799-OR,"Теннисная струна Head LYNX Tour Orange 1,25 12 метров",Теннисные струны,Изменение количества,10,7,-3
2026-09-25 15:18:21,281794-17YW,"Теннисная струна Head LYNX Yellow 1,25 12 метров",Теннисные струны,Изменение количества,56,58,2
2026-09-25 15:18:21,281128-BK,"Теннисная струна Head Sonic Pro Black 1,30 200 метров",Теннисные струны,Изменение количества,7,6,-1
2026-09-25 15:18:21,281028-WH,"Теннисная струна Head Sonic Pro White 1,25 12 метров",Теннисные струны,Изменение количества,15,14,-1
2026-09-25 15:18:21,281311-BK,"Теннисная струна Head Synthetic Gut - Black 1,30 12 метров",Теннисные струны,Изменение количества,5,4,-1
2026-09-25 15:18:21,281404-PK,"Теннисная струна Head Velocity MLT Pink 1,25 12 метров",Теннисные струны,Изменение количества,21,15,-6
2026-09-25 15:18:21,281414-PK,"Теннисная струна Head Velocity MLT Pink 1,30 12 метров",Теннисные струны,Изменение количества,24,23,-1
2026-09-25 15:18:21,281404-PK,"Теннисная струна Head Velocity MLT - Pink 1,35 12 метров",Теннисные струны,Изменение количества,10,16,6
2026-09-25 15:18:21,WRZ995100SI,"Теннисная струна Luxilon Alu Power Silver 1,25 12 метров",Теннисные струны,Изменение количества,16,13,-3
2026-09-25 15:18:21,1920048,"Теннисная струна Solinco Barb Wire 1,25 12 метров",Теннисные струны,Изменение количества,44,43,-1
2026-09-25 15:18:21,1920206,"Теннисная струна Solinco Confidential 1,15 12 метров",Теннисные струны,Изменение количества,8,6,-2
2026-09-25 15:18:21,192065,"Теннисная струна Solinco Confidential Soft Pink 1,25 12 метров",Теннисные струны,Изменение количества,41,40,-1
2026-09-25 15:18:21,192065,"Теннисная струна Solinco Confidential Soft Pink 1,30 12 метров",Теннисные струны,Изменение количества,27,26,-1
2026-09-25 15:18:21,1920100,"Теннисная струна Solinco Hyper-G 1,25 12,2 метров",Теннисные струны,Изменение количества,51,50,-1
2026-09-25 15:18:21,1920067,"Теннисная струна Solinco Mach-10 1,25 12,2 метров",Теннисные струны,Изменение количества,69,70,1
2026-09-25 15:18:21,1920600,"Теннисная струна Solinco Mach-10 1,30 12,2 метров",Теннисные струны,Изменение количества,74,73,-1
2026-09-25 15:18:21,1920002,"Теннисная струна Solinco Tour Bite 1,25 12 метров",Теннисные струны,Изменение количества,60,59,-1
2026-09-25 15:18:21,1920079,"Теннисная струна Solinco Tour Bite Diamond Rough 1,25 12 метров",Теннисные струны,Изменение количества,88,86,-2
2026-09-25 15:18:21,02RMU130XB,"Теннисная струна Tecnifibre Multifeel Black 1,30 12 метров",Теннисные струны,Изменение количества,5,4,-1
2026-09-25 15:18:21,WRZ946900,"Теннисная струна Wilson Revolve Black 1,25 12 метров",Теннисные струны,Изменение количества,51,50,-1
2026-09-25 15:18:21,WRZ906500,"Теннисная струна Wilson Revolve White 1,30 12 метров",Теннисные струны,Изменение количества,49,48,-1
2026-09-25 15:18:21,PTF-12RD,"Теннисная струна Yonex Polytour Force Bright Red 1,25 12 метров",Теннисные струны,Изменение количества,13,12,-1
2026-09-25 15:18:21,PTGSPN-12BK,"Теннисная струна Yonex Polytour Spin Black 1,20 12 метров",Теннисные струны,Изменение количества,26,28,2
2026-09-25 15:18:21,AR76-A2270,Теннисная ракетка 7/6 A2 270,Ракетки для тенниса,Изменение количества,30,29,-1
2026-09-25 15:18:21,AR76-A2285,Теннисная ракетка 7/6 A2 285,Ракетки для тенниса,Изменение количества,34,33,-1
2026-09-25 15:18:21,KR76-B19,Теннисная ракетка 7/6 Bear 19,Ракетки для тенниса,Изменение количества,18,17,-1
2026-09-25 15:18:21,101524,Теннисная ракетка Babolat Pure Strike 98 2024,Ракетки для тенниса,Изменение количества,3,2,-1
2026-09-25 15:18:21,232236,Теннисная ракетка Head Boom MP UL  2026,Ракетки для тенниса,Изменение количества,13,12,-1
2026-09-25 15:18:21,230144,Теннисная ракетка Head Boom Team L 2024,Ракетки для тенниса,Изменение количества,4,3,-1
2026-09-25 15:18:21,235444,Теннисная ракетка Head Challenge Team L 2024 - Coral,Ракетки для тенниса,Изменение количества,23,22,-1
2026-09-25 15:18:21,233356,Теннисная ракетка Head Extreme Elite 2026,Ракетки для тенниса,Изменение количества,1,4,3
2026-09-25 15:18:21,231134,Теннисная ракетка Head Extreme Team 2024,Ракетки для тенниса,Изменение количества,4,3,-1
2026-09-25 15:18:21,231224,Теннисная ракетка Head Graphene Touch Instinct XTR,Ракетки для тенниса,Новый товар,0,2,2
2026-09-25 15:18:21,231234,Теннисная ракетка Head Graphene Touch Radical XTR,Ракетки для тенниса,Изменение количества,2,4,2
2026-09-25 15:18:21,231244,Теннисная ракетка Head Graphene Touch Speed XTR,Ракетки для тенниса,Новый товар,0,1,1
2026-09-25 15:18:21,231216,Теннисная ракетка Head IG Boom XCEED,Ракетки для тенниса,Изменение количества,7,9,2
2026-09-25 15:18:21,231235,Теннисная ракетка Head IG Gravity 21,Ракетки для тенниса,Изменение количества,9,8,-1
2026-09-25 15:18:21,230024,Теннисная ракетка Head IG Speed 23 2024,Ракетки для тенниса,Изменение количества,8,11,3
2026-09-25 15:18:21,232325-WH,Теннисная ракетка Head Paw 17,Ракетки для тенниса,Новый товар,0,2,2
2026-09-25 15:18:21,232225-BL,Теннисная ракетка Head Paw 17 Blue,Ракетки для тенниса,Новый товар,0,2,2
2026-09-25 15:18:21,232315-WH,Теннисная ракетка Head Paw 19,Ракетки для тенниса,Новый товар,0,2,2
2026-09-25 15:18:21,232215-BL,Теннисная ракетка Head Paw 19 Blue,Ракетки для тенниса,Изменение количества,1,3,2
2026-09-25 15:18:21,232305-WH,Теннисная ракетка Head Paw 21,Ракетки для тенниса,Новый товар,0,2,2
2026-09-25 15:18:21,232205-BL,Теннисная ракетка Head Paw 21 Blue,Ракетки для тенниса,Изменение количества,6,5,-1
2026-09-25 15:18:21,232076,Теннисная ракетка Head Speed MP Legend 2025,Ракетки для тенниса,Изменение количества,5,8,3
2026-09-25 15:18:21,WR208211,Теннисная ракетка Wilson Blade 100 V10,Ракетки для тенниса,Новый товар,0,12,12
2026-09-25 15:18:21,WR208311,Теннисная ракетка Wilson Blade 100L V10,Ракетки для тенниса,Новый товар,0,14,14
2026-09-25 15:18:21,WR208410,Теннисная ракетка Wilson Blade 100UL V10,Ракетки для тенниса,Новый товар,0,7,7
2026-09-25 15:18:21,WR208810,Теннисная ракетка Wilson Blade 101 Team V10,Ракетки для тенниса,Новый товар,0,11,11
2026-09-25 15:18:21,WR208511,Теннисная ракетка Wilson Blade 104 V10,Ракетки для тенниса,Новый товар,0,10,10
2026-09-25 15:18:21,WR208610,Теннисная ракетка Wilson Blade 25 V10,Ракетки для тенниса,Изменение количества,4,16,12
2026-09-25 15:18:21,WR208710,Теннисная ракетка Wilson Blade 26 V10,Ракетки для тенниса,Новый товар,0,12,12
2026-09-25 15:18:21,WR207811,Теннисная ракетка Wilson Blade 98 16x19 V10,Ракетки для тенниса,Изменение количества,2,24,22
2026-09-25 15:18:21,WR207911,Теннисная ракетка Wilson Blade 98 18x20 V10,Ракетки для тенниса,Изменение количества,3,23,20
2026-09-25 15:18:21,WR208011,Теннисная ракетка Wilson Blade 98S V10,Ракетки для тенниса,Новый товар,0,12,12
2026-09-25 15:18:21,WR187110,Теннисная ракетка Wilson Burn Spin Junior 24,Ракетки для тенниса,Новый товар,0,9,9
2026-09-25 15:18:21,WR171610,Теннисная ракетка Wilson Burn Spin Junior 25,Ракетки для тенниса,Новый товар,0,10,10
2026-09-25 15:18:21,WR199710,Теннисная ракетка Wilson Burn V6 100 ULS,Ракетки для тенниса,Изменение количества,5,7,2
2026-09-25 15:18:21,WR199610,Теннисная ракетка Wilson Burn V6 100LS,Ракетки для тенниса,Изменение количества,2,4,2
2026-09-25 15:18:21,WR199510,Теннисная ракетка Wilson Burn V6 100S,Ракетки для тенниса,Изменение количества,4,7,3
2026-09-25 15:18:21,WR199810,Теннисная ракетка Wilson Burn V6 105S,Ракетки для тенниса,Новый товар,0,2,2
2026-09-25 15:18:21,WR210611,Теннисная ракетка Wilson Clash 100 Pro Reverse V3.0,Ракетки для тенниса,Новый товар,0,4,4
2026-09-25 15:18:21,WR172711,Теннисная ракетка Wilson Clash 100 Pro V3.0,Ракетки для тенниса,Новый товар,0,2,2
2026-09-25 15:18:21,WR210711,Теннисная ракетка Wilson Clash 100 Reverse V3.0,Ракетки для тенниса,Новый товар,0,10,10
2026-09-25 15:18:21,WR172811,Теннисная ракетка Wilson Clash 100 V3.0,Ракетки для тенниса,Новый товар,0,0,0
2026-09-25 15:18:21,WR210811,Теннисная ракетка Wilson Clash 100L Reverse V3.0,Ракетки для тенниса,Новый товар,0,0,0
2026-09-25 15:18:21,WR172911,Теннисная ракетка Wilson Clash 100L V3.0,Ракетки для тенниса,Новый товар,0,0,0
2026-09-25 15:18:21,WR212810,Теннисная ракетка Wilson Clash 100UL Reverse V3.0,Ракетки для тенниса,Новый товар,0,0,0
2026-09-25 15:18:21,WR173011,Теннисная ракетка Wilson Clash 100UL V3.0,Ракетки для тенниса,Изменение количества,1,0,-1
2026-09-25 15:18:21,WR173011,Теннисная ракетка Wilson Clash 100UL V3.0,Ракетки для тенниса,Товар закончился,1,0,-1
2026-09-25 15:18:21,WR173310,Теннисная ракетка Wilson Clash 25 V3.0,Ракетки для тенниса,Изменение количества,8,0,-8
2026-09-25 15:18:21,WR173310,Теннисная ракетка Wilson Clash 25 V3.0,Ракетки для тенниса,Товар закончился,8,0,-8
2026-09-25 15:18:21,WR173210,Теннисная ракетка Wilson Clash 26 V3.0,Ракетки для тенниса,Новый товар,0,0,0
2026-09-25 15:18:21,WR215411,Теннисная ракетка Wilson Defyer 100 V1,Ракетки для тенниса,Изменение количества,6,0,-6
2026-09-25 15:18:21,WR215411,Теннисная ракетка Wilson Defyer 100 V1,Ракетки для тенниса,Товар закончился,6,0,-6
2026-09-25 15:18:21,WR215311,Теннисная ракетка Wilson Defyer 98 Pro V1,Ракетки для тенниса,Изменение количества,10,0,-10
2026-09-25 15:18:21,WR215311,Теннисная ракетка Wilson Defyer 98 Pro V1,Ракетки для тенниса,Товар закончился,10,0,-10
2026-09-25 15:18:21,WR198010,Теннисная ракетка Wilson ENVY SE,Ракетки для тенниса,Изменение количества,2,0,-2
2026-09-25 15:18:21,WR198010,Теннисная ракетка Wilson ENVY SE,Ракетки для тенниса,Товар закончился,2,0,-2
2026-09-25 15:18:21,WR180510,Теннисная ракетка Wilson Intrigue Girls Junior 21,Ракетки для тенниса,Изменение количества,3,0,-3
2026-09-25 15:18:21,WR180510,Теннисная ракетка Wilson Intrigue Girls Junior 21,Ракетки для тенниса,Товар закончился,3,0,-3
2026-09-25 15:18:21,WR180410,Теннисная ракетка Wilson Intrigue Girls Junior 23,Ракетки для тенниса,Новый товар,0,0,0
2026-09-25 15:18:21,WR180310,Теннисная ракетка Wilson Intrigue Girls Junior 25,Ракетки для тенниса,Изменение количества,5,0,-5
2026-09-25 15:18:21,WR180310,Теннисная ракетка Wilson Intrigue Girls Junior 25,Ракетки для тенниса,Товар закончился,5,0,-5
2026-09-25 15:18:21,WR124410H,Теннисная ракетка Wilson Minions 3.0 Jr. 19,Ракетки для тенниса,Изменение количества,1,0,-1
2026-09-25 15:18:21,WR124410H,Теннисная ракетка Wilson Minions 3.0 Jr. 19,Ракетки для тенниса,Товар закончился,1,0,-1
2026-09-25 15:18:21,WR126210,Теннисная ракетка Wilson Pro Staff 25 v14.0,Ракетки для тенниса,Изменение количества,3,0,-3
2026-09-25 15:18:21,WR126210,Теннисная ракетка Wilson Pro Staff 25 v14.0,Ракетки для тенниса,Товар закончился,3,0,-3
2026-09-25 15:18:21,WR201311,Теннисная ракетка Wilson Pro Staff 97 Classic,Ракетки для тенниса,Изменение количества,1,0,-1
2026-09-25 15:18:21,WR201311,Теннисная ракетка Wilson Pro Staff 97 Classic,Ракетки для тенниса,Товар закончился,1,0,-1
2026-09-25 15:18:21,WR125711,Теннисная ракетка Wilson Pro Staff 97 V14,Ракетки для тенниса,Изменение количества,5,0,-5
2026-09-25 15:18:21,WR125711,Теннисная ракетка Wilson Pro Staff 97 V14,Ракетки для тенниса,Товар закончился,5,0,-5
2026-09-25 15:18:21,WR201411,Теннисная ракетка Wilson Pro Staff 97L Classic,Ракетки для тенниса,Изменение количества,5,0,-5
2026-09-25 15:18:21,WR201411,Теннисная ракетка Wilson Pro Staff 97L Classic,Ракетки для тенниса,Товар закончился,5,0,-5
2026-09-25 15:18:21,WR1259111,Теннисная ракетка Wilson Pro Staff 97L V14,Ракетки для тенниса,Изменение количества,3,0,-3
2026-09-25 15:18:21,WR1259111,Теннисная ракетка Wilson Pro Staff 97L V14,Ракетки для тенниса,Товар закончился,3,0,-3
2026-09-25 15:18:21,WR201510,Теннисная ракетка Wilson Pro Staff 97UL Classic,Ракетки для тенниса,Изменение количества,18,0,-18
2026-09-25 15:18:21,WR201510,Теннисная ракетка Wilson Pro Staff 97UL Classic,Ракетки для тенниса,Товар закончился,18,0,-18
2026-09-25 15:18:21,WR118110H,Теннисная ракетка Wilson Pro Staff Precision Jr. 21,Ракетки для тенниса,Изменение количества,8,0,-8
2026-09-25 15:18:21,WR118110H,Теннисная ракетка Wilson Pro Staff Precision Jr. 21,Ракетки для тенниса,Товар закончился,8,0,-8
2026-09-25 15:18:21,WR118010H,Теннисная ракетка Wilson Pro Staff Precision Jr. 23,Ракетки для тенниса,Изменение количества,5,0,-5
2026-09-25 15:18:21,WR118010H,Теннисная ракетка Wilson Pro Staff Precision Jr. 23,Ракетки для тенниса,Товар закончился,5,0,-5
2026-09-25 15:18:21,WR201610,Теннисная ракетка Wilson Pro Staff Team Classic,Ракетки для тенниса,Новый товар,0,10,10
2026-09-25 15:18:21,WR151411,Теннисная ракетка Wilson RF 01,Ракетки для тенниса,Изменение количества,3,7,4
2026-09-25 15:18:21,WR166811,Теннисная ракетка Wilson RF 01 FUTURE,Ракетки для тенниса,Новый товар,0,10,10
2026-09-25 15:18:21,WR175711,Теннисная ракетка Wilson RF 01 Future Lite,Ракетки для тенниса,Изменение количества,1,11,10
2026-09-25 15:18:21,WR151311,Теннисная ракетка Wilson RF 01 Pro,Ракетки для тенниса,Новый товар,0,3,3
2026-09-25 15:18:21,WR193610H,Теннисная ракетка Wilson Roland Garros 2026 Elite 21,Ракетки для тенниса,Изменение количества,5,9,4
2026-09-25 15:18:21,WR193510H,Теннисная ракетка Wilson Roland Garros 2026 Elite 23,Ракетки для тенниса,Новый товар,0,6,6
2026-09-25 15:18:21,WR193410H,Теннисная ракетка Wilson Roland Garros 2026 Elite 25,Ракетки для тенниса,Новый товар,0,4,4
2026-09-25 15:18:21,WR192910,Теннисная ракетка Wilson Roland Garros 2026 Team 102,Ракетки для тенниса,Новый товар,0,4,4
2026-09-25 15:18:21,WR145411,Теннисная ракетка Wilson Shift 99 PRO V1.0,Ракетки для тенниса,Новый товар,0,6,6
2026-09-25 15:18:21,WR145311,Теннисная ракетка Wilson Shift 99 V1.0,Ракетки для тенниса,Изменение количества,5,11,6
2026-09-25 15:18:21,WR145511,Теннисная ракетка Wilson Shift 99L V1.0,Ракетки для тенниса,Новый товар,0,10,10
2026-09-25 15:18:21,WR171910,Теннисная ракетка Wilson Slam Boys Junior 23,Ракетки для тенниса,Изменение количества,4,10,6
2026-09-25 15:18:21,WR171810,Теннисная ракетка Wilson Slam Boys Junior 25,Ракетки для тенниса,Изменение количества,5,9,4
2026-09-25 15:18:21,WR178811,Теннисная ракетка Wilson Ultra 100 V5.0,Ракетки для тенниса,Новый товар,0,9,9
2026-09-25 15:18:21,WR178911,Теннисная ракетка Wilson Ultra 100L V5.0,Ракетки для тенниса,Новый товар,0,10,10
2026-09-25 15:18:21,WR204311,Теннисная ракетка Wilson Ultra 100L V5.0 Roland Garros 2026,Ракетки для тенниса,Новый товар,0,6,6
2026-09-25 15:18:21,WR179010,Теннисная ракетка Wilson Ultra 100UL V5.0,Ракетки для тенниса,Новый товар,0,13,13
2026-09-25 15:18:21,WR179210,Теннисная ракетка Wilson Ultra 25 V5.0,Ракетки для тенниса,Новый товар,0,6,6
2026-09-25 15:18:21,WR179310,Теннисная ракетка Wilson Ultra 26 V5.0,Ракетки для тенниса,Новый товар,0,6,6
2026-09-25 15:18:21,WR178711,Теннисная ракетка Wilson Ultra 99 Pro V5.0,Ракетки для тенниса,Изменение количества,4,6,2
2026-09-25 15:18:21,WR146810,Теннисная ракетка Wilson Ultra POWER 100,Ракетки для тенниса,Новый товар,0,4,4
2026-09-25 15:18:21,WR198310,Теннисная ракетка Wilson US OPEN GS 105,Ракетки для тенниса,Новый товар,0,3,3
2026-09-25 15:18:21,571071,Теннисные мячи Head 3B Pro Blue,Мячи для тенниса,Изменение количества,11,10,-1
2026-09-25 15:18:21,TB-005,Теннисные мячи 7/6 3B Green,Мячи для тенниса,Изменение количества,102,101,-1
2026-09-25 15:18:21,TB-001,Теннисные мячи 7/6 3B Pro,Мячи для тенниса,Изменение количества,2514,2501,-13
2026-09-25 15:18:21,TB-005,Теннисные мячи 7/6 Green 3 X 24,Мячи для тенниса,Изменение количества,17,16,-1
2026-09-25 15:18:21,TB76-006,Теннисные мячи 7/6 Pro 3 X 24,Мячи для тенниса,Изменение количества,12,11,-1
2026-09-25 15:18:21,570823,Теннисные мячи Head 3B Tour XT,Мячи для тенниса,Изменение количества,125,123,-2
2026-09-25 15:18:21,578413,Теннисные мячи Head Green 3 ball,Мячи для тенниса,Изменение количества,97,96,-1
2026-09-25 15:18:21,578433,Теннисные мячи Head Red 3 ball,Мячи для тенниса,Изменение количества,139,138,-1
2026-09-25 15:18:21,578423,Теннисные мячи Head Stage 2 Orange 3 ball,Мячи для тенниса,Изменение количества,24,23,-1
2026-09-25 15:18:21,340982,Теннисные мячи Slazenger Wimbledon 2026 4B,Мячи для тенниса,Изменение количества,159,158,-1
2026-09-25 15:18:21,WR8218402001,Теннисные мячи Wilson 3B Championship Legacy Yellow,Мячи для тенниса,Изменение количества,71,69,-2
2026-09-25 15:18:21,200,Брелок ракетка с мячиком mix,Аксессуары,Изменение количества,51,50,-1
2026-09-25 15:18:21,WRZ7426-WH,Маркер Wilson Stencil White,Аксессуары,Изменение количества,9,8,-1
2026-09-25 15:18:21,76WBL-WH,Напульсники 7/6 Wristband Long - White,Аксессуары,Изменение количества,81,79,-2
2026-09-25 15:18:21,4C31-522,Носки 7/6 Socks Black,Аксессуары,Изменение количества,222,221,-1
2026-09-25 15:18:21,816955-WH,Носки Head Kids 3P All sports Sneaker,Аксессуары,Новый товар,0,36,36
2026-09-25 15:18:21,811904-BKW,Носки Head Performance - Black/White (3 пары),Аксессуары,Изменение количества,13,12,-1
2026-09-25 15:18:21,SK0118-100,Носки Nike Court Multiplier Cushioned - White,Аксессуары,Изменение количества,29,28,-1
2026-09-25 15:18:21,285104-RD,Овергрип Head Xtremsoft red,Аксессуары,Изменение количества,126,125,-1
2026-09-25 15:18:21,WRZ4040GO,Овергрип Wilson Pro Soft Overgrip gold 3pk,Аксессуары,Изменение количества,41,40,-1
2026-09-25 15:18:21,РО76-1,Овергрип 7/6 Pro 1 PK  - White,Аксессуары,Изменение количества,163,159,-4
2026-09-25 15:18:21,STО76-1AS,Овергрип 7/6 Super Tacky 1 PK - Assorted,Аксессуары,Изменение количества,100,97,-3
2026-09-25 15:18:21,STО76-1WH,Овергрип 7/6 Super Tacky 1 PK - White,Аксессуары,Изменение количества,384,381,-3
2026-09-25 15:18:21,STO76-3FY,Овергрип 7/6 Super Tacky - Fluorescent Yellow  3 pk,Аксессуары,Изменение количества,51,50,-1
2026-09-25 15:18:21,STO76-3RD,Овергрип 7/6 Super Tacky - Purple 3 pk,Аксессуары,Изменение количества,26,25,-1
2026-09-25 15:18:21,656011-134,Овергрип Babolat My Overgrip Refill 1 шт,Аксессуары,Изменение количества,262,260,-2
2026-09-25 15:18:21,653040,Овергрип Babolat VS Grip Original 3PK - Black,Аксессуары,Изменение количества,17,16,-1
2026-09-25 15:18:21,285661,Овергрип Head Prime Tour 1 шт - Black,Аксессуары,Изменение количества,160,280,120
2026-09-25 15:18:21,285661,Овергрип Head Prime Tour 1 шт - Mint,Аксессуары,Изменение количества,180,177,-3
2026-09-25 15:18:21,285661,Овергрип Head Prime Tour 1 шт - Pink,Аксессуары,Изменение количества,78,197,119
2026-09-25 15:18:21,285661,Овергрип Head Prime Tour 1 шт - White,Аксессуары,Изменение количества,73,192,119
2026-09-25 15:18:21,285661,Овергрип Head Prime Tour 1 шт - Yellow,Аксессуары,Изменение количества,451,448,-3
2026-09-25 15:18:21,285631,Овергрип Head Prime Tour 12 pack - Black,Аксессуары,Новый товар,0,2,2
2026-09-25 15:18:21,285631,Овергрип Head Prime Tour 12 pack - Cyan Sea,Аксессуары,Изменение количества,6,5,-1
2026-09-25 15:18:21,285631,Овергрип Head Prime Tour 12 pack - Pink,Аксессуары,Изменение количества,14,16,2
2026-09-25 15:18:21,285631,Овергрип Head Prime Tour 12 pack - White,Аксессуары,Новый товар,0,2,2
2026-09-25 15:18:21,285641,Овергрип Head Prime Tour 30 pack - Black,Аксессуары,Новый товар,0,5,5
2026-09-25 15:18:21,285621,Овергрип Head Prime Tour - Black,Аксессуары,Изменение количества,49,61,12
2026-09-25 15:18:21,285621-CS,Овергрип Head Prime Tour - Cyan Sea,Аксессуары,Изменение количества,86,85,-1
2026-09-25 15:18:21,285621,Овергрип Head Prime Tour - Grey,Аксессуары,Изменение количества,90,89,-1
2026-09-25 15:18:21,285621,Овергрип Head Prime Tour - Mint,Аксессуары,Изменение количества,53,51,-2
2026-09-25 15:18:21,285621-OR,Овергрип Head Prime Tour - Orange,Аксессуары,Изменение количества,104,103,-1
2026-09-25 15:18:21,285621,Овергрип Head Prime Tour - White,Аксессуары,Изменение количества,31,43,12
2026-09-25 15:18:21,285621,Овергрип Head Prime Tour - Yellow,Аксессуары,Изменение количества,206,205,-1
2026-09-25 15:18:21,285712,Овергрип Head Xtremsoft assorty,Аксессуары,Изменение количества,49,252,203
2026-09-25 15:18:21,285124-BK,Овергрип Head XtremTrack Black,Аксессуары,Изменение количества,41,40,-1
2026-09-25 15:18:21,001,Овергрип Solinco Wonder assorty,Аксессуары,Изменение количества,138,136,-2
2026-09-25 15:18:21,001-BL,Овергрип Solinco Wonder Blue 1pk,Аксессуары,Изменение количества,38,35,-3
2026-09-25 15:18:21,001-RD,Овергрип Solinco Wonder Red 1pk,Аксессуары,Изменение количества,47,46,-1
2026-09-25 15:18:21,001-WH,Овергрип Solinco Wonder White 1pk,Аксессуары,Изменение количества,22,21,-1
2026-09-25 15:18:21,WRZ470810,Овергрип Wilson Pro Overgrip Blade Green 3 pk,Аксессуары,Изменение количества,7,6,-1
2026-09-25 15:18:21,76WBL-2OR,Пара напульсников 7/6 Wristband Long  - Orange,Аксессуары,Изменение количества,29,28,-1
2026-09-25 15:18:21,285070-BL,Пара напульсников Head 5 Synthetic Wristband - Blue,Аксессуары,Изменение количества,12,11,-1
2026-09-25 15:18:21,285070-RD,Пара напульсников Head 5 Synthetic Wristband - Red,Аксессуары,Изменение количества,27,26,-1
2026-09-25 15:18:21,285070-WH,Пара напульсников Head 5 Synthetic Wristband - White,Аксессуары,Изменение количества,5,3,-2
2026-09-25 15:18:21,TL76S-GR,Полотенце 7/6 (50*70) - Grey,Аксессуары,Изменение количества,21,20,-1
2026-09-25 15:18:21,76HB-BL,Повязка на голову 7/6 Headband - Black,Аксессуары,Изменение количества,11,5,-6
2026-09-25 15:18:21,76HB-RED,Повязка на голову 7/6 Headband - Red,Аксессуары,Изменение количества,84,83,-1
2026-09-25 15:18:21,TQ76-WH,Теннисные носки 7/6 Tour Quater - White,Аксессуары,Изменение количества,214,213,-1
2026-09-25 15:18:21,TS76-WH,Теннисные носки 7/6 Tour Sneaker - White,Аксессуары,Изменение количества,203,197,-6
2026-09-25 15:18:21,285824,Виброгаситель Head Logo Jar,Аксессуары,Изменение количества,143,142,-1
2026-09-25 15:18:21,76VC-BK,Виброгаситель 7/6 Dampener - Court Black,Аксессуары,Изменение количества,145,144,-1
2026-09-25 15:18:21,76VC-WH,Виброгаситель 7/6 Dampener - Court White,Аксессуары,Изменение количества,103,102,-1
2026-09-25 15:18:21,285525,Виброгаситель Head Pro Damp Jar,Аксессуары,Изменение количества,37,36,-1
2026-09-25 15:18:21,53SPIRIT50,Виброгаситель Tecnifiber Spirit Damp 1 шт,Аксессуары,Изменение количества,50,49,-1
2026-09-25 15:18:21,TL-Batman,Виброгаситель Tennis Life Superheroes - Batman,Аксессуары,Изменение количества,7,6,-1
2026-09-25 15:18:21,WR8405001001,Виброгаситель Wilson Animal Dampener,Аксессуары,Изменение количества,161,160,-1
2026-09-25 15:18:21,WR8438601001,Виброгаситель Wilson Pro Feel Shift Dampeners,Аксессуары,Изменение количества,81,80,-1
2026-09-25 15:18:21,WR8403801001,Виброгаситель Wilson Roland Garros Tennis Ball,Аксессуары,Изменение количества,6,4,-2
2026-09-25 15:18:21,285018-BK,Защитная лента Head Protection Tape - Black,Аксессуары,Изменение количества,32,44,12
2026-09-25 15:18:21,288777-SI,Маркер для струн Head - Silver,Оборудование,Изменение количества,1,3,2
2026-09-25 15:18:21,PR76-HUR,Ракетка для падела 7/6 Hurricane 12k Carbon,Падел - Ракетки,Изменение количества,13,12,-1
2026-09-25 15:18:21,PD76-WH,Ракетка для падела 7/6 Loop White,Падел - Ракетки,Изменение количества,8,7,-1
2026-09-25 15:18:21,PR76-TER,Ракетка для падела 7/6 Terra 18k Carbon,Падел - Ракетки,Изменение количества,11,10,-1
2026-09-25 15:18:21,150178-100,Ракетка для падела Babolat Viper Soft Juan Lebron 3.0,Падел - Ракетки,Новый товар,0,0,0
2026-09-25 15:18:21,494392,Ракетка для падела Bullpadel Hack 04 26,Падел - Ракетки,Изменение количества,3,2,-1
2026-09-25 15:18:21,494402,Ракетка для падела Bullpadel Neuron 02,Падел - Ракетки,Изменение количества,2,1,-1
2026-09-25 15:18:21,8261521,Ракетка для падела Oxdog Hyper Pro 2.0,Падел - Ракетки,Изменение количества,3,2,-1
2026-09-25 15:18:21,8261541,Ракетка для падела Oxdog Pure Tour X,Падел - Ракетки,Изменение количества,4,3,-1
2026-09-25 15:18:21,8261510,Ракетка для падела Oxdog Ultimate Pro+,Падел - Ракетки,Изменение количества,2,1,-1
2026-09-25 15:18:21,8261511,Ракетка для падела Oxdog Ultimate Pro,Падел - Ракетки,Изменение количества,2,1,-1
2026-09-25 15:18:21,AC2TA2-MIX1,Овергрип Adidas Logo Box 1pk - Mix,Падел - Аксессуары,Изменение количества,121,120,-1
2026-09-25 15:18:21,AC2BA1-BK,Овергрип Adidas Perforated 3pk - Black,Падел - Аксессуары,Изменение количества,4,3,-1
2026-09-25 15:18:21,GB-1201,Овергрип для падел ракеток BullPadel Comfort/Absorvent - Yellow,Падел - Аксессуары,Изменение количества,5,1,-4
2026-09-25 15:18:21,GB-1200,Овергрип для падел ракеток BullPadel Comfort - Neon Orange,Падел - Аксессуары,Изменение количества,4,2,-2
2026-09-25 15:18:21,GB-1200,Овергрип для падел ракеток BullPadel Comfort - White,Падел - Аксессуары,Изменение количества,26,21,-5
2026-09-25 15:18:21,GB-1603,Овергрип для падел ракеток BullPadel Thin - White,Падел - Аксессуары,Изменение количества,5,0,-5
2026-09-25 15:18:21,GB-1603,Овергрип для падел ракеток BullPadel Thin - White,Падел - Аксессуары,Товар закончился,5,0,-5
2026-09-25 15:18:21,285111-BK,Овергрип Head Padel Pro - Black,Падел - Аксессуары,Изменение количества,2,1,-1
2026-09-25 15:18:21,400748.060,Овергрип Joma Club - Yellow,Падел - Аксессуары,Изменение количества,20,19,-1
2026-09-25 15:18:21,SH76-1559,Шорты мужские 7/6 Miran Shorts - Red Alert,Одежда,Товар удалён с сайта,1,0,-1
2026-09-25 15:18:21,TACLS2502AC,Кроссовки женские Joma Ace Lady - White/Blue,Обувь,Товар удалён с сайта,1,0,-1
2026-09-25 15:18:21,IM4332-601,Кроссовки женские Nike Zoom GP Challenge Pro Clay - Pearl Pink/Pink Foam/Chalk/Light Magenta,Обувь,Товар удалён с сайта,1,0,-1
2026-09-25 15:18:21,101556,Теннисная ракетка Babolat Pure Drive Super Lite 2025,Ракетки для тенниса,Товар удалён с сайта,2,0,-2
2026-09-25 15:18:21,101524,Теннисная ракетка Babolat Pure Strike 16/19 2024,Ракетки для тенниса,Товар удалён с сайта,1,0,-1
2026-09-25 15:18:21,603758,Теннисные мячи Dunlop Indoor Foam 12 Balls,Мячи для тенниса,Товар удалён с сайта,1,0,-1
2026-09-25 15:18:21,222036,Ракетка для падела Head Radical Pro 2026,Падел - Ракетки,Товар удалён с сайта,2,0,-2
2026-09-25 15:18:21,JK5606,Сумка для падел Adidas Protour 3.4 - Black,Падел - Сумки и чехлы,Товар удалён с сайта,1,0,-1
2026-09-25 15:18:21,262254-BKCC,Сумка для падел Head Team Padel Bag L - Black/Ceramic,Падел - Сумки и чехлы,Товар удалён с сайта,1,0,-1
