Категория,Артикул,Название,Бренд,Цена,Ссылка,Размеры и наличие,Всего,Фото,Санкт-Петербург (Ярослава Гашека),Санкт-Петербург (Спортивная),Екатеринбург (Основной склад),Екатеринбург (Соболева),Екатеринбург (Парина),Екатеринбург (Бисертская),Екатеринбург (Елизаветинское шоссе),Тюмень (Народная),Уфа,Ижевск
Сумки и чехлы,ORS-1632,Чехол для ракетки 7/6 One Racket - Shell Pink,7/6,4990 ₽,https://saletennis.com/catalog/product/chiekhol-dlia-rakietki-7-6-one-racket-shell-pink-19471/,Уфа: 4 шт | Санкт-Петербург (Спортивная): 8 шт | Тюмень (Народная): 2 шт | Ижевск: 4 шт | Парина: 5 шт | Соболева: 4 шт | Санкт-Петербург (Ярослава Гашека): 3 шт | Бисертская: 2 шт,32,data\product_images\943ea3091107.png,3,8,0,4,5,2,0,2,4,4
Сумки и чехлы,260616-BL,Сумка Head Tour Racquet Bag L - Blue,Head,8902 ₽,https://saletennis.com/catalog/product/sumka-head-tour-racquet-bag-l-blue-19329/,Парина: 1 шт | Тюмень (Народная): 1 шт | Санкт-Петербург (Спортивная): 1 шт | Уфа: 1 шт,4,data\product_images\985d3cad7a5b.png,0,1,0,0,1,0,0,1,1,0
Сумки и чехлы,260104-BK,Рюкзак Head Pro X Racqpack - Black,Head,14993 ₽,https://saletennis.com/catalog/product/riukzak-head-pro-x-racqpack-black-18638/,Санкт-Петербург (Спортивная): 1 шт | Парина: 1 шт,2,data\product_images\adfc09c799eb.png,0,1,0,0,1,0,0,0,0,0
Сумки и чехлы,1920226,Рюкзак Solinco Tour Team - Black/Green,Solinco,10490 ₽,https://saletennis.com/catalog/product/riukzak-solinco-tour-team-black-green-13191/,Парина: 1 шт | Тюмень (Народная): 1 шт | Соболева: 1 шт | Санкт-Петербург (Спортивная): 1 шт,4,data\product_images\77844a59d9a2.png,0,1,0,1,1,0,0,1,0,0
Сумки и чехлы,261315-NV,Сумка Head Base Racquet Bag M - Navy,Head,5257 ₽,https://saletennis.com/catalog/product/sumka-head-base-racquet-bag-m-navy-18140/,Бисертская: 1 шт,1,data\product_images\24f9b0b898d7.png,0,0,0,0,0,1,0,0,0,0
Сумки и чехлы,WR8023001001,Рюкзак Wilson Team Backpack Heather - Green,Wilson,7992 ₽,https://saletennis.com/catalog/product/riukzak-wilson-team-backpack-heather-green-1-16059/,Соболева: 1 шт,1,data\product_images\8d892f604b11.png,0,0,0,1,0,0,0,0,0,0
Сумки и чехлы,261225-BK,Сумка Head Base Racquet Bag S - Black,Head,4042 ₽,https://saletennis.com/catalog/product/sumka-head-base-racquet-bag-s-black-19312/,Парина: 1 шт,1,data\product_images\ea3ac08507dd.png,0,0,0,0,1,0,0,0,0,0
Сумки и чехлы,WR8030101001,Сумка Wilson Shift Super Tour 9PK V1.0,Wilson,14993 ₽,https://saletennis.com/catalog/product/sumka-wilson-shift-super-tour-9pk-v1-0-15838/,Тюмень (Народная): 1 шт | Уфа: 1 шт | Бисертская: 2 шт | Ижевск: 1 шт | Парина: 1 шт | Санкт-Петербург (Спортивная): 1 шт,7,data\product_images\85e68fb607a3.png,0,1,0,0,1,2,0,1,1,1
Сумки и чехлы,260064-TYBK,Рюкзак Head Pro X Backpack 28L - Thyme/Black,Head,7493 ₽,https://saletennis.com/catalog/product/riukzak-head-pro-x-backpack-28l-thyme-black-16849/,Санкт-Петербург (Спортивная): 1 шт | Уфа: 2 шт | Ижевск: 1 шт | Парина: 1 шт,5,data\product_images\0063ccf51b84.png,0,1,0,0,1,0,0,0,2,1
Сумки и чехлы,260216-BK,Сумка Head Tour Racquet Bag L - Black,Head,8902 ₽,https://saletennis.com/catalog/product/sumka-head-tour-racquet-bag-l-black-19449/,Тюмень (Народная): 1 шт | Ижевск: 1 шт | Основной склад Екатеринбург: 1 шт | Санкт-Петербург (Спортивная): 1 шт | Парина: 1 шт | Соболева: 1 шт,6,data\product_images\763fb1a50fb0.png,0,1,1,1,1,0,0,1,0,1
Сумки и чехлы,260206-BK,Сумка Head Tour Racquet Bag XL - Black,Head,10117 ₽,https://saletennis.com/catalog/product/sumka-head-tour-racquet-bag-xl-black-19453/,Парина: 1 шт,1,data\product_images\d6ba2984fea7.png,0,0,0,0,1,0,0,0,0,0
Сумки и чехлы,260905-SG,Сумка Head Tour Racquet Bag XL - Sage,Head,9743 ₽,https://saletennis.com/catalog/product/sumka-head-tour-racquet-bag-xl-sage-18651/,Соболева: 1 шт | Санкт-Петербург (Спортивная): 1 шт,2,data\product_images\62471401e397.png,0,1,0,1,0,0,0,0,0,0
Сумки и чехлы,40TOUKHA12,Сумка Tecnifibre Tour Endurance Khaki 12R - Green/Black,Tecnifibre,14392 ₽,https://saletennis.com/catalog/product/sumka-tecnifibre-tour-endurance-khaki-12r-green-black-16917/,Санкт-Петербург (Спортивная): 1 шт | Тюмень: 1 шт | Соболева: 1 шт,3,data\product_images\0bbb8b50ce22.png,0,1,0,1,0,0,0,1,0,0
Сумки и чехлы,260915-SG,Сумка Head Tour Racquet Bag L - Sage,Head,8243 ₽,https://saletennis.com/catalog/product/sumka-head-tour-racquet-bag-l-sage-18649/,Санкт-Петербург (Спортивная): 1 шт | Парина: 1 шт | Тюмень (Народная): 1 шт,3,data\product_images\d0645ac56f58.png,0,1,0,0,1,0,0,1,0,0
Сумки и чехлы,260406-PK,Сумка Head Pro Duffle Bag XL - Pink,Head,10522 ₽,https://saletennis.com/catalog/product/sumka-head-pro-duffle-bag-xl-pink-19348/,Соболева: 1 шт,1,data\product_images\b0f3d8599725.png,0,0,0,1,0,0,0,0,0,0
Сумки и чехлы,WR8058001001,Сумка Wilson Defyer V1 15PK Red,Wilson,19992 ₽,https://saletennis.com/catalog/product/sumka-wilson-defyer-v1-15pk-red-19350/,Санкт-Петербург (Спортивная): 1 шт | Парина: 1 шт,2,data\product_images\f8ef736f76ee.png,0,1,0,0,1,0,0,0,0,0
Сумки и чехлы,1920564,Сумка Solinco Tour Team Camo 6 pk - White/Grey,Solinco,10990 ₽,https://saletennis.com/catalog/product/sumka-solinco-tour-team-camo-6-pk-white-grey-16725/,Парина: 1 шт | Основной склад Екатеринбург: 3 шт | Ижевск: 1 шт | Санкт-Петербург (Спортивная): 1 шт | Соболева: 1 шт | Тюмень (Народная): 1 шт | Уфа: 1 шт | Бисертская: 1 шт | Тюмень: 1 шт,11,data\product_images\21907f103bd3.png,0,1,3,1,1,1,0,2,1,1
Сумки и чехлы,WR8030201001,Сумка Wilson Shift Super Tour Duffle Artic Ice,Wilson,7992 ₽,https://saletennis.com/catalog/product/sumka-wilson-shift-super-tour-duffle-artic-ice-18974/,Парина: 1 шт,1,data\product_images\186970188276.png,0,0,0,0,1,0,0,0,0,0
Сумки и чехлы,WR8029901001,Сумка Wilson Super Tour 15 Pack Shift,Wilson,19032 ₽,https://saletennis.com/catalog/product/sumka-wilson-super-tour-15-pack-shift-15524/,Тюмень (Народная): 1 шт,1,data\product_images\271d5dd98e13.png,0,0,0,0,0,0,0,1,0,0
Сумки и чехлы,TB76-BKGR,Сумка 7/6 Tournament Bag - Black/Grey,7/6,9990 ₽,https://saletennis.com/catalog/product/sumka-7-6-tournament-bag-black-grey-18657/,Санкт-Петербург (Спортивная): 2 шт | Соболева: 1 шт | Ижевск: 1 шт | Тюмень (Народная): 1 шт | Основной склад Екатеринбург: 1 шт | Уфа: 2 шт,8,data\product_images\74758c167244.png,0,2,1,1,0,0,0,1,2,1
Сумки и чехлы,260226-BK,Сумка Head Tour Racquet Bag M - Black,Head,7687 ₽,https://saletennis.com/catalog/product/sumka-head-tour-racquet-bag-m-black-19451/,Парина: 1 шт,1,data\product_images\a8ae73c5b801.png,0,0,0,0,1,0,0,0,0,0
Сумки и чехлы,260005-BK,Сумка Head Pro X Racquet Bag XL - Black,Head,14167 ₽,https://saletennis.com/catalog/product/sumka-head-pro-x-racquet-bag-xl-black-18223/,Соболева: 1 шт | Парина: 1 шт,2,data\product_images\00b0601987c6.png,0,0,0,1,1,0,0,0,0,0
Сумки и чехлы,DB76-BK,Сумка 7/6 Tennis Duffle Bag - Black,7/6,8990 ₽,https://saletennis.com/catalog/product/sumka-7-6-tennis-duffle-bag-black-18816/,Санкт-Петербург (Спортивная): 1 шт | Тюмень (Народная): 2 шт | Соболева: 1 шт | Бисертская: 1 шт | Елизаветенское шоссе: 2 шт | Ижевск: 1 шт | Уфа: 1 шт | Парина: 1 шт | Санкт-Петербург (Ярослава Гашека): 2 шт,12,data\product_images\aa02809b06ae.png,2,1,0,1,1,1,2,2,1,1
Сумки и чехлы,1920567,Сумка Solinco Tour Team Camo 6 pk - Black/Grey,Solinco,10990 ₽,https://saletennis.com/catalog/product/sumka-solinco-tour-team-camo-6-pk-black-grey-16724/,Парина: 1 шт | Уфа: 1 шт | Соболева: 1 шт | Бисертская: 1 шт | Тюмень (Народная): 1 шт | Ижевск: 1 шт | Основной склад Екатеринбург: 5 шт | Санкт-Петербург (Спортивная): 1 шт,12,data\product_images\c97d65399971.png,0,1,5,1,1,1,0,1,1,1
Сумки и чехлы,260774-MONSTER,Рюкзак Head Tour Backpack 14L - Monster,Head,2990 ₽,https://saletennis.com/catalog/product/riukzak-head-tour-backpack-14l-monster-16851/,Соболева: 1 шт | Парина: 1 шт | Основной склад Екатеринбург: 12 шт | Бисертская: 1 шт | Тюмень (Народная): 2 шт | Уфа: 2 шт | Санкт-Петербург (Спортивная): 1 шт,20,data\product_images\b5b754f07803.png,0,1,12,1,1,1,0,2,2,0
Сумки и чехлы,261026-PK,Сумка Head Base Racquet Bag S - Pink,Head,4042 ₽,https://saletennis.com/catalog/product/sumka-head-base-racquet-bag-s-pink-19313/,Санкт-Петербург (Спортивная): 1 шт,1,data\product_images\b5ca1c5abef5.png,0,1,0,0,0,0,0,0,0,0
Сумки и чехлы,261205-BK,Сумка Head Base Racquet Bag L - Black,Head,6472 ₽,https://saletennis.com/catalog/product/sumka-head-base-racquet-bag-l-black-19362/,Ижевск: 1 шт | Парина: 1 шт | Соболева: 1 шт,3,data\product_images\36e7bb4d6ada.png,0,0,0,1,1,0,0,0,0,1
Сумки и чехлы,260336-OR,Рюкзак Head Tour Backpack 25L - Orange,Head,8092 ₽,https://saletennis.com/catalog/product/riukzak-head-tour-backpack-25l-orange-19318/,Ижевск: 1 шт | Уфа: 1 шт | Тюмень (Народная): 1 шт | Санкт-Петербург (Спортивная): 1 шт | Парина: 1 шт,5,data\product_images\3901b14d1104.png,0,1,0,0,1,0,0,1,1,1
Сумки и чехлы,260156-NV,Рюкзак Head Pro Backpack 28L - Navy,Head,6877 ₽,https://saletennis.com/catalog/product/riukzak-head-pro-backpack-28l-navy-19445/,Тюмень (Народная): 1 шт | Санкт-Петербург (Спортивная): 2 шт | Парина: 1 шт | Ижевск: 1 шт,5,data\product_images\b41c1ba7bef9.png,0,2,0,0,1,0,0,1,0,1
Сумки и чехлы,260835,Сумка Head Tour Racquet Bag S - Navy,Head,5843 ₽,https://saletennis.com/catalog/product/sumka-head-tour-racquet-bag-s-navy-18024/,Соболева: 1 шт | Парина: 1 шт,2,data\product_images\d67b58a3f9b4.png,0,0,0,1,1,0,0,0,0,0
Сумки и чехлы,BA5451-PL,Сумка 7/6 Racket Holder 6 Rackets - Purple,7/6,5990 ₽,https://saletennis.com/catalog/product/sumka-7-6-racket-holder-6-rackets-purple-16792/,Бисертская: 1 шт | Основной склад Екатеринбург: 1 шт | Соболева: 1 шт | Парина: 1 шт | Санкт-Петербург (Ярослава Гашека): 1 шт | Санкт-Петербург (Спортивная): 2 шт | Уфа: 1 шт,8,data\product_images\b57b5229a71a.png,1,2,1,1,1,1,0,0,1,0
Сумки и чехлы,260606-BL,Сумка Head Tour Racquet Bag XL - Blue,Head,10522 ₽,https://saletennis.com/catalog/product/sumka-head-tour-racquet-bag-xl-blue-19335/,Санкт-Петербург (Спортивная): 1 шт,1,data\product_images\f954fa10c10b.png,0,1,0,0,0,0,0,0,0,0
Сумки и чехлы,260636-BL,Рюкзак Head Tour Backpack 25L - Blue,Head,8092 ₽,https://saletennis.com/catalog/product/riukzak-head-tour-backpack-25l-blue-19325/,Уфа: 1 шт | Тюмень (Народная): 1 шт | Соболева: 1 шт | Парина: 1 шт | Санкт-Петербург (Спортивная): 1 шт | Ижевск: 1 шт,6,data\product_images\6e0eae88912a.png,0,1,0,1,1,0,0,1,1,1
Сумки и чехлы,261305-NV,Сумка Head Base Racquet Bag L - Navy,Head,6472 ₽,https://saletennis.com/catalog/product/sumka-head-base-racquet-bag-l-navy-19311/,Санкт-Петербург (Спортивная): 1 шт | Соболева: 1 шт | Тюмень (Народная): 1 шт | Ижевск: 1 шт,4,data\product_images\e7dd1c1bc3fe.png,0,1,0,1,0,0,0,1,0,1
Сумки и чехлы,DB76-WH,Сумка 7/6 Tennis Duffle Bag - White,7/6,8990 ₽,https://saletennis.com/catalog/product/sumka-7-6-tennis-duffle-bag-white-18817/,Елизаветенское шоссе: 1 шт | Парина: 1 шт | Санкт-Петербург (Ярослава Гашека): 1 шт | Санкт-Петербург (Спортивная): 1 шт | Ижевск: 1 шт,5,data\product_images\0eb6b1960b46.png,1,1,0,0,1,0,1,0,0,1
Сумки и чехлы,260115-BKDG,Сумка Head Pro X Duffle L - Black/Dark Grey,Head,13293 ₽,https://saletennis.com/catalog/product/sumka-head-pro-x-duffle-l-black-dark-grey-18639/,Тюмень (Народная): 1 шт | Бисертская: 1 шт | Парина: 1 шт | Соболева: 1 шт | Уфа: 1 шт | Санкт-Петербург (Спортивная): 2 шт | Основной склад Екатеринбург: 1 шт,8,data\product_images\b65ed6c254f8.png,0,2,1,1,1,1,0,1,1,0
Сумки и чехлы,WR8024201001,Рюкзак Wilson Tour Backpack - Ultra Blue,Wilson,11192 ₽,https://saletennis.com/catalog/product/riukzak-wilson-tour-backpack-ultra-blue-16060/,Тюмень: 1 шт,1,data\product_images\34a2c6f793b4.png,0,0,0,0,0,0,0,1,0,0
Сумки и чехлы,shoebag1,Мешок для обуви Saletennis,Saletennis,490 ₽,https://saletennis.com/catalog/product/mieshok-dlia-obuvi-saletennis-14405/,Соболева: 2 шт | Парина: 1 шт | Тюмень: 3 шт | Санкт-Петербург (Ярослава Гашека): 8 шт | Бисертская: 3 шт | Основной склад Екатеринбург: 123 шт | Тюмень (Народная): 15 шт | Санкт-Петербург (Спортивная): 11 шт,166,data\product_images\e6f21902e60f.png,8,11,123,2,1,3,0,18,0,0
Сумки и чехлы,TB76-BL,Рюкзак 7/6 Tennis Backpack 2.0 - Blue,7/6,6990 ₽,https://saletennis.com/catalog/product/riukzak-7-6-tennis-backpack-2-0-blue-16789/,Санкт-Петербург (Ярослава Гашека): 2 шт | Бисертская: 1 шт | Санкт-Петербург (Спортивная): 3 шт | Уфа: 1 шт | Ижевск: 1 шт | Соболева: 1 шт,9,data\product_images\b59815df8d70.png,2,3,0,1,0,1,0,0,1,1
Сумки и чехлы,260125-BKDG,Рюкзак Head Pro X Backpack 30L - Black/Dark Grey,Head,11332 ₽,https://saletennis.com/catalog/product/riukzak-head-pro-x-backpack-30l-black-dark-grey-18645/,Санкт-Петербург (Спортивная): 1 шт | Ижевск: 1 шт | Соболева: 1 шт | Тюмень (Народная): 1 шт | Парина: 1 шт | Бисертская: 1 шт | Уфа: 1 шт | Тюмень: 1 шт,8,data\product_images\6f1bc006bcce.png,0,1,0,1,1,1,0,2,1,1
Сумки и чехлы,ORS-7601,Чехол для ракетки 7/6 One Racket - Black,7/6,4990 ₽,https://saletennis.com/catalog/product/chiekhol-dlia-rakietki-7-6-one-racket-black-19469/,Соболева: 4 шт | Бисертская: 2 шт | Уфа: 3 шт | Ижевск: 4 шт | Тюмень (Народная): 3 шт | Санкт-Петербург (Спортивная): 8 шт | Санкт-Петербург (Ярослава Гашека): 2 шт | Парина: 5 шт,31,data\product_images\6bb4e37097e7.png,2,8,0,4,5,2,0,3,3,4
Сумки и чехлы,262344-BLBK,Рюкзак Head Team Backpack 21L - Blue/Black,Head,3799 ₽,https://saletennis.com/catalog/product/riukzak-head-team-backpack-21l-blue-black-17726/,Парина: 1 шт,1,data\product_images\15c60d0db8b6.png,0,0,0,0,1,0,0,0,0,0
Сумки и чехлы,KB276-PK,Детский рюкзак 7/6 Kids Backpack 2.0 - Pink,7/6,4990 ₽,https://saletennis.com/catalog/product/dietskii-riukzak-7-6-kids-backpack-2-0-pink-18815/,Санкт-Петербург (Ярослава Гашека): 3 шт | Ижевск: 1 шт | Санкт-Петербург (Спортивная): 5 шт | Парина: 1 шт | Тюмень (Народная): 1 шт | Бисертская: 2 шт,13,data\product_images\068d0979d61e.png,3,5,0,0,1,2,0,1,0,1
Сумки и чехлы,260015-BK,Сумка Head Pro X Racquet Bag L - Black,Head,12952 ₽,https://saletennis.com/catalog/product/sumka-head-pro-x-racquet-bag-l-black-18222/,Бисертская: 1 шт,1,data\product_images\c35d82b90bd0.png,0,0,0,0,0,1,0,0,0,0
Сумки и чехлы,260814-FO,Сумка Head Tour Racquet Bag XL - Fluo/Orange,Head,10522 ₽,https://saletennis.com/catalog/product/sumka-head-tour-racquet-bag-xl-fluo-orange-17055/,Ижевск: 1 шт,1,data\product_images\f1e0f7972002.png,0,0,0,0,0,0,0,0,0,1
Сумки и чехлы,751248-100,Сумка Babolat Pure Strike 9 Pack 2026,Babolat,15192 ₽,https://saletennis.com/catalog/product/sumka-babolat-pure-strike-9-pack-2026-18753/,Парина: 2 шт,2,data\product_images\3026b168ed1c.png,0,0,0,0,2,0,0,0,0,0
Сумки и чехлы,40TOURIGBP,Рюкзак Tecnifibre Tour Endurance IGA - Orange,Tecnifibre,8392 ₽,https://saletennis.com/catalog/product/riukzak-tecnifibre-tour-endurance-iga-orange-19081/,Соболева: 1 шт | Уфа: 1 шт | Санкт-Петербург (Спортивная): 1 шт | Парина: 1 шт,4,data\product_images\75a3cdb6b84c.png,0,1,0,1,1,0,0,0,1,0
Сумки и чехлы,WR8010501001,Сумка Wilson Super Tour 9PK - Red,Wilson,19493 ₽,https://saletennis.com/catalog/product/sumka-wilson-super-tour-9pk-red-16065/,Бисертская: 1 шт,1,data\product_images\8e973e0750cb.png,0,0,0,0,0,1,0,0,0,0
Сумки и чехлы,751234-136,Сумка Babolat Pure Drive 6 Pack 2025,Babolat,15992 ₽,https://saletennis.com/catalog/product/sumka-babolat-pure-drive-6-pack-2025-17510/,Парина: 1 шт,1,data\product_images\5bc01fada407.png,0,0,0,0,1,0,0,0,0,0
Сумки и чехлы,261235-BK,Рюкзак Head Base Backpack 17L - Black,Head,3637 ₽,https://saletennis.com/catalog/product/riukzak-head-base-backpack-17l-black-18136/,Санкт-Петербург (Спортивная): 1 шт | Соболева: 1 шт | Парина: 2 шт,4,data\product_images\1d6ca8ba672c.png,0,1,0,1,2,0,0,0,0,0
Сумки и чехлы,260213,Сумка Head Pro Racquet Bag L - Dark Cyan/Fluo Orange,Head,9368 ₽,https://saletennis.com/catalog/product/sumka-head-pro-racquet-bag-l-dark-cyan-fluo-orange-15481/,Соболева: 1 шт | Парина: 1 шт,2,data\product_images\d4c412f9ed1a.png,0,0,0,1,1,0,0,0,0,0
Сумки и чехлы,260414-LLAN,Сумка Head Pro Duffle Bag M - Liquid Lime/Anthracite,Head,10493 ₽,https://saletennis.com/catalog/product/sumka-head-pro-duffle-bag-m-liquid-lime-anthracite-18648/,Уфа: 1 шт | Тюмень (Народная): 1 шт | Соболева: 1 шт | Парина: 2 шт | Санкт-Петербург (Спортивная): 2 шт,7,data\product_images\abede18238db.png,0,2,0,1,2,0,0,1,1,0
Сумки и чехлы,WR8012201001,Сумка Wilson Super Tour Travel Bag - Red,Wilson,25992 ₽,https://saletennis.com/catalog/product/sumka-wilson-super-tour-travel-bag-red-11235/,Соболева: 1 шт,1,data\product_images\145c1c9f51ae.png,0,0,0,1,0,0,0,0,0,0
Сумки и чехлы,WR8051901001,Рюкзак Wilson Pro Staff Classic Backpack,Wilson,11192 ₽,https://saletennis.com/catalog/product/riukzak-wilson-pro-staff-classic-backpack-18705/,Бисертская: 1 шт,1,data\product_images\de73091d7bf4.png,0,0,0,0,0,1,0,0,0,0
Сумки и чехлы,1920568,Рюкзак Solinco Tour Team Camo - Black/Grey,Solinco,6990 ₽,https://saletennis.com/catalog/product/riukzak-solinco-tour-team-camo-black-grey-16721/,Ижевск: 1 шт | Санкт-Петербург (Спортивная): 1 шт | Парина: 2 шт | Соболева: 1 шт | Тюмень: 1 шт | Уфа: 1 шт | Тюмень (Народная): 1 шт | Бисертская: 1 шт,9,data\product_images\d4c0bc6a12e8.png,0,1,0,1,2,1,0,2,1,1
Сумки и чехлы,WR8036701001,Сумка Wilson Super Tour 9R - Red,Wilson,15992 ₽,https://saletennis.com/catalog/product/sumka-wilson-super-tour-9r-red-17203/,Соболева: 1 шт | Парина: 1 шт,2,data\product_images\97de74a39d36.png,0,0,0,1,1,0,0,0,0,0
Сумки и чехлы,260236-BK,Сумка Head Tour Racquet Bag S - Black,Head,5419 ₽,https://saletennis.com/catalog/product/sumka-head-tour-racquet-bag-s-black-19452/,Санкт-Петербург (Спортивная): 1 шт,1,data\product_images\b44070efe34a.png,0,1,0,0,0,0,0,0,0,0
Сумки и чехлы,260956-BK,Сумка Head Tour Travel Bag - Black,Head,16111 ₽,https://saletennis.com/catalog/product/sumka-head-tour-travel-bag-black-19455/,Санкт-Петербург (Спортивная): 1 шт | Основной склад Екатеринбург: 3 шт,4,data\product_images\016ac6faeba2.png,0,1,3,0,0,0,0,0,0,0
Сумки и чехлы,753110-136,Рюкзак Babolat Pure Drive 2025,Babolat,11992 ₽,https://saletennis.com/catalog/product/riukzak-babolat-pure-drive-2025-17508/,Парина: 1 шт,1,data\product_images\85f915df1ec7.png,0,0,0,0,1,0,0,0,0,0
Сумки и чехлы,262036-PU,Рюкзак Head Tour Backpack 25L - Purple,Head,8092 ₽,https://saletennis.com/catalog/product/riukzak-head-tour-backpack-25l-purple-19327/,Ижевск: 1 шт | Парина: 1 шт,2,data\product_images\53a6dabfb3c6.png,0,0,0,0,1,0,0,0,0,1
Сумки и чехлы,WR8037401001,Рюкзак Wilson Tour Backpack 2025 Black,Wilson,9992 ₽,https://saletennis.com/catalog/product/riukzak-wilson-tour-backpack-2025-black-18264/,Бисертская: 1 шт | Ижевск: 1 шт | Уфа: 1 шт | Тюмень: 1 шт | Парина: 1 шт,5,data\product_images\6b7b7ca09d14.png,0,0,0,0,1,1,0,1,1,1
Сумки и чехлы,261915,Рюкзак Head Tour Backpack 30L - Alternate Edition,Head,6993 ₽,https://saletennis.com/catalog/product/riukzak-head-tour-backpack-30l-alternate-edition-18221/,Уфа: 1 шт,1,data\product_images\877d0f6fe286.png,0,0,0,0,0,0,0,0,1,0
Сумки и чехлы,260116-NV,Сумка Head Pro Racquet Bag L - Navy,Head,10117 ₽,https://saletennis.com/catalog/product/sumka-head-pro-racquet-bag-l-navy-19447/,Соболева: 1 шт | Парина: 1 шт | Основной склад Екатеринбург: 2 шт | Санкт-Петербург (Спортивная): 1 шт | Тюмень (Народная): 1 шт,6,data\product_images\552e884a8539.png,0,1,2,1,1,0,0,1,0,0
Сумки и чехлы,1920194,Сумка Solinco Travel Roller Bag - Black,Solinco,25990 ₽,https://saletennis.com/catalog/product/sumka-solinco-travel-roller-bag-black-19136/,Основной склад Екатеринбург: 2 шт,2,data\product_images\a8a9ea9548c8.png,0,0,2,0,0,0,0,0,0,0
Сумки и чехлы,260436-PK,Рюкзак Head Tour Backpack 25L - Pink,Head,8092 ₽,https://saletennis.com/catalog/product/riukzak-head-tour-backpack-25l-pink-19319/,Санкт-Петербург (Спортивная): 1 шт,1,data\product_images\1cac7afacadf.png,0,1,0,0,0,0,0,0,0,0
Сумки и чехлы,751249-100,Сумка Babolat Pure Strike 6 Pack 2026,Babolat,15992 ₽,https://saletennis.com/catalog/product/sumka-babolat-pure-strike-6-pack-2026-18752/,Санкт-Петербург (Спортивная): 1 шт,1,data\product_images\f307c9fcffa6.png,0,1,0,0,0,0,0,0,0,0
Сумки и чехлы,WR8037201001,Сумка Wilson Super Tour Travel Bag 2025,Wilson,19390 ₽,https://saletennis.com/catalog/product/sumka-wilson-super-tour-travel-bag-2025-17143/,Основной склад Екатеринбург: 1 шт | Санкт-Петербург (Спортивная): 1 шт | Тюмень (Народная): 1 шт | Соболева: 1 шт,4,data\product_images\4f7313e6eca4.png,0,1,1,1,0,0,0,1,0,0
Сумки и чехлы,260326-OR,Сумка Head Tour Racquet Bag S - Orange,Head,5662 ₽,https://saletennis.com/catalog/product/sumka-head-tour-racquet-bag-s-orange-19321/,Парина: 1 шт | Санкт-Петербург (Спортивная): 1 шт | Соболева: 1 шт | Тюмень (Народная): 1 шт,4,data\product_images\389c4561dd9b.png,0,1,0,1,1,0,0,1,0,0
Сумки и чехлы,262006-PU,Сумка Head Tour Racquet Bag XL - Purple,Head,10522 ₽,https://saletennis.com/catalog/product/sumka-head-tour-racquet-bag-xl-purple-19337/,Бисертская: 1 шт | Санкт-Петербург (Спортивная): 1 шт,2,data\product_images\6348273083de.png,0,1,0,0,0,1,0,0,0,0
Сумки и чехлы,1920565,Рюкзак Solinco Tour Team Camo - White/Grey,Solinco,6990 ₽,https://saletennis.com/catalog/product/riukzak-solinco-tour-team-camo-white-grey-16722/,Парина: 1 шт | Уфа: 1 шт | Соболева: 2 шт | Тюмень (Народная): 1 шт | Ижевск: 1 шт | Бисертская: 1 шт,7,data\product_images\82dd64b03187.png,0,0,0,2,1,1,0,1,1,1
Сумки и чехлы,261325-NV,Сумка Head Base Racquet Bag S - Navy,Head,4042 ₽,https://saletennis.com/catalog/product/sumka-head-base-racquet-bag-s-navy-19363/,Санкт-Петербург (Спортивная): 1 шт | Парина: 1 шт,2,data\product_images\da0fae3238b5.png,0,1,0,0,1,0,0,0,0,0
Сумки и чехлы,260155-BKDG,Сумка Head Pro X Sport Bag - Black/Dark Grey,Head,11592 ₽,https://saletennis.com/catalog/product/sumka-head-pro-x-sport-bag-black-dark-grey-18640/,Тюмень (Народная): 1 шт | Соболева: 1 шт | Уфа: 1 шт,3,data\product_images\0e36ccff07c7.png,0,0,0,1,0,0,0,1,1,0
Сумки и чехлы,260404-LLAN,Сумка Head Pro Duffle Bag L - Liquid Lime/Anthracite,Head,11993 ₽,https://saletennis.com/catalog/product/sumka-head-pro-duffle-bag-l-liquid-lime-anthracite-18647/,Тюмень (Народная): 1 шт | Парина: 1 шт | Соболева: 1 шт | Санкт-Петербург (Спортивная): 1 шт,4,data\product_images\4792b35f86c0.png,0,1,0,1,1,0,0,1,0,0
Сумки и чехлы,260914-CCTE,Сумка Head Tour Racquet Bag XL - Ceramic/Teal,Head,9743 ₽,https://saletennis.com/catalog/product/sumka-head-tour-racquet-bag-xl-ceramic-teal-17054/,Парина: 1 шт | Тюмень (Народная): 1 шт,2,data\product_images\3f5f824ae882.png,0,0,0,0,1,0,0,1,0,0
Сумки и чехлы,260246-BK,Рюкзак Head Tour Backpack 25L - Black,Head,6472 ₽,https://saletennis.com/catalog/product/riukzak-head-tour-backpack-25l-black-19446/,Уфа: 1 шт | Ижевск: 1 шт | Санкт-Петербург (Спортивная): 1 шт,3,data\product_images\939a9763c86c.png,0,1,0,0,0,0,0,0,1,1
Сумки и чехлы,262016-PU,Сумка Head Tour Racquet Bag L - Purple,Head,8902 ₽,https://saletennis.com/catalog/product/sumka-head-tour-racquet-bag-l-purple-19331/,Парина: 1 шт,1,data\product_images\e2a87396a1c8.png,0,0,0,0,1,0,0,0,0,0
Сумки и чехлы,WR8058101001,Сумка Wilson Defyer V1 9PK Red,Wilson,16792 ₽,https://saletennis.com/catalog/product/sumka-wilson-defyer-v1-9pk-red-19351/,Ижевск: 1 шт | Бисертская: 1 шт | Парина: 1 шт,3,data\product_images\3790b29a9982.png,0,0,0,0,1,1,0,0,0,1
Сумки и чехлы,262026-PU,Сумка Head Tour Racquet Bag S - Purple,Head,5662 ₽,https://saletennis.com/catalog/product/sumka-head-tour-racquet-bag-s-purple-19334/,Санкт-Петербург (Спортивная): 1 шт,1,data\product_images\ebb7730b286d.png,0,1,0,0,0,0,0,0,0,0
Сумки и чехлы,ORS-1215,Чехол для ракетки 7/6 One Racket - Brown,7/6,4990 ₽,https://saletennis.com/catalog/product/chiekhol-dlia-rakietki-7-6-one-racket-brown-19470/,Тюмень (Народная): 1 шт | Бисертская: 2 шт | Ижевск: 3 шт | Парина: 4 шт | Санкт-Петербург (Ярослава Гашека): 3 шт | Уфа: 4 шт | Соболева: 3 шт | Санкт-Петербург (Спортивная): 8 шт,28,data\product_images\19b942fda1bc.png,3,8,0,3,4,2,0,1,4,3
Сумки и чехлы,260424-LLAN,Рюкзак Head Pro Backpack 30L - Liquid Lime/Anthracite,Head,8993 ₽,https://saletennis.com/catalog/product/riukzak-head-pro-backpack-30l-liquid-lime-anthracite-18643/,Санкт-Петербург (Спортивная): 1 шт | Тюмень (Народная): 1 шт,2,data\product_images\4896ae5a2ebb.png,0,1,0,0,0,0,0,1,0,0
Сумки и чехлы,261335-NV,Рюкзак Head Base Backpack 17L - Navy,Head,3637 ₽,https://saletennis.com/catalog/product/riukzak-head-base-backpack-17l-navy-18138/,Ижевск: 1 шт | Парина: 1 шт | Соболева: 1 шт | Тюмень (Народная): 1 шт | Санкт-Петербург (Спортивная): 1 шт | Уфа: 2 шт,7,data\product_images\8007b7f85504.png,0,1,0,1,1,0,0,1,2,1
Сумки и чехлы,260306-OR,Сумка Head Tour Racquet Bag XL - Orange,Head,10117 ₽,https://saletennis.com/catalog/product/sumka-head-tour-racquet-bag-xl-orange-19454/,Санкт-Петербург (Спортивная): 1 шт | Соболева: 1 шт,2,data\product_images\49352447abc0.png,0,1,0,1,0,0,0,0,0,0
Сумки и чехлы,260614-BKWH,Сумка Head Tour Racquet Bag XL - Black/White,Head,11737 ₽,https://saletennis.com/catalog/product/sumka-head-tour-racquet-bag-xl-black-white-18224/,Соболева: 1 шт | Бисертская: 1 шт,2,data\product_images\5d02f34b2bef.png,0,0,0,1,0,1,0,0,0,0
Сумки и чехлы,1920675,Сумка Solinco Tech Duffle Bag,Solinco,8990 ₽,https://saletennis.com/catalog/product/sumka-solinco-tech-duffle-bag-19135/,Санкт-Петербург (Спортивная): 1 шт | Тюмень (Народная): 1 шт | Соболева: 1 шт | Парина: 1 шт,4,data\product_images\2829884d7838.png,0,1,0,1,1,0,0,1,0,0
Сумки и чехлы,260744-BKWH,Рюкзак Head Tour Backpack 20L - Black/White,Head,4490 ₽,https://saletennis.com/catalog/product/riukzak-head-tour-backpack-20l-black-white-16853/,Ижевск: 1 шт | Тюмень (Народная): 1 шт | Парина: 1 шт | Уфа: 1 шт | Основной склад Екатеринбург: 5 шт | Соболева: 1 шт,10,data\product_images\dc6e6cb5dd81.png,0,0,5,1,1,0,0,1,1,1
Сумки и чехлы,TB76-GR,Рюкзак 7/6 Tennis Backpack 2.0 - Grey,7/6,9990 ₽,https://saletennis.com/catalog/product/riukzak-7-6-tennis-backpack-2-0-grey-18655/,Уфа: 1 шт | Тюмень (Народная): 1 шт | Елизаветенское шоссе: 1 шт | Бисертская: 1 шт | Ижевск: 1 шт | Парина: 2 шт | Соболева: 2 шт,9,data\product_images\006ee81f7435.png,0,0,0,2,2,1,1,1,1,1
Сумки и чехлы,260416-PK,Сумка Head Tour Racquet Bag L - Pink,Head,8902 ₽,https://saletennis.com/catalog/product/sumka-head-tour-racquet-bag-l-pink-19320/,Санкт-Петербург (Спортивная): 1 шт,1,data\product_images\89030094e552.png,0,1,0,0,0,0,0,0,0,0
Сумки и чехлы,260536-GE,Рюкзак Head Tour Backpack 25L - Green,Head,8092 ₽,https://saletennis.com/catalog/product/riukzak-head-tour-backpack-25l-green-19326/,Тюмень (Народная): 1 шт | Санкт-Петербург (Спортивная): 1 шт | Парина: 1 шт | Уфа: 1 шт,4,data\product_images\5183a1672ab2.png,0,1,0,0,1,0,0,1,1,0
Сумки и чехлы,WR8023801001,Рюкзак Wilson Junior Tennis Backpack - Light Grey/Red Blue,Wilson,5592 ₽,https://saletennis.com/catalog/product/riukzak-wilson-junior-tennis-backpack-light-grey-red-blue-15130/,Бисертская: 1 шт | Уфа: 1 шт | Тюмень (Народная): 1 шт,3,data\product_images\ee793d42aa06.png,0,0,0,0,0,1,0,1,1,0
Сумки и чехлы,260426-PK,Сумка Head Tour Racquet Bag S - Pink,Head,5662 ₽,https://saletennis.com/catalog/product/sumka-head-tour-racquet-bag-s-pink-19349/,Парина: 1 шт | Соболева: 1 шт,2,data\product_images\eb31e77458dc.png,0,0,0,1,1,0,0,0,0,0
Сумки и чехлы,753118-100,Рюкзак Babolat Pure Strike 2026,Babolat,11992 ₽,https://saletennis.com/catalog/product/riukzak-babolat-pure-strike-2026-18749/,Парина: 1 шт,1,data\product_images\088d0793ee52.png,0,0,0,0,1,0,0,0,0,0
Сумки и чехлы,40TOURIG12,Сумка Tecnifibre Tour Endurance 12R - Orange,Tecnifibre,13592 ₽,https://saletennis.com/catalog/product/sumka-tecnifibre-tour-endurance-12r-orange-19082/,Соболева: 1 шт | Тюмень (Народная): 1 шт | Санкт-Петербург (Спортивная): 1 шт,3,data\product_images\0c878c4e74f6.png,0,1,0,1,0,0,0,1,0,0
Сумки и чехлы,BA5451-BL,Сумка 7/6 Racket Holder 6 Rackets - Blue,7/6,5990 ₽,https://saletennis.com/catalog/product/sumka-7-6-racket-holder-6-rackets-blue-16791/,Соболева: 1 шт | Парина: 1 шт | Санкт-Петербург (Ярослава Гашека): 1 шт | Основной склад Екатеринбург: 1 шт | Бисертская: 1 шт,5,data\product_images\6a06f16de8ac.png,1,0,1,1,1,1,0,0,0,0
Сумки и чехлы,TB76-1559,Сумка 7/6 Tournament Bag - Red,7/6,4995 ₽,https://saletennis.com/catalog/product/sumka-7-6-tournament-bag-red-16794/,Уфа: 2 шт | Санкт-Петербург (Ярослава Гашека): 1 шт | Парина: 3 шт | Тюмень (Народная): 1 шт | Основной склад Екатеринбург: 4 шт | Соболева: 2 шт,13,data\product_images\8fbc5cac37d2.png,1,0,4,2,3,0,0,1,2,0
Сумки и чехлы,261105-CP,Сумка Head Tour Racqpack - Champagne,Head,9743 ₽,https://saletennis.com/catalog/product/sumka-head-tour-racqpack-champagne-18641/,Соболева: 1 шт | Тюмень (Народная): 2 шт,3,data\product_images\2f7302239d39.png,0,0,0,1,0,0,0,2,0,0
Сумки и чехлы,260764-BKWH,Рюкзак Head Tour Backpack 14L - Black/White,Head,3490 ₽,https://saletennis.com/catalog/product/riukzak-head-tour-backpack-14l-black-white-16850/,Уфа: 2 шт | Ижевск: 2 шт | Тюмень (Народная): 2 шт | Бисертская: 1 шт | Соболева: 2 шт,9,data\product_images\a689f87cbcc0.png,0,0,0,2,0,1,0,2,2,2
Сумки и чехлы,260626-BL,Сумка Head Tour Racquet Bag S - Blue,Head,5662 ₽,https://saletennis.com/catalog/product/sumka-head-tour-racquet-bag-s-blue-19332/,Ижевск: 1 шт | Санкт-Петербург (Спортивная): 1 шт,2,data\product_images\a46101b6b240.png,0,1,0,0,0,0,0,0,0,1
Сумки и чехлы,262244-BKCC,Рюкзак Head Team Backpack 21L - Black/Ceramic,Head,4790 ₽,https://saletennis.com/catalog/product/riukzak-head-team-backpack-21l-black-ceramic-18033/,Тюмень: 1 шт | Санкт-Петербург (Спортивная): 1 шт,2,data\product_images\1fdd7e8ed4ba.png,0,1,0,0,0,0,0,1,0,0
Сумки и чехлы,261115-DB,Сумка Head Tour Racqpack - Dark Blue,Head,10522 ₽,https://saletennis.com/catalog/product/sumka-head-tour-racqpack-dark-blue-18642/,Уфа: 1 шт | Тюмень (Народная): 1 шт | Соболева: 1 шт | Парина: 1 шт,4,data\product_images\320edaaa7256.png,0,0,0,1,1,0,0,1,1,0
Сумки и чехлы,WR8023802001,Рюкзак Wilson Junior Tennis Backpack - Blue/Orange,Wilson,4990 ₽,https://saletennis.com/catalog/product/riukzak-wilson-junior-tennis-backpack-blue-orange-15129/,Соболева: 2 шт | Уфа: 2 шт | Парина: 1 шт | Бисертская: 1 шт | Ижевск: 1 шт | Тюмень (Народная): 1 шт,8,data\product_images\cfb6b70699ff.png,0,0,0,2,1,1,0,1,2,1
Сумки и чехлы,260316-OR,Сумка Head Tour Racquet Bag L - Orange,Head,8902 ₽,https://saletennis.com/catalog/product/sumka-head-tour-racquet-bag-l-orange-19450/,Тюмень (Народная): 1 шт | Парина: 1 шт | Санкт-Петербург (Спортивная): 1 шт | Уфа: 1 шт | Ижевск: 1 шт,5,data\product_images\5c3e98005f14.png,0,1,0,0,1,0,0,1,1,1
Сумки и чехлы,751233-136,Сумка Babolat Pure Drive 12 Pack 2025,Babolat,15992 ₽,https://saletennis.com/catalog/product/sumka-babolat-pure-drive-12-pack-2025-17509/,Парина: 1 шт,1,data\product_images\26ee37770b05.png,0,0,0,0,1,0,0,0,0,0
Сумки и чехлы,1920639,Сумка Solinco Gym Duffle,Solinco,7990 ₽,https://saletennis.com/catalog/product/sumka-solinco-gym-duffle-19134/,Соболева: 1 шт | Санкт-Петербург (Спортивная): 1 шт | Парина: 1 шт,3,data\product_images\56844beb2e80.png,0,1,0,1,1,0,0,0,0,0
Сумки и чехлы,261016-PK,Сумка Head Base Racquet Bag M - Pink,Head,5257 ₽,https://saletennis.com/catalog/product/sumka-head-base-racquet-bag-m-pink-19328/,Соболева: 1 шт | Тюмень (Народная): 1 шт | Бисертская: 2 шт | Санкт-Петербург (Спортивная): 2 шт,6,data\product_images\0a2df04534a9.png,0,2,0,1,0,2,0,1,0,0
Сумки и чехлы,WR8054701001,Рюкзак Wilson Ultra Tour Junior Backpack V5 - Electric Indigo,Wilson,4792 ₽,https://saletennis.com/catalog/product/riukzak-wilson-ultra-tour-junior-backpack-v5-electric-indigo-18050/,Ижевск: 1 шт | Соболева: 1 шт | Тюмень (Народная): 1 шт,3,data\product_images\39b3f183475d.png,0,0,0,1,0,0,0,1,0,1
Сумки и чехлы,260824-FO,Сумка Head Tour Racquet Bag L - Fluo/Orange,Head,7493 ₽,https://saletennis.com/catalog/product/sumka-head-tour-racquet-bag-l-fluo-orange-18022/,Парина: 1 шт,1,data\product_images\ddb441aceebb.png,0,0,0,0,1,0,0,0,0,0
Сумки и чехлы,40TOUNAVBP,Рюкзак Tecnifibre Tour Endurance - Navy,Tecnifibre,9992 ₽,https://saletennis.com/catalog/product/riukzak-tecnifibre-tour-endurance-navy-16910/,Бисертская: 1 шт,1,data\product_images\82b031849a88.png,0,0,0,0,0,1,0,0,0,0
Сумки и чехлы,WR8044501001,Рюкзак Wilson Ultra Tour Backpack V5 - Electric Indigo,Wilson,10392 ₽,https://saletennis.com/catalog/product/riukzak-wilson-ultra-tour-backpack-v5-electric-indigo-18049/,Тюмень (Народная): 1 шт | Парина: 1 шт | Санкт-Петербург (Спортивная): 1 шт,3,data\product_images\3de03a26e5bf.png,0,1,0,0,1,0,0,1,0,0
Сумки и чехлы,260845,Рюкзак Head Tour Backpack 25L - Navy,Head,7493 ₽,https://saletennis.com/catalog/product/riukzak-head-tour-backpack-25l-navy-18021/,Ижевск: 1 шт,1,data\product_images\e5bb0d4b06e0.png,0,0,0,0,0,0,0,0,0,1
Сумки и чехлы,KB276-BL,Детский рюкзак 7/6 Kids Backpack 2.0 - Blue,7/6,4990 ₽,https://saletennis.com/catalog/product/dietskii-riukzak-7-6-kids-backpack-2-0-blue-18814/,Парина: 2 шт | Санкт-Петербург (Спортивная): 2 шт | Бисертская: 1 шт | Ижевск: 2 шт | Тюмень (Народная): 1 шт | Санкт-Петербург (Ярослава Гашека): 3 шт | Соболева: 1 шт | Уфа: 1 шт,13,data\product_images\e662879ba51f.png,3,2,0,1,2,1,0,1,1,2
Сумки и чехлы,260754-Monster,Сумка Head Tour Racquet Bag - Monster,Head,4447 ₽,https://saletennis.com/catalog/product/sumka-head-tour-racquet-bag-monster-16857/,Парина: 1 шт | Бисертская: 1 шт,2,data\product_images\8e49d9afd951.png,0,0,0,0,1,1,0,0,0,0
Сумки и чехлы,261036-PK,Рюкзак Head Base Backpack 17L - Pink,Head,3637 ₽,https://saletennis.com/catalog/product/riukzak-head-base-backpack-17l-pink-19310/,Бисертская: 1 шт | Парина: 1 шт,2,data\product_images\37f70e18602b.png,0,0,0,0,1,1,0,0,0,0
Сумки и чехлы,261945,Сумка Head Tour Racquet Bag XL Neon 2025,Head,10868 ₽,https://saletennis.com/catalog/product/sumka-head-tour-racquet-bag-xl-neon-2025-18225/,Бисертская: 1 шт | Соболева: 2 шт | Основной склад Екатеринбург: 1 шт,4,data\product_images\c2031e04e9ae.png,0,0,1,2,0,1,0,0,0,0
Сумки и чехлы,753095-342,Рюкзак Babolat Classic Black/Beige,Babolat,3990 ₽,https://saletennis.com/catalog/product/riukzak-babolat-classic-black-beige-11421/,Тюмень: 1 шт | Тюмень (Народная): 1 шт,2,data\product_images\12c5aaecced8.png,0,0,0,0,0,0,0,2,0,0
Сумки и чехлы,40TOUW2512,Сумка Tecnifibre Tour Endurance 12R 2025 - White,Tecnifibre,14792 ₽,https://saletennis.com/catalog/product/sumka-tecnifibre-tour-endurance-12r-2025-white-17087/,Тюмень (Народная): 1 шт,1,data\product_images\d6893198d2ed.png,0,0,0,0,0,0,0,1,0,0
Сумки и чехлы,TB76-RD,Рюкзак 7/6 Tennis Backpack 2.0 - Red,7/6,6990 ₽,https://saletennis.com/catalog/product/riukzak-7-6-tennis-backpack-2-0-red-16790/,Парина: 1 шт | Ижевск: 2 шт | Тюмень (Народная): 1 шт | Тюмень: 1 шт | Санкт-Петербург (Ярослава Гашека): 2 шт | Санкт-Петербург (Спортивная): 1 шт | Соболева: 1 шт | Уфа: 2 шт | Бисертская: 1 шт,12,data\product_images\f4c17edea711.png,2,1,0,1,1,1,0,2,2,2
Сумки и чехлы,CB76-BK,Сумка 7/6 Club Bag - Black,7/6,7990 ₽,https://saletennis.com/catalog/product/sumka-7-6-club-bag-black-18656/,Ижевск: 1 шт | Санкт-Петербург (Спортивная): 3 шт | Санкт-Петербург (Ярослава Гашека): 2 шт | Елизаветенское шоссе: 1 шт,7,data\product_images\6117478ac219.png,2,3,0,0,0,0,1,0,0,1
Сумки и чехлы,260035-BK,Рюкзак Head Pro X Backpack 25L - Black,Head,7493 ₽,https://saletennis.com/catalog/product/riukzak-head-pro-x-backpack-25l-black-18644/,Ижевск: 1 шт | Уфа: 2 шт | Парина: 1 шт | Санкт-Петербург (Спортивная): 3 шт | Бисертская: 1 шт | Соболева: 2 шт | Тюмень (Народная): 2 шт,12,data\product_images\2e9aac360fdf.png,0,3,0,2,1,1,0,2,2,1
Сумки и чехлы,40TOUKHABA,Рюкзак Tecnifibre Tour Endurance Khaki - Green/Black,Tecnifibre,8392 ₽,https://saletennis.com/catalog/product/riukzak-tecnifibre-tour-endurance-khaki-green-black-16912/,Санкт-Петербург (Спортивная): 1 шт,1,data\product_images\3b15acee84e2.png,0,1,0,0,0,0,0,0,0,0
Сумки и чехлы,262605-BL,Рюкзак Head Paw Patrol - Blue,Head,4042 ₽,https://saletennis.com/catalog/product/riukzak-head-paw-patrol-blue-18554/,Бисертская: 1 шт | Соболева: 1 шт,2,data\product_images\39073e19d1bd.png,0,0,0,1,0,1,0,0,0,0
Сумки и чехлы,WR8037501001,Сумка Wilson Tour Racket Bag 6 Pack 2025,Wilson,10792 ₽,https://saletennis.com/catalog/product/sumka-wilson-tour-racket-bag-6-pack-2025-18052/,Соболева: 1 шт,1,data\product_images\b1092082b202.png,0,0,0,1,0,0,0,0,0,0
Сумки и чехлы,WR8031801001,Сумка Wilson Blade Super Tour 15PK V9.0,Wilson,16490 ₽,https://saletennis.com/catalog/product/sumka-wilson-blade-super-tour-15pk-v9-0-15814/,Соболева: 1 шт,1,data\product_images\6108aa277e4d.png,0,0,0,1,0,0,0,0,0,0
Одежда,HJ8992-618,Поло женское Nike Heritage Polo - Red Stardust,Nike,6990 ₽,https://saletennis.com/catalog/product/polo-zhienskoie-nike-heritage-polo-red-stardust-18480/,M: Парина - 1 шт | S: Тюмень (Народная) - 1 шт | Уфа - 1 шт,3,data\product_images\3cea7d89e2ab.png,0,0,0,0,1,0,0,1,1,0
Одежда,WS76-0106,Шорты женские под платье 7/6 Ana - Sweet Corn,7/6,490 ₽,https://saletennis.com/catalog/product/shorty-zhienskiie-pod-plat-ie-7-6-ana-sweet-corn-15509/,XXS: Санкт-Петербург (Спортивная) - 2 шт | Основной склад Екатеринбург - 14 шт | XS: Основной склад Екатеринбург - 13 шт | Санкт-Петербург (Спортивная) - 2 шт,31,data\product_images\7d66e24bf0e8.png,0,4,27,0,0,0,0,0,0,0
Одежда,KS76-1632,Юбка женская 7/6 Kris Skirt - Shell Pink,7/6,5990 ₽,https://saletennis.com/catalog/product/iubka-zhienskaia-7-6-kris-skirt-shell-pink-19292/,XXS: Санкт-Петербург (Спортивная) - 1 шт | Санкт-Петербург (Ярослава Гашека) - 1 шт | Тюмень (Народная) - 2 шт | XS: Ижевск - 1 шт | Парина - 1 шт | Санкт-Петербург (Ярослава Гашека) - 1 шт | Тюмень (Народная) - 2 шт | Елизаветенское шоссе - 1 шт | Санкт-Петербург (Спортивная) - 1 шт | S: Ижевск - 1 шт | Уфа - 1 шт | Бисертская - 1 шт | Тюмень (Народная) - 2 шт | Парина - 1 шт | Основной склад Екатеринбург - 3 шт | Санкт-Петербург (Ярослава Гашека) - 1 шт | Санкт-Петербург (Спортивная) - 1 шт | Елизаветенское шоссе - 1 шт | M: Уфа - 1 шт | Основной склад Екатеринбург - 3 шт | Ижевск - 1 шт | Бисертская - 1 шт | Парина - 1 шт | Санкт-Петербург (Спортивная) - 2 шт | Тюмень (Народная) - 2 шт | Соболева - 1 шт | Елизаветенское шоссе - 1 шт | L: Санкт-Петербург (Ярослава Гашека) - 1 шт | Соболева - 1 шт | Санкт-Петербург (Спортивная) - 1 шт | XL: Санкт-Петербург (Спортивная) - 1 шт,40,data\product_images\8c9e3e12bb58.png,4,7,6,2,3,2,3,8,2,3
Одежда,PSH76-1632,Шорты для девочек 7/6 Poly Shorts - Shell Pink,7/6,3990 ₽,https://saletennis.com/catalog/product/shorty-dlia-dievochiek-7-6-poly-shorts-shell-pink-19410/,XS: Санкт-Петербург (Спортивная) - 1 шт | Ижевск - 1 шт | Уфа - 1 шт | Тюмень (Народная) - 2 шт | Парина - 1 шт | Соболева - 1 шт | S: Соболева - 1 шт | Ижевск - 1 шт | Основной склад Екатеринбург - 1 шт | Тюмень (Народная) - 2 шт | Уфа - 1 шт | Санкт-Петербург (Ярослава Гашека) - 1 шт | Санкт-Петербург (Спортивная) - 1 шт | M: Парина - 1 шт | Санкт-Петербург (Спортивная) - 1 шт | Санкт-Петербург (Ярослава Гашека) - 1 шт | Основной склад Екатеринбург - 1 шт | Тюмень (Народная) - 2 шт | Ижевск - 1 шт | Уфа - 1 шт | Соболева - 1 шт | L: Соболева - 1 шт | Санкт-Петербург (Ярослава Гашека) - 1 шт | Тюмень (Народная) - 1 шт | Ижевск - 1 шт | Уфа - 1 шт | Основной склад Екатеринбург - 2 шт | Санкт-Петербург (Спортивная) - 1 шт | XL: Санкт-Петербург (Ярослава Гашека) - 1 шт | Основной склад Екатеринбург - 1 шт | Соболева - 1 шт | Парина - 1 шт | Санкт-Петербург (Спортивная) - 1 шт | Уфа - 1 шт,38,data\product_images\cd83eca97c9d.png,4,5,5,5,3,0,0,7,5,4
Одежда,62GAC00201,Футболка мужская Mizuno Frontier Shadow Tee - White,Mizuno,2933 ₽,https://saletennis.com/catalog/product/futbolka-muzhskaia-mizuno-frontier-shadow-tee-white-18186/,XL: Основной склад Екатеринбург - 1 шт,1,data\product_images\07c4703f38f7.png,0,0,1,0,0,0,0,0,0,0
Одежда,IB1028-060,Поло мужское Nike Court Slam Tennis Polo - Anthracite/Cool Grey/White,Nike,13490 ₽,https://saletennis.com/catalog/product/polo-muzhskoie-nike-court-slam-tennis-polo-anthracite-cool-grey-white-19235/,M: Санкт-Петербург (Спортивная) - 1 шт | Уфа - 1 шт | L: Ижевск - 1 шт | Санкт-Петербург (Спортивная) - 1 шт | XL: Санкт-Петербург (Спортивная) - 1 шт,5,data\product_images\cea45d3d8e5b.jpg,0,3,0,0,0,0,0,0,1,1
Одежда,II3469-503,Юбка женская Nike Court Slam High-Waisted Skirt - Light Magenta,Nike,10990 ₽,https://saletennis.com/catalog/product/iubka-zhienskaia-nike-court-slam-high-waisted-skirt-light-magenta-19263/,XS: Санкт-Петербург (Спортивная) - 1 шт | S: Тюмень (Народная) - 1 шт | M: Санкт-Петербург (Спортивная) - 1 шт,3,data\product_images\8c0119faaa34.png,0,2,0,0,0,0,0,1,0,0
Одежда,IB1016-394,Футболка мужская Nike Court Advantage Slam - Barely Green/Steam/Black,Nike,11490 ₽,https://saletennis.com/catalog/product/futbolka-muzhskaia-nike-court-advantage-slam-barely-green-steam-black-19239/,S: Соболева - 1 шт | M: Тюмень (Народная) - 1 шт | L: Соболева - 1 шт | XL: Санкт-Петербург (Спортивная) - 1 шт | 2XL: Соболева - 1 шт,5,data\product_images\9a4dc9e17a28.jpg,0,1,0,3,0,0,0,1,0,0
Одежда,W1580028,Майка женская Bidi Badu Spike - Lilac/Pink,Bidi Badu,1490 ₽,https://saletennis.com/catalog/product/maika-zhienskaia-bidi-badu-spike-lilac-pink-16366/,XS: Санкт-Петербург (Спортивная) - 1 шт | Основной склад Екатеринбург - 1 шт | S: Основной склад Екатеринбург - 1 шт | Санкт-Петербург (Спортивная) - 1 шт | M: Основной склад Екатеринбург - 2 шт | Санкт-Петербург (Спортивная) - 1 шт,7,data\product_images\677e99ac0262.png,0,3,4,0,0,0,0,0,0,0
Одежда,WSA76-4109,Шорты женские 7/6 Alex Shorts - Arona,7/6,5490 ₽,https://saletennis.com/catalog/product/shorty-zhienskiie-7-6-alex-shorts-arona-18613/,XXS: Санкт-Петербург (Спортивная) - 1 шт | XS: Уфа - 1 шт | Парина - 1 шт | Соболева - 1 шт | S: Тюмень (Народная) - 1 шт,5,data\product_images\394c2f24ff8b.png,0,1,0,1,1,0,0,1,1,0
Одежда,VT76-0116,Футболка мужская 7/6 Victory Cotton T-shirt - Light Green,7/6,1995 ₽,https://saletennis.com/catalog/product/futbolka-muzhskaia-7-6-victory-cotton-t-shirt-light-green-17881/,S: Основной склад Екатеринбург - 1 шт | Тюмень (Народная) - 1 шт | M: Тюмень (Народная) - 1 шт | Основной склад Екатеринбург - 2 шт | XL: Уфа - 1 шт | XXL: Уфа - 1 шт | Санкт-Петербург (Спортивная) - 1 шт,8,data\product_images\778dbcba0ad4.png,0,1,3,0,0,0,0,2,2,0
Одежда,W2580023-NYWAQ,Майка женская Bidi Badu Beach Spirit - Neon Yellow,Bidi Badu,1490 ₽,https://saletennis.com/catalog/product/maika-zhienskaia-bidi-badu-beach-spirit-neon-yellow-15731/,XS: Основной склад Екатеринбург - 1 шт | S: Санкт-Петербург (Спортивная) - 1 шт | M: Основной склад Екатеринбург - 1 шт,3,data\product_images\159635ab49a2.png,0,1,2,0,0,0,0,0,0,0
Одежда,62GAB501-53,Футболка мужская Mizuno Mugen Shadow Graphic - Salsa,Mizuno,3990 ₽,https://saletennis.com/catalog/product/futbolka-muzhskaia-mizuno-mugen-shadow-graphic-salsa-17447/,S: Основной склад Екатеринбург - 1 шт | L: Основной склад Екатеринбург - 1 шт,2,data\product_images\a6ae9594ede7.png,0,0,2,0,0,0,0,0,0,0
Одежда,G2580030,Майка для девочки Bidi Badu Spectrum - Dark Blue/Blue/Aqua,Bidi Badu,1596 ₽,https://saletennis.com/catalog/product/maika-dlia-dievochki-bidi-badu-spectrum-dark-blue-blue-aqua-17536/,152: Санкт-Петербург (Спортивная) - 1 шт | Основной склад Екатеринбург - 1 шт | 164: Санкт-Петербург (Спортивная) - 1 шт | Уфа - 1 шт | Основной склад Екатеринбург - 2 шт,6,data\product_images\97949984b791.png,0,2,3,0,0,0,0,0,1,0
Одежда,SH9760-4056,Шорты мужские 7/6 Miran Shorts 9 - Blue Lolite,7/6,2495 ₽,https://saletennis.com/catalog/product/shorty-muzhskiie-7-6-miran-shorts-9-blue-lolite-17886/,S: Парина - 1 шт | M: Тюмень (Народная) - 2 шт | Основной склад Екатеринбург - 6 шт | L: Уфа - 1 шт | XXL: Основной склад Екатеринбург - 1 шт,11,data\product_images\1edbb2b4040a.png,0,0,7,0,1,0,0,2,1,0
Одежда,AS276-2520,Шорты под платье 7/6 Ana Shorts 2.0 - Potent Purple,7/6,2990 ₽,https://saletennis.com/catalog/product/shorty-pod-plat-ie-7-6-ana-shorts-2-0-potent-purple-18615/,XS: Тюмень (Народная) - 1 шт | Уфа - 1 шт | Соболева - 1 шт | S: Ижевск - 1 шт | Тюмень (Народная) - 1 шт | L: Тюмень (Народная) - 1 шт,6,data\product_images\3ce93e03791d.png,0,0,0,1,0,0,0,3,1,1
Одежда,FZ6463-331,Платье женское Nike Court Slam - Luminous Green,Nike,11490 ₽,https://saletennis.com/catalog/product/plat-ie-zhienskoie-nike-court-slam-luminous-green-17843/,M: Ижевск - 1 шт,1,data\product_images\3fcae2dc571a.png,0,0,0,0,0,0,0,0,0,1
Одежда,62GAC500-94,Футболка мужская Mizuno Daybreakers - Black/Vibrant Yellow,Mizuno,3143 ₽,https://saletennis.com/catalog/product/futbolka-muzhskaia-mizuno-daybreakers-black-vibrant-yellow-18406/,S: Основной склад Екатеринбург - 1 шт | L: Основной склад Екатеринбург - 1 шт,2,data\product_images\41b6ba82065b.png,0,0,2,0,0,0,0,0,0,0
Одежда,ML76-4104,Лонгслив женский 7/6 Maya Longsleeve - Antarctica,7/6,5490 ₽,https://saletennis.com/catalog/product/longhsliv-zhienskii-7-6-maya-longsleeve-antarctica-18584/,XS: Санкт-Петербург (Спортивная) - 1 шт | Парина - 1 шт | Соболева - 1 шт | M: Елизаветенское шоссе - 1 шт | Соболева - 1 шт | Ижевск - 1 шт | Санкт-Петербург (Спортивная) - 1 шт | Парина - 1 шт | XL: Санкт-Петербург (Спортивная) - 1 шт,9,data\product_images\3d83dd29885d.png,0,3,0,2,2,0,1,0,0,1
Одежда,W1580001-PL,Майка женская Bidi Badu Protected Leafs - Black/White,Bidi Badu,2490 ₽,https://saletennis.com/catalog/product/maika-zhienskaia-bidi-badu-protected-leafs-black-white-15265/,XS: Основной склад Екатеринбург - 1 шт | S: Основной склад Екатеринбург - 1 шт,2,data\product_images\259ef94b3395.png,0,0,2,0,0,0,0,0,0,0
Одежда,MJJ76-4109,Кофта мужская 7/6 Jackie Jacket Men - Arona,7/6,10990 ₽,https://saletennis.com/catalog/product/kofta-muzhskaia-7-6-jackie-jacket-men-arona-18605/,S: Санкт-Петербург (Спортивная) - 1 шт | M: Тюмень (Народная) - 1 шт | Санкт-Петербург (Спортивная) - 1 шт | L: Санкт-Петербург (Спортивная) - 1 шт | Елизаветенское шоссе - 1 шт | Парина - 1 шт | XL: Основной склад Екатеринбург - 1 шт | Тюмень (Народная) - 1 шт | Парина - 1 шт | Елизаветенское шоссе - 1 шт | XXL: Елизаветенское шоссе - 1 шт | Санкт-Петербург (Спортивная) - 1 шт,12,data\product_images\b6ec6c2d62b9.png,0,4,1,0,2,0,3,2,0,0
Одежда,62GAC701-22,Майка женская Mizuno Daybreakers Printed - Icelandic Blue,Mizuno,3143 ₽,https://saletennis.com/catalog/product/maika-zhienskaia-mizuno-daybreakers-printed-icelandic-blue-18412/,XS: Соболева - 1 шт | S: Основной склад Екатеринбург - 1 шт | M: Основной склад Екатеринбург - 2 шт,4,data\product_images\e67f8675cd4a.png,0,0,3,1,0,0,0,0,0,0
Одежда,MTL76-6131,Футболка мужская 7/6 Loddy T-Shirt 2.0 - Rigatta Blue,7/6,1995 ₽,https://saletennis.com/catalog/product/futbolka-muzhskaia-7-6-loddy-t-shirt-2-0-rigatta-blue-17877/,S: Санкт-Петербург (Спортивная) - 1 шт,1,data\product_images\74d88bd2ed18.png,0,1,0,0,0,0,0,0,0,0
Одежда,AT276-4109,Топ женский под платье 7/6 Ana Top 2.0 - Arona,7/6,2990 ₽,https://saletennis.com/catalog/product/top-zhienskii-pod-plat-ie-7-6-ana-top-2-0-arona-18592/,XS: Соболева - 1 шт | S: Санкт-Петербург (Спортивная) - 1 шт | Уфа - 1 шт | Парина - 1 шт | M: Санкт-Петербург (Спортивная) - 1 шт | XL: Санкт-Петербург (Спортивная) - 1 шт,6,data\product_images\354dcc4f6309.png,0,3,0,1,1,0,0,0,1,0
Одежда,VT76-4313,Футболка мужская 7/6 Victory Cotton T-shirt - Light Blue,7/6,1995 ₽,https://saletennis.com/catalog/product/futbolka-muzhskaia-7-6-victory-cotton-t-shirt-light-blue-17880/,S: Основной склад Екатеринбург - 3 шт | Тюмень (Народная) - 1 шт | M: Основной склад Екатеринбург - 3 шт | Санкт-Петербург (Спортивная) - 1 шт | L: Основной склад Екатеринбург - 3 шт | Санкт-Петербург (Спортивная) - 1 шт | XL: Основной склад Екатеринбург - 1 шт | XXL: Санкт-Петербург (Спортивная) - 1 шт | Основной склад Екатеринбург - 1 шт | Тюмень (Народная) - 1 шт,16,data\product_images\f6592ac065c5.png,0,3,11,0,0,0,0,2,0,0
Одежда,W1580001,Майка женская Bidi Badu Colortwist - Pink/Navy,Bidi Badu,1490 ₽,https://saletennis.com/catalog/product/maika-zhienskaia-bidi-badu-colortwist-pink-navy-15261/,S: Санкт-Петербург (Спортивная) - 1 шт | Основной склад Екатеринбург - 1 шт,2,data\product_images\cdf842d80812.png,0,1,1,0,0,0,0,0,0,0
Одежда,120052B_20_S/46,Футболка унисекс LOVE,Не определен,990 ₽,https://saletennis.com/catalog/product/futbolka-unisieks-love-15937/,S: Бисертская - 2 шт | Тюмень (Народная) - 1 шт | Основной склад Екатеринбург - 15 шт | Соболева - 1 шт | M: Бисертская - 1 шт | Основной склад Екатеринбург - 22 шт | Соболева - 1 шт | L: Основной склад Екатеринбург - 2 шт | Бисертская - 1 шт | Соболева - 2 шт,48,data\product_images\d1799ee34153.png,0,0,39,4,0,4,0,1,0,0
Одежда,W1390010-DBLMX,Юбка женская Bidi Badu Twiggy Printed - Blue/Mixed,Bidi Badu,2490 ₽,https://saletennis.com/catalog/product/iubka-zhienskaia-bidi-badu-twiggy-printed-blue-mixed-16448/,S: Основной склад Екатеринбург - 2 шт | M: Основной склад Екатеринбург - 1 шт,3,data\product_images\ae812b1f4bf8.png,0,0,3,0,0,0,0,0,0,0
Одежда,MPA76-0106,Поло мужское 7/6 Andy Polo - Light Green/Green,7/6,2495 ₽,https://saletennis.com/catalog/product/polo-muzhskoie-7-6-andy-polo-light-green-green-17868/,S: Основной склад Екатеринбург - 2 шт | Санкт-Петербург (Спортивная) - 1 шт,3,data\product_images\27bcdbaa4767.png,0,1,2,0,0,0,0,0,0,0
Одежда,MD276-1265,Платье женское 7/6 Mari Dress 2.0 - Bright Pink,7/6,2990 ₽,https://saletennis.com/catalog/product/plat-ie-zhienskoie-7-6-mari-dress-2-0-bright-pink-17895/,XXS: Основной склад Екатеринбург - 5 шт | XS: Санкт-Петербург (Спортивная) - 1 шт | Основной склад Екатеринбург - 3 шт | S: Основной склад Екатеринбург - 6 шт | M: Санкт-Петербург (Спортивная) - 1 шт | Бисертская - 1 шт | Основной склад Екатеринбург - 3 шт | L: Основной склад Екатеринбург - 2 шт | XL: Санкт-Петербург (Спортивная) - 1 шт,23,data\product_images\398db9568317.png,0,3,19,0,0,1,0,0,0,0
Одежда,W334129222,Майка женская Bidi Badu Yaka Tech - Navy/Turquoise,Bidi Badu,1990 ₽,https://saletennis.com/catalog/product/maika-zhienskaia-bidi-badu-yaka-tech-navy-turquoise-13931/,XS: Основной склад Екатеринбург - 1 шт,1,data\product_images\f72b4722280d.png,0,0,1,0,0,0,0,0,0,0
Одежда,IF1560-060,Шорты мужские Nike Court Slam 6in - Anthracite/Cool Grey/White,Nike,11490 ₽,https://saletennis.com/catalog/product/shorty-muzhskiie-nike-court-slam-6in-anthracite-cool-grey-white-19246/,S: Соболева - 1 шт | M: Санкт-Петербург (Спортивная) - 1 шт | Уфа - 1 шт | Ижевск - 1 шт | XL: Уфа - 1 шт,5,data\product_images\63944809125a.jpg,0,1,0,1,0,0,0,0,2,1
Одежда,MD276-4109,Платье женское 7/6 Mari Dress 2.0 - Arona,7/6,6990 ₽,https://saletennis.com/catalog/product/plat-ie-zhienskoie-7-6-mari-dress-2-0-arona-18582/,XXS: Санкт-Петербург (Спортивная) - 1 шт | XS: Тюмень (Народная) - 1 шт | Ижевск - 1 шт | Основной склад Екатеринбург - 1 шт | S: Бисертская - 1 шт | Соболева - 1 шт | Парина - 1 шт | Тюмень (Народная) - 1 шт | Основной склад Екатеринбург - 1 шт | M: Ижевск - 1 шт | Уфа - 1 шт | Основной склад Екатеринбург - 1 шт | XL: Уфа - 1 шт,13,data\product_images\1e66ab2d2097.png,0,1,3,1,1,1,0,2,2,2
Одежда,CV7575-376,Юбка детская Nike Court Victory Skirt - Vapor Green,Nike,3894 ₽,https://saletennis.com/catalog/product/iubka-dietskaia-nike-court-victory-skirt-vapor-green-16358/,XL: Санкт-Петербург (Спортивная) - 1 шт | Уфа - 1 шт | Парина - 2 шт,4,data\product_images\a8924eba90db.png,0,1,0,0,2,0,0,0,1,0
Одежда,IB0769-133,Шорты женские Nike Court Collection High Waist Short - Sail,Nike,11990 ₽,https://saletennis.com/catalog/product/shorty-zhienskiie-nike-court-collection-high-waist-short-sail-19182/,XS: Ижевск - 1 шт | S: Соболева - 1 шт | Санкт-Петербург (Спортивная) - 1 шт | M: Санкт-Петербург (Спортивная) - 1 шт | Уфа - 1 шт | Парина - 1 шт,6,data\product_images\d193c454ea32.png,0,2,0,1,1,0,0,0,1,1
Одежда,FD5336-736,"Шорты мужские Nike Advantage 7"" Short - Light Lemon Twist",Nike,5490 ₽,https://saletennis.com/catalog/product/shorty-muzhskiie-nike-advantage-7-short-light-lemon-twist-16238/,S: Парина - 1 шт | XL: Тюмень (Народная) - 1 шт,2,data\product_images\52dc66eec63d.png,0,0,0,0,1,0,0,1,0,0
Одежда,DR10217912635073,Футболка мужская Diadora T-Shirt Icon - Lime,Не определен,2490 ₽,https://saletennis.com/catalog/product/futbolka-muzhskaia-diadora-t-shirt-icon-lime-15318/,S: Тюмень (Народная) - 1 шт | M: Основной склад Екатеринбург - 1 шт | L: Основной склад Екатеринбург - 1 шт | Тюмень (Народная) - 1 шт,4,data\product_images\89858f01b5c0.png,0,0,2,0,0,0,0,2,0,0
Одежда,FQ2153-474,Юбка женская Nike Advantage - Glacier Blue/Black,Nike,8694 ₽,https://saletennis.com/catalog/product/iubka-zhienskaia-nike-advantage-glacier-blue-black-16991/,XS: Парина - 1 шт | Соболева - 1 шт | Санкт-Петербург (Спортивная) - 1 шт | S: Санкт-Петербург (Спортивная) - 1 шт | Тюмень (Народная) - 1 шт | Уфа - 1 шт | Соболева - 1 шт | Ижевск - 1 шт | M: Парина - 1 шт | Санкт-Петербург (Спортивная) - 1 шт,10,data\product_images\bba9a1f0cd60.jpg,0,3,0,2,2,0,0,1,1,1
Одежда,DR10217808220002,Шорты женские Diadora L. Tights - White,Не определен,1990 ₽,https://saletennis.com/catalog/product/shorty-zhienskiie-diadora-l-tights-white-15336/,XS: Основной склад Екатеринбург - 1 шт,1,data\product_images\ad4076e3a152.png,0,0,1,0,0,0,0,0,0,0
Одежда,DR10217995580013,Толстовка мужская Diadora Hoodie Core - Black/White,Не определен,3990 ₽,https://saletennis.com/catalog/product/tolstovka-muzhskaia-diadora-hoodie-core-black-white-15183/,M: Основной склад Екатеринбург - 1 шт,1,data\product_images\482812346fa4.png,0,0,1,0,0,0,0,0,0,0
Одежда,62GAC20021,Топ женский Mizuno Frontier Bra - Bel Air Blue,Mizuno,3143 ₽,https://saletennis.com/catalog/product/top-zhienskii-mizuno-frontier-bra-bel-air-blue-18177/,S: Основной склад Екатеринбург - 2 шт,2,data\product_images\cf3d2238fb90.png,0,0,2,0,0,0,0,0,0,0
Одежда,62GB2800-27,Юбка женская Mizuno Flying Skirt - Peace Blue,Mizuno,1990 ₽,https://saletennis.com/catalog/product/iubka-zhienskaia-mizuno-flying-skirt-peace-blue-14236/,XS: Основной склад Екатеринбург - 1 шт,1,data\product_images\43aa2565e1bd.png,0,0,1,0,0,0,0,0,0,0
Одежда,IB1064-845,Футболка мужская Nike Court Advantage Top Print - Laser Orange/Black,Nike,8490 ₽,https://saletennis.com/catalog/product/futbolka-muzhskaia-nike-court-advantage-top-print-laser-orange-black-19199/,S: Ижевск - 1 шт | M: Ижевск - 1 шт | Санкт-Петербург (Спортивная) - 1 шт | L: Парина - 1 шт,4,data\product_images\c0c4a9b26b8a.jpg,0,1,0,0,1,0,0,0,0,2
Одежда,ML76-4109,Лонгслив женский 7/6 Maya Longsleeve - Arona,7/6,5490 ₽,https://saletennis.com/catalog/product/longhsliv-zhienskii-7-6-maya-longsleeve-arona-18585/,XS: Елизаветенское шоссе - 1 шт | Тюмень (Народная) - 1 шт | Соболева - 1 шт | Парина - 1 шт | S: Уфа - 1 шт | Елизаветенское шоссе - 1 шт | Бисертская - 1 шт | Соболева - 1 шт | Парина - 1 шт | Тюмень (Народная) - 1 шт | M: Соболева - 1 шт | Тюмень (Народная) - 1 шт | Санкт-Петербург (Спортивная) - 1 шт | L: Парина - 1 шт | Санкт-Петербург (Спортивная) - 1 шт,15,data\product_images\8e69fa766fae.png,0,2,0,3,3,1,2,3,1,0
Одежда,62GAB502-20,Поло мужское Mizuno Mugen Shadow Polo - Blue Mirage,Mizuno,4790 ₽,https://saletennis.com/catalog/product/polo-muzhskoie-mizuno-mugen-shadow-polo-blue-mirage-17438/,S: Основной склад Екатеринбург - 1 шт | M: Санкт-Петербург (Спортивная) - 1 шт,2,data\product_images\794a0833b222.png,0,1,1,0,0,0,0,0,0,0
Одежда,SH7760-4109,Шорты мужские 7/6 Miran Shorts 7 - Arona,7/6,4490 ₽,https://saletennis.com/catalog/product/shorty-muzhskiie-7-6-miran-shorts-7-arona-18622/,M: Санкт-Петербург (Спортивная) - 1 шт | Соболева - 1 шт | Тюмень (Народная) - 1 шт | L: Парина - 1 шт | Уфа - 1 шт | XL: Соболева - 1 шт | Уфа - 1 шт,7,data\product_images\26fd13fe6554.png,0,1,0,2,1,0,0,1,2,0
Одежда,62GAB500-16,Футболка мужская Mizuno Mugen Shadow - Estate Blue,Mizuno,3490 ₽,https://saletennis.com/catalog/product/futbolka-muzhskaia-mizuno-mugen-shadow-estate-blue-17442/,L: Основной склад Екатеринбург - 1 шт,1,data\product_images\c2b9347526d9.png,0,0,1,0,0,0,0,0,0,0
Одежда,G1200001,Капри для девочек Bidi Badu Crew - Black,Bidi Badu,1436 ₽,https://saletennis.com/catalog/product/kapri-dlia-dievochiek-bidi-badu-crew-black-17268/,140: Санкт-Петербург (Спортивная) - 1 шт | Основной склад Екатеринбург - 1 шт | 152: Санкт-Петербург (Спортивная) - 1 шт | 164: Санкт-Петербург (Спортивная) - 1 шт | Основной склад Екатеринбург - 1 шт,5,data\product_images\3dfda80008a9.png,0,3,2,0,0,0,0,0,0,0
Одежда,WJJ76-4718,Кофта женская 7/6 Jackie Jacket Women - Hydro,7/6,10990 ₽,https://saletennis.com/catalog/product/kofta-zhienskaia-7-6-jackie-jacket-women-hydro-19372/,XXS: Санкт-Петербург (Ярослава Гашека) - 1 шт | Санкт-Петербург (Спортивная) - 1 шт | XS: Парина - 1 шт | Санкт-Петербург (Спортивная) - 1 шт | Елизаветенское шоссе - 1 шт | Санкт-Петербург (Ярослава Гашека) - 1 шт | S: Парина - 1 шт | Санкт-Петербург (Спортивная) - 1 шт | Уфа - 1 шт | Елизаветенское шоссе - 1 шт | Ижевск - 1 шт | Тюмень (Народная) - 1 шт | Санкт-Петербург (Ярослава Гашека) - 1 шт | M: Санкт-Петербург (Ярослава Гашека) - 1 шт | Тюмень (Народная) - 1 шт | Санкт-Петербург (Спортивная) - 1 шт | Уфа - 1 шт | Елизаветенское шоссе - 1 шт | L: Санкт-Петербург (Спортивная) - 1 шт | Санкт-Петербург (Ярослава Гашека) - 1 шт | XL: Санкт-Петербург (Ярослава Гашека) - 1 шт | Санкт-Петербург (Спортивная) - 1 шт,22,data\product_images\33f1db1882bc.png,6,6,0,0,2,0,3,2,2,1
Одежда,PSH76-0205,Шорты для девочек 7/6 Poly Shorts - Cream/Orange,7/6,2793 ₽,https://saletennis.com/catalog/product/shorty-dlia-dievochiek-7-6-poly-shorts-cream-orange-17921/,XS: Санкт-Петербург (Спортивная) - 1 шт | S: Уфа - 1 шт | Соболева - 1 шт | Основной склад Екатеринбург - 2 шт | M: Основной склад Екатеринбург - 3 шт | Уфа - 1 шт | Санкт-Петербург (Спортивная) - 1 шт | L: Соболева - 1 шт | Уфа - 1 шт | Санкт-Петербург (Спортивная) - 1 шт | Основной склад Екатеринбург - 4 шт | XL: Санкт-Петербург (Спортивная) - 1 шт | Уфа - 1 шт | Соболева - 1 шт | Основной склад Екатеринбург - 3 шт,23,data\product_images\8b3ec5361a84.png,0,4,12,3,0,0,0,0,4,0
Одежда,KT76-4104,Топ женский 7/6 Kris Top - Antarctica,7/6,5990 ₽,https://saletennis.com/catalog/product/top-zhienskii-7-6-kris-top-antarctica-18589/,XXS: Санкт-Петербург (Спортивная) - 1 шт | XS: Санкт-Петербург (Спортивная) - 1 шт | M: Соболева - 1 шт | Елизаветенское шоссе - 1 шт | Уфа - 1 шт | Бисертская - 1 шт | Санкт-Петербург (Спортивная) - 1 шт | L: Соболева - 1 шт | Санкт-Петербург (Спортивная) - 1 шт | XL: Санкт-Петербург (Спортивная) - 1 шт,10,data\product_images\13bbd2112f9c.png,0,5,0,2,0,1,1,0,1,0
Одежда,ND276-4405,Платье женское 7/6 Nika Dress 2.0 - Misty Blue,7/6,5490 ₽,https://saletennis.com/catalog/product/plat-ie-zhienskoie-7-6-nika-dress-2-0-misty-blue-19389/,XXS: Санкт-Петербург (Спортивная) - 1 шт | XS: Парина - 1 шт | Ижевск - 1 шт | Соболева - 1 шт | Санкт-Петербург (Ярослава Гашека) - 1 шт | Санкт-Петербург (Спортивная) - 1 шт | Уфа - 1 шт | S: Тюмень (Народная) - 2 шт | Соболева - 1 шт | Уфа - 1 шт | Санкт-Петербург (Спортивная) - 1 шт | Санкт-Петербург (Ярослава Гашека) - 1 шт | Парина - 1 шт | M: Ижевск - 1 шт | Тюмень (Народная) - 1 шт | Парина - 1 шт | Санкт-Петербург (Ярослава Гашека) - 1 шт | Санкт-Петербург (Спортивная) - 2 шт | Уфа - 1 шт | Соболева - 1 шт | L: Санкт-Петербург (Спортивная) - 1 шт | Парина - 1 шт | Соболева - 1 шт | XL: Санкт-Петербург (Спортивная) - 1 шт,26,data\product_images\d5c5e5a2b8fc.png,3,7,0,4,4,0,0,3,3,2
Одежда,62GAB700-01,Футболка женская Mizuno Mugen Printed Tee - White,Mizuno,1490 ₽,https://saletennis.com/catalog/product/futbolka-zhienskaia-mizuno-mugen-printed-tee-white-17436/,L: Тюмень (Народная) - 1 шт,1,data\product_images\a662f197d3a8.jpg,0,0,0,0,0,0,0,1,0,0
Одежда,FZ6928-133,Брюки мужские Nike Heritage - Sail/Turf Orange,Nike,8990 ₽,https://saletennis.com/catalog/product/briuki-muzhskiie-nike-heritage-sail-turf-orange-18837/,L: Ижевск - 1 шт,1,data\product_images\d3966e839539.jpg,0,0,0,0,0,0,0,0,0,1
Одежда,W214102222,Платье женское Bidi Badu Tuelo Tech - Blue/White/Red,Bidi Badu,3490 ₽,https://saletennis.com/catalog/product/plat-ie-zhienskoie-bidi-badu-tuelo-tech-blue-white-red-13930/,S: Санкт-Петербург (Спортивная) - 1 шт | Основной склад Екатеринбург - 1 шт,2,data\product_images\7e4f111a2906.png,0,1,1,0,0,0,0,0,0,0
Одежда,62GAB701-41,Майка женская Mizuno Mugen Printed Tank - Neo Lime,Mizuno,3490 ₽,https://saletennis.com/catalog/product/maika-zhienskaia-mizuno-mugen-printed-tank-neo-lime-17461/,XS: Основной склад Екатеринбург - 1 шт | S: Основной склад Екатеринбург - 2 шт,3,data\product_images\5bfbdbcd03b2.png,0,0,3,0,0,0,0,0,0,0
Одежда,BPL76-0119,Поло детское 7/6 Sasha Polo - Forest Elf,7/6,490 ₽,https://saletennis.com/catalog/product/polo-dietskoie-7-6-sasha-polo-forest-elf-15398/,XS: Основной склад Екатеринбург - 2 шт | S: Основной склад Екатеринбург - 6 шт | M: Основной склад Екатеринбург - 2 шт,10,data\product_images\4ced5f4958c6.png,0,0,10,0,0,0,0,0,0,0
Одежда,W1300007-DBLMX,Платье женское Bidi Badu Twiggy - Blue/Mixed,Bidi Badu,3990 ₽,https://saletennis.com/catalog/product/plat-ie-zhienskoie-bidi-badu-twiggy-blue-mixed-16440/,XS: Основной склад Екатеринбург - 2 шт | S: Основной склад Екатеринбург - 4 шт | M: Основной склад Екатеринбург - 1 шт | Санкт-Петербург (Спортивная) - 1 шт,8,data\product_images\2b822d7e24e7.png,0,1,7,0,0,0,0,0,0,0
Одежда,BPL76-0000,Поло детское 7/6 Niki Polo - Gradient,7/6,1490 ₽,https://saletennis.com/catalog/product/polo-dietskoie-7-6-niki-polo-gradient-16662/,XL: Соболева - 1 шт,1,data\product_images\f0dbd9cd84ba.png,0,0,0,1,0,0,0,0,0,0
Одежда,ML76-0515,Лонгслив женский 7/6 Maya Longsleeve - Lemon Icing,7/6,5490 ₽,https://saletennis.com/catalog/product/longhsliv-zhienskii-7-6-maya-longsleeve-lemon-icing-19375/,XXS: Санкт-Петербург (Ярослава Гашека) - 1 шт | Санкт-Петербург (Спортивная) - 1 шт | XS: Парина - 1 шт | Санкт-Петербург (Ярослава Гашека) - 1 шт | Уфа - 1 шт | Елизаветенское шоссе - 1 шт | Тюмень (Народная) - 2 шт | Санкт-Петербург (Спортивная) - 1 шт | Соболева - 1 шт | S: Тюмень (Народная) - 1 шт | Санкт-Петербург (Ярослава Гашека) - 1 шт | Санкт-Петербург (Спортивная) - 1 шт | Уфа - 1 шт | M: Санкт-Петербург (Спортивная) - 1 шт | Тюмень (Народная) - 1 шт | Санкт-Петербург (Ярослава Гашека) - 1 шт | L: Санкт-Петербург (Спортивная) - 1 шт | Санкт-Петербург (Ярослава Гашека) - 1 шт | Соболева - 1 шт | Парина - 1 шт | XL: Санкт-Петербург (Ярослава Гашека) - 1 шт | Санкт-Петербург (Спортивная) - 1 шт,23,data\product_images\dd1a096af64f.png,6,6,0,2,2,0,1,4,2,0
Одежда,DTS76-4718,Футболка мужская 7/6 Den T-Shirt Sparkle Hydro Print,7/6,4990 ₽,https://saletennis.com/catalog/product/futbolka-muzhskaia-7-6-den-t-shirt-sparkle-hydro-print-19382/,S: Санкт-Петербург (Спортивная) - 1 шт | Ижевск - 1 шт | Санкт-Петербург (Ярослава Гашека) - 1 шт | Тюмень (Народная) - 1 шт | M: Санкт-Петербург (Спортивная) - 1 шт | Ижевск - 1 шт | Бисертская - 1 шт | Уфа - 1 шт | Соболева - 1 шт | Тюмень (Народная) - 2 шт | Санкт-Петербург (Ярослава Гашека) - 1 шт | Парина - 1 шт | L: Санкт-Петербург (Ярослава Гашека) - 1 шт | Ижевск - 1 шт | Санкт-Петербург (Спортивная) - 1 шт | XL: Елизаветенское шоссе - 1 шт | Санкт-Петербург (Ярослава Гашека) - 1 шт | Санкт-Петербург (Спортивная) - 1 шт | Ижевск - 1 шт | Уфа - 1 шт | XXL: Санкт-Петербург (Спортивная) - 1 шт,22,data\product_images\3acd77b8a2df.png,4,5,0,1,1,1,1,3,2,4
Одежда,AS276-100,Шорты под платье 7/6 Ana Shorts 2.0 - White,7/6,2392 ₽,https://saletennis.com/catalog/product/shorty-pod-plat-ie-7-6-ana-shorts-2-0-white-17129/,XXS: Санкт-Петербург (Спортивная) - 1 шт | Тюмень (Народная) - 2 шт | Ижевск - 1 шт | XS: Санкт-Петербург (Спортивная) - 1 шт | Тюмень (Народная) - 2 шт | Санкт-Петербург (Ярослава Гашека) - 2 шт | S: Тюмень (Народная) - 1 шт | Санкт-Петербург (Спортивная) - 1 шт | Санкт-Петербург (Ярослава Гашека) - 1 шт | M: Санкт-Петербург (Ярослава Гашека) - 1 шт | Санкт-Петербург (Спортивная) - 1 шт | L: Санкт-Петербург (Ярослава Гашека) - 1 шт | Санкт-Петербург (Спортивная) - 1 шт | XL: Санкт-Петербург (Спортивная) - 1 шт | Уфа - 1 шт,18,data\product_images\155981555f54.png,5,6,0,0,0,0,0,5,1,1
Одежда,HM6759-276,Толстовка мужская Nike Heritage Hoodie - Neutral Olive/Medium Olive,Nike,8393 ₽,https://saletennis.com/catalog/product/tolstovka-muzhskaia-nike-heritage-hoodie-neutral-olive-medium-olive-18486/,L: Тюмень (Народная) - 1 шт | XL: Тюмень (Народная) - 1 шт,2,data\product_images\15a12faa1376.png,0,0,0,0,0,0,0,2,0,0
Одежда,CV7575-422,Юбка детская Nike Court Victory Skirt - Psychic Blue/White,Nike,3493 ₽,https://saletennis.com/catalog/product/iubka-dietskaia-nike-court-victory-skirt-psychic-blue-white-17329/,XL: Ижевск - 1 шт,1,data\product_images\0e208aa7f7b9.png,0,0,0,0,0,0,0,0,0,1
Одежда,WT76-010,Футболка женская 7/6 Alice T-shirt - Black,7/6,3192 ₽,https://saletennis.com/catalog/product/futbolka-zhienskaia-7-6-alice-t-shirt-black-17111/,XXS: Санкт-Петербург (Спортивная) - 1 шт | Бисертская - 1 шт | Ижевск - 1 шт | XS: Санкт-Петербург (Спортивная) - 2 шт | Парина - 1 шт | Ижевск - 1 шт | Соболева - 1 шт | Елизаветенское шоссе - 1 шт | S: Бисертская - 1 шт | Санкт-Петербург (Спортивная) - 2 шт | Соболева - 1 шт | Парина - 2 шт | Ижевск - 1 шт | Елизаветенское шоссе - 1 шт | M: Ижевск - 1 шт | Санкт-Петербург (Спортивная) - 1 шт | Тюмень (Народная) - 1 шт | L: Санкт-Петербург (Спортивная) - 1 шт | XL: Санкт-Петербург (Спортивная) - 1 шт | Соболева - 1 шт,23,data\product_images\0f40d492f350.png,0,8,0,3,3,2,2,1,0,4
Одежда,FZ6921-297,Футболка мужская Nike Victory - Parachute Beige/White,Nike,3990 ₽,https://saletennis.com/catalog/product/futbolka-muzhskaia-nike-victory-parachute-beige-white-17784/,S: Парина - 1 шт,1,data\product_images\bb5269a773dc.png,0,0,0,0,1,0,0,0,0,0
Одежда,IB1052-307,Майка мужская Nike Court Slam Tennis Tank - Mean Green/Black,Nike,8792 ₽,https://saletennis.com/catalog/product/maika-muzhskaia-nike-court-slam-tennis-tank-mean-green-black-18857/,L: Ижевск - 1 шт | XXL: Соболева - 1 шт,2,data\product_images\14afe3b44670.jpg,0,0,0,1,0,0,0,0,0,1
Одежда,W1580024-SP,Майка женская Bidi Badu Spike Chill - Lilac,Bidi Badu,990 ₽,https://saletennis.com/catalog/product/maika-zhienskaia-bidi-badu-spike-chill-lilac-16402/,M: Основной склад Екатеринбург - 1 шт,1,data\product_images\8c23759214e0.png,0,0,1,0,0,0,0,0,0,0
Одежда,FD5380-893,"Шорты мужские Nike Court Victory 7"" Short - Campfire Orange/White",Nike,4490 ₽,https://saletennis.com/catalog/product/shorty-muzhskiie-nike-court-victory-7-short-campfire-orange-white-18470/,XL: Парина - 1 шт,1,data\product_images\9239a962aecd.png,0,0,0,0,1,0,0,0,0,0
Одежда,WSL76-4718,Шорты женские 7/6 Lexie Shorts - Hydro,7/6,4990 ₽,https://saletennis.com/catalog/product/shorty-zhienskiie-7-6-lexie-shorts-hydro-19396/,XXS: Санкт-Петербург (Спортивная) - 1 шт | Тюмень (Народная) - 3 шт | Санкт-Петербург (Ярослава Гашека) - 1 шт | XS: Санкт-Петербург (Ярослава Гашека) - 1 шт | Парина - 1 шт | Елизаветенское шоссе - 1 шт | Тюмень (Народная) - 3 шт | Санкт-Петербург (Спортивная) - 1 шт | S: Тюмень (Народная) - 2 шт | Елизаветенское шоссе - 1 шт | Санкт-Петербург (Спортивная) - 1 шт | Санкт-Петербург (Ярослава Гашека) - 1 шт | Уфа - 1 шт | M: Соболева - 1 шт | Санкт-Петербург (Спортивная) - 1 шт | Ижевск - 1 шт | Парина - 1 шт | Тюмень (Народная) - 3 шт | Санкт-Петербург (Ярослава Гашека) - 1 шт | Бисертская - 1 шт | Уфа - 1 шт | Елизаветенское шоссе - 1 шт | L: Санкт-Петербург (Ярослава Гашека) - 1 шт | Ижевск - 1 шт | Санкт-Петербург (Спортивная) - 1 шт | XL: Санкт-Петербург (Спортивная) - 1 шт,33,data\product_images\5c1c86ac2751.png,5,6,0,1,2,1,3,11,2,2
Одежда,WJ76-WHBK,Ветровка женская 7/6 Woman Jacket - White/Black,7/6,4893 ₽,https://saletennis.com/catalog/product/vietrovka-zhienskaia-7-6-woman-jacket-white-black-15240/,XXS: Санкт-Петербург (Спортивная) - 1 шт | XS: Основной склад Екатеринбург - 1 шт | Санкт-Петербург (Спортивная) - 1 шт | Ижевск - 2 шт | S: Ижевск - 2 шт | Санкт-Петербург (Спортивная) - 1 шт | M: Санкт-Петербург (Спортивная) - 1 шт | L: Санкт-Петербург (Спортивная) - 1 шт | XL: Санкт-Петербург (Спортивная) - 1 шт,11,data\product_images\3f7d7d5ea71c.png,0,6,1,0,0,0,0,0,0,4
Одежда,II3624-736,Юбка женская Nike Court Advantage - Lemon Twist/Black,Nike,9490 ₽,https://saletennis.com/catalog/product/iubka-zhienskaia-nike-court-advantage-lemon-twist-black-19215/,XS: Парина - 1 шт | Санкт-Петербург (Спортивная) - 1 шт | S: Санкт-Петербург (Спортивная) - 1 шт | Уфа - 1 шт,4,data\product_images\e90f0006017e.png,0,2,0,0,1,0,0,0,1,0
Одежда,NT76-2520,Майка женская Nata Sleeveless T-shirt - Potent Purple,Не определен,4990 ₽,https://saletennis.com/catalog/product/maika-zhienskaia-nata-sleeveless-t-shirt-potent-purple-18588/,XS: Соболева - 1 шт | Уфа - 1 шт | Елизаветенское шоссе - 1 шт | S: Елизаветенское шоссе - 1 шт | Уфа - 1 шт | Ижевск - 1 шт | M: Парина - 2 шт | Елизаветенское шоссе - 1 шт | Уфа - 1 шт | Бисертская - 1 шт | Санкт-Петербург (Спортивная) - 1 шт | Соболева - 1 шт | XL: Санкт-Петербург (Спортивная) - 1 шт,14,data\product_images\c77ea696f5e9.png,0,2,0,2,2,1,3,0,3,1
Одежда,MD276-1360,Платье женское 7/6 Mari Dress 2.0 - Orange,7/6,2990 ₽,https://saletennis.com/catalog/product/plat-ie-zhienskoie-7-6-mari-dress-2-0-orange-17896/,XXS: Основной склад Екатеринбург - 5 шт | Санкт-Петербург (Спортивная) - 1 шт | XS: Основной склад Екатеринбург - 5 шт | Санкт-Петербург (Спортивная) - 1 шт | S: Основной склад Екатеринбург - 9 шт | M: Основной склад Екатеринбург - 1 шт | L: Основной склад Екатеринбург - 1 шт | Санкт-Петербург (Спортивная) - 2 шт | XL: Санкт-Петербург (Спортивная) - 1 шт,26,data\product_images\edff38d10ea4.png,0,5,21,0,0,0,0,0,0,0
Одежда,WJJ76-4405,Кофта женская 7/6 Jackie Jacket Women - Dark Grey,7/6,6993 ₽,https://saletennis.com/catalog/product/kofta-zhienskaia-7-6-jackie-jacket-women-dark-grey-17889/,XXS: Санкт-Петербург (Спортивная) - 1 шт | Основной склад Екатеринбург - 3 шт | XS: Ижевск - 1 шт | Основной склад Екатеринбург - 2 шт | Санкт-Петербург (Спортивная) - 1 шт | S: Основной склад Екатеринбург - 1 шт | Бисертская - 1 шт | Санкт-Петербург (Спортивная) - 1 шт | M: Основной склад Екатеринбург - 1 шт | Тюмень (Народная) - 1 шт | L: Основной склад Екатеринбург - 2 шт | Санкт-Петербург (Спортивная) - 1 шт | XL: Санкт-Петербург (Спортивная) - 1 шт,17,data\product_images\585c54c979ba.png,0,5,9,0,0,1,0,1,0,1
Одежда,MTS76-4405,Футболка для мальчиков 7/6 Max T-shirt 2.0 - Misty Blue,7/6,2990 ₽,https://saletennis.com/catalog/product/futbolka-dlia-mal-chikov-7-6-max-t-shirt-2-0-misty-blue-19405/,XS: Санкт-Петербург (Спортивная) - 1 шт | Санкт-Петербург (Ярослава Гашека) - 1 шт | Парина - 1 шт | Уфа - 1 шт | Соболева - 1 шт | Ижевск - 1 шт | S: Уфа - 1 шт | Санкт-Петербург (Спортивная) - 2 шт | Соболева - 1 шт | Парина - 1 шт | Основной склад Екатеринбург - 1 шт | Санкт-Петербург (Ярослава Гашека) - 1 шт | Тюмень (Народная) - 1 шт | M: Санкт-Петербург (Спортивная) - 1 шт | Тюмень (Народная) - 1 шт | Уфа - 1 шт | Ижевск - 1 шт | Основной склад Екатеринбург - 1 шт | Санкт-Петербург (Ярослава Гашека) - 1 шт | Парина - 1 шт | L: Соболева - 1 шт | Санкт-Петербург (Спортивная) - 2 шт | Парина - 1 шт | Уфа - 1 шт | Ижевск - 1 шт | Тюмень (Народная) - 1 шт | Санкт-Петербург (Ярослава Гашека) - 1 шт | XL: Соболева - 1 шт | Тюмень (Народная) - 1 шт | Уфа - 1 шт | Санкт-Петербург (Спортивная) - 1 шт | Санкт-Петербург (Ярослава Гашека) - 1 шт | Основной склад Екатеринбург - 1 шт | Ижевск - 1 шт,36,data\product_images\2d9cf892ebdd.png,5,7,3,4,4,0,0,4,5,4
Одежда,BSH76-100,Шорты детские 7/6 Tema Shorts - White,7/6,3490 ₽,https://saletennis.com/catalog/product/shorty-dietskiie-7-6-tema-shorts-white-17517/,XS: Санкт-Петербург (Спортивная) - 1 шт | Ижевск - 1 шт | S: Санкт-Петербург (Спортивная) - 2 шт | M: Санкт-Петербург (Спортивная) - 1 шт | Тюмень (Народная) - 1 шт | Уфа - 1 шт | Санкт-Петербург (Ярослава Гашека) - 1 шт | L: Санкт-Петербург (Ярослава Гашека) - 1 шт | Санкт-Петербург (Спортивная) - 1 шт | Соболева - 1 шт,11,data\product_images\0f1fb55f5c05.png,2,5,0,1,0,0,0,1,1,1
Одежда,G1200001,Капри для девочек Bidi Badu Crew - Dark Blue/Pink,Bidi Badu,1436 ₽,https://saletennis.com/catalog/product/kapri-dlia-dievochiek-bidi-badu-crew-dark-blue-pink-17269/,140: Санкт-Петербург (Спортивная) - 1 шт,1,data\product_images\43ef29413d16.png,0,1,0,0,0,0,0,0,0,0
Одежда,AS276-1215,Шорты под платье 7/6 Ana Shorts 2.0 - Shaved Chocolate,7/6,2990 ₽,https://saletennis.com/catalog/product/shorty-pod-plat-ie-7-6-ana-shorts-2-0-shaved-chocolate-19399/,XXS: Санкт-Петербург (Спортивная) - 1 шт | XS: Санкт-Петербург (Ярослава Гашека) - 1 шт | Санкт-Петербург (Спортивная) - 1 шт | Тюмень (Народная) - 4 шт | Елизаветенское шоссе - 1 шт | Парина - 1 шт | S: Санкт-Петербург (Ярослава Гашека) - 1 шт | Тюмень (Народная) - 3 шт | Елизаветенское шоссе - 1 шт | Санкт-Петербург (Спортивная) - 1 шт | M: Санкт-Петербург (Ярослава Гашека) - 1 шт | Соболева - 1 шт | Тюмень (Народная) - 3 шт | Парина - 1 шт | Елизаветенское шоссе - 1 шт | Санкт-Петербург (Спортивная) - 3 шт | L: Санкт-Петербург (Спортивная) - 1 шт | Санкт-Петербург (Ярослава Гашека) - 1 шт | XL: Санкт-Петербург (Спортивная) - 1 шт | Санкт-Петербург (Ярослава Гашека) - 1 шт,29,data\product_images\e79353e94d57.png,5,8,0,1,2,0,3,10,0,0
Одежда,KT76-2520,Топ женский 7/6 Kris Top - Potent Purple,7/6,4193 ₽,https://saletennis.com/catalog/product/top-zhienskii-7-6-kris-top-potent-purple-18591/,S: Елизаветенское шоссе - 1 шт | Ижевск - 1 шт | M: Парина - 1 шт | Ижевск - 1 шт | Бисертская - 1 шт | Тюмень (Народная) - 1 шт | L: Санкт-Петербург (Спортивная) - 1 шт | Елизаветенское шоссе - 1 шт | XL: Санкт-Петербург (Спортивная) - 1 шт,9,data\product_images\f480d9b9a66b.png,0,2,0,0,1,1,2,1,0,2
Одежда,62GEC20209,Спортивная кофта женская Mizuno Frontier Shadow Jacket - Black,Mizuno,6993 ₽,https://saletennis.com/catalog/product/sportivnaia-kofta-zhienskaia-mizuno-frontier-shadow-jacket-black-18204/,XS: Основной склад Екатеринбург - 1 шт | S: Основной склад Екатеринбург - 1 шт | M: Основной склад Екатеринбург - 1 шт,3,data\product_images\089dcb7ecb3b.png,0,0,3,0,0,0,0,0,0,0
Одежда,FZ6917-229,Шорты мужские Nike Court Victory 9in - Light Khaki,Nike,4490 ₽,https://saletennis.com/catalog/product/shorty-muzhskiie-nike-court-victory-9in-light-khaki-17694/,S: Тюмень (Народная) - 1 шт | M: Уфа - 1 шт | L: Тюмень (Народная) - 1 шт | Санкт-Петербург (Спортивная) - 1 шт | Уфа - 1 шт | XL: Санкт-Петербург (Спортивная) - 1 шт,6,data\product_images\24c09dfd4469.png,0,2,0,0,0,0,0,2,2,0
Одежда,IB1064-010,Футболка мужская Nike Court Advantage Top Print - Black/White,Nike,8490 ₽,https://saletennis.com/catalog/product/futbolka-muzhskaia-nike-court-advantage-top-print-black-white-19189/,M: Парина - 2 шт | Уфа - 1 шт | Тюмень (Народная) - 1 шт,4,data\product_images\63f558f501ce.jpg,0,0,0,0,2,0,0,1,1,0
Одежда,W1580027-DBLMX,Майка женская Bidi Badu Twiggy - Blue/Mixed,Bidi Badu,1490 ₽,https://saletennis.com/catalog/product/maika-zhienskaia-bidi-badu-twiggy-blue-mixed-16443/,XS: Санкт-Петербург (Спортивная) - 1 шт | S: Основной склад Екатеринбург - 4 шт | M: Основной склад Екатеринбург - 1 шт | Санкт-Петербург (Спортивная) - 1 шт,7,data\product_images\d9354b0d9ad6.png,0,2,5,0,0,0,0,0,0,0
Одежда,FQ1780-666,Платье женское Nike Court Victory Dress - Rush Pink/White,Nike,10490 ₽,https://saletennis.com/catalog/product/plat-ie-zhienskoie-nike-court-victory-dress-rush-pink-white-18443/,XS: Ижевск - 1 шт,1,data\product_images\5256da3901c1.png,0,0,0,0,0,0,0,0,0,1
Одежда,WJP76-4718,Штаны женские 7/6 Jackie Pants Women - Hydro,7/6,5990 ₽,https://saletennis.com/catalog/product/shtany-zhienskiie-7-6-jackie-pants-women-hydro-19400/,XXS: Санкт-Петербург (Спортивная) - 1 шт | Санкт-Петербург (Ярослава Гашека) - 1 шт | XS: Елизаветенское шоссе - 1 шт | Парина - 1 шт | Санкт-Петербург (Спортивная) - 1 шт | Санкт-Петербург (Ярослава Гашека) - 1 шт | S: Санкт-Петербург (Ярослава Гашека) - 1 шт | Санкт-Петербург (Спортивная) - 1 шт | Парина - 1 шт | Ижевск - 1 шт | Уфа - 1 шт | Елизаветенское шоссе - 1 шт | Тюмень (Народная) - 1 шт | M: Уфа - 1 шт | Парина - 1 шт | Санкт-Петербург (Ярослава Гашека) - 1 шт | Ижевск - 1 шт | Тюмень (Народная) - 1 шт | Санкт-Петербург (Спортивная) - 1 шт | L: Санкт-Петербург (Спортивная) - 1 шт | Санкт-Петербург (Ярослава Гашека) - 1 шт | XL: Санкт-Петербург (Ярослава Гашека) - 1 шт | Санкт-Петербург (Спортивная) - 1 шт,23,data\product_images\48c763d5d466.png,6,6,0,0,3,0,2,2,2,2
Одежда,G1580027-DBLMX,Майка детская Bidi Badu Twiggy - Blue/Mixed,Bidi Badu,1796 ₽,https://saletennis.com/catalog/product/maika-dietskaia-bidi-badu-twiggy-blue-mixed-16426/,152: Санкт-Петербург (Спортивная) - 1 шт | Основной склад Екатеринбург - 1 шт | 164: Парина - 1 шт | Основной склад Екатеринбург - 2 шт | Санкт-Петербург (Спортивная) - 1 шт,6,data\product_images\ffdd70906df2.png,0,2,3,0,1,0,0,0,0,0
Одежда,KS76-4104,Юбка женская 7/6 Kris Skirt - Antarctica,7/6,5490 ₽,https://saletennis.com/catalog/product/iubka-zhienskaia-7-6-kris-skirt-antarctica-18598/,XXS: Санкт-Петербург (Спортивная) - 1 шт | XS: Санкт-Петербург (Спортивная) - 1 шт | Соболева - 1 шт | Парина - 1 шт | S: Соболева - 1 шт | Парина - 1 шт | Елизаветенское шоссе - 1 шт | M: Уфа - 1 шт | Бисертская - 1 шт | Парина - 1 шт | XL: Санкт-Петербург (Спортивная) - 1 шт,11,data\product_images\f38e5c087500.png,0,3,0,2,3,1,1,0,1,0
Одежда,W1300001,Платье женское Bidi Badu Colortwist - Turquoise/Blue,Bidi Badu,3990 ₽,https://saletennis.com/catalog/product/plat-ie-zhienskoie-bidi-badu-colortwist-turquoise-blue-14499/,XS: Санкт-Петербург (Спортивная) - 1 шт | Основной склад Екатеринбург - 1 шт | S: Основной склад Екатеринбург - 1 шт,3,data\product_images\f706e579007a.png,0,1,2,0,0,0,0,0,0,0
Одежда,62GAB500-53,Футболка мужская Mizuno Mugen Shadow - Salsa,Mizuno,3490 ₽,https://saletennis.com/catalog/product/futbolka-muzhskaia-mizuno-mugen-shadow-salsa-17443/,S: Основной склад Екатеринбург - 1 шт | M: Основной склад Екатеринбург - 1 шт | L: Основной склад Екатеринбург - 1 шт,3,data\product_images\936d054b4565.jpg,0,0,3,0,0,0,0,0,0,0
Одежда,FB5598-353,Кепка Nike Dri-FIT ADV Club Cap - Mint Foam/Cannon,Nike,4490 ₽,https://saletennis.com/catalog/product/kiepka-nike-dri-fit-adv-club-cap-mint-foam-cannon-18452/,M/L: Тюмень (Народная) - 1 шт,1,data\product_images\bb6fd89dcef5.png,0,0,0,0,0,0,0,1,0,0
Одежда,IB1071-365,Шорты мужские Nike Court Advantage 6in - Malachite/White,Nike,6792 ₽,https://saletennis.com/catalog/product/shorty-muzhskiie-nike-court-advantage-6in-malachite-white-19031/,M: Санкт-Петербург (Спортивная) - 2 шт | Тюмень (Народная) - 1 шт | Ижевск - 2 шт | L: Уфа - 2 шт | Парина - 1 шт | Тюмень (Народная) - 2 шт | Ижевск - 1 шт | Санкт-Петербург (Спортивная) - 1 шт | XL: Санкт-Петербург (Спортивная) - 1 шт | Бисертская - 1 шт,14,data\product_images\26d4bf38ebef.jpg,0,4,0,0,1,1,0,3,2,3
Одежда,HM6740-610,"Шорты мужские Nike Dri-Fit Slam Shorts 6"" - Bordeaux",Nike,7868 ₽,https://saletennis.com/catalog/product/shorty-muzhskiie-nike-dri-fit-slam-shorts-6-bordeaux-18335/,S: Парина - 1 шт | M: Уфа - 1 шт | XL: Уфа - 1 шт | Санкт-Петербург (Спортивная) - 1 шт,4,data\product_images\8b5d7205c45e.png,0,1,0,0,1,0,0,0,2,0
Одежда,CU1309-010,Носки Nike Court Multiplier Max Quarter Crew Sock (2 pairs) - Black,Nike,3490 ₽,https://saletennis.com/catalog/product/noski-nike-court-multiplier-max-quarter-crew-sock-2-pairs-black-9990/,42-46: Санкт-Петербург (Ярослава Гашека) - 1 упак | Соболева - 7 упак | Парина - 6 упак | Санкт-Петербург (Спортивная) - 2 упак | Ижевск - 2 упак | Тюмень (Народная) - 6 упак | 46-50: Санкт-Петербург (Ярослава Гашека) - 1 упак | Парина - 8 упак | Санкт-Петербург (Спортивная) - 1 упак | Соболева - 4 упак | 34-38: Соболева - 4 упак | Парина - 7 упак | 38-42: Соболева - 8 упак | Парина - 9 упак | Бисертская - 2 упак,68,data\product_images\849b1d0f4ae3.jpg,2,3,0,23,30,2,0,6,0,2
Одежда,KS76-4718,Юбка женская 7/6 Kris Skirt - Hydro,7/6,5990 ₽,https://saletennis.com/catalog/product/iubka-zhienskaia-7-6-kris-skirt-hydro-19290/,XXS: Тюмень (Народная) - 2 шт | Санкт-Петербург (Спортивная) - 1 шт | Санкт-Петербург (Ярослава Гашека) - 1 шт | XS: Санкт-Петербург (Спортивная) - 1 шт | Парина - 1 шт | Санкт-Петербург (Ярослава Гашека) - 1 шт | Соболева - 1 шт | Ижевск - 1 шт | Тюмень (Народная) - 2 шт | S: Санкт-Петербург (Спортивная) - 1 шт | Соболева - 1 шт | Санкт-Петербург (Ярослава Гашека) - 1 шт | Тюмень (Народная) - 1 шт | Бисертская - 1 шт | Елизаветенское шоссе - 1 шт | Парина - 1 шт | Уфа - 1 шт | M: Тюмень (Народная) - 2 шт | Елизаветенское шоссе - 1 шт | Ижевск - 1 шт | Парина - 1 шт | Санкт-Петербург (Спортивная) - 1 шт | Бисертская - 1 шт | Уфа - 1 шт | Санкт-Петербург (Ярослава Гашека) - 1 шт | L: Санкт-Петербург (Ярослава Гашека) - 1 шт | Ижевск - 1 шт | Санкт-Петербург (Спортивная) - 1 шт | XL: Санкт-Петербург (Спортивная) - 1 шт,32,data\product_images\d84156a60e89.png,5,6,0,2,3,2,2,7,2,3
Одежда,KSK76-1265,Юбка детская 7/6 Kristy Skirt - Pink Blossom,7/6,2793 ₽,https://saletennis.com/catalog/product/iubka-dietskaia-7-6-kristy-skirt-pink-blossom-18144/,M: Уфа - 1 шт | Тюмень (Народная) - 1 шт | Санкт-Петербург (Спортивная) - 1 шт | L: Основной склад Екатеринбург - 1 шт | Уфа - 1 шт | Тюмень (Народная) - 1 шт | Санкт-Петербург (Спортивная) - 2 шт | XL: Основной склад Екатеринбург - 1 шт | Санкт-Петербург (Спортивная) - 1 шт | Тюмень (Народная) - 1 шт | Уфа - 1 шт | Соболева - 1 шт,13,data\product_images\27617c38357b.png,0,4,2,1,0,0,0,3,3,0
Одежда,GST76-1304,Майка детская 7/6 Polya Sleeveless T-shirt - Pearl,7/6,2490 ₽,https://saletennis.com/catalog/product/maika-dietskaia-7-6-polya-sleeveless-t-shirt-pearl-19402/,XS: Парина - 1 шт | Тюмень (Народная) - 1 шт | Уфа - 1 шт | Санкт-Петербург (Спортивная) - 1 шт | Соболева - 1 шт | S: Парина - 1 шт | Основной склад Екатеринбург - 1 шт | Тюмень (Народная) - 2 шт | Соболева - 1 шт | Санкт-Петербург (Спортивная) - 1 шт | Санкт-Петербург (Ярослава Гашека) - 1 шт | Ижевск - 1 шт | M: Уфа - 1 шт | Санкт-Петербург (Спортивная) - 1 шт | Основной склад Екатеринбург - 2 шт | Тюмень (Народная) - 2 шт | Ижевск - 1 шт | Санкт-Петербург (Ярослава Гашека) - 1 шт | Парина - 1 шт | Соболева - 1 шт | L: Уфа - 1 шт | Соболева - 1 шт | Ижевск - 1 шт | Санкт-Петербург (Спортивная) - 1 шт | Парина - 1 шт | Основной склад Екатеринбург - 2 шт | Тюмень (Народная) - 2 шт | Санкт-Петербург (Ярослава Гашека) - 1 шт | XL: Парина - 1 шт | Санкт-Петербург (Ярослава Гашека) - 1 шт | Основной склад Екатеринбург - 1 шт | Соболева - 1 шт | Санкт-Петербург (Спортивная) - 1 шт | Уфа - 1 шт | Ижевск - 1 шт,40,data\product_images\689f79bda900.png,4,5,6,5,5,0,0,7,4,4
Одежда,FZ6910-435,Футболка мужская Nike Court Advantage Top - Light Photo Blue/Hydrogen Blue,Nike,7990 ₽,https://saletennis.com/catalog/product/futbolka-muzhskaia-nike-court-advantage-top-light-photo-blue-hydrogen-blue-19223/,M: Соболева - 1 шт | Парина - 1 шт | L: Ижевск - 1 шт,3,data\product_images\dd79f5b77e75.jpg,0,0,0,1,1,0,0,0,0,1
Одежда,FZ6907-478,Поло мужское Nike Court Advantage Polo - Armory Navy,Nike,8490 ₽,https://saletennis.com/catalog/product/polo-muzhskoie-nike-court-advantage-polo-armory-navy-19183/,M: Тюмень (Народная) - 1 шт | L: Ижевск - 1 шт | XL: Соболева - 1 шт | Санкт-Петербург (Спортивная) - 1 шт,4,data\product_images\48f490d6cb5b.png,0,1,0,1,0,0,0,1,0,1
Одежда,JP76-1215,Штаны мужские 7/6 Jackie Pants Men - Shaved Chocolate,7/6,5990 ₽,https://saletennis.com/catalog/product/shtany-muzhskiie-7-6-jackie-pants-men-shaved-chocolate-19388/,S: Санкт-Петербург (Спортивная) - 1 шт | Елизаветенское шоссе - 1 шт | M: Елизаветенское шоссе - 1 шт | Санкт-Петербург (Спортивная) - 1 шт | Тюмень (Народная) - 1 шт | Парина - 1 шт | Соболева - 1 шт | Санкт-Петербург (Ярослава Гашека) - 1 шт | Основной склад Екатеринбург - 1 шт | Ижевск - 1 шт | L: Елизаветенское шоссе - 1 шт | Ижевск - 1 шт | Парина - 1 шт | Санкт-Петербург (Ярослава Гашека) - 1 шт | Соболева - 1 шт | Тюмень (Народная) - 1 шт | Санкт-Петербург (Спортивная) - 1 шт | XL: Санкт-Петербург (Спортивная) - 1 шт | Ижевск - 1 шт | Соболева - 1 шт | Елизаветенское шоссе - 1 шт | Санкт-Петербург (Ярослава Гашека) - 1 шт | XXL: Елизаветенское шоссе - 1 шт | Парина - 1 шт | Санкт-Петербург (Спортивная) - 1 шт,25,data\product_images\ae3545f588f7.png,3,5,1,3,3,0,5,2,0,3
Одежда,II3624-100,Юбка женская Nike Court Advantage - White/Black,Nike,9990 ₽,https://saletennis.com/catalog/product/iubka-zhienskaia-nike-court-advantage-white-black-19261/,S: Санкт-Петербург (Спортивная) - 1 шт | Соболева - 1 шт | Тюмень (Народная) - 1 шт,3,data\product_images\c2f07833dc54.png,0,1,0,1,0,0,0,1,0,0
Одежда,FZ6512-323,Юбка женская Nike Court Ace Skirt - Fir,Nike,9990 ₽,https://saletennis.com/catalog/product/iubka-zhienskaia-nike-court-ace-skirt-fir-18854/,XS: Тюмень (Народная) - 1 шт | M: Парина - 1 шт,2,data\product_images\11cde2103ef0.png,0,0,0,0,1,0,0,1,0,0
Одежда,FD5384-451,"Шорты мужские Nike Court Victory 9"" Short - Obsidian",Nike,4990 ₽,https://saletennis.com/catalog/product/shorty-muzhskiie-nike-court-victory-9-short-obsidian-15588/,M: Соболева - 1 шт | Санкт-Петербург (Спортивная) - 1 шт | L: Ижевск - 1 шт | Уфа - 2 шт | Санкт-Петербург (Спортивная) - 1 шт | Парина - 1 шт | Соболева - 1 шт | XL: Парина - 1 шт | Бисертская - 1 шт | Санкт-Петербург (Спортивная) - 1 шт,11,data\product_images\a4292e4e7f50.png,0,3,0,2,2,1,0,0,2,1
Одежда,T76-010,Топ женский 7/6 Ana Top - Black,7/6,1990 ₽,https://saletennis.com/catalog/product/top-zhienskii-7-6-ana-top-black-17107/,XXS: Тюмень (Народная) - 1 шт | Санкт-Петербург (Спортивная) - 1 шт,2,data\product_images\e864d2675260.png,0,1,0,0,0,0,0,1,0,0
Одежда,NS76-4405,Юбка женская 7/6 Nata Skirt - Grey Blossom/Pink,7/6,3495 ₽,https://saletennis.com/catalog/product/iubka-zhienskaia-7-6-nata-skirt-grey-blossom-pink-17939/,XXS: Основной склад Екатеринбург - 2 шт | XS: Санкт-Петербург (Спортивная) - 1 шт | Основной склад Екатеринбург - 3 шт | M: Санкт-Петербург (Спортивная) - 1 шт | Основной склад Екатеринбург - 1 шт | L: Санкт-Петербург (Спортивная) - 1 шт | Основной склад Екатеринбург - 3 шт | XL: Санкт-Петербург (Спортивная) - 1 шт,13,data\product_images\34ef7925da98.png,0,4,9,0,0,0,0,0,0,0
Одежда,G1390010-DBLMX,Юбка детская Bidi Badu Twiggy Printed - Blue/Mixed,Bidi Badu,2196 ₽,https://saletennis.com/catalog/product/iubka-dietskaia-bidi-badu-twiggy-printed-blue-mixed-16438/,164: Основной склад Екатеринбург - 1 шт | Санкт-Петербург (Спортивная) - 1 шт,2,data\product_images\346352679c26.png,0,1,1,0,0,0,0,0,0,0
Одежда,WJ76-BK,Ветровка женская 7/6 Woman Jacket - Black,7/6,5592 ₽,https://saletennis.com/catalog/product/vietrovka-zhienskaia-7-6-woman-jacket-black-17273/,XS: Соболева - 1 шт | Основной склад Екатеринбург - 1 шт | Тюмень (Народная) - 1 шт | Уфа - 1 шт | Санкт-Петербург (Спортивная) - 1 шт | M: Соболева - 1 шт | Уфа - 1 шт | Ижевск - 1 шт | Санкт-Петербург (Спортивная) - 1 шт | Тюмень (Народная) - 1 шт | L: Соболева - 1 шт | Тюмень (Народная) - 1 шт | Уфа - 1 шт | Парина - 1 шт | Санкт-Петербург (Спортивная) - 1 шт,15,data\product_images\56658d336cc3.png,0,3,1,3,1,0,0,3,3,1
Одежда,VS76-BK,Козырек 7/6 Visor 2.0 - Black,7/6,2990 ₽,https://saletennis.com/catalog/product/kozyriek-7-6-visor-2-0-black-18379/,Парина: 5 шт | Санкт-Петербург (Ярослава Гашека): 3 шт | Тюмень: 1 шт | Бисертская: 2 шт | Елизаветенское шоссе: 1 шт | Соболева: 8 шт | Санкт-Петербург (Спортивная): 3 шт,23,data\product_images\267240515b7a.png,3,3,0,8,5,2,1,1,0,0
Одежда,ML76-4718,Лонгслив женский 7/6 Maya Longsleeve - Hydro,7/6,5490 ₽,https://saletennis.com/catalog/product/longhsliv-zhienskii-7-6-maya-longsleeve-hydro-19374/,XXS: Санкт-Петербург (Ярослава Гашека) - 1 шт | Бисертская - 1 шт | XS: Санкт-Петербург (Ярослава Гашека) - 1 шт | Соболева - 1 шт | Тюмень (Народная) - 2 шт | Парина - 1 шт | Санкт-Петербург (Спортивная) - 1 шт | S: Санкт-Петербург (Спортивная) - 1 шт | Санкт-Петербург (Ярослава Гашека) - 1 шт | M: Санкт-Петербург (Спортивная) - 1 шт | Санкт-Петербург (Ярослава Гашека) - 1 шт | L: Санкт-Петербург (Ярослава Гашека) - 1 шт | Санкт-Петербург (Спортивная) - 1 шт | XL: Санкт-Петербург (Спортивная) - 1 шт,15,data\product_images\e087eb636767.png,5,5,0,1,1,1,0,2,0,0
Одежда,FZ6934-696,Футболка мужская Nike Court Slam Maglietta - Light Crimson/White,Nike,7490 ₽,https://saletennis.com/catalog/product/futbolka-muzhskaia-nike-court-slam-maglietta-light-crimson-white-17782/,S: Парина - 1 шт | M: Соболева - 1 шт | Уфа - 1 шт | L: Уфа - 1 шт | Тюмень (Народная) - 1 шт,5,data\product_images\41620cc3cfe0.png,0,0,0,1,1,0,0,1,2,0
Одежда,FD5574-222,Юбка женская Nike Court Victory Skirt - Medium Olive/White,Nike,7990 ₽,https://saletennis.com/catalog/product/iubka-zhienskaia-nike-court-victory-skirt-medium-olive-white-18449/,S: Парина - 1 шт,1,data\product_images\53aede3de160.png,0,0,0,0,1,0,0,0,0,0
Одежда,IB1037-368,Шорты мужские Nike Court Slam 6in - Olive Flak,Nike,11990 ₽,https://saletennis.com/catalog/product/shorty-muzhskiie-nike-court-slam-6in-olive-flak-18836/,M: Ижевск - 1 шт | Парина - 1 шт | Санкт-Петербург (Спортивная) - 1 шт | L: Санкт-Петербург (Спортивная) - 1 шт | Тюмень (Народная) - 1 шт | Бисертская - 1 шт | Парина - 1 шт | Ижевск - 1 шт,8,data\product_images\b180354afeff.jpg,0,2,0,0,2,1,0,1,0,2
Одежда,MJJ76-4104,Кофта мужская 7/6 Jackie Jacket Men - Antarctica,7/6,10990 ₽,https://saletennis.com/catalog/product/kofta-muzhskaia-7-6-jackie-jacket-men-antarctica-18604/,S: Санкт-Петербург (Спортивная) - 1 шт | M: Тюмень (Народная) - 2 шт | Санкт-Петербург (Спортивная) - 1 шт | Елизаветенское шоссе - 1 шт | L: Парина - 1 шт | Тюмень (Народная) - 1 шт | Елизаветенское шоссе - 1 шт | Санкт-Петербург (Спортивная) - 1 шт | XL: Елизаветенское шоссе - 1 шт | Тюмень (Народная) - 1 шт | XXL: Санкт-Петербург (Спортивная) - 1 шт | Елизаветенское шоссе - 1 шт,13,data\product_images\db26ef57aa82.png,0,4,0,0,1,0,4,4,0,0
Одежда,B1270021,Толстовка детская Bidi Badu Melbourne Chill - Mint,Bidi Badu,3596 ₽,https://saletennis.com/catalog/product/tolstovka-dietskaia-bidi-badu-melbourne-chill-mint-17250/,128: Основной склад Екатеринбург - 1 шт | 152: Санкт-Петербург (Спортивная) - 1 шт | Основной склад Екатеринбург - 2 шт,4,data\product_images\62ca29c17733.png,0,1,3,0,0,0,0,0,0,0
Одежда,SH7760-2520,Шорты мужские 7/6 Miran Shorts 7 - Potent Purple,7/6,4490 ₽,https://saletennis.com/catalog/product/shorty-muzhskiie-7-6-miran-shorts-7-potent-purple-18624/,M: Санкт-Петербург (Спортивная) - 2 шт | L: Санкт-Петербург (Спортивная) - 1 шт | XL: Ижевск - 1 шт | Санкт-Петербург (Спортивная) - 1 шт | Тюмень (Народная) - 1 шт | Парина - 1 шт,7,data\product_images\2f6ea3ca0d12.png,0,4,0,0,1,0,0,1,0,1
Одежда,IB3776-010,Футболка женская Nike Victory - Black/White,Nike,6490 ₽,https://saletennis.com/catalog/product/futbolka-zhienskaia-nike-victory-black-white-19196/,S: Уфа - 1 шт,1,data\product_images\c6d8b8cc02c7.png,0,0,0,0,0,0,0,0,1,0
Одежда,W1390018,Юбка женская Bidi Badu Kaleido - White/Mixed,Bidi Badu,1490 ₽,https://saletennis.com/catalog/product/iubka-zhienskaia-bidi-badu-kaleido-white-mixed-17234/,XS: Санкт-Петербург (Спортивная) - 1 шт,1,data\product_images\2832869ecb98.png,0,1,0,0,0,0,0,0,0,0
Одежда,KJJ76-4056,Кофта детская 7/6 Jackie Jacket Kids - Blue Lolite,7/6,4794 ₽,https://saletennis.com/catalog/product/kofta-dietskaia-7-6-jackie-jacket-kids-blue-lolite-17907/,XS: Соболева - 1 шт | Санкт-Петербург (Ярослава Гашека) - 1 шт | Санкт-Петербург (Спортивная) - 1 шт | S: Санкт-Петербург (Спортивная) - 1 шт | Соболева - 1 шт | Санкт-Петербург (Ярослава Гашека) - 1 шт | M: Санкт-Петербург (Спортивная) - 1 шт | Санкт-Петербург (Ярослава Гашека) - 1 шт | Уфа - 1 шт | L: Санкт-Петербург (Ярослава Гашека) - 1 шт | Тюмень (Народная) - 1 шт | Санкт-Петербург (Спортивная) - 1 шт | XL: Уфа - 1 шт | Соболева - 1 шт | Тюмень (Народная) - 1 шт | Санкт-Петербург (Спортивная) - 1 шт | Основной склад Екатеринбург - 4 шт,20,data\product_images\1453c68add9e.png,4,5,4,3,0,0,0,2,2,0
Одежда,G1390011-LIPK,Юбка детская Bidi Badu Spike Printed Wavy - Lilac/Pink,Bidi Badu,1996 ₽,https://saletennis.com/catalog/product/iubka-dietskaia-bidi-badu-spike-printed-wavy-lilac-pink-16420/,164: Основной склад Екатеринбург - 1 шт | Санкт-Петербург (Спортивная) - 1 шт,2,data\product_images\5d1cf51ecaa6.png,0,1,1,0,0,0,0,0,0,0
Одежда,62GBB701-16,Юбка женская Mizuno Mugen Flying Skirt - Estate Blue,Mizuno,3490 ₽,https://saletennis.com/catalog/product/iubka-zhienskaia-mizuno-mugen-flying-skirt-estate-blue-17466/,XS: Санкт-Петербург (Спортивная) - 1 шт,1,data\product_images\7fa8e02af5de.png,0,1,0,0,0,0,0,0,0,0
Одежда,BTS76-1119,Футболка детская 7/6 Max T-Shirt - Taos Taupe,7/6,490 ₽,https://saletennis.com/catalog/product/futbolka-dietskaia-7-6-max-t-shirt-taos-taupe-15403/,S: Основной склад Екатеринбург - 3 шт,3,data\product_images\fbb189c5872d.png,0,0,3,0,0,0,0,0,0,0
Одежда,T76-0231,Топ женский 7/6 Anna - Forest Elf,7/6,290 ₽,https://saletennis.com/catalog/product/top-zhienskii-7-6-anna-forest-elf-14307/,XXS: Основной склад Екатеринбург - 10 шт | Уфа - 1 шт,11,data\product_images\702032af4323.png,0,0,10,0,0,0,0,0,1,0
Одежда,NT76-1265,Майка женская Nata Sleeveless T-shirt - Bright Pink,Не определен,1995 ₽,https://saletennis.com/catalog/product/maika-zhienskaia-nata-sleeveless-t-shirt-bright-pink-17900/,XS: Санкт-Петербург (Спортивная) - 1 шт | Основной склад Екатеринбург - 5 шт | S: Основной склад Екатеринбург - 3 шт | Санкт-Петербург (Спортивная) - 1 шт | M: Основной склад Екатеринбург - 1 шт | Санкт-Петербург (Спортивная) - 1 шт | XL: Санкт-Петербург (Спортивная) - 1 шт,13,data\product_images\0ee8ed0a3ba7.png,0,4,9,0,0,0,0,0,0,0
Одежда,ND76-1265,Платье женское 7/6 Nika Dress - Bright Pink,7/6,2490 ₽,https://saletennis.com/catalog/product/plat-ie-zhienskoie-7-6-nika-dress-bright-pink-17897/,XXS: Санкт-Петербург (Спортивная) - 1 шт | Основной склад Екатеринбург - 4 шт | XS: Основной склад Екатеринбург - 6 шт | Санкт-Петербург (Спортивная) - 1 шт | S: Основной склад Екатеринбург - 8 шт | M: Основной склад Екатеринбург - 6 шт | Санкт-Петербург (Спортивная) - 1 шт,27,data\product_images\2ec27e479a44.png,0,3,24,0,0,0,0,0,0,0
Одежда,62GAC20166,Футболка женская Mizuno Frontier Tee - Fuchsia Purple,Mizuno,2443 ₽,https://saletennis.com/catalog/product/futbolka-zhienskaia-mizuno-frontier-tee-fuchsia-purple-18199/,XS: Основной склад Екатеринбург - 1 шт | M: Основной склад Екатеринбург - 1 шт,2,data\product_images\a5b87415ed15.png,0,0,2,0,0,0,0,0,0,0
Одежда,II3136-736,Платье женское Nike Court Slam Tennis Dress - Light Lemon Twist,Nike,12593 ₽,https://saletennis.com/catalog/product/plat-ie-zhienskoie-nike-court-slam-tennis-dress-light-lemon-twist-18846/,XS: Парина - 1 шт,1,data\product_images\1e58683b11ed.png,0,0,0,0,1,0,0,0,0,0
Одежда,G1270007,Толстовка детская Bidi Badu Protected Leafs Chill - Bordeaux,Bidi Badu,2676 ₽,https://saletennis.com/catalog/product/tolstovka-dietskaia-bidi-badu-protected-leafs-chill-bordeaux-15291/,152: Бисертская - 1 шт | Санкт-Петербург (Спортивная) - 1 шт,2,data\product_images\23ee87cb798d.png,0,1,0,0,0,1,0,0,0,0
Одежда,TS7060-010,Футболка мужская 7/6 Loddy T-Shirt - Black/White,7/6,1490 ₽,https://saletennis.com/catalog/product/futbolka-muzhskaia-7-6-loddy-t-shirt-black-white-13094/,S: Основной склад Екатеринбург - 2 шт | Соболева - 1 шт | Санкт-Петербург (Спортивная) - 1 шт,4,data\product_images\ec8c649002a7.png,0,1,2,1,0,0,0,0,0,0
Одежда,SH9760-4718,Шорты мужские 7/6 Miran Shorts 9 - Hydro,7/6,4990 ₽,https://saletennis.com/catalog/product/shorty-muzhskiie-7-6-miran-shorts-9-hydro-19385/,S: Санкт-Петербург (Спортивная) - 1 шт | Елизаветенское шоссе - 1 шт | Парина - 1 шт | Санкт-Петербург (Ярослава Гашека) - 1 шт | M: Ижевск - 1 шт | Основной склад Екатеринбург - 2 шт | Санкт-Петербург (Ярослава Гашека) - 1 шт | Уфа - 1 шт | Парина - 2 шт | Санкт-Петербург (Спортивная) - 1 шт | Соболева - 2 шт | Тюмень (Народная) - 3 шт | Елизаветенское шоссе - 2 шт | L: Санкт-Петербург (Спортивная) - 1 шт | Санкт-Петербург (Ярослава Гашека) - 1 шт | Парина - 2 шт | Бисертская - 1 шт | Ижевск - 2 шт | Основной склад Екатеринбург - 6 шт | Елизаветенское шоссе - 2 шт | Соболева - 2 шт | XL: Бисертская - 1 шт | Тюмень (Народная) - 2 шт | Парина - 1 шт | Уфа - 1 шт | Соболева - 1 шт | Елизаветенское шоссе - 1 шт | Санкт-Петербург (Спортивная) - 1 шт | Санкт-Петербург (Ярослава Гашека) - 1 шт | XXL: Санкт-Петербург (Спортивная) - 1 шт | Бисертская - 1 шт | Санкт-Петербург (Ярослава Гашека) - 1 шт | Парина - 1 шт,49,data\product_images\6d3f0645d3d9.png,5,5,8,5,7,3,6,5,2,3
Одежда,MJJ76-0116,Кофта мужская 7/6 Jackie Jacket Men - Light Green,7/6,4995 ₽,https://saletennis.com/catalog/product/kofta-muzhskaia-7-6-jackie-jacket-men-light-green-17866/,S: Основной склад Екатеринбург - 4 шт | Санкт-Петербург (Спортивная) - 1 шт | M: Тюмень (Народная) - 1 шт | Санкт-Петербург (Спортивная) - 2 шт | Основной склад Екатеринбург - 1 шт | L: Санкт-Петербург (Спортивная) - 1 шт | Тюмень (Народная) - 2 шт | XL: Уфа - 1 шт | Санкт-Петербург (Спортивная) - 1 шт | Основной склад Екатеринбург - 3 шт | XXL: Основной склад Екатеринбург - 1 шт | Санкт-Петербург (Спортивная) - 1 шт | Уфа - 1 шт,20,data\product_images\36a8a11334f4.png,0,6,9,0,0,0,0,3,2,0
Одежда,GT76-010,Футболка для девочек 7/6 Eva T-shirt - Black,7/6,2490 ₽,https://saletennis.com/catalog/product/futbolka-dlia-dievochiek-7-6-eva-t-shirt-black-17512/,XS: Тюмень (Народная) - 2 шт | Бисертская - 1 шт | Санкт-Петербург (Спортивная) - 1 шт | Уфа - 1 шт | Санкт-Петербург (Ярослава Гашека) - 1 шт | S: Санкт-Петербург (Спортивная) - 2 шт | Санкт-Петербург (Ярослава Гашека) - 1 шт | Бисертская - 1 шт | M: Уфа - 1 шт | Парина - 1 шт | Санкт-Петербург (Ярослава Гашека) - 1 шт | Санкт-Петербург (Спортивная) - 1 шт | L: Уфа - 1 шт | Санкт-Петербург (Ярослава Гашека) - 1 шт | Санкт-Петербург (Спортивная) - 2 шт | Ижевск - 1 шт | XL: Уфа - 1 шт | Санкт-Петербург (Спортивная) - 1 шт,21,data\product_images\d2eefe9ea950.png,4,7,0,0,1,2,0,2,4,1
Одежда,G1620029,Футболка для девочки Bidi Badu New York 2024 Chill - Blue/Red,Bidi Badu,1596 ₽,https://saletennis.com/catalog/product/futbolka-dlia-dievochki-bidi-badu-new-york-2024-chill-blue-red-16433/,164: Санкт-Петербург (Спортивная) - 1 шт,1,data\product_images\5d87aa636298.png,0,1,0,0,0,0,0,0,0,0
Одежда,STS76-1632,Футболка женская 7/6 Stacy T-shirt - Sparkle Pink Print,7/6,4990 ₽,https://saletennis.com/catalog/product/futbolka-zhienskaia-7-6-stacy-t-shirt-sparkle-pink-print-19324/,XXS: Санкт-Петербург (Спортивная) - 1 шт | Тюмень (Народная) - 1 шт | Санкт-Петербург (Ярослава Гашека) - 1 шт | XS: Соболева - 1 шт | Санкт-Петербург (Спортивная) - 1 шт | Елизаветенское шоссе - 1 шт | Санкт-Петербург (Ярослава Гашека) - 1 шт | Тюмень (Народная) - 2 шт | S: Бисертская - 1 шт | Парина - 1 шт | Санкт-Петербург (Ярослава Гашека) - 1 шт | Елизаветенское шоссе - 1 шт | Тюмень (Народная) - 2 шт | Санкт-Петербург (Спортивная) - 1 шт | Соболева - 1 шт | Ижевск - 1 шт | Уфа - 1 шт | M: Елизаветенское шоссе - 1 шт | Уфа - 1 шт | Ижевск - 1 шт | Парина - 1 шт | Санкт-Петербург (Спортивная) - 2 шт | Соболева - 1 шт | Тюмень (Народная) - 1 шт | Бисертская - 1 шт | L: Санкт-Петербург (Спортивная) - 1 шт | Тюмень (Народная) - 1 шт | Ижевск - 1 шт | Санкт-Петербург (Ярослава Гашека) - 1 шт | Бисертская - 1 шт | XL: Санкт-Петербург (Спортивная) - 1 шт,34,data\product_images\e6cc5911ed85.png,4,7,0,3,2,3,3,7,2,3
Одежда,62GBC21814,"Шорты женские под платье Mizuno Pro 4"" Short - Bellwether Blue",Mizuno,2653 ₽,https://saletennis.com/catalog/product/shorty-zhienskiie-pod-plat-ie-mizuno-pro-4-short-bellwether-blue-18215/,XS: Основной склад Екатеринбург - 1 шт | Соболева - 1 шт | S: Соболева - 1 шт | M: Основной склад Екатеринбург - 2 шт,5,data\product_images\74e4f1f03fbd.png,0,0,3,2,0,0,0,0,0,0
Одежда,G1300007-DBLMX,Платье детское Bidi Badu Twiggy - Blue/Mixed,Bidi Badu,2996 ₽,https://saletennis.com/catalog/product/plat-ie-dietskoie-bidi-badu-twiggy-blue-mixed-16424/,152: Парина - 1 шт | Санкт-Петербург (Спортивная) - 1 шт | Основной склад Екатеринбург - 2 шт | 164: Парина - 1 шт | Санкт-Петербург (Спортивная) - 1 шт | Основной склад Екатеринбург - 2 шт,8,data\product_images\f49eca0ea3ac.png,0,2,4,0,2,0,0,0,0,0
Одежда,ND76-100,Платье женское 7/6 Nika Dress - White,7/6,1990 ₽,https://saletennis.com/catalog/product/plat-ie-zhienskoie-7-6-nika-dress-white-17106/,XXS: Ижевск - 1 шт | L: Санкт-Петербург (Спортивная) - 1 шт | Тюмень (Народная) - 1 шт | Основной склад Екатеринбург - 1 шт | XL: Соболева - 1 шт,5,data\product_images\5727f5fd827f.png,0,1,1,1,0,0,0,1,0,1
Одежда,FN0318-010,Футболка мужская Nike Court Heritage - Black,Nike,4990 ₽,https://saletennis.com/catalog/product/futbolka-muzhskaia-nike-court-heritage-black-16882/,S: Тюмень (Народная) - 1 шт,1,data\product_images\d6419856e1d2.png,0,0,0,0,0,0,0,1,0,0
Одежда,SH9760-1632,Шорты мужские 7/6 Miran Shorts 9 - Shell Pink,7/6,4990 ₽,https://saletennis.com/catalog/product/shorty-muzhskiie-7-6-miran-shorts-9-shell-pink-19306/,S: Санкт-Петербург (Ярослава Гашека) - 1 шт | Елизаветенское шоссе - 1 шт | Санкт-Петербург (Спортивная) - 1 шт | Парина - 1 шт | Уфа - 1 шт | Соболева - 1 шт | M: Бисертская - 1 шт | Ижевск - 2 шт | Тюмень (Народная) - 3 шт | Парина - 2 шт | Санкт-Петербург (Спортивная) - 1 шт | Соболева - 2 шт | Уфа - 1 шт | Елизаветенское шоссе - 2 шт | Санкт-Петербург (Ярослава Гашека) - 1 шт | Основной склад Екатеринбург - 3 шт | L: Елизаветенское шоссе - 2 шт | Парина - 1 шт | Санкт-Петербург (Ярослава Гашека) - 1 шт | Тюмень (Народная) - 3 шт | Уфа - 2 шт | Ижевск - 2 шт | Санкт-Петербург (Спортивная) - 1 шт | Соболева - 2 шт | XL: Тюмень (Народная) - 1 шт | Санкт-Петербург (Ярослава Гашека) - 1 шт | Ижевск - 1 шт | Парина - 1 шт | Бисертская - 1 шт | Основной склад Екатеринбург - 2 шт | Санкт-Петербург (Спортивная) - 1 шт | Елизаветенское шоссе - 1 шт | XXL: Санкт-Петербург (Ярослава Гашека) - 1 шт | Уфа - 1 шт | Соболева - 1 шт | Санкт-Петербург (Спортивная) - 1 шт | Бисертская - 1 шт,52,data\product_images\1fa3d8ddf46e.png,5,5,5,6,5,3,6,7,5,5
Одежда,NS76-6324,Юбка женская 7/6 Nata Skirt - Light Green/Green,7/6,2995 ₽,https://saletennis.com/catalog/product/iubka-zhienskaia-7-6-nata-skirt-light-green-green-17941/,XXS: Основной склад Екатеринбург - 2 шт | Санкт-Петербург (Спортивная) - 1 шт | XS: Основной склад Екатеринбург - 7 шт | Тюмень (Народная) - 1 шт | Санкт-Петербург (Спортивная) - 1 шт | S: Тюмень (Народная) - 1 шт | Санкт-Петербург (Спортивная) - 2 шт | Основной склад Екатеринбург - 4 шт | M: Основной склад Екатеринбург - 1 шт | L: Основной склад Екатеринбург - 2 шт | XL: Санкт-Петербург (Спортивная) - 1 шт,23,data\product_images\7fc5b134b6a7.png,0,5,16,0,0,0,0,2,0,0
Одежда,62GBC20113,Юбка женская Mizuno Frontier Flying Skirt - Midnight Navy,Mizuno,3143 ₽,https://saletennis.com/catalog/product/iubka-zhienskaia-mizuno-frontier-flying-skirt-midnight-navy-18202/,XS: Соболева - 1 шт | S: Соболева - 1 шт,2,data\product_images\25ec69918c36.png,0,0,0,2,0,0,0,0,0,0
Одежда,MTL76-1440,Футболка мужская 7/6 Loddy T-Shirt 2.0 - Misty Blue,7/6,3990 ₽,https://saletennis.com/catalog/product/futbolka-muzhskaia-7-6-loddy-t-shirt-2-0-misty-blue-19384/,S: Санкт-Петербург (Спортивная) - 1 шт | Санкт-Петербург (Ярослава Гашека) - 1 шт | M: Тюмень (Народная) - 1 шт | Бисертская - 1 шт | Санкт-Петербург (Ярослава Гашека) - 1 шт | Соболева - 1 шт | Елизаветенское шоссе - 1 шт | L: Елизаветенское шоссе - 2 шт | Парина - 1 шт | Бисертская - 1 шт | Санкт-Петербург (Спортивная) - 1 шт | Санкт-Петербург (Ярослава Гашека) - 1 шт | Ижевск - 1 шт | Тюмень (Народная) - 1 шт | XL: Санкт-Петербург (Спортивная) - 1 шт | Бисертская - 1 шт | Соболева - 1 шт | Тюмень (Народная) - 1 шт | Елизаветенское шоссе - 1 шт | Ижевск - 1 шт | Основной склад Екатеринбург - 1 шт | Уфа - 1 шт | Парина - 1 шт | Санкт-Петербург (Ярослава Гашека) - 1 шт | XXL: Санкт-Петербург (Спортивная) - 1 шт | Санкт-Петербург (Ярослава Гашека) - 1 шт | Елизаветенское шоссе - 1 шт,28,data\product_images\73bd6799cead.png,5,4,1,2,2,3,5,3,1,2
Одежда,W1580026-DBLRD,Майка женская Bidi Badu New York 2024 - Blue/Red,Bidi Badu,1490 ₽,https://saletennis.com/catalog/product/maika-zhienskaia-bidi-badu-new-york-2024-blue-red-16441/,XS: Санкт-Петербург (Спортивная) - 1 шт | Основной склад Екатеринбург - 1 шт | S: Санкт-Петербург (Спортивная) - 1 шт | Основной склад Екатеринбург - 3 шт | M: Санкт-Петербург (Спортивная) - 1 шт | Основной склад Екатеринбург - 1 шт,8,data\product_images\6ed116815f6e.png,0,3,5,0,0,0,0,0,0,0
Одежда,PL76-1119,Поло мужское 7/6 Anlk Polo - Taos Taupe,7/6,990 ₽,https://saletennis.com/catalog/product/polo-muzhskoie-7-6-anlk-polo-taos-taupe-14315/,S: Основной склад Екатеринбург - 10 шт,10,data\product_images\d10e5cd7b6bc.png,0,0,10,0,0,0,0,0,0,0
Одежда,NT76-1304,Майка женская Nata Sleeveless T-shirt - Pearl,Не определен,4990 ₽,https://saletennis.com/catalog/product/maika-zhienskaia-nata-sleeveless-t-shirt-pearl-19285/,XXS: Санкт-Петербург (Спортивная) - 1 шт | Санкт-Петербург (Ярослава Гашека) - 1 шт | Тюмень (Народная) - 1 шт | XS: Тюмень (Народная) - 1 шт | Елизаветенское шоссе - 1 шт | Санкт-Петербург (Ярослава Гашека) - 1 шт | Санкт-Петербург (Спортивная) - 1 шт | Парина - 1 шт | Соболева - 1 шт | S: Ижевск - 1 шт | Парина - 2 шт | Соболева - 2 шт | Тюмень (Народная) - 1 шт | Санкт-Петербург (Спортивная) - 1 шт | Санкт-Петербург (Ярослава Гашека) - 1 шт | Уфа - 1 шт | Елизаветенское шоссе - 2 шт | Бисертская - 2 шт | M: Елизаветенское шоссе - 1 шт | Бисертская - 1 шт | Ижевск - 1 шт | Парина - 2 шт | Санкт-Петербург (Спортивная) - 1 шт | Соболева - 1 шт | Уфа - 1 шт | Тюмень (Народная) - 1 шт | Санкт-Петербург (Ярослава Гашека) - 1 шт | L: Соболева - 1 шт | Санкт-Петербург (Спортивная) - 1 шт | XL: Санкт-Петербург (Спортивная) - 1 шт,35,data\product_images\097ad2350999.png,4,6,0,5,5,3,4,4,2,2
Одежда,KT76-1120,Топ женский 7/6 Kris Top - Starfish,7/6,5990 ₽,https://saletennis.com/catalog/product/top-zhienskii-7-6-kris-top-starfish-19289/,XXS: Санкт-Петербург (Спортивная) - 1 шт | Тюмень (Народная) - 1 шт | Санкт-Петербург (Ярослава Гашека) - 1 шт | XS: Санкт-Петербург (Спортивная) - 1 шт | Парина - 1 шт | Тюмень (Народная) - 1 шт | Санкт-Петербург (Ярослава Гашека) - 1 шт | Соболева - 1 шт | S: Тюмень (Народная) - 1 шт | Основной склад Екатеринбург - 1 шт | Елизаветенское шоссе - 2 шт | Санкт-Петербург (Ярослава Гашека) - 1 шт | Санкт-Петербург (Спортивная) - 1 шт | Уфа - 1 шт | Соболева - 1 шт | M: Основной склад Екатеринбург - 4 шт | Парина - 1 шт | Санкт-Петербург (Ярослава Гашека) - 1 шт | Бисертская - 1 шт | Санкт-Петербург (Спортивная) - 1 шт | Соболева - 1 шт | Уфа - 1 шт | Тюмень (Народная) - 1 шт | Елизаветенское шоссе - 1 шт | L: Санкт-Петербург (Ярослава Гашека) - 1 шт | Соболева - 1 шт | Санкт-Петербург (Спортивная) - 1 шт | Елизаветенское шоссе - 1 шт | Ижевск - 1 шт | XL: Санкт-Петербург (Спортивная) - 1 шт,34,data\product_images\66e8b3908ef9.png,5,6,5,4,2,1,4,4,2,1
Одежда,FB4153-429,Юбка женская Nike Heritage Skirt - Aegean Storm,Nike,9294 ₽,https://saletennis.com/catalog/product/iubka-zhienskaia-nike-heritage-skirt-aegean-storm-16992/,S: Санкт-Петербург (Спортивная) - 1 шт | Ижевск - 1 шт,2,data\product_images\1c11efcdbc04.jpg,0,1,0,0,0,0,0,0,0,1
Одежда,HM6752-410,Поло мужское Nike Advantage Slam Polo - Midnight Navy,Nike,8490 ₽,https://saletennis.com/catalog/product/polo-muzhskoie-nike-advantage-slam-polo-midnight-navy-18332/,S: Соболева - 1 шт,1,data\product_images\64fc09fb78fe.png,0,0,0,1,0,0,0,0,0,0
Одежда,FB5598-515,Кепка Nike Dri-FIT ADV Club Cap - Hydrangeas,Nike,4490 ₽,https://saletennis.com/catalog/product/kiepka-nike-dri-fit-adv-club-cap-hydrangeas-17664/,L/XL: Ижевск - 1 шт,1,data\product_images\f0d0db713f21.png,0,0,0,0,0,0,0,0,0,1
Одежда,JP76-4104,Штаны мужские 7/6 Jackie Pants Men - Antarctica,7/6,5990 ₽,https://saletennis.com/catalog/product/shtany-muzhskiie-7-6-jackie-pants-men-antarctica-18627/,M: Парина - 1 шт | Санкт-Петербург (Спортивная) - 1 шт | L: Ижевск - 1 шт | Санкт-Петербург (Спортивная) - 1 шт | Елизаветенское шоссе - 1 шт | XL: Елизаветенское шоссе - 1 шт | Санкт-Петербург (Спортивная) - 1 шт | XXL: Санкт-Петербург (Спортивная) - 1 шт | Елизаветенское шоссе - 1 шт,9,data\product_images\bf1d690c5cb6.png,0,4,0,0,1,0,3,0,0,1
Одежда,IB1020-842,Поло мужское Nike Court Slam Tennis Polo - Turf Orange/White,Nike,11192 ₽,https://saletennis.com/catalog/product/polo-muzhskoie-nike-court-slam-tennis-polo-turf-orange-white-18831/,S: Бисертская - 1 шт | M: Уфа - 1 шт | L: Ижевск - 1 шт | Уфа - 1 шт | Санкт-Петербург (Спортивная) - 1 шт | Парина - 1 шт,6,data\product_images\e544fc4dd3fd.jpg,0,1,0,0,1,1,0,0,2,1
Одежда,W1330002,Футболка женская Bidi Badu Crew V-Neck - Black,Bidi Badu,2490 ₽,https://saletennis.com/catalog/product/futbolka-zhienskaia-bidi-badu-crew-v-neck-black-17226/,XS: Основной склад Екатеринбург - 1 шт | S: Санкт-Петербург (Спортивная) - 1 шт,2,data\product_images\2fe02138666f.png,0,1,1,0,0,0,0,0,0,0
Одежда,MD76-100,Платье женское 7/6 Mari Dress - White,7/6,2490 ₽,https://saletennis.com/catalog/product/plat-ie-zhienskoie-7-6-mari-dress-white-17104/,XXS: Соболева - 1 шт | Основной склад Екатеринбург - 1 шт | XS: Санкт-Петербург (Спортивная) - 2 шт | Соболева - 1 шт | Ижевск - 1 шт | Основной склад Екатеринбург - 1 шт | M: Основной склад Екатеринбург - 1 шт | Бисертская - 1 шт | L: Основной склад Екатеринбург - 3 шт | Уфа - 1 шт | XL: Основной склад Екатеринбург - 1 шт,14,data\product_images\59b847d1967f.png,0,2,7,2,0,1,0,0,1,1
Одежда,II3233-736,Юбка женская Nike Court Slam Tennis Skirt - Light Lemon Twist/Sapphire,Nike,11490 ₽,https://saletennis.com/catalog/product/iubka-zhienskaia-nike-court-slam-tennis-skirt-light-lemon-twist-sapphire-18855/,M: Уфа - 1 шт,1,data\product_images\64193a0daeb9.png,0,0,0,0,0,0,0,0,1,0
Одежда,G1300008-LIPK,Платье детское Bidi Badu Spike - Lilac/Pink,Bidi Badu,2796 ₽,https://saletennis.com/catalog/product/plat-ie-dietskoie-bidi-badu-spike-lilac-pink-16415/,164: Санкт-Петербург (Спортивная) - 1 шт | Основной склад Екатеринбург - 2 шт,3,data\product_images\d760f0ed135a.png,0,1,2,0,0,0,0,0,0,0
Одежда,IH3765-006,Платье женское Nike Court Slam Tennis Dress - Steam/Barely Green,Nike,16490 ₽,https://saletennis.com/catalog/product/plat-ie-zhienskoie-nike-court-slam-tennis-dress-steam-barely-green-19255/,XS: Соболева - 1 шт | M: Ижевск - 1 шт | L: Парина - 1 шт,3,data\product_images\b519197665d7.png,0,0,0,1,1,0,0,0,0,1
Одежда,MTS76-010,Футболка для мальчиков 7/6 Max T-shirt 2.0 - Black,7/6,2490 ₽,https://saletennis.com/catalog/product/futbolka-dlia-mal-chikov-7-6-max-t-shirt-2-0-black-17514/,XS: Санкт-Петербург (Спортивная) - 1 шт | Санкт-Петербург (Ярослава Гашека) - 1 шт | Тюмень (Народная) - 1 шт | S: Санкт-Петербург (Спортивная) - 1 шт | Санкт-Петербург (Ярослава Гашека) - 1 шт | Соболева - 1 шт | M: Санкт-Петербург (Спортивная) - 2 шт | Санкт-Петербург (Ярослава Гашека) - 1 шт | L: Санкт-Петербург (Спортивная) - 1 шт | Парина - 1 шт | Санкт-Петербург (Ярослава Гашека) - 1 шт | Бисертская - 1 шт | Уфа - 1 шт | XL: Санкт-Петербург (Ярослава Гашека) - 1 шт | Санкт-Петербург (Спортивная) - 1 шт | Бисертская - 1 шт | Соболева - 1 шт,18,data\product_images\cba79595d5a2.png,5,6,0,2,1,2,0,1,1,0
Одежда,KTS76-4109,Футболка женская 7/6 Kate T-shirt - Arona,7/6,3990 ₽,https://saletennis.com/catalog/product/futbolka-zhienskaia-7-6-kate-t-shirt-arona-18595/,XXS: Санкт-Петербург (Спортивная) - 1 шт | XS: Уфа - 1 шт | Соболева - 1 шт | Санкт-Петербург (Спортивная) - 1 шт | S: Тюмень (Народная) - 1 шт | Санкт-Петербург (Спортивная) - 1 шт | Уфа - 1 шт | M: Парина - 1 шт | Основной склад Екатеринбург - 1 шт | Соболева - 1 шт | Уфа - 1 шт | L: Тюмень (Народная) - 1 шт | Санкт-Петербург (Спортивная) - 1 шт,13,data\product_images\f103cedbad4f.png,0,4,1,2,1,0,0,2,3,0
Одежда,W1580023-DBLBL,Майка женская Bidi Badu Beach Spirit - Darkblue,Bidi Badu,1990 ₽,https://saletennis.com/catalog/product/maika-zhienskaia-bidi-badu-beach-spirit-darkblue-15730/,XS: Основной склад Екатеринбург - 1 шт,1,data\product_images\9727fd01ccb2.png,0,0,1,0,0,0,0,0,0,0
Одежда,FN0318-133,Футболка мужская Nike Court Heritage Logo - Sail/Dark Obsidian,Nike,6490 ₽,https://saletennis.com/catalog/product/futbolka-muzhskaia-nike-court-heritage-logo-sail-dark-obsidian-19185/,M: Ижевск - 1 шт | L: Ижевск - 1 шт,2,data\product_images\10dc6e72b6cb.jpg,0,0,0,0,0,0,0,0,0,2
Одежда,PL76-0404,Поло мужское 7/6 Anlk Polo - Kambaba,7/6,990 ₽,https://saletennis.com/catalog/product/polo-muzhskoie-7-6-anlk-polo-kambaba-14313/,S: Основной склад Екатеринбург - 1 шт,1,data\product_images\c180b9d9dff8.png,0,0,1,0,0,0,0,0,0,0
Одежда,62GAB700-67,Футболка женская Mizuno Mugen Printed Tee - Crocus Petal,Mizuno,2990 ₽,https://saletennis.com/catalog/product/futbolka-zhienskaia-mizuno-mugen-printed-tee-crocus-petal-17435/,XS: Соболева - 1 шт | Основной склад Екатеринбург - 1 шт | M: Основной склад Екатеринбург - 2 шт,4,data\product_images\58981e87adea.png,0,0,3,1,0,0,0,0,0,0
Одежда,62GBC701-22,Юбка женская Mizuno Daybreakers Flying - Icelandic Blue,Mizuno,3143 ₽,https://saletennis.com/catalog/product/iubka-zhienskaia-mizuno-daybreakers-flying-icelandic-blue-18416/,S: Соболева - 1 шт,1,data\product_images\aaf75a55aa91.png,0,0,0,1,0,0,0,0,0,0
Одежда,62GAB501-41,Футболка мужская Mizuno Mugen Shadow Graphic - Neon Lime,Mizuno,3990 ₽,https://saletennis.com/catalog/product/futbolka-muzhskaia-mizuno-mugen-shadow-graphic-neon-lime-17446/,S: Основной склад Екатеринбург - 1 шт | M: Основной склад Екатеринбург - 1 шт,2,data\product_images\dfae007e5198.png,0,0,2,0,0,0,0,0,0,0
Одежда,NT76-4313,Майка женская Nata Sleeveless T-shirt - Light Blue,Не определен,1995 ₽,https://saletennis.com/catalog/product/maika-zhienskaia-nata-sleeveless-t-shirt-light-blue-17902/,XXS: Бисертская - 1 шт | Санкт-Петербург (Спортивная) - 1 шт | XS: Основной склад Екатеринбург - 1 шт | S: Уфа - 1 шт | L: Основной склад Екатеринбург - 2 шт | XL: Санкт-Петербург (Спортивная) - 1 шт,7,data\product_images\3002538b1ea7.png,0,2,3,0,0,1,0,0,1,0
Одежда,MTL76-0515,Футболка мужская 7/6 Loddy T-Shirt 2.0 - Lemon Icing,7/6,3990 ₽,https://saletennis.com/catalog/product/futbolka-muzhskaia-7-6-loddy-t-shirt-2-0-lemon-icing-19301/,S: Санкт-Петербург (Спортивная) - 1 шт | Парина - 1 шт | Уфа - 1 шт | Тюмень (Народная) - 1 шт | Санкт-Петербург (Ярослава Гашека) - 1 шт | M: Парина - 2 шт | Тюмень (Народная) - 1 шт | Соболева - 2 шт | Ижевск - 1 шт | Санкт-Петербург (Спортивная) - 1 шт | Елизаветенское шоссе - 2 шт | Уфа - 2 шт | Санкт-Петербург (Ярослава Гашека) - 1 шт | L: Ижевск - 2 шт | Елизаветенское шоссе - 2 шт | Парина - 2 шт | Санкт-Петербург (Спортивная) - 1 шт | Тюмень (Народная) - 1 шт | Бисертская - 1 шт | Соболева - 2 шт | Санкт-Петербург (Ярослава Гашека) - 1 шт | XL: Уфа - 1 шт | Елизаветенское шоссе - 1 шт | Ижевск - 1 шт | Парина - 1 шт | Санкт-Петербург (Ярослава Гашека) - 1 шт | Санкт-Петербург (Спортивная) - 1 шт | Основной склад Екатеринбург - 2 шт | Соболева - 1 шт | Тюмень (Народная) - 1 шт | XXL: Уфа - 1 шт | Елизаветенское шоссе - 1 шт | Санкт-Петербург (Спортивная) - 1 шт,42,data\product_images\3bbdbb910cc3.png,4,5,2,5,6,1,6,4,5,4
Одежда,IB3776-663,Футболка женская Nike Victory - Pink Foam/White,Nike,6490 ₽,https://saletennis.com/catalog/product/futbolka-zhienskaia-nike-victory-pink-foam-white-19197/,M: Санкт-Петербург (Спортивная) - 1 шт,1,data\product_images\7ad47b0f2479.png,0,1,0,0,0,0,0,0,0,0
Одежда,VT76-0102,Футболка мужская 7/6 Victory Cotton T-shirt - White/Black,7/6,1990 ₽,https://saletennis.com/catalog/product/futbolka-muzhskaia-7-6-victory-cotton-t-shirt-white-black-17123/,M: Основной склад Екатеринбург - 1 шт | Тюмень (Народная) - 1 шт | Соболева - 1 шт | Санкт-Петербург (Спортивная) - 1 шт | L: Тюмень (Народная) - 1 шт | Бисертская - 1 шт | Уфа - 1 шт | XL: Основной склад Екатеринбург - 1 шт | Бисертская - 1 шт | Соболева - 1 шт | Санкт-Петербург (Спортивная) - 2 шт | XXL: Санкт-Петербург (Спортивная) - 1 шт | Основной склад Екатеринбург - 1 шт | Соболева - 1 шт,15,data\product_images\217bf2c41dc4.png,0,4,3,3,0,2,0,2,1,0
Одежда,62GBC00114,"Шорты мужские Mizuno 8"" Amplify Short - Bellwether Blue",Mizuno,3493 ₽,https://saletennis.com/catalog/product/shorty-muzhskiie-mizuno-8-amplify-short-bellwether-blue-18207/,S: Основной склад Екатеринбург - 1 шт | M: Основной склад Екатеринбург - 1 шт,2,data\product_images\2f3ab96d24ab.png,0,0,2,0,0,0,0,0,0,0
Одежда,62GBB725-01,Шорты женские под платье Mizuno Tight Short - White,Mizuno,2490 ₽,https://saletennis.com/catalog/product/shorty-zhienskiie-pod-plat-ie-mizuno-tight-short-white-17479/,XS: Основной склад Екатеринбург - 1 шт | Санкт-Петербург (Спортивная) - 1 шт | S: Основной склад Екатеринбург - 1 шт | Санкт-Петербург (Спортивная) - 1 шт | L: Основной склад Екатеринбург - 1 шт,5,data\product_images\67ca677111ce.png,0,2,3,0,0,0,0,0,0,0
Одежда,NS76-2520,Юбка женская 7/6 Nata Skirt - Potent Purple,7/6,4990 ₽,https://saletennis.com/catalog/product/iubka-zhienskaia-7-6-nata-skirt-potent-purple-18603/,XS: Тюмень (Народная) - 1 шт | Санкт-Петербург (Спортивная) - 1 шт | Уфа - 1 шт,3,data\product_images\a1988f376306.png,0,1,0,0,0,0,0,1,1,0
Одежда,W1330002,Футболка женская Bidi Badu Crew V-Neck - Navy,Bidi Badu,2490 ₽,https://saletennis.com/catalog/product/futbolka-zhienskaia-bidi-badu-crew-v-neck-navy-17227/,XS: Основной склад Екатеринбург - 1 шт,1,data\product_images\9210a637a598.png,0,0,1,0,0,0,0,0,0,0
Одежда,DD8532-376,Поло мужское Nike Rafa Logo Polo - Vapor Green,Nike,6490 ₽,https://saletennis.com/catalog/product/polo-muzhskoie-nike-rafa-logo-polo-vapor-green-17334/,XL: Бисертская - 1 шт,1,data\product_images\f8df3eaf1bdf.jpg,0,0,0,0,0,1,0,0,0,0
Одежда,MPA76-1120,Поло мужское 7/6 Andy Polo - Starfish,7/6,5990 ₽,https://saletennis.com/catalog/product/polo-muzhskoie-7-6-andy-polo-starfish-19380/,S: Парина - 1 шт | Санкт-Петербург (Спортивная) - 1 шт | Санкт-Петербург (Ярослава Гашека) - 1 шт | M: Санкт-Петербург (Ярослава Гашека) - 1 шт | Основной склад Екатеринбург - 1 шт | Соболева - 1 шт | Санкт-Петербург (Спортивная) - 1 шт | Уфа - 1 шт | Ижевск - 1 шт | Тюмень (Народная) - 1 шт | Бисертская - 1 шт | Парина - 2 шт | Елизаветенское шоссе - 2 шт | L: Парина - 2 шт | Елизаветенское шоссе - 2 шт | Санкт-Петербург (Спортивная) - 1 шт | Ижевск - 1 шт | Санкт-Петербург (Ярослава Гашека) - 1 шт | Бисертская - 1 шт | Тюмень (Народная) - 1 шт | Соболева - 1 шт | XL: Парина - 1 шт | Елизаветенское шоссе - 1 шт | Уфа - 1 шт | Санкт-Петербург (Ярослава Гашека) - 1 шт | Санкт-Петербург (Спортивная) - 1 шт | Тюмень (Народная) - 1 шт | Соболева - 1 шт | Основной склад Екатеринбург - 2 шт | Ижевск - 1 шт | Бисертская - 1 шт | XXL: Санкт-Петербург (Спортивная) - 1 шт | Елизаветенское шоссе - 1 шт | Соболева - 1 шт | Парина - 1 шт,40,data\product_images\ab5a408be13d.png,4,5,3,4,7,3,6,3,2,3
Одежда,II3606-010,Майка женская Nike Court Advantage - Black/White,Nike,7990 ₽,https://saletennis.com/catalog/product/maika-zhienskaia-nike-court-advantage-black-white-19209/,XS: Санкт-Петербург (Спортивная) - 1 шт | Парина - 1 шт | Тюмень (Народная) - 1 шт | S: Санкт-Петербург (Спортивная) - 1 шт | M: Уфа - 1 шт | Ижевск - 1 шт | Парина - 1 шт,7,data\product_images\acd5bc4ce568.png,0,2,0,0,2,0,0,1,1,1
Одежда,KTS76-0515,Футболка женская 7/6 Kate T-shirt - Lemon Icing,7/6,4490 ₽,https://saletennis.com/catalog/product/futbolka-zhienskaia-7-6-kate-t-shirt-lemon-icing-19393/,XXS: Санкт-Петербург (Ярослава Гашека) - 1 шт | Санкт-Петербург (Спортивная) - 1 шт | Тюмень (Народная) - 1 шт | XS: Тюмень (Народная) - 2 шт | Санкт-Петербург (Спортивная) - 1 шт | Санкт-Петербург (Ярослава Гашека) - 1 шт | Соболева - 1 шт | S: Елизаветенское шоссе - 1 шт | Уфа - 1 шт | Парина - 1 шт | Санкт-Петербург (Спортивная) - 1 шт | Тюмень (Народная) - 1 шт | Санкт-Петербург (Ярослава Гашека) - 1 шт | M: Елизаветенское шоссе - 1 шт | Парина - 1 шт | Санкт-Петербург (Спортивная) - 1 шт | Основной склад Екатеринбург - 3 шт | Тюмень (Народная) - 1 шт | Соболева - 1 шт | Бисертская - 1 шт | Уфа - 1 шт | Санкт-Петербург (Ярослава Гашека) - 1 шт | L: Соболева - 1 шт | Уфа - 1 шт | Санкт-Петербург (Спортивная) - 1 шт | Тюмень (Народная) - 1 шт | Санкт-Петербург (Ярослава Гашека) - 1 шт | XL: Санкт-Петербург (Спортивная) - 1 шт,31,data\product_images\0b0b17edc956.png,5,6,3,3,2,1,2,6,3,0
Одежда,FB5598-006,Кепка Nike Dri-FIT ADV Club Cap - Steam/Black,Nike,3990 ₽,https://saletennis.com/catalog/product/kiepka-nike-dri-fit-adv-club-cap-steam-black-19217/,L/XL: Тюмень (Народная) - 1 шт | Соболева - 1 шт | Санкт-Петербург (Спортивная) - 1 шт | Уфа - 1 шт | Ижевск - 1 шт | Парина - 1 шт | M/L: Парина - 1 шт,7,data\product_images\1e1418d3e08e.png,0,1,0,1,2,0,0,1,1,1
Одежда,62GBB735-09,"Шорты женские Mizuno 3"" Flex Short - Black",Mizuno,2994 ₽,https://saletennis.com/catalog/product/shorty-zhienskiie-mizuno-3-flex-short-black-17474/,M: Основной склад Екатеринбург - 1 шт | L: Основной склад Екатеринбург - 1 шт,2,data\product_images\2769316d220f.jpg,0,0,2,0,0,0,0,0,0,0
Одежда,WT76-1264,Футболка женская 7/6 Alice T-shirt - Bright Orange,7/6,1995 ₽,https://saletennis.com/catalog/product/futbolka-zhienskaia-7-6-alice-t-shirt-bright-orange-17933/,XXS: Основной склад Екатеринбург - 4 шт | Санкт-Петербург (Спортивная) - 1 шт | XS: Тюмень (Народная) - 1 шт | Санкт-Петербург (Спортивная) - 2 шт | Основной склад Екатеринбург - 4 шт | S: Санкт-Петербург (Спортивная) - 1 шт | Основной склад Екатеринбург - 2 шт | Тюмень (Народная) - 1 шт | L: Санкт-Петербург (Спортивная) - 1 шт | XL: Тюмень (Народная) - 1 шт,18,data\product_images\cf71559dfeef.png,0,5,10,0,0,0,0,3,0,0
Одежда,KT76-0205,Топ женский 7/6 Kris Top - Cream Blossom,7/6,2495 ₽,https://saletennis.com/catalog/product/top-zhienskii-7-6-kris-top-cream-blossom-17927/,XXS: Основной склад Екатеринбург - 1 шт | Тюмень (Народная) - 1 шт | Санкт-Петербург (Спортивная) - 1 шт | XS: Основной склад Екатеринбург - 2 шт | S: Тюмень (Народная) - 1 шт | Основной склад Екатеринбург - 6 шт | Санкт-Петербург (Спортивная) - 1 шт | M: Тюмень (Народная) - 1 шт | Основной склад Екатеринбург - 4 шт | Санкт-Петербург (Спортивная) - 1 шт | L: Основной склад Екатеринбург - 1 шт | Санкт-Петербург (Спортивная) - 1 шт | XL: Санкт-Петербург (Спортивная) - 1 шт,22,data\product_images\2b36107eef11.png,0,5,14,0,0,0,0,3,0,0
Одежда,MTS76-0205,Футболка для мальчиков 7/6 Max T-shirt 2.0 - Cream,7/6,2093 ₽,https://saletennis.com/catalog/product/futbolka-dlia-mal-chikov-7-6-max-t-shirt-2-0-cream-17915/,XS: Санкт-Петербург (Спортивная) - 1 шт | Соболева - 1 шт | S: Тюмень (Народная) - 2 шт | Санкт-Петербург (Спортивная) - 2 шт | Соболева - 1 шт | Основной склад Екатеринбург - 2 шт | Уфа - 1 шт | M: Основной склад Екатеринбург - 1 шт | Соболева - 1 шт | Тюмень (Народная) - 1 шт | Санкт-Петербург (Спортивная) - 2 шт | L: Санкт-Петербург (Спортивная) - 1 шт | Соболева - 1 шт | Уфа - 1 шт | Тюмень (Народная) - 1 шт | Основной склад Екатеринбург - 3 шт | XL: Санкт-Петербург (Спортивная) - 1 шт,23,data\product_images\15c404920666.png,0,7,6,4,0,0,0,4,2,0
Одежда,WJP76-1215,Штаны женские 7/6 Jackie Pants Women - Shaved Chocolate,7/6,5990 ₽,https://saletennis.com/catalog/product/shtany-zhienskiie-7-6-jackie-pants-women-shaved-chocolate-19413/,XXS: Санкт-Петербург (Ярослава Гашека) - 1 шт | Санкт-Петербург (Спортивная) - 1 шт | XS: Санкт-Петербург (Спортивная) - 1 шт | Елизаветенское шоссе - 1 шт | Парина - 1 шт | Санкт-Петербург (Ярослава Гашека) - 1 шт | S: Парина - 1 шт | Ижевск - 1 шт | Санкт-Петербург (Спортивная) - 1 шт | Елизаветенское шоссе - 1 шт | Уфа - 1 шт | Санкт-Петербург (Ярослава Гашека) - 1 шт | Тюмень (Народная) - 1 шт | M: Ижевск - 1 шт | Уфа - 1 шт | Елизаветенское шоссе - 1 шт | Тюмень (Народная) - 1 шт | Санкт-Петербург (Спортивная) - 1 шт | Санкт-Петербург (Ярослава Гашека) - 1 шт | L: Парина - 1 шт | Санкт-Петербург (Ярослава Гашека) - 1 шт | Санкт-Петербург (Спортивная) - 1 шт | XL: Санкт-Петербург (Ярослава Гашека) - 1 шт | Санкт-Петербург (Спортивная) - 1 шт,24,data\product_images\0c0f677505bc.png,6,6,0,0,3,0,3,2,2,2
Одежда,ND76-010,Платье женское 7/6 Nika Dress - Black,7/6,1990 ₽,https://saletennis.com/catalog/product/plat-ie-zhienskoie-7-6-nika-dress-black-17105/,XXS: Уфа - 1 шт,1,data\product_images\aacab7850084.png,0,0,0,0,0,0,0,0,1,0
Одежда,FB5598-345,Кепка Nike Dri-FIT ADV Club Cap - Dusty Cactus,Nike,4490 ₽,https://saletennis.com/catalog/product/kiepka-nike-dri-fit-adv-club-cap-dusty-cactus-17663/,L/XL: Соболева - 1 шт,1,data\product_images\b7ce34d85cd4.png,0,0,0,1,0,0,0,0,0,0
Одежда,IB1043-100,Шорты мужские Nike Court Slam 6in - White,Nike,11490 ₽,https://saletennis.com/catalog/product/shorty-muzhskiie-nike-court-slam-6in-white-19250/,L: Парина - 1 шт | XL: Уфа - 1 шт | Парина - 1 шт,3,data\product_images\edf6908b4de7.jpg,0,0,0,0,2,0,0,0,1,0
Одежда,62GAC700-61,Футболка женская Mizuno Daybreakers Printed - Coral,Mizuno,2793 ₽,https://saletennis.com/catalog/product/futbolka-zhienskaia-mizuno-daybreakers-printed-coral-18414/,XS: Уфа - 1 шт | S: Уфа - 1 шт | M: Санкт-Петербург (Спортивная) - 1 шт,3,data\product_images\c59ac983d48d.jpg,0,1,0,0,0,0,0,0,2,0
Одежда,G1580024,Майка детская Bidi Badu Spike Chill - Lilac,Bidi Badu,1196 ₽,https://saletennis.com/catalog/product/maika-dietskaia-bidi-badu-spike-chill-lilac-16418/,152: Основной склад Екатеринбург - 1 шт | Санкт-Петербург (Спортивная) - 1 шт | Парина - 1 шт,3,data\product_images\8709ff8bdca4.png,0,1,1,0,1,0,0,0,0,0
Одежда,SH7760-1941,Шорты мужские 7/6 Miran Shorts 7 - Ebony,7/6,4490 ₽,https://saletennis.com/catalog/product/shorty-muzhskiie-7-6-miran-shorts-7-ebony-18623/,XXL: Санкт-Петербург (Спортивная) - 1 шт,1,data\product_images\7ac0b901dbb7.png,0,1,0,0,0,0,0,0,0,0
Одежда,62GAB20267,Майка женская Mizuno Charge Printed Tank - Purple Magic,Mizuno,2490 ₽,https://saletennis.com/catalog/product/maika-zhienskaia-mizuno-charge-printed-tank-purple-magic-16333/,XS: Санкт-Петербург (Спортивная) - 1 шт | Основной склад Екатеринбург - 1 шт,2,data\product_images\cf57b01e2bf4.png,0,1,1,0,0,0,0,0,0,0
Одежда,ND76-0116,Платье женское 7/6 Nika Dress - Light Green,7/6,2490 ₽,https://saletennis.com/catalog/product/plat-ie-zhienskoie-7-6-nika-dress-light-green-17926/,XXS: Санкт-Петербург (Спортивная) - 1 шт | Основной склад Екатеринбург - 4 шт | XS: Основной склад Екатеринбург - 6 шт | Санкт-Петербург (Спортивная) - 1 шт | S: Основной склад Екатеринбург - 5 шт | M: Основной склад Екатеринбург - 5 шт | L: Основной склад Екатеринбург - 1 шт | XL: Санкт-Петербург (Спортивная) - 1 шт,24,data\product_images\2330d5c79681.png,0,3,21,0,0,0,0,0,0,0
Одежда,VD276-1264,Платье детское 7/6 Viki Dress 2.0 - Bright Orange,7/6,2793 ₽,https://saletennis.com/catalog/product/plat-ie-dietskoie-7-6-viki-dress-2-0-bright-orange-17903/,XS: Санкт-Петербург (Спортивная) - 1 шт | Основной склад Екатеринбург - 1 шт | S: Санкт-Петербург (Спортивная) - 1 шт | Соболева - 1 шт | Основной склад Екатеринбург - 3 шт | M: Соболева - 1 шт | Уфа - 1 шт | Основной склад Екатеринбург - 4 шт | Санкт-Петербург (Спортивная) - 1 шт | L: Уфа - 1 шт | Санкт-Петербург (Спортивная) - 1 шт | Основной склад Екатеринбург - 3 шт | Соболева - 1 шт | XL: Соболева - 1 шт | Тюмень (Народная) - 1 шт | Санкт-Петербург (Спортивная) - 1 шт | Основной склад Екатеринбург - 4 шт | Уфа - 1 шт,28,data\product_images\753bcc1da6af.png,0,5,15,4,0,0,0,1,3,0
Одежда,AS276-0205,Шорты под платье 7/6 Ana Shorts 2.0 - Cream,7/6,2392 ₽,https://saletennis.com/catalog/product/shorty-pod-plat-ie-7-6-ana-shorts-2-0-cream-17945/,XXS: Основной склад Екатеринбург - 4 шт | XS: Санкт-Петербург (Спортивная) - 1 шт | Основной склад Екатеринбург - 4 шт | Тюмень (Народная) - 1 шт | S: Санкт-Петербург (Спортивная) - 1 шт | Основной склад Екатеринбург - 4 шт | M: Санкт-Петербург (Спортивная) - 1 шт | Основной склад Екатеринбург - 1 шт | L: Основной склад Екатеринбург - 1 шт | Санкт-Петербург (Спортивная) - 1 шт | XL: Санкт-Петербург (Спортивная) - 1 шт,20,data\product_images\4da8926ad44d.png,0,5,14,0,0,0,0,1,0,0
Одежда,62GAC00445,Поло мужское Mizuno Frontier Shadow Polo - Cyber Yellow,Mizuno,4193 ₽,https://saletennis.com/catalog/product/polo-muzhskoie-mizuno-frontier-shadow-polo-cyber-yellow-18206/,M: Основной склад Екатеринбург - 1 шт | Тюмень (Народная) - 1 шт | L: Основной склад Екатеринбург - 1 шт | XL: Основной склад Екатеринбург - 1 шт,4,data\product_images\d9553c487b4a.png,0,0,3,0,0,0,0,1,0,0
Одежда,DR10217975955286,Футболка мужская Diadora SS Score T-Shirt - Bordeaux,Не определен,1490 ₽,https://saletennis.com/catalog/product/futbolka-muzhskaia-diadora-ss-score-t-shirt-bordeaux-15325/,S: Основной склад Екатеринбург - 1 шт,1,data\product_images\8e81677a1b29.png,0,0,1,0,0,0,0,0,0,0
Одежда,AD76-4313,Платье женское 7/6 Arina Dress - Light Blue/Blue,7/6,1790 ₽,https://saletennis.com/catalog/product/plat-ie-zhienskoie-7-6-arina-dress-light-blue-blue-17893/,XXS: Основной склад Екатеринбург - 4 шт | Санкт-Петербург (Спортивная) - 1 шт | XS: Санкт-Петербург (Спортивная) - 1 шт | S: Основной склад Екатеринбург - 4 шт | M: Основной склад Екатеринбург - 3 шт | L: Основной склад Екатеринбург - 1 шт | Санкт-Петербург (Спортивная) - 1 шт | XL: Санкт-Петербург (Спортивная) - 1 шт,16,data\product_images\78c41ab04fbe.png,0,4,12,0,0,0,0,0,0,0
Одежда,FB6443-503,Козырек Nike ADV Ace Visor - Pink,Nike,3490 ₽,https://saletennis.com/catalog/product/kozyriek-nike-adv-ace-visor-pink-19195/,S/M: Соболева - 1 шт | Уфа - 1 шт | Бисертская - 2 шт,4,data\product_images\bf5f851da446.png,0,0,0,1,0,2,0,0,1,0
Одежда,23_46_XXS_42,"Толстовка унисекс ""Love is ..."" Blue",Не определен,2490 ₽,https://saletennis.com/catalog/product/tolstovka-unisieks-love-is-blue-14994/,XXS: Тюмень (Народная) - 1 шт | Основной склад Екатеринбург - 1 шт | XS: Основной склад Екатеринбург - 1 шт | Бисертская - 1 шт | Тюмень (Народная) - 1 шт,5,data\product_images\5061dc485804.jpg,0,0,2,0,0,1,0,2,0,0
Одежда,62GAB50224,Поло мужское Mizuno Mugen Shadow Polo - Mugen Blue,Mizuno,4490 ₽,https://saletennis.com/catalog/product/polo-muzhskoie-mizuno-mugen-shadow-polo-mugen-blue-16842/,S: Соболева - 1 шт,1,data\product_images\902714f2c4d8.png,0,0,0,1,0,0,0,0,0,0
Одежда,FZ6726-323,Юбка женская Nike Advantage Ace - Fir,Nike,9490 ₽,https://saletennis.com/catalog/product/iubka-zhienskaia-nike-advantage-ace-fir-18447/,XS: Санкт-Петербург (Спортивная) - 1 шт,1,data\product_images\5e5fd6b7d9e5.png,0,1,0,0,0,0,0,0,0,0
Одежда,62GAB501-01,Футболка мужская Mizuno Mugen Shadow Graphic - White,Mizuno,3990 ₽,https://saletennis.com/catalog/product/futbolka-muzhskaia-mizuno-mugen-shadow-graphic-white-17448/,M: Основной склад Екатеринбург - 1 шт,1,data\product_images\132d67c064d1.png,0,0,1,0,0,0,0,0,0,0
Одежда,W1300011,Платье женское Bidi Badu Kaleido - White/Mixed,Bidi Badu,3990 ₽,https://saletennis.com/catalog/product/plat-ie-zhienskoie-bidi-badu-kaleido-white-mixed-17218/,XS: Санкт-Петербург (Спортивная) - 1 шт | S: Основной склад Екатеринбург - 2 шт,3,data\product_images\0a53ea67686b.png,0,1,2,0,0,0,0,0,0,0
Одежда,W1330007,Футболка женская Bidi Badu Kaleido V-Neck - White/Mixed,Bidi Badu,1490 ₽,https://saletennis.com/catalog/product/futbolka-zhienskaia-bidi-badu-kaleido-v-neck-white-mixed-17230/,XS: Санкт-Петербург (Спортивная) - 1 шт | Основной склад Екатеринбург - 1 шт,2,data\product_images\5d36def6a8c7.png,0,1,1,0,0,0,0,0,0,0
Одежда,TWJ76-BK,Ветровка женская 7/6 Taylor Woman Jacket - Black,7/6,4792 ₽,https://saletennis.com/catalog/product/vietrovka-zhienskaia-7-6-taylor-woman-jacket-black-17272/,XS: Уфа - 1 шт | Соболева - 1 шт | Парина - 1 шт | S: Уфа - 1 шт | Основной склад Екатеринбург - 1 шт | Соболева - 1 шт | Ижевск - 1 шт | Парина - 1 шт | M: Ижевск - 1 шт | Основной склад Екатеринбург - 1 шт | Санкт-Петербург (Спортивная) - 1 шт | Соболева - 1 шт | Тюмень (Народная) - 1 шт | Парина - 1 шт | L: Соболева - 1 шт | Тюмень (Народная) - 1 шт | Санкт-Петербург (Спортивная) - 2 шт | Ижевск - 1 шт | Бисертская - 1 шт | XL: Санкт-Петербург (Спортивная) - 1 шт | Соболева - 1 шт | Парина - 1 шт,23,data\product_images\bf538b41fc72.png,0,4,2,5,4,1,0,2,2,3
Одежда,PL7060-4109,Поло мужское 7/6 Ankl Polo 2.0 - Arona,7/6,5490 ₽,https://saletennis.com/catalog/product/polo-muzhskoie-7-6-ankl-polo-2-0-arona-18610/,S: Санкт-Петербург (Спортивная) - 1 шт | M: Парина - 1 шт | Тюмень (Народная) - 1 шт | Основной склад Екатеринбург - 1 шт | L: Тюмень (Народная) - 1 шт,5,data\product_images\5e493da448e5.png,0,1,1,0,1,0,0,2,0,0
Одежда,KS76-1941,Юбка женская 7/6 Kris Skirt - Ebony,7/6,5490 ₽,https://saletennis.com/catalog/product/iubka-zhienskaia-7-6-kris-skirt-ebony-18599/,XXS: Санкт-Петербург (Спортивная) - 1 шт | XS: Тюмень (Народная) - 1 шт | Бисертская - 1 шт | Соболева - 1 шт | S: Елизаветенское шоссе - 1 шт | Санкт-Петербург (Спортивная) - 1 шт | Бисертская - 1 шт | M: Уфа - 1 шт | Соболева - 1 шт | L: Санкт-Петербург (Спортивная) - 1 шт | XL: Санкт-Петербург (Спортивная) - 1 шт,11,data\product_images\5650cdb574e3.png,0,4,0,2,0,2,1,1,1,0
Одежда,NS76-0628,Юбка женская 7/6 Nata Skirt - Leaf Green/Orange,7/6,2995 ₽,https://saletennis.com/catalog/product/iubka-zhienskaia-7-6-nata-skirt-leaf-green-orange-17940/,XXS: Основной склад Екатеринбург - 3 шт | Санкт-Петербург (Спортивная) - 1 шт | XS: Санкт-Петербург (Спортивная) - 1 шт | Основной склад Екатеринбург - 3 шт | S: Основной склад Екатеринбург - 2 шт | Санкт-Петербург (Спортивная) - 1 шт | Тюмень (Народная) - 1 шт | M: Санкт-Петербург (Спортивная) - 1 шт | Тюмень (Народная) - 1 шт | Основной склад Екатеринбург - 4 шт | L: Санкт-Петербург (Спортивная) - 1 шт | Основной склад Екатеринбург - 3 шт,22,data\product_images\2c78121f2b1f.png,0,5,15,0,0,0,0,2,0,0
Одежда,FZ6910-673,Футболка мужская Nike Court Advantage - Chile Red/White,Nike,7990 ₽,https://saletennis.com/catalog/product/futbolka-muzhskaia-nike-court-advantage-chile-red-white-18832/,L: Уфа - 1 шт | Парина - 1 шт | XL: Уфа - 1 шт,3,data\product_images\4af315f36928.jpg,0,0,0,0,1,0,0,0,2,0
Одежда,BPL76-0406,Поло детское 7/6 Sasha Polo - Kambaba,7/6,490 ₽,https://saletennis.com/catalog/product/polo-dietskoie-7-6-sasha-polo-kambaba-15399/,XS: Основной склад Екатеринбург - 1 шт | S: Основной склад Екатеринбург - 4 шт | M: Тюмень (Народная) - 1 шт | Бисертская - 1 шт,7,data\product_images\e002dbdce338.png,0,0,5,0,0,1,0,1,0,0
Одежда,KTS76-4405,Футболка женская 7/6 Kate T-shirt - Misty Blue,7/6,4490 ₽,https://saletennis.com/catalog/product/futbolka-zhienskaia-7-6-kate-t-shirt-misty-blue-19394/,XXS: Тюмень (Народная) - 1 шт | Санкт-Петербург (Ярослава Гашека) - 1 шт | Санкт-Петербург (Спортивная) - 1 шт | XS: Парина - 1 шт | Тюмень (Народная) - 2 шт | Санкт-Петербург (Ярослава Гашека) - 1 шт | Соболева - 1 шт | Санкт-Петербург (Спортивная) - 1 шт | S: Соболева - 1 шт | Елизаветенское шоссе - 1 шт | Санкт-Петербург (Спортивная) - 2 шт | Ижевск - 1 шт | Парина - 1 шт | Основной склад Екатеринбург - 1 шт | Тюмень (Народная) - 2 шт | Бисертская - 1 шт | M: Санкт-Петербург (Ярослава Гашека) - 1 шт | Уфа - 1 шт | Ижевск - 1 шт | Санкт-Петербург (Спортивная) - 1 шт | Елизаветенское шоссе - 1 шт | Парина - 1 шт | Основной склад Екатеринбург - 3 шт | Бисертская - 1 шт | Тюмень (Народная) - 1 шт | L: Елизаветенское шоссе - 1 шт | Санкт-Петербург (Спортивная) - 1 шт | Санкт-Петербург (Ярослава Гашека) - 1 шт | Тюмень (Народная) - 1 шт | Ижевск - 1 шт | XL: Санкт-Петербург (Спортивная) - 1 шт,36,data\product_images\98c8b6a288db.png,4,7,4,2,3,2,3,7,1,3
Одежда,62GBB20164,Юбка женская Mizuno Charge Printed Flying Skirt - Lilac Chiffon,Mizuno,3490 ₽,https://saletennis.com/catalog/product/iubka-zhienskaia-mizuno-charge-printed-flying-skirt-lilac-chiffon-16337/,S: Основной склад Екатеринбург - 1 шт | XS: Основной склад Екатеринбург - 1 шт,2,data\product_images\5f4d862ab9bb.png,0,0,2,0,0,0,0,0,0,0
Одежда,KT76-3612,Топ женский 7/6 Kris Top - Lavander Blossom,7/6,2495 ₽,https://saletennis.com/catalog/product/top-zhienskii-7-6-kris-top-lavander-blossom-17929/,XS: Основной склад Екатеринбург - 5 шт | S: Санкт-Петербург (Спортивная) - 1 шт | Основной склад Екатеринбург - 3 шт | L: Основной склад Екатеринбург - 2 шт | Санкт-Петербург (Спортивная) - 1 шт | XL: Санкт-Петербург (Спортивная) - 1 шт,13,data\product_images\de865bf265c5.png,0,3,10,0,0,0,0,0,0,0
Одежда,VS-76BK,Козырек 7/6 Visor - Black,7/6,1790 ₽,https://saletennis.com/catalog/product/kozyriek-7-6-visor-black-13217/,Тюмень (Народная): 3 шт | Санкт-Петербург (Спортивная): 2 шт | Тюмень: 3 шт,8,data\product_images\3a5cdf533148.png,0,2,0,0,0,0,0,6,0,0
Одежда,62GHB700-24,Платье женское Mizuno Mugen Dress - Mugen Blue,Mizuno,3995 ₽,https://saletennis.com/catalog/product/plat-ie-zhienskoie-mizuno-mugen-dress-mugen-blue-17456/,XS: Основной склад Екатеринбург - 1 шт | Санкт-Петербург (Спортивная) - 1 шт | S: Соболева - 1 шт,3,data\product_images\d496e3bd8bc7.png,0,1,1,1,0,0,0,0,0,0
Одежда,AS276-4800,Шорты под платье 7/6 Ana Shorts 2.0 - Pink,7/6,2392 ₽,https://saletennis.com/catalog/product/shorty-pod-plat-ie-7-6-ana-shorts-2-0-pink-17947/,XXS: Основной склад Екатеринбург - 3 шт | XS: Основной склад Екатеринбург - 4 шт | Санкт-Петербург (Спортивная) - 1 шт | S: Основной склад Екатеринбург - 4 шт | M: Основной склад Екатеринбург - 2 шт | L: Санкт-Петербург (Спортивная) - 1 шт | Основной склад Екатеринбург - 1 шт,16,data\product_images\f4a11499b3c0.png,0,2,14,0,0,0,0,0,0,0
Одежда,62GAB00254,Футболка мужская Mizuno Charge Shadow Tee - Carrot Curl,Mizuno,3490 ₽,https://saletennis.com/catalog/product/futbolka-muzhskaia-mizuno-charge-shadow-tee-carrot-curl-16347/,M: Основной склад Екатеринбург - 1 шт,1,data\product_images\bfa9a8349d97.png,0,0,1,0,0,0,0,0,0,0
Одежда,62GAB502-01,Поло мужское Mizuno Mugen Shadow Polo - White,Mizuno,3990 ₽,https://saletennis.com/catalog/product/polo-muzhskoie-mizuno-mugen-shadow-polo-white-17439/,S: Санкт-Петербург (Спортивная) - 1 шт | M: Основной склад Екатеринбург - 1 шт,2,data\product_images\3fea9d72833f.png,0,1,1,0,0,0,0,0,0,0
Одежда,SH7060-100,Шорты мужские 7/6 Miran Shorts 7 - White,7/6,3992 ₽,https://saletennis.com/catalog/product/shorty-muzhskiie-7-6-miran-shorts-7-white-17125/,S: Тюмень (Народная) - 1 шт | Санкт-Петербург (Спортивная) - 1 шт | M: Соболева - 1 шт | Елизаветенское шоссе - 1 шт | Парина - 1 шт | Бисертская - 1 шт | Ижевск - 1 шт | L: Елизаветенское шоссе - 1 шт | Санкт-Петербург (Спортивная) - 1 шт | Соболева - 1 шт | Парина - 1 шт | Ижевск - 1 шт | XL: Соболева - 1 шт | Санкт-Петербург (Спортивная) - 1 шт | Бисертская - 1 шт | Уфа - 2 шт | XXL: Соболева - 1 шт | Парина - 1 шт | Санкт-Петербург (Спортивная) - 1 шт,20,data\product_images\a8efcebd7967.png,0,4,0,4,3,2,2,1,2,2
Одежда,ML76-3612,Лонгслив женский 7/6 Maya Longsleeve - Lavander Haze,7/6,3592 ₽,https://saletennis.com/catalog/product/longhsliv-zhienskii-7-6-maya-longsleeve-lavander-haze-17899/,XXS: Санкт-Петербург (Спортивная) - 1 шт | Основной склад Екатеринбург - 1 шт | XS: Санкт-Петербург (Спортивная) - 2 шт | Основной склад Екатеринбург - 3 шт | S: Санкт-Петербург (Спортивная) - 2 шт | M: Основной склад Екатеринбург - 2 шт | Санкт-Петербург (Спортивная) - 1 шт | L: Основной склад Екатеринбург - 2 шт | Санкт-Петербург (Спортивная) - 2 шт | XL: Санкт-Петербург (Спортивная) - 2 шт | Основной склад Екатеринбург - 1 шт,19,data\product_images\d6e25747a5f3.png,0,10,9,0,0,0,0,0,0,0
Одежда,W2300005-DB,Платье женское Bidi Badu Beach Spirit - Darkblue,Bidi Badu,2990 ₽,https://saletennis.com/catalog/product/plat-ie-zhienskoie-bidi-badu-beach-spirit-darkblue-15727/,XS: Санкт-Петербург (Спортивная) - 1 шт | S: Основной склад Екатеринбург - 1 шт | Санкт-Петербург (Спортивная) - 1 шт | M: Основной склад Екатеринбург - 1 шт | Санкт-Петербург (Спортивная) - 1 шт,5,data\product_images\acc9883ceba5.png,0,3,2,0,0,0,0,0,0,0
Одежда,MPA76-2520,Поло мужское 7/6 Andy Polo - Potent Purple,7/6,5990 ₽,https://saletennis.com/catalog/product/polo-muzhskoie-7-6-andy-polo-potent-purple-18609/,S: Санкт-Петербург (Спортивная) - 1 шт | Тюмень (Народная) - 1 шт | M: Тюмень (Народная) - 1 шт | Парина - 1 шт | Бисертская - 1 шт | Уфа - 1 шт | Соболева - 1 шт | L: Уфа - 1 шт | Основной склад Екатеринбург - 1 шт | Соболева - 1 шт,10,data\product_images\0742e4efd89f.png,0,1,1,2,1,1,0,2,2,0
Одежда,62GAC202W01,Майка женская Mizuno Frontier Tank - White/Bay,Mizuno,2933 ₽,https://saletennis.com/catalog/product/maika-zhienskaia-mizuno-frontier-tank-white-bay-18196/,XS: Соболева - 1 шт,1,data\product_images\b0c1e0e4013f.png,0,0,0,1,0,0,0,0,0,0
Одежда,VD276-1265,Платье детское 7/6 Viki Dress 2.0 - Bright Pink,7/6,2793 ₽,https://saletennis.com/catalog/product/plat-ie-dietskoie-7-6-viki-dress-2-0-bright-pink-17904/,S: Санкт-Петербург (Спортивная) - 1 шт | Соболева - 1 шт | Основной склад Екатеринбург - 2 шт | M: Основной склад Екатеринбург - 3 шт | Уфа - 1 шт | Соболева - 1 шт | Санкт-Петербург (Спортивная) - 1 шт | L: Уфа - 1 шт | Основной склад Екатеринбург - 5 шт | Санкт-Петербург (Спортивная) - 1 шт | Соболева - 1 шт | XL: Тюмень (Народная) - 1 шт | Соболева - 1 шт | Уфа - 1 шт | Основной склад Екатеринбург - 3 шт | Санкт-Петербург (Спортивная) - 1 шт,25,data\product_images\d6c08cab212f.png,0,4,13,4,0,0,0,1,3,0
Одежда,FZ6910-010,Футболка мужская Nike Court Advantage Top - Black/White,Nike,5993 ₽,https://saletennis.com/catalog/product/futbolka-muzhskaia-nike-court-advantage-top-black-white-17372/,XL: Уфа - 1 шт,1,data\product_images\276badbfdf6a.jpg,0,0,0,0,0,0,0,0,1,0
Одежда,FB5598-226,Кепка Nike Dri-FIT ADV Club Cap - Light Violet Ore/White,Nike,3990 ₽,https://saletennis.com/catalog/product/kiepka-nike-dri-fit-adv-club-cap-light-violet-ore-white-19216/,L/XL: Уфа - 1 шт | Тюмень (Народная) - 1 шт | Бисертская - 1 шт | Санкт-Петербург (Спортивная) - 1 шт | Парина - 1 шт | M/L: Парина - 1 шт | Соболева - 1 шт | Тюмень (Народная) - 1 шт | Уфа - 1 шт,9,data\product_images\65e98c72ec0e.png,0,1,0,1,2,1,0,2,2,0
Одежда,W2390012-DBBL,Юбка женская Bidi Badu Spike Printed - Dark Blue/Blue,Bidi Badu,1990 ₽,https://saletennis.com/catalog/product/iubka-zhienskaia-bidi-badu-spike-printed-dark-blue-blue-16386/,XS: Основной склад Екатеринбург - 1 шт | S: Санкт-Петербург (Спортивная) - 1 шт | Основной склад Екатеринбург - 1 шт | M: Санкт-Петербург (Спортивная) - 1 шт,4,data\product_images\c8ce115d1caf.png,0,2,2,0,0,0,0,0,0,0
Одежда,W214102222,Платье женское Bidi Badu Tuelo Tech - Dark Grey/Pink,Bidi Badu,3990 ₽,https://saletennis.com/catalog/product/plat-ie-zhienskoie-bidi-badu-tuelo-tech-dark-grey-pink-14351/,XS: Основной склад Екатеринбург - 1 шт,1,data\product_images\a70c15381630.png,0,0,1,0,0,0,0,0,0,0
Одежда,SH76-1559,Шорты мужские 7/6 Miran Shorts - Red Alert,7/6,990 ₽,https://saletennis.com/catalog/product/shorty-muzhskiie-7-6-miran-shorts-red-alert-14323/,XL: Санкт-Петербург (Спортивная) - 1 шт,1,data\product_images\395616a4ce34.png,0,1,0,0,0,0,0,0,0,0
Одежда,PL7060-1264,Поло мужское 7/6 Ankl Polo 2.0 - Bright Orange,7/6,2745 ₽,https://saletennis.com/catalog/product/polo-muzhskoie-7-6-ankl-polo-2-0-bright-orange-17869/,S: Санкт-Петербург (Спортивная) - 2 шт | Основной склад Екатеринбург - 4 шт | M: Уфа - 1 шт | Тюмень (Народная) - 1 шт,8,data\product_images\976ccfc52074.png,0,2,4,0,0,0,0,1,1,0
Одежда,KP76-BK,Штаны детские 7/6 Taylor Kids Pants - Black,7/6,4990 ₽,https://saletennis.com/catalog/product/shtany-dietskiie-7-6-taylor-kids-pants-black-17279/,XS: Санкт-Петербург (Спортивная) - 2 шт | Тюмень (Народная) - 1 шт | Парина - 1 шт | Санкт-Петербург (Ярослава Гашека) - 1 шт | S: Ижевск - 1 шт | Парина - 1 шт | Санкт-Петербург (Ярослава Гашека) - 1 шт | Санкт-Петербург (Спортивная) - 2 шт | M: Санкт-Петербург (Ярослава Гашека) - 1 шт | Санкт-Петербург (Спортивная) - 1 шт | Парина - 1 шт | L: Ижевск - 1 шт | Санкт-Петербург (Спортивная) - 2 шт | Санкт-Петербург (Ярослава Гашека) - 1 шт,17,data\product_images\91f0d1de958d.png,4,7,0,0,3,0,0,1,0,2
Одежда,FZ6951-696,Шорты мужские Court Heritage 6in Shorts - Light Crimson,Не определен,5943 ₽,https://saletennis.com/catalog/product/shorty-muzhskiie-court-heritage-6in-shorts-light-crimson-17787/,XL: Санкт-Петербург (Спортивная) - 1 шт,1,data\product_images\cf733bd5aacf.jpg,0,1,0,0,0,0,0,0,0,0
Одежда,MTL76-4718,Футболка мужская 7/6 Loddy T-Shirt 2.0 - Hydro,7/6,3990 ₽,https://saletennis.com/catalog/product/futbolka-muzhskaia-7-6-loddy-t-shirt-2-0-hydro-19383/,S: Санкт-Петербург (Ярослава Гашека) - 1 шт | Санкт-Петербург (Спортивная) - 1 шт | M: Тюмень (Народная) - 1 шт | Уфа - 1 шт | Санкт-Петербург (Спортивная) - 1 шт | Парина - 1 шт | Елизаветенское шоссе - 2 шт | Бисертская - 1 шт | L: Санкт-Петербург (Ярослава Гашека) - 1 шт | Парина - 1 шт | Уфа - 1 шт | Тюмень (Народная) - 1 шт | Соболева - 1 шт | Ижевск - 2 шт | XL: Ижевск - 1 шт | Тюмень (Народная) - 1 шт | Уфа - 1 шт | Санкт-Петербург (Ярослава Гашека) - 1 шт | Санкт-Петербург (Спортивная) - 1 шт | XXL: Санкт-Петербург (Спортивная) - 1 шт | Ижевск - 1 шт | Елизаветенское шоссе - 1 шт,24,data\product_images\f27378252a2b.png,3,4,0,1,2,1,3,3,3,4
Одежда,62GEB50109,Спортивная кофта мужская Mizuno Mugen Hooded Jacket - Black,Mizuno,6990 ₽,https://saletennis.com/catalog/product/sportivnaia-kofta-muzhskaia-mizuno-mugen-hooded-jacket-black-16840/,S: Основной склад Екатеринбург - 1 шт,1,data\product_images\201dfe9036b3.png,0,0,1,0,0,0,0,0,0,0
Одежда,IB1071-573,Шорты мужские Nike Court Advantage 6in - Dark Raisin/White,Nike,8490 ₽,https://saletennis.com/catalog/product/shorty-muzhskiie-nike-court-advantage-6in-dark-raisin-white-19245/,S: Парина - 1 шт | Соболева - 1 шт | M: Уфа - 1 шт | Парина - 1 шт | L: Ижевск - 1 шт | Соболева - 1 шт | Уфа - 1 шт | Парина - 2 шт | Санкт-Петербург (Спортивная) - 2 шт | XL: Парина - 1 шт | Санкт-Петербург (Спортивная) - 1 шт | Соболева - 1 шт,14,data\product_images\447d04ad485f.jpg,0,3,0,3,5,0,0,0,2,1
Одежда,62GEC00209,Спортивная кофта мужская Mizuno Frontier Shadow Jacket - Black,Mizuno,7693 ₽,https://saletennis.com/catalog/product/sportivnaia-kofta-muzhskaia-mizuno-frontier-shadow-jacket-black-18205/,S: Основной склад Екатеринбург - 1 шт | M: Основной склад Екатеринбург - 3 шт | XXL: Основной склад Екатеринбург - 1 шт,5,data\product_images\413c81ca95cc.png,0,0,5,0,0,0,0,0,0,0
Одежда,NT76-4109,Майка женская Nata Sleeveless T-shirt - Arona,Не определен,4990 ₽,https://saletennis.com/catalog/product/maika-zhienskaia-nata-sleeveless-t-shirt-arona-18587/,XS: Соболева - 1 шт | Бисертская - 1 шт | Парина - 1 шт | Санкт-Петербург (Спортивная) - 1 шт | Уфа - 1 шт | S: Парина - 1 шт | Елизаветенское шоссе - 1 шт | Бисертская - 1 шт | Тюмень (Народная) - 1 шт | M: Бисертская - 2 шт | Тюмень (Народная) - 1 шт | L: Ижевск - 1 шт | XL: Санкт-Петербург (Спортивная) - 1 шт,14,data\product_images\c73d6141a380.png,0,2,0,1,2,4,1,2,1,1
Одежда,TWP76-BK,Спортивные штаны женские 7/6 Taylor Woman Pants - Black,7/6,3992 ₽,https://saletennis.com/catalog/product/sportivnyie-shtany-zhienskiie-7-6-taylor-woman-pants-black-17277/,XS: Санкт-Петербург (Спортивная) - 1 шт | Уфа - 1 шт | Соболева - 1 шт | Ижевск - 1 шт | S: Основной склад Екатеринбург - 2 шт | Парина - 1 шт | Уфа - 1 шт | Соболева - 1 шт | Тюмень (Народная) - 1 шт | M: Уфа - 1 шт | Ижевск - 1 шт | L: Тюмень (Народная) - 1 шт | XL: Санкт-Петербург (Спортивная) - 1 шт | Тюмень (Народная) - 1 шт,15,data\product_images\457926447010.png,0,2,2,2,1,0,0,3,3,2
Одежда,62GAA00145,Футболка мужская Mizuno Logo Tee - Cyber Yellow,Mizuno,2274 ₽,https://saletennis.com/catalog/product/futbolka-muzhskaia-mizuno-logo-tee-cyber-yellow-18187/,S: Основной склад Екатеринбург - 1 шт | M: Основной склад Екатеринбург - 2 шт | L: Бисертская - 1 шт | XL: Тюмень (Народная) - 1 шт,5,data\product_images\14aa5608dbcf.png,0,0,3,0,0,1,0,1,0,0
Одежда,62GAB502-09,Поло мужское Mizuno Mugen Shadow Polo - Black,Mizuno,4790 ₽,https://saletennis.com/catalog/product/polo-muzhskoie-mizuno-mugen-shadow-polo-black-17437/,S: Основной склад Екатеринбург - 1 шт | M: Основной склад Екатеринбург - 1 шт,2,data\product_images\0328333d305d.png,0,0,2,0,0,0,0,0,0,0
Одежда,MTL76-1632,Футболка мужская 7/6 Loddy T-Shirt 2.0 - Shell Pink,7/6,3990 ₽,https://saletennis.com/catalog/product/futbolka-muzhskaia-7-6-loddy-t-shirt-2-0-shell-pink-19302/,S: Санкт-Петербург (Спортивная) - 1 шт | Соболева - 1 шт | Санкт-Петербург (Ярослава Гашека) - 1 шт | Уфа - 1 шт | M: Ижевск - 1 шт | Санкт-Петербург (Ярослава Гашека) - 1 шт | Бисертская - 1 шт | Санкт-Петербург (Спортивная) - 1 шт | Соболева - 1 шт | Парина - 1 шт | Уфа - 1 шт | Тюмень (Народная) - 1 шт | Елизаветенское шоссе - 2 шт | L: Санкт-Петербург (Ярослава Гашека) - 1 шт | Уфа - 1 шт | Ижевск - 1 шт | Санкт-Петербург (Спортивная) - 1 шт | Соболева - 1 шт | Парина - 1 шт | Тюмень (Народная) - 1 шт | Елизаветенское шоссе - 1 шт | Бисертская - 1 шт | XL: Основной склад Екатеринбург - 4 шт | Елизаветенское шоссе - 2 шт | Санкт-Петербург (Ярослава Гашека) - 1 шт | Тюмень (Народная) - 1 шт | Соболева - 1 шт | Ижевск - 1 шт | Уфа - 1 шт | Бисертская - 1 шт | XXL: Бисертская - 1 шт | Санкт-Петербург (Спортивная) - 1 шт | Ижевск - 1 шт | Соболева - 1 шт,39,data\product_images\cd1a7a48f333.png,4,4,4,5,2,4,5,3,4,4
Одежда,W2300010,Платье женское Bidi Badu Spectrum - Turquoise/Navy,Bidi Badu,3990 ₽,https://saletennis.com/catalog/product/plat-ie-zhienskoie-bidi-badu-spectrum-turquoise-navy-17219/,XS: Основной склад Екатеринбург - 1 шт | S: Основной склад Екатеринбург - 2 шт,3,data\product_images\cd57dcdd5ef4.png,0,0,3,0,0,0,0,0,0,0
Одежда,62GEB50120,Спортивная кофта мужская Mizuno Mugen Hooded Jacket - Blue Mirage,Mizuno,6990 ₽,https://saletennis.com/catalog/product/sportivnaia-kofta-muzhskaia-mizuno-mugen-hooded-jacket-blue-mirage-16841/,M: Бисертская - 1 шт,1,data\product_images\463aae7370e5.png,0,0,0,0,0,1,0,0,0,0
Одежда,MPA76-4104,Поло мужское 7/6 Andy Polo - Antarctica,7/6,5990 ₽,https://saletennis.com/catalog/product/polo-muzhskoie-7-6-andy-polo-antarctica-18608/,S: Бисертская - 1 шт | Ижевск - 1 шт | M: Соболева - 1 шт | Основной склад Екатеринбург - 1 шт | Тюмень (Народная) - 1 шт | Бисертская - 1 шт,6,data\product_images\8a187cfc715b.png,0,0,1,1,0,2,0,1,0,1
Одежда,62GBC500-93,"Шорты мужские Mizuno Daybreakers 8"" - Black/Grape Leaf",Mizuno,3843 ₽,https://saletennis.com/catalog/product/shorty-muzhskiie-mizuno-daybreakers-8-black-grape-leaf-18419/,S: Основной склад Екатеринбург - 1 шт | XL: Тюмень (Народная) - 1 шт,2,data\product_images\d654b29ac7ed.png,0,0,1,0,0,0,0,1,0,0
Одежда,1120052B_20_XL/52,Футболка мужская TENNIS,Не определен,990 ₽,https://saletennis.com/catalog/product/futbolka-muzhskaia-tennis-15936/,S: Соболева - 1 шт | Тюмень (Народная) - 1 шт,2,data\product_images\19b9043a47c3.png,0,0,0,1,0,0,0,1,0,0
Одежда,62GAC502-70,Поло мужское Mizuno Daybreakers Shadow - White/Gray,Mizuno,4543 ₽,https://saletennis.com/catalog/product/polo-muzhskoie-mizuno-daybreakers-shadow-white-gray-18405/,M: Основной склад Екатеринбург - 1 шт | Тюмень (Народная) - 1 шт,2,data\product_images\26aebb38904a.png,0,0,1,0,0,0,0,1,0,0
Одежда,DR102179174C0013,Майка женская Diadora Core Tank - White,Не определен,990 ₽,https://saletennis.com/catalog/product/maika-zhienskaia-diadora-core-tank-white-15162/,XS: Тюмень (Народная) - 1 шт,1,data\product_images\f07303ab9e48.png,0,0,0,0,0,0,0,1,0,0
Одежда,LS76-4109,Лонгслив мужской 7/6 Tony Longsleeve 2.0 Arona,7/6,4990 ₽,https://saletennis.com/catalog/product/longhsliv-muzhskoi-7-6-tony-longsleeve-2-0-arona-18607/,S: Соболева - 1 шт | Санкт-Петербург (Спортивная) - 1 шт | M: Бисертская - 1 шт | Санкт-Петербург (Спортивная) - 1 шт | Тюмень (Народная) - 1 шт | L: Санкт-Петербург (Спортивная) - 1 шт | Тюмень (Народная) - 1 шт | Основной склад Екатеринбург - 1 шт | XL: Основной склад Екатеринбург - 2 шт | XXL: Основной склад Екатеринбург - 1 шт,11,data\product_images\a24d1440f36b.png,0,3,4,1,0,1,0,2,0,0
Одежда,DR10217911955050,Футболка женская Diadora L. T-shirt - Pink,Не определен,2490 ₽,https://saletennis.com/catalog/product/futbolka-zhienskaia-diadora-l-t-shirt-pink-15321/,XS: Основной склад Екатеринбург - 1 шт | M: Основной склад Екатеринбург - 1 шт,2,data\product_images\1d967f05bf90.png,0,0,2,0,0,0,0,0,0,0
Одежда,WL76-BK,Леггинсы 7/6 Lana Leggings - Black,7/6,1990 ₽,https://saletennis.com/catalog/product/lieghghinsy-7-6-lana-leggings-black-16706/,XS: Тюмень (Народная) - 1 шт | Основной склад Екатеринбург - 1 шт | Санкт-Петербург (Спортивная) - 1 шт | S: Тюмень (Народная) - 1 шт,4,data\product_images\73f0a39183d5.png,0,1,1,0,0,0,0,2,0,0
Одежда,PL7060-0515,Поло мужское 7/6 Ankl Polo 2.0 - Lemon Icing,7/6,5990 ₽,https://saletennis.com/catalog/product/polo-muzhskoie-7-6-ankl-polo-2-0-lemon-icing-19299/,S: Санкт-Петербург (Ярослава Гашека) - 1 шт | Уфа - 1 шт | Санкт-Петербург (Спортивная) - 1 шт | Парина - 1 шт | M: Ижевск - 2 шт | Соболева - 2 шт | Елизаветенское шоссе - 2 шт | Уфа - 1 шт | Бисертская - 1 шт | Санкт-Петербург (Спортивная) - 1 шт | Основной склад Екатеринбург - 4 шт | Парина - 2 шт | Тюмень (Народная) - 1 шт | Санкт-Петербург (Ярослава Гашека) - 1 шт | L: Санкт-Петербург (Спортивная) - 1 шт | Ижевск - 1 шт | Елизаветенское шоссе - 2 шт | Тюмень (Народная) - 1 шт | Соболева - 1 шт | Уфа - 1 шт | Парина - 2 шт | XL: Уфа - 1 шт | Тюмень (Народная) - 1 шт | Основной склад Екатеринбург - 2 шт | Санкт-Петербург (Спортивная) - 1 шт | Ижевск - 1 шт | XXL: Санкт-Петербург (Спортивная) - 1 шт | Парина - 1 шт | Санкт-Петербург (Ярослава Гашека) - 1 шт,39,data\product_images\9da4f659a19f.png,3,5,6,3,6,1,4,3,4,4
Одежда,FZ9322-010,Шорты мужские Nike Court Advantage 8in Shorts - Black/White,Nike,5593 ₽,https://saletennis.com/catalog/product/shorty-muzhskiie-nike-court-advantage-8in-shorts-black-white-17397/,2XL: Парина - 1 шт,1,data\product_images\3501cf7895b9.png,0,0,0,0,1,0,0,0,0,0
Одежда,IO0471-100,Юбка женская Nike Court Slam - White/White,Nike,10990 ₽,https://saletennis.com/catalog/product/iubka-zhienskaia-nike-court-slam-white-white-19262/,XS: Санкт-Петербург (Спортивная) - 1 шт | S: Парина - 1 шт,2,data\product_images\0217b715f6b8.png,0,1,0,0,1,0,0,0,0,0
Одежда,62GBA21527,"Шорты женские Mizuno Flex 3"" Short - Tanager Turquoise",Mizuno,1990 ₽,https://saletennis.com/catalog/product/shorty-zhienskiie-mizuno-flex-3-short-tanager-turquoise-14589/,S: Основной склад Екатеринбург - 1 шт | M: Уфа - 1 шт,2,data\product_images\89fc664e7512.png,0,0,1,0,0,0,0,0,1,0
Одежда,WJP76-4104,Штаны женские 7/6 Jackie Pants Women - Antarctica,7/6,4193 ₽,https://saletennis.com/catalog/product/shtany-zhienskiie-7-6-jackie-pants-women-antarctica-18636/,XXS: Санкт-Петербург (Спортивная) - 1 шт | XS: Елизаветенское шоссе - 1 шт | Санкт-Петербург (Спортивная) - 1 шт | S: Санкт-Петербург (Спортивная) - 1 шт | M: Санкт-Петербург (Спортивная) - 1 шт | L: Елизаветенское шоссе - 1 шт | Санкт-Петербург (Спортивная) - 1 шт | XL: Санкт-Петербург (Спортивная) - 1 шт,8,data\product_images\67e4ca07fffa.png,0,6,0,0,0,0,2,0,0,0
Одежда,G1580023-DBLBL,Майка детская Bidi Badu Beach Spirit - Darkblue,Bidi Badu,1380 ₽,https://saletennis.com/catalog/product/maika-dietskaia-bidi-badu-beach-spirit-darkblue-15759/,152: Парина - 1 шт,1,data\product_images\126f559cf570.png,0,0,0,0,1,0,0,0,0,0
Одежда,PSH76-4718,Шорты для девочек 7/6 Poly Shorts - Hydro,7/6,3990 ₽,https://saletennis.com/catalog/product/shorty-dlia-dievochiek-7-6-poly-shorts-hydro-19409/,XS: Тюмень (Народная) - 2 шт | Ижевск - 1 шт | Уфа - 1 шт | Соболева - 1 шт | Санкт-Петербург (Ярослава Гашека) - 1 шт | S: Уфа - 1 шт | Тюмень (Народная) - 1 шт | Ижевск - 1 шт | Соболева - 1 шт | Основной склад Екатеринбург - 1 шт | Парина - 1 шт | Санкт-Петербург (Спортивная) - 2 шт | Санкт-Петербург (Ярослава Гашека) - 1 шт | M: Соболева - 1 шт | Ижевск - 1 шт | Парина - 1 шт | Санкт-Петербург (Ярослава Гашека) - 1 шт | Основной склад Екатеринбург - 2 шт | Уфа - 1 шт | Санкт-Петербург (Спортивная) - 1 шт | Тюмень (Народная) - 2 шт | L: Тюмень (Народная) - 2 шт | Санкт-Петербург (Спортивная) - 1 шт | Санкт-Петербург (Ярослава Гашека) - 1 шт | Основной склад Екатеринбург - 2 шт | Уфа - 1 шт | Парина - 1 шт | Соболева - 1 шт | Ижевск - 1 шт | XL: Парина - 1 шт | Ижевск - 1 шт | Тюмень (Народная) - 1 шт | Санкт-Петербург (Ярослава Гашека) - 1 шт | Санкт-Петербург (Спортивная) - 1 шт | Уфа - 1 шт,41,data\product_images\2456c2ce1973.png,5,5,5,4,4,0,0,8,5,5
Одежда,WSA76-0205,Шорты женские 7/6 Alex Shorts - Cream/Orange,7/6,2745 ₽,https://saletennis.com/catalog/product/shorty-zhienskiie-7-6-alex-shorts-cream-orange-17942/,XXS: Санкт-Петербург (Спортивная) - 1 шт | Основной склад Екатеринбург - 4 шт | XS: Санкт-Петербург (Спортивная) - 2 шт | Основной склад Екатеринбург - 4 шт | S: Основной склад Екатеринбург - 4 шт | Санкт-Петербург (Спортивная) - 1 шт | M: Санкт-Петербург (Спортивная) - 1 шт | Основной склад Екатеринбург - 1 шт | L: Санкт-Петербург (Спортивная) - 1 шт,19,data\product_images\d0e9a6f03260.png,0,6,13,0,0,0,0,0,0,0
Одежда,W1580029,Майка женская Bidi Badu Spectrum - Light Brown/Coral/Yellow,Bidi Badu,1990 ₽,https://saletennis.com/catalog/product/maika-zhienskaia-bidi-badu-spectrum-light-brown-coral-yellow-17539/,XS: Основной склад Екатеринбург - 2 шт | S: Основной склад Екатеринбург - 3 шт | Санкт-Петербург (Спортивная) - 1 шт | M: Основной склад Екатеринбург - 2 шт,8,data\product_images\ae90bdfefc7c.png,0,1,7,0,0,0,0,0,0,0
Одежда,62GAC00402,Поло мужское Mizuno Frontier Shadow Polo - Citadel,Mizuno,4193 ₽,https://saletennis.com/catalog/product/polo-muzhskoie-mizuno-frontier-shadow-polo-citadel-18181/,M: Основной склад Екатеринбург - 1 шт,1,data\product_images\2513159d86d1.png,0,0,1,0,0,0,0,0,0,0
Одежда,BSH76-1360,Шорты детские 7/6 Tema Shorts - Dark Orange,7/6,2093 ₽,https://saletennis.com/catalog/product/shorty-dietskiie-7-6-tema-shorts-dark-orange-17919/,XS: Санкт-Петербург (Спортивная) - 1 шт | S: Бисертская - 1 шт | Соболева - 1 шт | Тюмень (Народная) - 1 шт | Основной склад Екатеринбург - 2 шт | Санкт-Петербург (Спортивная) - 1 шт | Уфа - 1 шт | M: Тюмень (Народная) - 1 шт | Основной склад Екатеринбург - 2 шт | Соболева - 1 шт | Бисертская - 1 шт | Уфа - 1 шт | Санкт-Петербург (Спортивная) - 1 шт | L: Основной склад Екатеринбург - 1 шт | Уфа - 1 шт | Санкт-Петербург (Спортивная) - 1 шт | Соболева - 1 шт | Тюмень (Народная) - 1 шт,20,data\product_images\d8e49dbf7179.png,0,4,5,3,0,2,0,3,3,0
Одежда,IB1028-486,Поло мужское Nike Court Slam Tennis Polo - Work Blue/Hydrogen Blue/Black,Nike,13490 ₽,https://saletennis.com/catalog/product/polo-muzhskoie-nike-court-slam-tennis-polo-work-blue-hydrogen-blue-black-19237/,S: Парина - 1 шт | M: Тюмень (Народная) - 1 шт | Уфа - 1 шт | Парина - 1 шт | L: Ижевск - 1 шт | Уфа - 1 шт,6,data\product_images\cdffcbcaa6f5.jpg,0,0,0,0,2,0,0,1,2,1
Одежда,NS76-14405,Юбка женская 7/6 Nata Skirt - Misty Blue,7/6,5990 ₽,https://saletennis.com/catalog/product/iubka-zhienskaia-7-6-nata-skirt-misty-blue-19293/,XXS: Тюмень (Народная) - 2 шт | Санкт-Петербург (Спортивная) - 1 шт | Санкт-Петербург (Ярослава Гашека) - 1 шт | XS: Санкт-Петербург (Спортивная) - 1 шт | Тюмень (Народная) - 2 шт | Санкт-Петербург (Ярослава Гашека) - 1 шт | Соболева - 1 шт | S: Соболева - 1 шт | Уфа - 1 шт | Ижевск - 1 шт | Санкт-Петербург (Спортивная) - 2 шт | Парина - 1 шт | Основной склад Екатеринбург - 3 шт | Бисертская - 1 шт | Елизаветенское шоссе - 1 шт | Тюмень (Народная) - 1 шт | M: Санкт-Петербург (Ярослава Гашека) - 1 шт | Елизаветенское шоссе - 1 шт | Основной склад Екатеринбург - 2 шт | Тюмень (Народная) - 2 шт | Бисертская - 1 шт | Парина - 1 шт | Санкт-Петербург (Спортивная) - 1 шт | Ижевск - 1 шт | Уфа - 1 шт | L: Санкт-Петербург (Спортивная) - 1 шт | Бисертская - 1 шт | Елизаветенское шоссе - 1 шт | Санкт-Петербург (Ярослава Гашека) - 1 шт | XL: Санкт-Петербург (Спортивная) - 1 шт,37,data\product_images\4bde99d53bef.png,4,7,5,2,2,3,3,7,2,2
Одежда,SH7760-1215,Шорты мужские 7/6 Miran Shorts 7 - Shaved Chocolate,7/6,4490 ₽,https://saletennis.com/catalog/product/shorty-muzhskiie-7-6-miran-shorts-7-shaved-chocolate-19304/,S: Санкт-Петербург (Спортивная) - 1 шт | Тюмень (Народная) - 1 шт | Парина - 1 шт | Елизаветенское шоссе - 1 шт | Ижевск - 1 шт | M: Тюмень (Народная) - 1 шт | Елизаветенское шоссе - 2 шт | Бисертская - 1 шт | Ижевск - 2 шт | Уфа - 1 шт | Соболева - 2 шт | Парина - 1 шт | Санкт-Петербург (Ярослава Гашека) - 1 шт | L: Елизаветенское шоссе - 2 шт | Соболева - 2 шт | Санкт-Петербург (Спортивная) - 1 шт | Тюмень (Народная) - 2 шт | Санкт-Петербург (Ярослава Гашека) - 1 шт | Основной склад Екатеринбург - 3 шт | Бисертская - 1 шт | Парина - 2 шт | Уфа - 2 шт | Ижевск - 2 шт | XL: Парина - 2 шт | Елизаветенское шоссе - 2 шт | Санкт-Петербург (Спортивная) - 2 шт | Уфа - 1 шт | Тюмень (Народная) - 2 шт | Бисертская - 1 шт | Санкт-Петербург (Ярослава Гашека) - 1 шт | Соболева - 2 шт | Ижевск - 2 шт | XXL: Соболева - 1 шт | Елизаветенское шоссе - 1 шт | Уфа - 1 шт | Парина - 1 шт | Санкт-Петербург (Ярослава Гашека) - 1 шт | Санкт-Петербург (Спортивная) - 1 шт,55,data\product_images\d8c8a537fef2.png,4,5,3,7,7,3,8,6,5,7
Одежда,2023-05,"Футболка унисекс ""Love is ..."" White",Не определен,1490 ₽,https://saletennis.com/catalog/product/futbolka-unisieks-love-is-white-14637/,S: Соболева - 1 шт,1,data\product_images\b1be987e1a8e.png,0,0,0,1,0,0,0,0,0,0
Одежда,IB1064-365,Футболка мужская Nike Court Advantage Top Print - Malachite/White,Nike,8490 ₽,https://saletennis.com/catalog/product/futbolka-muzhskaia-nike-court-advantage-top-print-malachite-white-19190/,S: Санкт-Петербург (Спортивная) - 1 шт | M: Соболева - 1 шт | Уфа - 1 шт | Ижевск - 1 шт | Санкт-Петербург (Спортивная) - 1 шт | L: Ижевск - 1 шт | Уфа - 1 шт | Парина - 1 шт | XL: Ижевск - 1 шт,9,data\product_images\2a5fd548b351.jpg,0,2,0,1,1,0,0,0,2,3
Одежда,62GAC701-71,Майка женская Mizuno Daybreakers Printed - White/Icelandic Blue,Mizuno,3143 ₽,https://saletennis.com/catalog/product/maika-zhienskaia-mizuno-daybreakers-printed-white-icelandic-blue-18413/,XS: Основной склад Екатеринбург - 1 шт | M: Соболева - 1 шт,2,data\product_images\7777261e86fb.png,0,0,1,1,0,0,0,0,0,0
Одежда,T76-0106,Топ женский 7/6 Anna - Sweet Corn,7/6,290 ₽,https://saletennis.com/catalog/product/top-zhienskii-7-6-anna-sweet-corn-14308/,XXS: Основной склад Екатеринбург - 3 шт,3,data\product_images\842887a1aa62.png,0,0,3,0,0,0,0,0,0,0
Одежда,LS76-0515,Лонгслив мужской 7/6 Tony Longsleeve 2.0 - Lemon Icing,7/6,5990 ₽,https://saletennis.com/catalog/product/longhsliv-muzhskoi-7-6-tony-longsleeve-2-0-lemon-icing-19379/,S: Елизаветенское шоссе - 1 шт | Ижевск - 1 шт | Санкт-Петербург (Спортивная) - 1 шт | Санкт-Петербург (Ярослава Гашека) - 1 шт | Парина - 1 шт | M: Санкт-Петербург (Ярослава Гашека) - 1 шт | Основной склад Екатеринбург - 1 шт | Санкт-Петербург (Спортивная) - 1 шт | Елизаветенское шоссе - 1 шт | Соболева - 1 шт | Тюмень (Народная) - 1 шт | Парина - 1 шт | Уфа - 1 шт | Бисертская - 1 шт | L: Уфа - 1 шт | Санкт-Петербург (Ярослава Гашека) - 1 шт | Основной склад Екатеринбург - 2 шт | Соболева - 1 шт | Бисертская - 1 шт | Тюмень (Народная) - 1 шт | Ижевск - 1 шт | Санкт-Петербург (Спортивная) - 1 шт | Парина - 1 шт | XL: Ижевск - 1 шт | Санкт-Петербург (Ярослава Гашека) - 1 шт | Уфа - 1 шт | Санкт-Петербург (Спортивная) - 1 шт | Соболева - 1 шт | Елизаветенское шоссе - 1 шт | Бисертская - 1 шт | XXL: Санкт-Петербург (Спортивная) - 1 шт | Ижевск - 1 шт | Санкт-Петербург (Ярослава Гашека) - 1 шт | Соболева - 1 шт,35,data\product_images\f6bcffeff450.png,5,5,3,4,3,3,3,2,3,4
Одежда,G318034223,Шорты+леггинсы для девочек Bidi Badu Flora Tech - Pink/Dark Blue,Bidi Badu,1396 ₽,https://saletennis.com/catalog/product/shorty-lieghghinsy-dlia-dievochiek-bidi-badu-flora-tech-pink-dark-blue-15434/,164: Санкт-Петербург (Спортивная) - 1 шт,1,data\product_images\37e74b2df30a.png,0,1,0,0,0,0,0,0,0,0
Одежда,MPA76-1632,Поло мужское 7/6 Andy Polo - Shell Pink,7/6,5990 ₽,https://saletennis.com/catalog/product/polo-muzhskoie-7-6-andy-polo-shell-pink-19297/,S: Парина - 1 шт | Соболева - 1 шт | Санкт-Петербург (Ярослава Гашека) - 1 шт | Санкт-Петербург (Спортивная) - 1 шт | M: Санкт-Петербург (Ярослава Гашека) - 1 шт | Уфа - 1 шт | Ижевск - 1 шт | Парина - 2 шт | Основной склад Екатеринбург - 1 шт | Санкт-Петербург (Спортивная) - 1 шт | Соболева - 2 шт | Елизаветенское шоссе - 1 шт | Тюмень (Народная) - 1 шт | Бисертская - 1 шт | L: Тюмень (Народная) - 1 шт | Уфа - 1 шт | Ижевск - 2 шт | Елизаветенское шоссе - 1 шт | Соболева - 2 шт | Санкт-Петербург (Спортивная) - 1 шт | Санкт-Петербург (Ярослава Гашека) - 1 шт | Парина - 2 шт | XL: Уфа - 1 шт | Соболева - 1 шт | Санкт-Петербург (Ярослава Гашека) - 1 шт | Санкт-Петербург (Спортивная) - 1 шт | Тюмень (Народная) - 1 шт | Бисертская - 1 шт | Ижевск - 1 шт | Основной склад Екатеринбург - 2 шт | Елизаветенское шоссе - 1 шт | XXL: Санкт-Петербург (Спортивная) - 1 шт | Ижевск - 1 шт | Елизаветенское шоссе - 1 шт,40,data\product_images\f50e8ef1babb.png,4,5,3,6,5,2,4,3,3,5
Одежда,CV7575-515,Юбка детская Nike Court Victory Skirt - Hydrangeas,Nike,3894 ₽,https://saletennis.com/catalog/product/iubka-dietskaia-nike-court-victory-skirt-hydrangeas-16357/,L: Уфа - 1 шт | XL: Тюмень (Народная) - 1 шт | Санкт-Петербург (Спортивная) - 1 шт,3,data\product_images\d6c78700dd93.png,0,1,0,0,0,0,0,1,1,0
Одежда,ML76-010,Лонгслив женский 7/6 Maya Longsleeve - Black,7/6,5990 ₽,https://saletennis.com/catalog/product/longhsliv-zhienskii-7-6-maya-longsleeve-black-18809/,XXS: Санкт-Петербург (Спортивная) - 1 шт | Парина - 1 шт | Елизаветенское шоссе - 1 шт | XS: Парина - 1 шт | Соболева - 1 шт | Уфа - 1 шт | Санкт-Петербург (Спортивная) - 1 шт | M: Уфа - 1 шт | L: Санкт-Петербург (Спортивная) - 1 шт | XL: Санкт-Петербург (Спортивная) - 1 шт,10,data\product_images\8dbb495278b8.png,0,4,0,1,2,0,1,0,2,0
Одежда,AS276-4201,Шорты под платье 7/6 Ana Shorts 2.0 - Grey,7/6,2392 ₽,https://saletennis.com/catalog/product/shorty-pod-plat-ie-7-6-ana-shorts-2-0-grey-17946/,XXS: Санкт-Петербург (Спортивная) - 1 шт | Основной склад Екатеринбург - 4 шт | XS: Основной склад Екатеринбург - 2 шт | Тюмень (Народная) - 1 шт | S: Основной склад Екатеринбург - 2 шт | Парина - 1 шт | M: Тюмень (Народная) - 1 шт | Основной склад Екатеринбург - 3 шт | L: Санкт-Петербург (Спортивная) - 2 шт | XL: Санкт-Петербург (Спортивная) - 1 шт,18,data\product_images\09580bd88c33.png,0,4,11,0,1,0,0,2,0,0
Одежда,NS76-4109,Юбка женская 7/6 Nata Skirt - Arona,7/6,4990 ₽,https://saletennis.com/catalog/product/iubka-zhienskaia-7-6-nata-skirt-arona-18602/,XXS: Санкт-Петербург (Спортивная) - 1 шт | XS: Ижевск - 1 шт | S: Тюмень (Народная) - 2 шт | L: Санкт-Петербург (Спортивная) - 1 шт | XL: Санкт-Петербург (Спортивная) - 1 шт,6,data\product_images\662f9c620f9f.png,0,3,0,0,0,0,0,2,0,1
Одежда,62GAB701-67,Майка женская Mizuno Mugen Printed Tank - Crocus Petal,Mizuno,3490 ₽,https://saletennis.com/catalog/product/maika-zhienskaia-mizuno-mugen-printed-tank-crocus-petal-17459/,XS: Основной склад Екатеринбург - 1 шт | Санкт-Петербург (Спортивная) - 1 шт | S: Основной склад Екатеринбург - 2 шт | Санкт-Петербург (Спортивная) - 1 шт | Соболева - 1 шт | M: Санкт-Петербург (Спортивная) - 1 шт,7,data\product_images\710712ea3ef5.png,0,3,3,1,0,0,0,0,0,0
Одежда,62GAC00301,Футболка мужская Mizuno Frontier Shadow Graphic Tee - White,Mizuno,3353 ₽,https://saletennis.com/catalog/product/futbolka-muzhskaia-mizuno-frontier-shadow-graphic-tee-white-18184/,S: Основной склад Екатеринбург - 1 шт | M: Основной склад Екатеринбург - 1 шт | L: Основной склад Екатеринбург - 1 шт,3,data\product_images\4c641e8760fb.png,0,0,3,0,0,0,0,0,0,0
Одежда,WJP76-4109,Штаны женские 7/6 Jackie Pants Women - Arona,7/6,4193 ₽,https://saletennis.com/catalog/product/shtany-zhienskiie-7-6-jackie-pants-women-arona-18616/,XXS: Санкт-Петербург (Спортивная) - 1 шт | XS: Парина - 1 шт | S: Ижевск - 1 шт | Елизаветенское шоссе - 1 шт | Санкт-Петербург (Спортивная) - 1 шт | Тюмень (Народная) - 1 шт | M: Тюмень (Народная) - 1 шт | Парина - 1 шт | Санкт-Петербург (Спортивная) - 1 шт | Ижевск - 1 шт | L: Елизаветенское шоссе - 1 шт | Тюмень (Народная) - 1 шт | Санкт-Петербург (Спортивная) - 1 шт | Парина - 1 шт | XL: Тюмень (Народная) - 1 шт,15,data\product_images\18b95331dcf1.png,0,4,0,0,3,0,2,4,0,2
Одежда,KT76-1941,Топ женский 7/6 Kris Top - Ebony,7/6,5990 ₽,https://saletennis.com/catalog/product/top-zhienskii-7-6-kris-top-ebony-18590/,XXS: Санкт-Петербург (Спортивная) - 1 шт | XS: Елизаветенское шоссе - 1 шт | Ижевск - 1 шт | Парина - 1 шт | Уфа - 1 шт | Соболева - 1 шт | S: Уфа - 1 шт | Тюмень (Народная) - 1 шт | M: Соболева - 1 шт | Парина - 1 шт | L: Ижевск - 1 шт | Бисертская - 1 шт | Тюмень (Народная) - 1 шт | Санкт-Петербург (Спортивная) - 1 шт | XL: Санкт-Петербург (Спортивная) - 1 шт,15,data\product_images\5506e87ea9d8.png,0,3,0,2,2,1,1,2,2,2
Одежда,T76-1110,Топ женский 7/6 Anna - Boulder,7/6,290 ₽,https://saletennis.com/catalog/product/top-zhienskii-7-6-anna-boulder-14306/,XXS: Бисертская - 1 шт | Санкт-Петербург (Спортивная) - 1 шт | Основной склад Екатеринбург - 3 шт | Уфа - 1 шт,6,data\product_images\b57ecd6ea98a.png,0,1,3,0,0,1,0,0,1,0
Одежда,62GAA20262,Майка женская Mizuno Printed Tank - Cabernet,Mizuno,2990 ₽,https://saletennis.com/catalog/product/maika-zhienskaia-mizuno-printed-tank-cabernet-14587/,S: Основной склад Екатеринбург - 1 шт | Ижевск - 1 шт | M: Санкт-Петербург (Спортивная) - 1 шт,3,data\product_images\56b6c5c21c25.png,0,1,1,0,0,0,0,0,0,1
Одежда,62GAB703-01,Топ женский Mizuno Tennis Bra - White,Mizuno,2995 ₽,https://saletennis.com/catalog/product/top-zhienskii-mizuno-tennis-bra-white-17458/,XS: Санкт-Петербург (Спортивная) - 1 шт,1,data\product_images\4d275c17beb9.jpg,0,1,0,0,0,0,0,0,0,0
Одежда,62GHB20164,Платье женское Mizuno Charge Printed Dress - Lilac Chiffon,Mizuno,3990 ₽,https://saletennis.com/catalog/product/plat-ie-zhienskoie-mizuno-charge-printed-dress-lilac-chiffon-16330/,XS: Основной склад Екатеринбург - 1 шт,1,data\product_images\77791f571bd9.png,0,0,1,0,0,0,0,0,0,0
Одежда,TP76-BK,Спортивные штаны мужские 7/6 Taylor Man Pants - Black,7/6,3992 ₽,https://saletennis.com/catalog/product/sportivnyie-shtany-muzhskiie-7-6-taylor-man-pants-black-17276/,S: Уфа - 1 шт | M: Ижевск - 1 шт | Парина - 1 шт | Уфа - 1 шт | Санкт-Петербург (Спортивная) - 1 шт | Соболева - 1 шт | Бисертская - 1 шт | L: Ижевск - 1 шт | Санкт-Петербург (Спортивная) - 1 шт | XL: Тюмень (Народная) - 1 шт | Уфа - 1 шт | Ижевск - 1 шт | Санкт-Петербург (Спортивная) - 1 шт | XXL: Ижевск - 1 шт | Санкт-Петербург (Спортивная) - 1 шт | Тюмень (Народная) - 1 шт,16,data\product_images\dbf2ca9f65fe.png,0,4,0,1,1,1,0,2,3,4
Одежда,IH5059-133,Футболка женская Nike Heritage - Sail/Midnight Navy,Nike,4990 ₽,https://saletennis.com/catalog/product/futbolka-zhienskaia-nike-heritage-sail-midnight-navy-18850/,S: Парина - 1 шт | Санкт-Петербург (Спортивная) - 1 шт | M: Парина - 1 шт | Санкт-Петербург (Спортивная) - 1 шт,4,data\product_images\542bb7a8a479.png,0,2,0,0,2,0,0,0,0,0
Одежда,FZ6677-491,Шорты женские под платье Nike Dri-Fit - Diffused Blue/White,Nike,6490 ₽,https://saletennis.com/catalog/product/shorty-zhienskiie-pod-plat-ie-nike-dri-fit-diffused-blue-white-18300/,XS: Санкт-Петербург (Спортивная) - 1 шт | S: Соболева - 1 шт | Парина - 1 шт,3,data\product_images\f22f3ec1d88b.png,0,1,0,1,1,0,0,0,0,0
Одежда,DR10217913035073,Футболка мужская Diadora SS Score T-Shirt - Lime/Black/White,Не определен,1490 ₽,https://saletennis.com/catalog/product/futbolka-muzhskaia-diadora-ss-score-t-shirt-lime-black-white-15187/,S: Основной склад Екатеринбург - 1 шт | Санкт-Петербург (Спортивная) - 1 шт | M: Основной склад Екатеринбург - 1 шт | L: Основной склад Екатеринбург - 1 шт,4,data\product_images\1f60c35272c2.png,0,1,3,0,0,0,0,0,0,0
Одежда,DT76-010,Топ 7/6 Daria Top - Black,7/6,2490 ₽,https://saletennis.com/catalog/product/top-7-6-daria-top-black-16711/,XXS: Санкт-Петербург (Спортивная) - 2 шт | Основной склад Екатеринбург - 1 шт | Уфа - 1 шт | Тюмень (Народная) - 2 шт | XS: Санкт-Петербург (Спортивная) - 2 шт,8,data\product_images\c987b13a201e.png,0,4,1,0,0,0,0,2,1,0
Одежда,FD5574-100,Юбка женская Nike Court Victory Skirt - White/Black,Nike,7990 ₽,https://saletennis.com/catalog/product/iubka-zhienskaia-nike-court-victory-skirt-white-black-18450/,XS: Соболева - 1 шт,1,data\product_images\48c2241db151.png,0,0,0,1,0,0,0,0,0,0
Одежда,GT76-4718,Футболка для девочек 7/6 Mia T-shirt - Hydro,7/6,2990 ₽,https://saletennis.com/catalog/product/futbolka-dlia-dievochiek-7-6-mia-t-shirt-hydro-19403/,XS: Санкт-Петербург (Ярослава Гашека) - 1 шт | Тюмень (Народная) - 1 шт | Санкт-Петербург (Спортивная) - 1 шт | Парина - 1 шт | Соболева - 1 шт | Уфа - 1 шт | Ижевск - 1 шт | S: Ижевск - 1 шт | Тюмень (Народная) - 2 шт | Санкт-Петербург (Спортивная) - 2 шт | Уфа - 1 шт | Санкт-Петербург (Ярослава Гашека) - 1 шт | Основной склад Екатеринбург - 1 шт | Соболева - 1 шт | M: Ижевск - 1 шт | Уфа - 1 шт | Тюмень (Народная) - 1 шт | Соболева - 1 шт | Санкт-Петербург (Спортивная) - 2 шт | Основной склад Екатеринбург - 2 шт | Санкт-Петербург (Ярослава Гашека) - 1 шт | Парина - 1 шт | L: Ижевск - 1 шт | Санкт-Петербург (Спортивная) - 2 шт | Основной склад Екатеринбург - 2 шт | Парина - 1 шт | Соболева - 1 шт | Тюмень (Народная) - 2 шт | Санкт-Петербург (Ярослава Гашека) - 1 шт | XL: Соболева - 1 шт | Санкт-Петербург (Спортивная) - 1 шт | Ижевск - 1 шт | Уфа - 1 шт | Санкт-Петербург (Ярослава Гашека) - 1 шт | Парина - 1 шт | Основной склад Екатеринбург - 1 шт,43,data\product_images\55f7bdbdd45c.png,5,8,6,5,4,0,0,6,4,5
Одежда,IF1560-522,Шорты мужские Nike Court Slam 6in - Bright Violet/Violet Mist,Nike,11490 ₽,https://saletennis.com/catalog/product/shorty-muzhskiie-nike-court-slam-6in-bright-violet-violet-mist-19247/,M: Парина - 1 шт | Соболева - 1 шт | Ижевск - 1 шт | L: Санкт-Петербург (Спортивная) - 1 шт | Парина - 1 шт | Ижевск - 1 шт | Соболева - 1 шт | XL: Парина - 1 шт | Соболева - 1 шт,9,data\product_images\fa0708a9a465.jpg,0,1,0,3,3,0,0,0,0,2
Одежда,VS76-WH,Козырек 7/6 Visor 2.0 - White,7/6,2990 ₽,https://saletennis.com/catalog/product/kozyriek-7-6-visor-2-0-white-18380/,Тюмень: 1 шт | Бисертская: 2 шт | Санкт-Петербург (Спортивная): 1 шт | Соболева: 5 шт,9,data\product_images\ef3fa731908f.png,0,1,0,5,0,2,0,1,0,0
Одежда,AD76-100,Платье женское 7/6 Arina Dress - White,7/6,990 ₽,https://saletennis.com/catalog/product/plat-ie-zhienskoie-7-6-arina-dress-white-17102/,XS: Ижевск - 1 шт | S: Ижевск - 1 шт | M: Ижевск - 1 шт | Соболева - 1 шт | L: Ижевск - 1 шт | Основной склад Екатеринбург - 2 шт | Санкт-Петербург (Спортивная) - 1 шт,8,data\product_images\e9f73154dc4b.png,0,1,2,1,0,0,0,0,0,4
Одежда,HM6766-276,Брюки мужские Nike Heritage Pants - Neutral Olive,Nike,8393 ₽,https://saletennis.com/catalog/product/briuki-muzhskiie-nike-heritage-pants-neutral-olive-18492/,S: Тюмень (Народная) - 1 шт,1,data\product_images\094d2968ee6a.png,0,0,0,0,0,0,0,1,0,0
Одежда,DR10217987480013,Спортивный костюм Diadora - Black,Не определен,6990 ₽,https://saletennis.com/catalog/product/sportivnyi-kostium-diadora-black-15330/,S: Основной склад Екатеринбург - 1 шт | XL: Тюмень (Народная) - 1 шт,2,data\product_images\1b63edfcc95c.png,0,0,1,0,0,0,0,1,0,0
Одежда,MTL76-1360,Футболка мужская 7/6 Loddy T-Shirt 2.0 - Bright Orange,7/6,1995 ₽,https://saletennis.com/catalog/product/futbolka-muzhskaia-7-6-loddy-t-shirt-2-0-bright-orange-17872/,S: Основной склад Екатеринбург - 1 шт | Санкт-Петербург (Спортивная) - 1 шт | M: Основной склад Екатеринбург - 1 шт | XL: Санкт-Петербург (Спортивная) - 1 шт,4,data\product_images\8e0df710ded6.png,0,2,2,0,0,0,0,0,0,0
Одежда,62GFB70168,Спортивные штаны женские Mizuno Mugen Pant - Patrician Purple,Mizuno,4495 ₽,https://saletennis.com/catalog/product/sportivnyie-shtany-zhienskiie-mizuno-mugen-pant-patrician-purple-16844/,XS: Санкт-Петербург (Спортивная) - 1 шт | Соболева - 1 шт | S: Тюмень (Народная) - 1 шт | Санкт-Петербург (Спортивная) - 1 шт | M: Санкт-Петербург (Спортивная) - 1 шт | Тюмень (Народная) - 1 шт,6,data\product_images\265ea0abc641.png,0,3,0,1,0,0,0,2,0,0
Одежда,IF1560-486,Шорты мужские Nike Court Slam 6in - Work Blue/Hydrogen Blue/Black,Nike,11490 ₽,https://saletennis.com/catalog/product/shorty-muzhskiie-nike-court-slam-6in-work-blue-hydrogen-blue-black-19251/,S: Парина - 1 шт | M: Уфа - 1 шт | Тюмень (Народная) - 1 шт | Ижевск - 1 шт | L: Уфа - 1 шт | XL: Тюмень (Народная) - 1 шт,6,data\product_images\65a32c3c6ab2.jpg,0,0,0,0,1,0,0,2,2,1
Одежда,KSK76-4718,Юбка детская 7/6 Kristy Skirt - Hydro,7/6,3990 ₽,https://saletennis.com/catalog/product/iubka-dietskaia-7-6-kristy-skirt-hydro-19411/,XS: Тюмень (Народная) - 1 шт | Санкт-Петербург (Ярослава Гашека) - 1 шт | Уфа - 1 шт | Парина - 1 шт | Ижевск - 1 шт | Соболева - 1 шт | S: Основной склад Екатеринбург - 1 шт | Ижевск - 1 шт | Санкт-Петербург (Спортивная) - 1 шт | Уфа - 1 шт | Соболева - 1 шт | Тюмень (Народная) - 1 шт | Санкт-Петербург (Ярослава Гашека) - 1 шт | M: Основной склад Екатеринбург - 2 шт | Санкт-Петербург (Ярослава Гашека) - 1 шт | Парина - 1 шт | Ижевск - 1 шт | Санкт-Петербург (Спортивная) - 2 шт | L: Санкт-Петербург (Ярослава Гашека) - 1 шт | Тюмень (Народная) - 2 шт | Уфа - 1 шт | Санкт-Петербург (Спортивная) - 1 шт | Соболева - 1 шт | Парина - 1 шт | Основной склад Екатеринбург - 2 шт | XL: Ижевск - 1 шт | Основной склад Екатеринбург - 1 шт | Санкт-Петербург (Ярослава Гашека) - 1 шт | Парина - 1 шт | Соболева - 1 шт | Уфа - 1 шт | Санкт-Петербург (Спортивная) - 1 шт,36,data\product_images\bedc0fe156c4.png,5,5,6,4,4,0,0,4,4,4
Одежда,FZ6726-422,Юбка женская Nike Advantage Ace - Glacier Blue,Nike,9490 ₽,https://saletennis.com/catalog/product/iubka-zhienskaia-nike-advantage-ace-glacier-blue-17850/,XS: Санкт-Петербург (Спортивная) - 1 шт,1,data\product_images\c8f4d08d3e23.png,0,1,0,0,0,0,0,0,0,0
Одежда,IB1020-389,Поло мужское Nike Court Slam Tennis Polo - Saffron Quartz/White,Nike,12990 ₽,https://saletennis.com/catalog/product/polo-muzhskoie-nike-court-slam-tennis-polo-saffron-quartz-white-19188/,M: Тюмень (Народная) - 1 шт | Санкт-Петербург (Спортивная) - 1 шт | Соболева - 1 шт | Ижевск - 1 шт | L: Тюмень (Народная) - 1 шт | Санкт-Петербург (Спортивная) - 1 шт | Соболева - 1 шт | Ижевск - 1 шт | Парина - 2 шт | XL: Соболева - 1 шт,11,data\product_images\ff3826b774e2.jpg,0,2,0,3,2,0,0,2,0,2
Одежда,FZ6746-100,Платье женское Nike Court Slam - White,Nike,18490 ₽,https://saletennis.com/catalog/product/plat-ie-zhienskoie-nike-court-slam-white-18114/,M: Парина - 1 шт,1,data\product_images\daef614f2fca.png,0,0,0,0,1,0,0,0,0,0
Одежда,62GHB20167,Платье женское Mizuno Charge Printed Dress - Purple Magic,Mizuno,3990 ₽,https://saletennis.com/catalog/product/plat-ie-zhienskoie-mizuno-charge-printed-dress-purple-magic-16331/,XS: Основной склад Екатеринбург - 1 шт | S: Основной склад Екатеринбург - 3 шт,4,data\product_images\85f31a2266c4.png,0,0,4,0,0,0,0,0,0,0
Одежда,G1580023-TW,Майка детская Bidi Badu Twiggy Chill - Blue/Mixed,Bidi Badu,1596 ₽,https://saletennis.com/catalog/product/maika-dietskaia-bidi-badu-twiggy-chill-blue-mixed-16427/,128: Основной склад Екатеринбург - 1 шт | 152: Санкт-Петербург (Спортивная) - 1 шт | Основной склад Екатеринбург - 1 шт | 164: Парина - 1 шт | Основной склад Екатеринбург - 1 шт,5,data\product_images\c326af11db54.png,0,1,3,0,1,0,0,0,0,0
Одежда,KS76-1265,Юбка женская 7/6 Kris Skirt - Bright Pink,7/6,2745 ₽,https://saletennis.com/catalog/product/iubka-zhienskaia-7-6-kris-skirt-bright-pink-17936/,XXS: Основной склад Екатеринбург - 1 шт | XS: Основной склад Екатеринбург - 2 шт | L: Основной склад Екатеринбург - 1 шт,4,data\product_images\690c9caf391d.png,0,0,4,0,0,0,0,0,0,0
Одежда,MPT76-NV,Спортивные штаны мужские 7/6 Man Training Pants - Navy,7/6,1990 ₽,https://saletennis.com/catalog/product/sportivnyie-shtany-muzhskiie-7-6-man-training-pants-navy-15247/,S: Основной склад Екатеринбург - 2 шт,2,data\product_images\b29f01a06b58.png,0,0,2,0,0,0,0,0,0,0
Одежда,MTS76-100,Футболка для мальчиков 7/6 Max T-shirt 2.0 - White,7/6,2490 ₽,https://saletennis.com/catalog/product/futbolka-dlia-mal-chikov-7-6-max-t-shirt-2-0-white-17515/,XS: Санкт-Петербург (Ярослава Гашека) - 1 шт | Санкт-Петербург (Спортивная) - 1 шт | S: Санкт-Петербург (Ярослава Гашека) - 1 шт | Санкт-Петербург (Спортивная) - 1 шт | Тюмень (Народная) - 1 шт | M: Санкт-Петербург (Ярослава Гашека) - 1 шт | Тюмень (Народная) - 1 шт | Санкт-Петербург (Спортивная) - 1 шт | L: Санкт-Петербург (Ярослава Гашека) - 1 шт | Ижевск - 2 шт | Санкт-Петербург (Спортивная) - 1 шт | Тюмень (Народная) - 1 шт | XL: Санкт-Петербург (Спортивная) - 1 шт | Уфа - 1 шт | Ижевск - 1 шт | Санкт-Петербург (Ярослава Гашека) - 1 шт,17,data\product_images\60af91205b26.png,5,5,0,0,0,0,0,3,1,3
Одежда,BSH76-1632,Шорты детские 7/6 Tema Shorts - Shell Pink,7/6,3490 ₽,https://saletennis.com/catalog/product/shorty-dietskiie-7-6-tema-shorts-shell-pink-19408/,XS: Уфа - 1 шт | Санкт-Петербург (Ярослава Гашека) - 1 шт | Парина - 1 шт | Соболева - 1 шт | Тюмень (Народная) - 4 шт | Санкт-Петербург (Спортивная) - 1 шт | Ижевск - 1 шт | S: Основной склад Екатеринбург - 1 шт | Парина - 1 шт | Санкт-Петербург (Спортивная) - 1 шт | Уфа - 1 шт | Тюмень (Народная) - 4 шт | Санкт-Петербург (Ярослава Гашека) - 1 шт | Ижевск - 1 шт | M: Тюмень (Народная) - 3 шт | Санкт-Петербург (Ярослава Гашека) - 1 шт | Санкт-Петербург (Спортивная) - 1 шт | Ижевск - 1 шт | Уфа - 1 шт | L: Ижевск - 1 шт | Соболева - 1 шт | Парина - 1 шт | Санкт-Петербург (Спортивная) - 1 шт | Санкт-Петербург (Ярослава Гашека) - 1 шт | Основной склад Екатеринбург - 2 шт | Уфа - 1 шт | Тюмень (Народная) - 4 шт | XL: Уфа - 1 шт | Основной склад Екатеринбург - 1 шт | Парина - 1 шт | Ижевск - 1 шт | Санкт-Петербург (Ярослава Гашека) - 1 шт | Тюмень (Народная) - 4 шт | Соболева - 1 шт | Санкт-Петербург (Спортивная) - 1 шт,50,data\product_images\11e251ee5da8.png,5,5,4,3,4,0,0,19,5,5
Одежда,62GAB501-24,Футболка мужская Mizuno Mugen Shadow Graphic - Mugen Blue,Mizuno,3894 ₽,https://saletennis.com/catalog/product/futbolka-muzhskaia-mizuno-mugen-shadow-graphic-mugen-blue-17445/,S: Санкт-Петербург (Спортивная) - 1 шт | L: Основной склад Екатеринбург - 1 шт,2,data\product_images\3786af22fe59.png,0,1,1,0,0,0,0,0,0,0
Одежда,CV7539-010,Футболка женская Nike SB - Black,Nike,3990 ₽,https://saletennis.com/catalog/product/futbolka-zhienskaia-nike-sb-black-16217/,XS: Соболева - 1 шт,1,data\product_images\84e83fd70702.png,0,0,0,1,0,0,0,0,0,0
Одежда,VT76-010,Футболка мужская 7/6 Victory Cotton T-shirt - Black,7/6,1990 ₽,https://saletennis.com/catalog/product/futbolka-muzhskaia-7-6-victory-cotton-t-shirt-black-17121/,S: Санкт-Петербург (Спортивная) - 1 шт | Парина - 1 шт | Уфа - 1 шт | Основной склад Екатеринбург - 1 шт | Тюмень (Народная) - 1 шт | Соболева - 1 шт | M: Основной склад Екатеринбург - 1 шт | Санкт-Петербург (Спортивная) - 1 шт | Тюмень (Народная) - 1 шт | Соболева - 1 шт | Бисертская - 1 шт | L: Соболева - 1 шт | Санкт-Петербург (Спортивная) - 1 шт | Тюмень (Народная) - 1 шт | Уфа - 1 шт | Бисертская - 1 шт | XL: Основной склад Екатеринбург - 1 шт | Уфа - 1 шт | XXL: Санкт-Петербург (Спортивная) - 1 шт | Бисертская - 1 шт | Соболева - 1 шт,21,data\product_images\d1cc790461c1.png,0,4,3,4,1,3,0,3,3,0
Одежда,KS76-0116,Юбка женская 7/6 Kris Skirt - Light Green/Green,7/6,2745 ₽,https://saletennis.com/catalog/product/iubka-zhienskaia-7-6-kris-skirt-light-green-green-17937/,XXS: Основной склад Екатеринбург - 3 шт | XS: Основной склад Екатеринбург - 2 шт,5,data\product_images\0fef37582e8c.png,0,0,5,0,0,0,0,0,0,0
Одежда,BSH76-4718,Шорты детские 7/6 Tema Shorts - Hydro,7/6,3490 ₽,https://saletennis.com/catalog/product/shorty-dietskiie-7-6-tema-shorts-hydro-19407/,XS: Санкт-Петербург (Спортивная) - 1 шт | Санкт-Петербург (Ярослава Гашека) - 1 шт | Тюмень (Народная) - 3 шт | S: Санкт-Петербург (Спортивная) - 2 шт | Тюмень (Народная) - 3 шт | Парина - 1 шт | Соболева - 1 шт | Санкт-Петербург (Ярослава Гашека) - 1 шт | M: Тюмень (Народная) - 3 шт | Санкт-Петербург (Спортивная) - 2 шт | Санкт-Петербург (Ярослава Гашека) - 1 шт | L: Уфа - 1 шт | Парина - 1 шт | Основной склад Екатеринбург - 1 шт | Соболева - 1 шт | Тюмень (Народная) - 4 шт | Санкт-Петербург (Ярослава Гашека) - 1 шт | XL: Основной склад Екатеринбург - 1 шт | Санкт-Петербург (Ярослава Гашека) - 1 шт | Санкт-Петербург (Спортивная) - 1 шт | Тюмень (Народная) - 3 шт | Ижевск - 1 шт | Уфа - 1 шт | Соболева - 1 шт,37,data\product_images\d34650f6cd37.png,5,6,2,3,2,0,0,16,2,1
Одежда,W1580001-DBLMX,Майка женская Bidi Badu Grafic Illumination - Navy/Multicolor,Bidi Badu,2490 ₽,https://saletennis.com/catalog/product/maika-zhienskaia-bidi-badu-grafic-illumination-navy-multicolor-15264/,S: Основной склад Екатеринбург - 2 шт,2,data\product_images\9c98892f4d3b.png,0,0,2,0,0,0,0,0,0,0
Одежда,PL7060-100,Поло мужское 7/6 Ankl Polo 2.0 - White,7/6,2990 ₽,https://saletennis.com/catalog/product/polo-muzhskoie-7-6-ankl-polo-2-0-white-17118/,S: Соболева - 1 шт | Тюмень (Народная) - 1 шт | Санкт-Петербург (Спортивная) - 1 шт | Парина - 1 шт | M: Соболева - 2 шт | Ижевск - 1 шт | Елизаветенское шоссе - 2 шт | Парина - 1 шт | Тюмень (Народная) - 1 шт | Бисертская - 1 шт | L: Соболева - 1 шт | Парина - 2 шт | Елизаветенское шоссе - 2 шт | Ижевск - 1 шт | Бисертская - 1 шт | XL: Соболева - 1 шт | Бисертская - 1 шт | Елизаветенское шоссе - 1 шт | Санкт-Петербург (Спортивная) - 1 шт | XXL: Соболева - 1 шт | Санкт-Петербург (Спортивная) - 1 шт,25,data\product_images\3307558948ac.png,0,3,0,6,4,3,5,2,0,2
Одежда,IB0782-617,Брюки женские Nike Court Advantage Tennis Pants - Laser Fuchsia/Black,Nike,9990 ₽,https://saletennis.com/catalog/product/briuki-zhienskiie-nike-court-advantage-tennis-pants-laser-fuchsia-black-18839/,XS: Санкт-Петербург (Спортивная) - 1 шт | S: Соболева - 1 шт | Парина - 1 шт | M: Парина - 1 шт | Санкт-Петербург (Спортивная) - 1 шт,5,data\product_images\53949b22081e.png,0,2,0,1,2,0,0,0,0,0
Одежда,STS76-4718,Футболка женская 7/6 Stacy T-shirt - Sparkle Hydro Print,7/6,4990 ₽,https://saletennis.com/catalog/product/futbolka-zhienskaia-7-6-stacy-t-shirt-sparkle-hydro-print-19395/,XXS: Санкт-Петербург (Ярослава Гашека) - 1 шт | Санкт-Петербург (Спортивная) - 1 шт | Тюмень (Народная) - 1 шт | XS: Санкт-Петербург (Ярослава Гашека) - 1 шт | Соболева - 1 шт | Санкт-Петербург (Спортивная) - 1 шт | Парина - 1 шт | Тюмень (Народная) - 2 шт | S: Тюмень (Народная) - 2 шт | Уфа - 1 шт | Санкт-Петербург (Ярослава Гашека) - 1 шт | Ижевск - 1 шт | Санкт-Петербург (Спортивная) - 1 шт | M: Санкт-Петербург (Ярослава Гашека) - 1 шт | Основной склад Екатеринбург - 3 шт | Парина - 1 шт | Елизаветенское шоссе - 1 шт | Ижевск - 1 шт | Соболева - 1 шт | Тюмень (Народная) - 1 шт | Уфа - 1 шт | Бисертская - 1 шт | Санкт-Петербург (Спортивная) - 1 шт | L: Соболева - 1 шт | Тюмень (Народная) - 1 шт | Санкт-Петербург (Спортивная) - 1 шт | Санкт-Петербург (Ярослава Гашека) - 1 шт | Елизаветенское шоссе - 1 шт | XL: Санкт-Петербург (Спортивная) - 1 шт,33,data\product_images\a05882288568.png,5,6,3,3,2,1,2,7,2,2
Одежда,VD276-0116,Платье детское 7/6 Viki Dress 2.0 - Light Green,7/6,2793 ₽,https://saletennis.com/catalog/product/plat-ie-dietskoie-7-6-viki-dress-2-0-light-green-17906/,XS: Основной склад Екатеринбург - 2 шт | Санкт-Петербург (Спортивная) - 1 шт | S: Санкт-Петербург (Спортивная) - 1 шт | M: Санкт-Петербург (Спортивная) - 1 шт | Тюмень (Народная) - 1 шт | Уфа - 1 шт | Основной склад Екатеринбург - 2 шт | L: Соболева - 1 шт | Уфа - 1 шт | Санкт-Петербург (Спортивная) - 1 шт | Основной склад Екатеринбург - 3 шт | XL: Санкт-Петербург (Спортивная) - 1 шт | Основной склад Екатеринбург - 4 шт | Соболева - 1 шт | Уфа - 1 шт,22,data\product_images\5675a6234834.png,0,5,11,2,0,0,0,1,3,0
Одежда,HJ7913-478,Юбка женская Nike Advantage Ace Skirt - Armory Navy,Nike,10990 ₽,https://saletennis.com/catalog/product/iubka-zhienskaia-nike-advantage-ace-skirt-armory-navy-18311/,XS: Уфа - 1 шт,1,data\product_images\01b90b446ca4.png,0,0,0,0,0,0,0,0,1,0
Одежда,62GBC500-94,"Шорты мужские Mizuno Daybreakers 8"" - Black/Vibrant Yellow",Mizuno,3843 ₽,https://saletennis.com/catalog/product/shorty-muzhskiie-mizuno-daybreakers-8-black-vibrant-yellow-18420/,L: Основной склад Екатеринбург - 1 шт,1,data\product_images\e9cca1de3209.png,0,0,1,0,0,0,0,0,0,0
Одежда,TJ76-BK,Ветровка мужская 7/6 Taylor Man Jacket - Black,7/6,4792 ₽,https://saletennis.com/catalog/product/vietrovka-muzhskaia-7-6-taylor-man-jacket-black-17275/,S: Парина - 1 шт | Соболева - 1 шт | Уфа - 1 шт | Ижевск - 1 шт | M: Уфа - 1 шт | Соболева - 1 шт | Санкт-Петербург (Спортивная) - 1 шт | Тюмень (Народная) - 1 шт | Основной склад Екатеринбург - 1 шт | L: Тюмень (Народная) - 1 шт | Уфа - 1 шт | Санкт-Петербург (Спортивная) - 1 шт | Соболева - 1 шт | XL: Парина - 1 шт | Санкт-Петербург (Спортивная) - 1 шт | XXL: Санкт-Петербург (Спортивная) - 1 шт | Уфа - 1 шт,17,data\product_images\d1505ddda8b7.png,0,4,1,3,2,0,0,2,4,1
Одежда,62GAC00214,Футболка мужская Mizuno Frontier Shadow Tee - Bellwether Blue,Mizuno,2933 ₽,https://saletennis.com/catalog/product/futbolka-muzhskaia-mizuno-frontier-shadow-tee-bellwether-blue-18185/,M: Основной склад Екатеринбург - 1 шт,1,data\product_images\7ca5cd6bb28a.png,0,0,1,0,0,0,0,0,0,0
Одежда,FZ6677-017,Шорты женские под платье Nike Dri-Fit - Cannon/White,Nike,6490 ₽,https://saletennis.com/catalog/product/shorty-zhienskiie-pod-plat-ie-nike-dri-fit-cannon-white-18299/,S: Уфа - 1 шт,1,data\product_images\1746d67287b1.png,0,0,0,0,0,0,0,0,1,0
Одежда,KTS76-2520,Футболка женская 7/6 Kate T-shirt - Potent Purple,7/6,2793 ₽,https://saletennis.com/catalog/product/futbolka-zhienskaia-7-6-kate-t-shirt-potent-purple-18596/,XS: Санкт-Петербург (Спортивная) - 1 шт | Тюмень (Народная) - 1 шт | S: Санкт-Петербург (Спортивная) - 1 шт | Ижевск - 1 шт | M: Уфа - 1 шт | Ижевск - 1 шт | L: Ижевск - 1 шт,7,data\product_images\fc179551bb6e.png,0,2,0,0,0,0,0,1,1,3
Одежда,M1470009-DBLRD,Шорты мужские Bidi Badu New York 2024 7'' - Blue/Red,Bidi Badu,2596 ₽,https://saletennis.com/catalog/product/shorty-muzhskiie-bidi-badu-new-york-2024-7-blue-red-16455/,XL: Санкт-Петербург (Спортивная) - 1 шт,1,data\product_images\2fa721026f6f.png,0,1,0,0,0,0,0,0,0,0
Одежда,62GBB735-68,"Шорты женские Mizuno 3"" Flex Short - Patrician Purple",Mizuno,2990 ₽,https://saletennis.com/catalog/product/shorty-zhienskiie-mizuno-3-flex-short-patrician-purple-17476/,XS: Санкт-Петербург (Спортивная) - 1 шт | Соболева - 1 шт | S: Санкт-Петербург (Спортивная) - 1 шт | Основной склад Екатеринбург - 2 шт | Соболева - 1 шт | M: Основной склад Екатеринбург - 2 шт | Санкт-Петербург (Спортивная) - 1 шт,9,data\product_images\04cf844ac149.png,0,3,4,2,0,0,0,0,0,0
Одежда,IB1020-368,Поло мужское Nike Court Slam Tennis Polo - Olive Flak/White,Nike,12990 ₽,https://saletennis.com/catalog/product/polo-muzhskoie-nike-court-slam-tennis-polo-olive-flak-white-19187/,S: Парина - 1 шт | M: Санкт-Петербург (Спортивная) - 1 шт | Парина - 1 шт | Уфа - 1 шт | Тюмень (Народная) - 1 шт | L: Ижевск - 1 шт | Соболева - 1 шт | Уфа - 1 шт | Парина - 1 шт | Санкт-Петербург (Спортивная) - 1 шт | XL: Парина - 1 шт | Санкт-Петербург (Спортивная) - 1 шт,12,data\product_images\28aaa97ce789.jpg,0,3,0,1,4,0,0,1,2,1
Одежда,SH7760-1632,Шорты мужские 7/6 Miran Shorts 7 - Shell Pink,7/6,4490 ₽,https://saletennis.com/catalog/product/shorty-muzhskiie-7-6-miran-shorts-7-shell-pink-19305/,S: Соболева - 1 шт | Елизаветенское шоссе - 1 шт | Санкт-Петербург (Спортивная) - 1 шт | Ижевск - 1 шт | Санкт-Петербург (Ярослава Гашека) - 1 шт | Парина - 1 шт | M: Тюмень (Народная) - 3 шт | Санкт-Петербург (Ярослава Гашека) - 1 шт | Соболева - 2 шт | Санкт-Петербург (Спортивная) - 1 шт | Ижевск - 1 шт | Основной склад Екатеринбург - 2 шт | Елизаветенское шоссе - 2 шт | Парина - 2 шт | L: Санкт-Петербург (Ярослава Гашека) - 1 шт | Бисертская - 1 шт | Санкт-Петербург (Спортивная) - 1 шт | Уфа - 1 шт | Ижевск - 2 шт | Елизаветенское шоссе - 2 шт | Соболева - 2 шт | Основной склад Екатеринбург - 3 шт | Парина - 2 шт | Тюмень (Народная) - 3 шт | XL: Основной склад Екатеринбург - 1 шт | Ижевск - 1 шт | Санкт-Петербург (Ярослава Гашека) - 1 шт | Соболева - 2 шт | Елизаветенское шоссе - 1 шт | Бисертская - 1 шт | Парина - 1 шт | Тюмень (Народная) - 1 шт | XXL: Парина - 1 шт | Санкт-Петербург (Спортивная) - 1 шт | Елизаветенское шоссе - 1 шт | Соболева - 1 шт | Ижевск - 1 шт,52,data\product_images\cdd19aa71105.png,4,4,6,8,7,2,7,7,1,6
Одежда,62GDC00109,Спортивные штаны мужские Mizuno Frontier Shadow Pant - Black,Mizuno,5733 ₽,https://saletennis.com/catalog/product/sportivnyie-shtany-muzhskiie-mizuno-frontier-shadow-pant-black-18188/,S: Основной склад Екатеринбург - 1 шт | M: Основной склад Екатеринбург - 1 шт | L: Основной склад Екатеринбург - 2 шт,4,data\product_images\8f427dfef0d7.png,0,0,4,0,0,0,0,0,0,0
Одежда,WJJ76-1264,Кофта женская 7/6 Jackie Jacket Women - Light Green,7/6,4995 ₽,https://saletennis.com/catalog/product/kofta-zhienskaia-7-6-jackie-jacket-women-light-green-17890/,XXS: Основной склад Екатеринбург - 3 шт | Санкт-Петербург (Спортивная) - 1 шт | XS: Тюмень (Народная) - 1 шт | Основной склад Екатеринбург - 4 шт | Санкт-Петербург (Спортивная) - 1 шт | S: Санкт-Петербург (Спортивная) - 2 шт | Основной склад Екатеринбург - 4 шт | Тюмень (Народная) - 1 шт | M: Основной склад Екатеринбург - 3 шт | L: Основной склад Екатеринбург - 2 шт | Санкт-Петербург (Спортивная) - 1 шт | XL: Санкт-Петербург (Спортивная) - 1 шт,24,data\product_images\c151e23f514c.png,0,6,16,0,0,0,0,2,0,0
Одежда,FD5380-844,"Шорты мужские Nike Court Victory 7"" Short - Apricot Agate",Nike,3990 ₽,https://saletennis.com/catalog/product/shorty-muzhskiie-nike-court-victory-7-short-apricot-agate-17676/,XL: Санкт-Петербург (Спортивная) - 1 шт,1,data\product_images\a9ee3abf37f4.png,0,1,0,0,0,0,0,0,0,0
Одежда,W1330002,Футболка женская Bidi Badu Crew V-Neck - Pink,Bidi Badu,2490 ₽,https://saletennis.com/catalog/product/futbolka-zhienskaia-bidi-badu-crew-v-neck-pink-17228/,XS: Основной склад Екатеринбург - 1 шт,1,data\product_images\3485f838efde.png,0,0,1,0,0,0,0,0,0,0
Одежда,VD276-4313,Платье детское 7/6 Viki Dress 2.0 - Light Blue,7/6,2793 ₽,https://saletennis.com/catalog/product/plat-ie-dietskoie-7-6-viki-dress-2-0-light-blue-17905/,S: Основной склад Екатеринбург - 3 шт | M: Основной склад Екатеринбург - 3 шт | Санкт-Петербург (Спортивная) - 1 шт | L: Санкт-Петербург (Спортивная) - 1 шт | Уфа - 1 шт | Основной склад Екатеринбург - 2 шт | Соболева - 1 шт | XL: Ижевск - 1 шт | Тюмень (Народная) - 1 шт | Основной склад Екатеринбург - 3 шт | Санкт-Петербург (Спортивная) - 1 шт | Уфа - 1 шт,19,data\product_images\4e1b378e1534.png,0,3,11,1,0,0,0,1,2,1
Одежда,GSH76-010,Шорты для девочек 7/6 Poly Shorts - Black,7/6,3490 ₽,https://saletennis.com/catalog/product/shorty-dlia-dievochiek-7-6-poly-shorts-black-17628/,XS: Санкт-Петербург (Спортивная) - 1 шт | Санкт-Петербург (Ярослава Гашека) - 1 шт | Тюмень (Народная) - 1 шт | S: Санкт-Петербург (Спортивная) - 1 шт | Парина - 1 шт | Санкт-Петербург (Ярослава Гашека) - 1 шт | Уфа - 1 шт | Тюмень (Народная) - 1 шт | M: Ижевск - 1 шт | Санкт-Петербург (Спортивная) - 2 шт | Тюмень (Народная) - 1 шт | Санкт-Петербург (Ярослава Гашека) - 1 шт | Уфа - 1 шт | L: Санкт-Петербург (Ярослава Гашека) - 1 шт | Тюмень (Народная) - 1 шт | Санкт-Петербург (Спортивная) - 1 шт | Ижевск - 1 шт | XL: Тюмень (Народная) - 1 шт | Соболева - 1 шт | Ижевск - 1 шт,21,data\product_images\fe418f6e29b4.png,4,5,0,1,1,0,0,5,2,3
Одежда,ET76-3612,Футболка для девочек 7/6 Eva T-shirt 2.0 - Lavander Haze,7/6,2093 ₽,https://saletennis.com/catalog/product/futbolka-dlia-dievochiek-7-6-eva-t-shirt-2-0-lavander-haze-17910/,M: Санкт-Петербург (Спортивная) - 1 шт | L: Санкт-Петербург (Спортивная) - 1 шт | XL: Основной склад Екатеринбург - 1 шт | Санкт-Петербург (Спортивная) - 1 шт,4,data\product_images\f6cc3c751849.png,0,3,1,0,0,0,0,0,0,0
Одежда,IH2085-394,Футболка мужская Nike Court Heritage Tennis T-Shirt - Barely Green,Nike,4990 ₽,https://saletennis.com/catalog/product/futbolka-muzhskaia-nike-court-heritage-tennis-t-shirt-barely-green-19243/,S: Парина - 1 шт | M: Санкт-Петербург (Спортивная) - 1 шт | L: Парина - 1 шт | 2XL: Парина - 1 шт,4,data\product_images\24a211a4b2ef.jpg,0,1,0,0,3,0,0,0,0,0
Одежда,II3606-641,Майка женская Nike Court Advantage - Peony/White,Nike,7990 ₽,https://saletennis.com/catalog/product/maika-zhienskaia-nike-court-advantage-peony-white-19257/,XS: Уфа - 1 шт | Парина - 1 шт | S: Уфа - 1 шт | Парина - 1 шт | Тюмень (Народная) - 1 шт | M: Уфа - 1 шт | Парина - 1 шт | Тюмень (Народная) - 1 шт,8,data\product_images\a567159e6168.png,0,0,0,0,3,0,0,2,3,0
Одежда,62GBB730-67,Юбка женская Mizuno Flex Skirt - Crocus Petal,Mizuno,2994 ₽,https://saletennis.com/catalog/product/iubka-zhienskaia-mizuno-flex-skirt-crocus-petal-17463/,XS: Основной склад Екатеринбург - 1 шт | S: Соболева - 1 шт | Санкт-Петербург (Спортивная) - 1 шт | Основной склад Екатеринбург - 1 шт | M: Основной склад Екатеринбург - 1 шт,5,data\product_images\e51f9db1b39c.png,0,1,3,1,0,0,0,0,0,0
Одежда,WJJ76-4109,Кофта женская 7/6 Jackie Jacket Women - Arona,7/6,10990 ₽,https://saletennis.com/catalog/product/kofta-zhienskaia-7-6-jackie-jacket-women-arona-18581/,XS: Санкт-Петербург (Спортивная) - 1 шт | S: Санкт-Петербург (Спортивная) - 1 шт | Елизаветенское шоссе - 1 шт | M: Санкт-Петербург (Спортивная) - 1 шт | Тюмень (Народная) - 1 шт | L: Санкт-Петербург (Спортивная) - 1 шт | Елизаветенское шоссе - 1 шт | XL: Санкт-Петербург (Спортивная) - 1 шт,8,data\product_images\7336bd03c5d8.png,0,5,0,0,0,0,2,1,0,0
Одежда,FZ6923-229,Футболка мужская Nike Court Victory Printed - Light Khaki,Nike,4490 ₽,https://saletennis.com/catalog/product/futbolka-muzhskaia-nike-court-victory-printed-light-khaki-17702/,M: Санкт-Петербург (Спортивная) - 1 шт,1,data\product_images\6fddae702208.png,0,1,0,0,0,0,0,0,0,0
Одежда,BPL76-1119,Поло детское 7/6 Sasha Polo - Taos Taupe,7/6,490 ₽,https://saletennis.com/catalog/product/polo-dietskoie-7-6-sasha-polo-taos-taupe-15400/,XS: Основной склад Екатеринбург - 3 шт | Санкт-Петербург (Спортивная) - 1 шт | S: Санкт-Петербург (Спортивная) - 1 шт | Основной склад Екатеринбург - 3 шт,8,data\product_images\97275e37c55e.png,0,2,6,0,0,0,0,0,0,0
Одежда,T76-0602,Топ женский 7/6 Ana Top - White,7/6,1990 ₽,https://saletennis.com/catalog/product/top-zhienskii-7-6-ana-top-white-17108/,XXS: Санкт-Петербург (Спортивная) - 1 шт | XS: Санкт-Петербург (Спортивная) - 1 шт | Санкт-Петербург (Ярослава Гашека) - 1 шт | S: Соболева - 1 шт | Парина - 2 шт | Санкт-Петербург (Спортивная) - 1 шт | Санкт-Петербург (Ярослава Гашека) - 1 шт | M: Соболева - 1 шт | Парина - 1 шт | Санкт-Петербург (Спортивная) - 1 шт | L: Санкт-Петербург (Ярослава Гашека) - 1 шт | Соболева - 1 шт | Санкт-Петербург (Спортивная) - 1 шт | XL: Санкт-Петербург (Спортивная) - 1 шт,15,data\product_images\73b462739d0b.png,3,6,0,3,3,0,0,0,0,0
Одежда,ML76-4405,Лонгслив женский 7/6 Maya Longsleeve - Grey Blossom,7/6,3592 ₽,https://saletennis.com/catalog/product/longhsliv-zhienskii-7-6-maya-longsleeve-grey-blossom-17898/,XXS: Санкт-Петербург (Спортивная) - 1 шт | Основной склад Екатеринбург - 3 шт | XS: Основной склад Екатеринбург - 4 шт | Санкт-Петербург (Спортивная) - 1 шт | Ижевск - 1 шт | S: Основной склад Екатеринбург - 6 шт | Ижевск - 1 шт | M: Санкт-Петербург (Спортивная) - 2 шт | Основной склад Екатеринбург - 1 шт | L: Основной склад Екатеринбург - 3 шт | Санкт-Петербург (Спортивная) - 1 шт,24,data\product_images\a6b9d226a957.png,0,5,17,0,0,0,0,0,0,2
Одежда,IF1560-006,Шорты мужские Nike Court Slam 6in - Steam/Barely Green/Black,Nike,11490 ₽,https://saletennis.com/catalog/product/shorty-muzhskiie-nike-court-slam-6in-steam-barely-green-black-19249/,M: Ижевск - 1 шт | L: Соболева - 1 шт | Тюмень (Народная) - 1 шт | Санкт-Петербург (Спортивная) - 1 шт | XL: Санкт-Петербург (Спортивная) - 1 шт | Соболева - 1 шт,6,data\product_images\84f639f2f505.jpg,0,2,0,2,0,0,0,1,0,1
Одежда,KT76-4405,Топ женский 7/6 Kris Top - Misty Blue,7/6,5990 ₽,https://saletennis.com/catalog/product/top-zhienskii-7-6-kris-top-misty-blue-19287/,XXS: Санкт-Петербург (Ярослава Гашека) - 1 шт | Санкт-Петербург (Спортивная) - 1 шт | XS: Соболева - 1 шт | Парина - 1 шт | Елизаветенское шоссе - 1 шт | Санкт-Петербург (Спортивная) - 1 шт | Санкт-Петербург (Ярослава Гашека) - 1 шт | S: Основной склад Екатеринбург - 4 шт | Уфа - 1 шт | Соболева - 1 шт | Елизаветенское шоссе - 2 шт | Ижевск - 1 шт | Санкт-Петербург (Спортивная) - 1 шт | Санкт-Петербург (Ярослава Гашека) - 1 шт | Бисертская - 1 шт | Парина - 1 шт | M: Санкт-Петербург (Спортивная) - 1 шт | Уфа - 1 шт | Соболева - 1 шт | Елизаветенское шоссе - 1 шт | Основной склад Екатеринбург - 2 шт | Ижевск - 1 шт | Тюмень (Народная) - 1 шт | Бисертская - 1 шт | Парина - 1 шт | Санкт-Петербург (Ярослава Гашека) - 1 шт | L: Санкт-Петербург (Ярослава Гашека) - 1 шт | Уфа - 1 шт | Санкт-Петербург (Спортивная) - 1 шт | Парина - 1 шт | Елизаветенское шоссе - 1 шт | XL: Бисертская - 1 шт | Санкт-Петербург (Спортивная) - 1 шт,38,data\product_images\f5a76d992d49.png,5,6,6,3,4,3,5,1,3,2
Одежда,ET76-0205,Футболка для девочек 7/6 Eva T-shirt 2.0 - Cream,7/6,2093 ₽,https://saletennis.com/catalog/product/futbolka-dlia-dievochiek-7-6-eva-t-shirt-2-0-cream-17909/,XS: Уфа - 1 шт | S: Уфа - 1 шт | M: Основной склад Екатеринбург - 1 шт | Санкт-Петербург (Спортивная) - 1 шт | Уфа - 1 шт | L: Уфа - 1 шт | Соболева - 1 шт | Санкт-Петербург (Спортивная) - 1 шт | XL: Санкт-Петербург (Спортивная) - 1 шт | Уфа - 1 шт | Основной склад Екатеринбург - 1 шт,11,data\product_images\e862b6ff5b68.png,0,3,2,1,0,0,0,0,5,0
Одежда,FB5598-100,Кепка Nike Dri-FIT ADV Club Cap - White,Nike,4490 ₽,https://saletennis.com/catalog/product/kiepka-nike-dri-fit-adv-club-cap-white-15867/,L/XL: Парина - 1 шт | Уфа - 1 шт | Тюмень (Народная) - 1 шт | Соболева - 1 шт | Ижевск - 1 шт | Санкт-Петербург (Спортивная) - 1 шт | M/L: Тюмень (Народная) - 1 шт,7,data\product_images\25f62630cfff.png,0,1,0,1,1,0,0,2,1,1
Одежда,62GBC21509,"Шорты женские Mizuno Flex Graphic 3"" Short - Black",Mizuno,2793 ₽,https://saletennis.com/catalog/product/shorty-zhienskiie-mizuno-flex-graphic-3-short-black-18213/,XS: Основной склад Екатеринбург - 3 шт | M: Основной склад Екатеринбург - 2 шт | Соболева - 1 шт | L: Основной склад Екатеринбург - 1 шт,7,data\product_images\ae2985e0892f.png,0,0,6,1,0,0,0,0,0,0
Одежда,FD5574-017,Юбка женская Nike Court Victory Skirt - Cannon/White,Nike,5992 ₽,https://saletennis.com/catalog/product/iubka-zhienskaia-nike-court-victory-skirt-cannon-white-18301/,XS: Санкт-Петербург (Спортивная) - 1 шт,1,data\product_images\09179a0cdce0.png,0,1,0,0,0,0,0,0,0,0
Одежда,62GAB501-09,Футболка мужская Mizuno Mugen Shadow Graphic - Black,Mizuno,3990 ₽,https://saletennis.com/catalog/product/futbolka-muzhskaia-mizuno-mugen-shadow-graphic-black-17444/,M: Основной склад Екатеринбург - 2 шт,2,data\product_images\95a5795df35a.jpg,0,0,2,0,0,0,0,0,0,0
Одежда,MJJ76-4056,Кофта мужская 7/6 Jackie Jacket Men - Blue Lolite,7/6,4995 ₽,https://saletennis.com/catalog/product/kofta-muzhskaia-7-6-jackie-jacket-men-blue-lolite-17864/,S: Уфа - 1 шт | Санкт-Петербург (Спортивная) - 1 шт | Основной склад Екатеринбург - 3 шт | M: Уфа - 1 шт | Тюмень (Народная) - 1 шт | Санкт-Петербург (Спортивная) - 2 шт | L: Бисертская - 1 шт | Тюмень (Народная) - 1 шт | Уфа - 1 шт | Основной склад Екатеринбург - 1 шт | XL: Тюмень (Народная) - 1 шт | Уфа - 1 шт | Санкт-Петербург (Спортивная) - 1 шт | Основной склад Екатеринбург - 4 шт | XXL: Санкт-Петербург (Спортивная) - 1 шт | Основной склад Екатеринбург - 2 шт,23,data\product_images\b3cceb915301.png,0,5,10,0,0,1,0,3,4,0
Одежда,HM6514-441,"Шорты мужские Nike Dri-Fit Victory 7"" - Celestine Blue",Nike,4893 ₽,https://saletennis.com/catalog/product/shorty-muzhskiie-nike-dri-fit-victory-7-celestine-blue-18322/,XL: Бисертская - 1 шт,1,data\product_images\5bad484f73de.png,0,0,0,0,0,1,0,0,0,0
Одежда,TS7060-0602,Футболка мужская 7/6 Loddy T-Shirt - White/Black,7/6,1490 ₽,https://saletennis.com/catalog/product/futbolka-muzhskaia-7-6-loddy-t-shirt-white-black-13095/,S: Бисертская - 1 шт,1,data\product_images\64f142ed7c06.png,0,0,0,0,0,1,0,0,0,0
Одежда,NS76-1215,Юбка женская 7/6 Nata Skirt - Shaved Chocolate,7/6,5990 ₽,https://saletennis.com/catalog/product/iubka-zhienskaia-7-6-nata-skirt-shaved-chocolate-19295/,XXS: Санкт-Петербург (Ярослава Гашека) - 1 шт | Тюмень (Народная) - 2 шт | Санкт-Петербург (Спортивная) - 1 шт | XS: Ижевск - 1 шт | Соболева - 1 шт | Елизаветенское шоссе - 1 шт | Санкт-Петербург (Спортивная) - 1 шт | Парина - 1 шт | Тюмень (Народная) - 2 шт | Санкт-Петербург (Ярослава Гашека) - 1 шт | Уфа - 1 шт | S: Уфа - 1 шт | Бисертская - 1 шт | Соболева - 1 шт | Санкт-Петербург (Спортивная) - 1 шт | Елизаветенское шоссе - 1 шт | Основной склад Екатеринбург - 2 шт | Тюмень (Народная) - 2 шт | Парина - 1 шт | M: Уфа - 1 шт | Бисертская - 1 шт | Парина - 1 шт | Соболева - 1 шт | Тюмень (Народная) - 1 шт | Елизаветенское шоссе - 1 шт | L: Елизаветенское шоссе - 1 шт | Санкт-Петербург (Спортивная) - 1 шт | Санкт-Петербург (Ярослава Гашека) - 1 шт | XL: Санкт-Петербург (Спортивная) - 1 шт,33,data\product_images\68ad63b62244.png,3,5,2,3,3,2,4,7,3,1
Одежда,VT76-0205,Футболка мужская 7/6 Victory Cotton T-shirt - Cream,7/6,1995 ₽,https://saletennis.com/catalog/product/futbolka-muzhskaia-7-6-victory-cotton-t-shirt-cream-17878/,S: Тюмень (Народная) - 1 шт | Санкт-Петербург (Спортивная) - 1 шт | Уфа - 1 шт | M: Санкт-Петербург (Спортивная) - 1 шт | Уфа - 1 шт | Основной склад Екатеринбург - 3 шт | Тюмень (Народная) - 1 шт | L: Тюмень (Народная) - 1 шт | Санкт-Петербург (Спортивная) - 1 шт | Уфа - 1 шт | Основной склад Екатеринбург - 3 шт | XL: Санкт-Петербург (Спортивная) - 1 шт | Уфа - 1 шт | Тюмень (Народная) - 1 шт | XXL: Уфа - 1 шт | Санкт-Петербург (Спортивная) - 1 шт | Основной склад Екатеринбург - 2 шт,22,data\product_images\a890d216ac95.png,0,5,8,0,0,0,0,4,5,0
Одежда,WSA76-4104,Шорты женские 7/6 Alex Shorts - Antarctica,7/6,5490 ₽,https://saletennis.com/catalog/product/shorty-zhienskiie-7-6-alex-shorts-antarctica-18597/,XS: Тюмень (Народная) - 1 шт | Санкт-Петербург (Спортивная) - 1 шт | Уфа - 1 шт | S: Санкт-Петербург (Спортивная) - 1 шт | Елизаветенское шоссе - 1 шт | M: Бисертская - 1 шт | L: Санкт-Петербург (Спортивная) - 1 шт,7,data\product_images\35a858c8447e.png,0,3,0,0,0,1,1,1,1,0
Одежда,FZ6934-619,Футболка мужская Nike Court Slam Maglietta - Dark Team Red/White,Nike,8243 ₽,https://saletennis.com/catalog/product/futbolka-muzhskaia-nike-court-slam-maglietta-dark-team-red-white-17781/,S: Уфа - 1 шт | M: Санкт-Петербург (Спортивная) - 1 шт,2,data\product_images\c0e51643e48f.png,0,1,0,0,0,0,0,0,1,0
Одежда,BSH76-0000,Шорты детские 7/6 Tema Shorts - Gradient,7/6,1490 ₽,https://saletennis.com/catalog/product/shorty-dietskiie-7-6-tema-shorts-gradient-16669/,XL: Соболева - 1 шт,1,data\product_images\a5610ce1f9e0.png,0,0,0,1,0,0,0,0,0,0
Одежда,FZ6907-663,Поло мужское Nike Court Advantage Polo - Pink Foam/Black,Nike,8490 ₽,https://saletennis.com/catalog/product/polo-muzhskoie-nike-court-advantage-polo-pink-foam-black-19184/,M: Санкт-Петербург (Спортивная) - 1 шт | L: Ижевск - 1 шт | XL: Ижевск - 1 шт,3,data\product_images\b33d86dd1214.jpg,0,1,0,0,0,0,0,0,0,2
Одежда,M1470002,Шорты мужские Bidi Badu Crew 7'' - Grey,Bidi Badu,2196 ₽,https://saletennis.com/catalog/product/shorty-muzhskiie-bidi-badu-crew-7-grey-1-17260/,L: Основной склад Екатеринбург - 1 шт | Уфа - 1 шт | XL: Основной склад Екатеринбург - 1 шт,3,data\product_images\6471b99de307.png,0,0,2,0,0,0,0,0,1,0
Одежда,62GBC00101,"Шорты мужские Mizuno 8"" Amplify Short - White",Mizuno,3493 ₽,https://saletennis.com/catalog/product/shorty-muzhskiie-mizuno-8-amplify-short-white-18209/,XL: Тюмень (Народная) - 1 шт,1,data\product_images\6c3c5d3a722b.png,0,0,0,0,0,0,0,1,0,0
Одежда,BSH76-5923,Шорты детские 7/6 Tema Shorts - Dark Green,7/6,2093 ₽,https://saletennis.com/catalog/product/shorty-dietskiie-7-6-tema-shorts-dark-green-17918/,XS: Санкт-Петербург (Спортивная) - 1 шт | S: Санкт-Петербург (Спортивная) - 2 шт | Уфа - 1 шт | Основной склад Екатеринбург - 1 шт | Тюмень - 1 шт | M: Соболева - 1 шт | Уфа - 1 шт | Санкт-Петербург (Спортивная) - 2 шт | L: Санкт-Петербург (Спортивная) - 2 шт,12,data\product_images\e0420e597749.png,0,7,1,1,0,0,0,1,2,0
Одежда,ST76-0119,Майка женская 7/6 Leya Sleeveless T-shirt - Bough,7/6,290 ₽,https://saletennis.com/catalog/product/maika-zhienskaia-7-6-leya-sleeveless-t-shirt-bough-14303/,XXS: Основной склад Екатеринбург - 2 шт,2,data\product_images\13e5c36858cd.png,0,0,2,0,0,0,0,0,0,0
Одежда,WP334006211,Майка женская Bidi Badu Amrei Tech - Green/Dark Blue,Bidi Badu,1990 ₽,https://saletennis.com/catalog/product/maika-zhienskaia-bidi-badu-amrei-tech-green-dark-blue-14352/,XS: Основной склад Екатеринбург - 1 шт,1,data\product_images\b63c4213ef03.png,0,0,1,0,0,0,0,0,0,0
Одежда,FZ6899-344,Шорты мужские Nike Advantage Slam 6in - High Voltage/Medium Ash,Nike,6993 ₽,https://saletennis.com/catalog/product/shorty-muzhskiie-nike-advantage-slam-6in-high-voltage-medium-ash-17377/,XL: Санкт-Петербург (Спортивная) - 1 шт,1,data\product_images\16c23b24fa24.jpg,0,1,0,0,0,0,0,0,0,0
Одежда,HM6759-661,Толстовка мужская Nike Heritage Hoodie - Cedar/Team Red,Nike,8393 ₽,https://saletennis.com/catalog/product/tolstovka-muzhskaia-nike-heritage-hoodie-cedar-team-red-18485/,M: Парина - 1 шт,1,data\product_images\11964cfc0a23.png,0,0,0,0,1,0,0,0,0,0
Одежда,W1620031,Футболка женская Bidi Badu Melbourne - Orange/Turquoise,Bidi Badu,1990 ₽,https://saletennis.com/catalog/product/futbolka-zhienskaia-bidi-badu-melbourne-orange-turquoise-17231/,XS: Основной склад Екатеринбург - 1 шт,1,data\product_images\4427c5a0d29c.png,0,0,1,0,0,0,0,0,0,0
Одежда,W1580033,Майка женская Bidi Badu Melbourne - Orange/Turquoise,Bidi Badu,1490 ₽,https://saletennis.com/catalog/product/maika-zhienskaia-bidi-badu-melbourne-orange-turquoise-17225/,M: Санкт-Петербург (Спортивная) - 1 шт | Основной склад Екатеринбург - 1 шт | S: Санкт-Петербург (Спортивная) - 1 шт | Основной склад Екатеринбург - 1 шт | XS: Санкт-Петербург (Спортивная) - 1 шт | Основной склад Екатеринбург - 1 шт,6,data\product_images\3b010ddb5252.png,0,3,3,0,0,0,0,0,0,0
Одежда,KTS76-4104,Футболка женская 7/6 Kate T-shirt - Antarctica,7/6,3990 ₽,https://saletennis.com/catalog/product/futbolka-zhienskaia-7-6-kate-t-shirt-antarctica-18594/,XS: Тюмень (Народная) - 1 шт | Парина - 1 шт | Соболева - 1 шт | S: Соболева - 1 шт | Санкт-Петербург (Спортивная) - 1 шт | M: Уфа - 1 шт | Основной склад Екатеринбург - 1 шт | Соболева - 1 шт | Парина - 1 шт | Бисертская - 1 шт | L: Парина - 1 шт | Санкт-Петербург (Спортивная) - 1 шт,12,data\product_images\2dd22c006992.png,0,2,1,3,3,1,0,1,1,0
Одежда,KT76-100,Топ женский 7/6 Kris Top - White,7/6,4792 ₽,https://saletennis.com/catalog/product/top-zhienskii-7-6-kris-top-white-17110/,XXS: Соболева - 1 шт | Санкт-Петербург (Спортивная) - 1 шт | Ижевск - 1 шт | XS: Уфа - 1 шт | Елизаветенское шоссе - 1 шт | Парина - 2 шт | Соболева - 1 шт | Санкт-Петербург (Спортивная) - 1 шт | S: Соболева - 2 шт | Парина - 2 шт | Уфа - 1 шт | Ижевск - 2 шт | Тюмень (Народная) - 1 шт | Елизаветенское шоссе - 1 шт | M: Соболева - 1 шт | Основной склад Екатеринбург - 1 шт | Санкт-Петербург (Спортивная) - 1 шт | Елизаветенское шоссе - 4 шт | Тюмень (Народная) - 1 шт | Уфа - 1 шт | Парина - 1 шт | Ижевск - 1 шт | L: Парина - 1 шт | Соболева - 1 шт | Санкт-Петербург (Спортивная) - 2 шт | Елизаветенское шоссе - 1 шт | XL: Санкт-Петербург (Спортивная) - 1 шт,35,data\product_images\9c9c0f9563e5.png,0,6,1,6,6,0,7,2,3,4
Одежда,IO0475-897,Платье женское Nike Court Advantage Tennis Dress - Sea Coral,Nike,11490 ₽,https://saletennis.com/catalog/product/plat-ie-zhienskoie-nike-court-advantage-tennis-dress-sea-coral-18844/,XS: Уфа - 1 шт,1,data\product_images\91a51e91a89f.png,0,0,0,0,0,0,0,0,1,0
Одежда,DH0857-360,Поло мужское Nike Dri-Fit Solid Polo - Light Liquid Lime/Black,Nike,4952 ₽,https://saletennis.com/catalog/product/polo-muzhskoie-nike-dri-fit-solid-polo-light-liquid-lime-black-18821/,M: Ижевск - 1 шт,1,data\product_images\ca7b0dc3c599.jpg,0,0,0,0,0,0,0,0,0,1
Одежда,62GAB500-09,Футболка мужская Mizuno Mugen Shadow - Black,Mizuno,3490 ₽,https://saletennis.com/catalog/product/futbolka-muzhskaia-mizuno-mugen-shadow-black-17440/,S: Основной склад Екатеринбург - 1 шт,1,data\product_images\f53e3883700b.jpg,0,0,1,0,0,0,0,0,0,0
Одежда,MTS76-4718,Футболка для мальчиков 7/6 Max T-shirt 2.0 - Hydro,7/6,2990 ₽,https://saletennis.com/catalog/product/futbolka-dlia-mal-chikov-7-6-max-t-shirt-2-0-hydro-19404/,XS: Ижевск - 1 шт | Парина - 1 шт | Санкт-Петербург (Спортивная) - 1 шт | Санкт-Петербург (Ярослава Гашека) - 1 шт | Соболева - 1 шт | S: Соболева - 1 шт | Санкт-Петербург (Ярослава Гашека) - 1 шт | Санкт-Петербург (Спортивная) - 2 шт | Уфа - 1 шт | Ижевск - 1 шт | Тюмень (Народная) - 1 шт | Парина - 1 шт | M: Санкт-Петербург (Спортивная) - 1 шт | Санкт-Петербург (Ярослава Гашека) - 1 шт | Парина - 1 шт | Тюмень (Народная) - 1 шт | Основной склад Екатеринбург - 1 шт | Уфа - 1 шт | L: Санкт-Петербург (Ярослава Гашека) - 1 шт | Санкт-Петербург (Спортивная) - 2 шт | Соболева - 1 шт | Ижевск - 1 шт | Парина - 1 шт | Уфа - 1 шт | Основной склад Екатеринбург - 1 шт | Тюмень (Народная) - 1 шт | XL: Соболева - 1 шт | Основной склад Екатеринбург - 1 шт | Уфа - 1 шт | Санкт-Петербург (Ярослава Гашека) - 1 шт | Ижевск - 1 шт,33,data\product_images\0e5d7ca020b7.png,5,6,3,4,4,0,0,3,4,4
Одежда,IB0772-133,Поло женское Nike Cropped Tennis Polo - Sail/Midnight Navy,Nike,8990 ₽,https://saletennis.com/catalog/product/polo-zhienskoie-nike-cropped-tennis-polo-sail-midnight-navy-19180/,S: Санкт-Петербург (Спортивная) - 1 шт | Парина - 1 шт | M: Парина - 1 шт | L: Парина - 1 шт,4,data\product_images\41a904025297.png,0,1,0,0,3,0,0,0,0,0
Одежда,G1580025,Майка детская Bidi Badu Wild Arts - White/Mixed,Bidi Badu,1490 ₽,https://saletennis.com/catalog/product/maika-dietskaia-bidi-badu-wild-arts-white-mixed-16014/,152: Основной склад Екатеринбург - 1 шт | 164: Основной склад Екатеринбург - 1 шт,2,data\product_images\241f41e59aed.png,0,0,2,0,0,0,0,0,0,0
Одежда,G1580028-LIPK,Майка детская Bidi Badu Spike - Lilac/Pink,Bidi Badu,1596 ₽,https://saletennis.com/catalog/product/maika-dietskaia-bidi-badu-spike-lilac-pink-16417/,152: Парина - 1 шт | Основной склад Екатеринбург - 1 шт | 164: Основной склад Екатеринбург - 2 шт | Санкт-Петербург (Спортивная) - 1 шт | Парина - 1 шт,6,data\product_images\87d26eb0b67e.png,0,1,3,0,2,0,0,0,0,0
Одежда,FZ6657-100,Майка женская Nike Court Advantage - White,Nike,7490 ₽,https://saletennis.com/catalog/product/maika-zhienskaia-nike-court-advantage-white-17847/,S: Ижевск - 1 шт | M: Санкт-Петербург (Спортивная) - 1 шт | Парина - 1 шт,3,data\product_images\97b37fb57155.png,0,1,0,0,1,0,0,0,0,1
Одежда,WP314080222,Шорты женские Bidi Badu Sua Tech Shorts - White/Turqouse,Bidi Badu,1990 ₽,https://saletennis.com/catalog/product/shorty-bidi-badu-sua-tech-shorts-white-turqouse-14362/,XS: Санкт-Петербург (Спортивная) - 1 шт | S: Санкт-Петербург (Спортивная) - 1 шт | Основной склад Екатеринбург - 1 шт | L: Основной склад Екатеринбург - 1 шт,4,data\product_images\1cd308da2d6f.png,0,2,2,0,0,0,0,0,0,0
Одежда,CV4784-474,Майка женская Nike Victory Logo Tank - Glacier Blue,Nike,4893 ₽,https://saletennis.com/catalog/product/maika-zhienskaia-nike-victory-logo-tank-glacier-blue-16138/,L: Парина - 1 шт | XL: Парина - 1 шт | Соболева - 1 шт,3,data\product_images\b0bd28513e4c.png,0,0,0,1,2,0,0,0,0,0
Одежда,62GFB50109,Спортивные штаны мужские Mizuno Mugen Pant - Black,Mizuno,5394 ₽,https://saletennis.com/catalog/product/sportivnyie-shtany-muzhskiie-mizuno-mugen-pant-black-16845/,XL: Тюмень (Народная) - 1 шт | Основной склад Екатеринбург - 1 шт,2,data\product_images\df6a7ab7ec99.png,0,0,1,0,0,0,0,1,0,0
Одежда,MTL76-1913,Футболка мужская 7/6 Loddy T-Shirt 2.0 - Ebony/Antarctica,7/6,4490 ₽,https://saletennis.com/catalog/product/futbolka-muzhskaia-7-6-loddy-t-shirt-2-0-ebony-antarctica-18619/,S: Тюмень (Народная) - 1 шт | M: Парина - 2 шт | Бисертская - 1 шт | L: Тюмень (Народная) - 1 шт,5,data\product_images\149cd07fe0e5.png,0,0,0,0,2,1,0,2,0,0
Одежда,WS76-1559,Шорты женские под платье 7/6 Ana - Red Alert,7/6,490 ₽,https://saletennis.com/catalog/product/shorty-zhienskiie-pod-plat-ie-7-6-ana-red-alert-15508/,XXS: Санкт-Петербург (Спортивная) - 1 шт | Уфа - 1 шт | XS: Основной склад Екатеринбург - 1 шт,3,data\product_images\cc4e55b0724f.png,0,1,1,0,0,0,0,0,1,0
Одежда,SH9760-4109,Шорты мужские 7/6 Miran Shorts 9 - Arona,7/6,4990 ₽,https://saletennis.com/catalog/product/shorty-muzhskiie-7-6-miran-shorts-9-arona-18625/,L: Санкт-Петербург (Спортивная) - 2 шт | Соболева - 1 шт | XL: Соболева - 1 шт | Санкт-Петербург (Спортивная) - 1 шт | Ижевск - 1 шт,6,data\product_images\59387fd92827.png,0,3,0,2,0,0,0,0,0,1
Одежда,811411-BK,Жилет Head CLUB 22 Vest - Black,Head,3843 ₽,https://saletennis.com/catalog/product/zhiliet-head-club-22-vest-black-14894/,XXL: Основной склад Екатеринбург - 1 шт,1,data\product_images\066b78512fbd.png,0,0,1,0,0,0,0,0,0,0
Одежда,DTS76-1215,Футболка мужская 7/6 Den T-Shirt Sparkle Chocolate Print,7/6,4990 ₽,https://saletennis.com/catalog/product/futbolka-muzhskaia-7-6-den-t-shirt-sparkle-chocolate-print-19300/,S: Санкт-Петербург (Спортивная) - 1 шт | Санкт-Петербург (Ярослава Гашека) - 1 шт | Тюмень (Народная) - 1 шт | Уфа - 1 шт | Парина - 1 шт | M: Уфа - 1 шт | Ижевск - 1 шт | Санкт-Петербург (Ярослава Гашека) - 1 шт | Соболева - 1 шт | Санкт-Петербург (Спортивная) - 1 шт | Тюмень (Народная) - 2 шт | Бисертская - 1 шт | Елизаветенское шоссе - 2 шт | Парина - 2 шт | L: Парина - 2 шт | Бисертская - 1 шт | Соболева - 1 шт | Елизаветенское шоссе - 2 шт | Тюмень (Народная) - 2 шт | Ижевск - 1 шт | Уфа - 1 шт | Санкт-Петербург (Ярослава Гашека) - 1 шт | XL: Санкт-Петербург (Спортивная) - 1 шт | Уфа - 1 шт | Елизаветенское шоссе - 1 шт | Парина - 1 шт | Санкт-Петербург (Ярослава Гашека) - 1 шт | XXL: Соболева - 1 шт | Парина - 1 шт | Санкт-Петербург (Спортивная) - 1 шт | Санкт-Петербург (Ярослава Гашека) - 1 шт | Уфа - 1 шт,38,data\product_images\29b313e92ca3.png,5,4,0,3,7,2,5,5,5,2
Одежда,MTL76-4201,Футболка мужская 7/6 Loddy T-Shirt 2.0 - Light Grey,7/6,1995 ₽,https://saletennis.com/catalog/product/futbolka-muzhskaia-7-6-loddy-t-shirt-2-0-light-grey-17875/,S: Основной склад Екатеринбург - 2 шт,2,data\product_images\ad1ae4452d13.png,0,0,2,0,0,0,0,0,0,0
Одежда,G1390018,Юбка детская Bidi Badu Kaleido Pleated - White/Mixed,Bidi Badu,1996 ₽,https://saletennis.com/catalog/product/iubka-dietskaia-bidi-badu-kaleido-pleated-white-mixed-17257/,164: Основной склад Екатеринбург - 1 шт,1,data\product_images\95e3be7f87c5.png,0,0,1,0,0,0,0,0,0,0
Одежда,62GAC501-45,Футболка мужская Mizuno Daybreakers Graphic - Vibrant Yellow,Mizuno,3493 ₽,https://saletennis.com/catalog/product/futbolka-muzhskaia-mizuno-daybreakers-graphic-vibrant-yellow-18409/,M: Тюмень (Народная) - 1 шт | Основной склад Екатеринбург - 1 шт,2,data\product_images\ce425a8e8e89.png,0,0,1,0,0,0,0,1,0,0
Одежда,62GHC20114,Платье женское Mizuno Frontier Dress - Bellwether Blue,Mizuno,4893 ₽,https://saletennis.com/catalog/product/plat-ie-zhienskoie-mizuno-frontier-dress-bellwether-blue-18190/,XS: Основной склад Екатеринбург - 2 шт,2,data\product_images\91d0cbf77cf4.png,0,0,2,0,0,0,0,0,0,0
Одежда,MTL76-100,Футболка мужская 7/6 Loddy T-Shirt 2.0 - White,7/6,3192 ₽,https://saletennis.com/catalog/product/futbolka-muzhskaia-7-6-loddy-t-shirt-2-0-white-17120/,M: Бисертская - 1 шт | Уфа - 1 шт,2,data\product_images\c6b303d4a8c9.png,0,0,0,0,0,1,0,0,1,0
Одежда,G1580031,Майка для девочки Bidi Badu Kaleido - White/Mixed,Bidi Badu,1596 ₽,https://saletennis.com/catalog/product/maika-dlia-dievochki-bidi-badu-kaleido-white-mixed-17251/,164: Уфа - 1 шт | Санкт-Петербург (Спортивная) - 1 шт,2,data\product_images\0d21ec4e5011.png,0,1,0,0,0,0,0,0,1,0
Одежда,62GBB500-09,"Шорты мужские Mizuno Mugen 8"" Amplify Short - Black",Mizuno,3490 ₽,https://saletennis.com/catalog/product/shorty-muzhskiie-mizuno-mugen-8-amplify-short-black-17471/,L: Основной склад Екатеринбург - 1 шт,1,data\product_images\7f38597d6ffd.jpg,0,0,1,0,0,0,0,0,0,0
Одежда,PL7060-4718,Поло мужское 7/6 Ankl Polo 2.0 - Hydro,7/6,5990 ₽,https://saletennis.com/catalog/product/polo-muzhskoie-7-6-ankl-polo-2-0-hydro-19298/,S: Санкт-Петербург (Спортивная) - 1 шт | Соболева - 1 шт | Парина - 1 шт | M: Санкт-Петербург (Спортивная) - 1 шт | Уфа - 1 шт | Ижевск - 1 шт | Соболева - 2 шт | Елизаветенское шоссе - 2 шт | Тюмень (Народная) - 1 шт | Парина - 2 шт | L: Санкт-Петербург (Ярослава Гашека) - 1 шт | Ижевск - 2 шт | Парина - 1 шт | Соболева - 1 шт | Елизаветенское шоссе - 1 шт | Уфа - 1 шт | XL: Соболева - 1 шт | Парина - 1 шт | Уфа - 1 шт | Санкт-Петербург (Ярослава Гашека) - 1 шт | Санкт-Петербург (Спортивная) - 1 шт | Ижевск - 1 шт | Бисертская - 1 шт | XXL: Бисертская - 1 шт | Санкт-Петербург (Спортивная) - 1 шт | Парина - 1 шт,30,data\product_images\1f5c4ff26a89.png,2,4,0,5,6,2,3,1,3,4
Одежда,W2580030,Майка женская Bidi Badu Spectrum - Turquoise/Dark Blue,Bidi Badu,1990 ₽,https://saletennis.com/catalog/product/maika-zhienskaia-bidi-badu-spectrum-turquoise-dark-blue-17540/,XS: Основной склад Екатеринбург - 1 шт | S: Основной склад Екатеринбург - 1 шт | Санкт-Петербург (Спортивная) - 1 шт | M: Основной склад Екатеринбург - 1 шт | Санкт-Петербург (Спортивная) - 1 шт,5,data\product_images\1e9e23d04f3c.png,0,2,3,0,0,0,0,0,0,0
Одежда,MD276-1215,Платье женское 7/6 Mari Dress 2.0 - Shaved Chocolate,7/6,6990 ₽,https://saletennis.com/catalog/product/plat-ie-zhienskoie-7-6-mari-dress-2-0-shaved-chocolate-19283/,XXS: Санкт-Петербург (Спортивная) - 1 шт | XS: Санкт-Петербург (Ярослава Гашека) - 1 шт | Елизаветенское шоссе - 1 шт | Санкт-Петербург (Спортивная) - 1 шт | Тюмень (Народная) - 1 шт | Парина - 1 шт | Уфа - 1 шт | S: Основной склад Екатеринбург - 1 шт | Тюмень (Народная) - 2 шт | Бисертская - 1 шт | Соболева - 1 шт | Елизаветенское шоссе - 1 шт | Уфа - 1 шт | Санкт-Петербург (Спортивная) - 1 шт | Санкт-Петербург (Ярослава Гашека) - 1 шт | M: Соболева - 1 шт | Санкт-Петербург (Спортивная) - 2 шт | Уфа - 1 шт | Парина - 1 шт | Санкт-Петербург (Ярослава Гашека) - 1 шт | Бисертская - 1 шт | Основной склад Екатеринбург - 1 шт | Елизаветенское шоссе - 1 шт | Тюмень (Народная) - 1 шт | L: Парина - 1 шт | Санкт-Петербург (Спортивная) - 2 шт | Соболева - 1 шт | XL: Санкт-Петербург (Спортивная) - 1 шт,31,data\product_images\b84023372e25.png,3,8,2,3,3,2,3,4,3,0
Одежда,62GAB500-20,Футболка мужская Mizuno Mugen Shadow - Blue Mirage,Mizuno,2990 ₽,https://saletennis.com/catalog/product/futbolka-muzhskaia-mizuno-mugen-shadow-blue-mirage-17441/,M: Санкт-Петербург (Спортивная) - 1 шт | Основной склад Екатеринбург - 1 шт,2,data\product_images\0c8f397e8b4b.png,0,1,1,0,0,0,0,0,0,0
Одежда,FZ6913-652,"Шорты мужские Nike Advantage 6"" - Burgundy Crush",Nike,6490 ₽,https://saletennis.com/catalog/product/shorty-muzhskiie-nike-advantage-6-burgundy-crush-18466/,XL: Тюмень (Народная) - 1 шт,1,data\product_images\7ab72fdf78de.jpg,0,0,0,0,0,0,0,1,0,0
Одежда,G1300005-DBLBL,Платье детское Bidi Badu Beach Spirit - Darkblue,Bidi Badu,1990 ₽,https://saletennis.com/catalog/product/plat-ie-dietskoie-bidi-badu-beach-spirit-darkblue-15757/,152: Основной склад Екатеринбург - 2 шт | Санкт-Петербург (Спортивная) - 1 шт | 164: Основной склад Екатеринбург - 1 шт,4,data\product_images\f1368e34d6c8.png,0,1,3,0,0,0,0,0,0,0
Одежда,KS76-1360,Юбка женская 7/6 Kris Skirt - Orange Blossom,7/6,2995 ₽,https://saletennis.com/catalog/product/iubka-zhienskaia-7-6-kris-skirt-orange-blossom-17938/,XXS: Санкт-Петербург (Спортивная) - 1 шт | Основной склад Екатеринбург - 3 шт | XS: Основной склад Екатеринбург - 5 шт | Санкт-Петербург (Спортивная) - 2 шт | S: Санкт-Петербург (Спортивная) - 1 шт | Основной склад Екатеринбург - 1 шт | M: Основной склад Екатеринбург - 2 шт | Санкт-Петербург (Спортивная) - 1 шт | L: Санкт-Петербург (Спортивная) - 2 шт | Основной склад Екатеринбург - 2 шт | XL: Санкт-Петербург (Спортивная) - 1 шт,21,data\product_images\74b62126d9c1.png,0,8,13,0,0,0,0,0,0,0
Одежда,62GBC20173,Юбка женская Mizuno Frontier Flying Skirt - White/Bay,Mizuno,3143 ₽,https://saletennis.com/catalog/product/iubka-zhienskaia-mizuno-frontier-flying-skirt-white-bay-18203/,M: Ижевск - 1 шт | L: Основной склад Екатеринбург - 1 шт,2,data\product_images\5e68058ca179.png,0,0,1,0,0,0,0,0,0,1
Одежда,SH7760-4718,Шорты мужские 7/6 Miran Shorts 7 - Hydro,7/6,4490 ₽,https://saletennis.com/catalog/product/shorty-muzhskiie-7-6-miran-shorts-7-hydro-19303/,S: Тюмень (Народная) - 1 шт | M: Ижевск - 1 шт | Уфа - 1 шт | Бисертская - 1 шт | Соболева - 1 шт | Елизаветенское шоссе - 2 шт | Санкт-Петербург (Спортивная) - 1 шт | Санкт-Петербург (Ярослава Гашека) - 1 шт | Парина - 1 шт | Тюмень (Народная) - 3 шт | L: Ижевск - 2 шт | Елизаветенское шоссе - 2 шт | Соболева - 2 шт | Тюмень (Народная) - 1 шт | Уфа - 2 шт | Санкт-Петербург (Спортивная) - 1 шт | Санкт-Петербург (Ярослава Гашека) - 1 шт | Парина - 2 шт | XL: Санкт-Петербург (Ярослава Гашека) - 1 шт | Соболева - 1 шт | Ижевск - 1 шт | Бисертская - 1 шт | Елизаветенское шоссе - 1 шт | Уфа - 1 шт | Тюмень (Народная) - 2 шт | Санкт-Петербург (Спортивная) - 1 шт | Основной склад Екатеринбург - 2 шт | XXL: Санкт-Петербург (Ярослава Гашека) - 1 шт | Уфа - 1 шт | Парина - 1 шт | Санкт-Петербург (Спортивная) - 1 шт | Елизаветенское шоссе - 1 шт,42,data\product_images\137e81d05158.png,4,4,2,4,4,2,6,7,5,4
Одежда,62GAB701-01,Майка женская Mizuno Mugen Printed Tank - White,Mizuno,3490 ₽,https://saletennis.com/catalog/product/maika-zhienskaia-mizuno-mugen-printed-tank-white-17434/,XS: Соболева - 1 шт | M: Основной склад Екатеринбург - 1 шт,2,data\product_images\49a7365b650f.png,0,0,1,1,0,0,0,0,0,0
Одежда,W2300005-NYCY,Платье женское Bidi Badu Beach Spirit - Neon Yellow,Bidi Badu,2990 ₽,https://saletennis.com/catalog/product/plat-ie-zhienskoie-bidi-badu-beach-spirit-neon-yellow-15728/,XS: Основной склад Екатеринбург - 1 шт | S: Основной склад Екатеринбург - 3 шт | Санкт-Петербург (Спортивная) - 1 шт | M: Санкт-Петербург (Спортивная) - 1 шт | Основной склад Екатеринбург - 1 шт,7,data\product_images\60bfe448201c.png,0,2,5,0,0,0,0,0,0,0
Одежда,IB0782-010,Брюки женские Nike Court Advantage Tennis Pants - Black/White,Nike,9490 ₽,https://saletennis.com/catalog/product/briuki-zhienskiie-nike-court-advantage-tennis-pants-black-white-18838/,S: Парина - 1 шт,1,data\product_images\f6f15456e928.png,0,0,0,0,1,0,0,0,0,0
Одежда,FB6443-100,Козырек Nike ADV Ace Visor - White,Nike,3490 ₽,https://saletennis.com/catalog/product/kozyriek-nike-adv-ace-visor-white-17024/,S/M: Уфа - 2 шт | Соболева - 2 шт | Тюмень (Народная) - 2 шт | Санкт-Петербург (Спортивная) - 2 шт | M/L: Уфа - 2 шт | Санкт-Петербург (Спортивная) - 2 шт | Парина - 1 шт | Ижевск - 1 шт | Бисертская - 1 шт | Соболева - 1 шт | Тюмень (Народная) - 2 шт,18,data\product_images\a74eaf88e7ce.png,0,4,0,3,1,1,0,4,4,1
Одежда,AC-76BK,Кепка 7/6 Adults Cap - Black,7/6,2990 ₽,https://saletennis.com/catalog/product/kiepka-7-6-adults-cap-black-13212/,Бисертская: 3 шт | Санкт-Петербург (Спортивная): 3 шт | Ижевск: 9 шт | Парина: 5 шт | Соболева: 6 шт | Елизаветенское шоссе: 5 шт | Санкт-Петербург (Ярослава Гашека): 2 шт | Уфа: 10 шт | Тюмень (Народная): 5 шт,48,data\product_images\bd417da181df.png,2,3,0,6,5,3,5,5,10,9
Одежда,62GBC20114,Юбка женская Mizuno Frontier Flying Skirt - Bellwether Blue,Mizuno,3143 ₽,https://saletennis.com/catalog/product/iubka-zhienskaia-mizuno-frontier-flying-skirt-bellwether-blue-18201/,S: Основной склад Екатеринбург - 1 шт | M: Основной склад Екатеринбург - 1 шт,2,data\product_images\caab52fe0d8c.png,0,0,2,0,0,0,0,0,0,0
Одежда,MTL76-4405,Футболка мужская 7/6 Loddy T-Shirt 2.0 - Grey Blossom,7/6,2495 ₽,https://saletennis.com/catalog/product/futbolka-muzhskaia-7-6-loddy-t-shirt-2-0-grey-blossom-17873/,M: Основной склад Екатеринбург - 1 шт | Тюмень (Народная) - 1 шт,2,data\product_images\357ece99d0f4.png,0,0,1,0,0,0,0,1,0,0
Одежда,MD276-2520,Платье женское 7/6 Mari Dress 2.0 - Potent Purple,7/6,6990 ₽,https://saletennis.com/catalog/product/plat-ie-zhienskoie-7-6-mari-dress-2-0-potent-purple-18583/,XS: Парина - 1 шт | Основной склад Екатеринбург - 1 шт | S: Уфа - 1 шт | Ижевск - 1 шт | Основной склад Екатеринбург - 1 шт | M: Соболева - 1 шт | Уфа - 1 шт | Основной склад Екатеринбург - 1 шт | Ижевск - 1 шт | Парина - 1 шт | L: Бисертская - 1 шт | XL: Санкт-Петербург (Спортивная) - 1 шт,12,data\product_images\f722de326ea4.png,0,1,3,1,2,1,0,0,2,2
Одежда,WSA76-4313,Шорты женские 7/6 Alex Shorts - Light Blue/Blue,7/6,2745 ₽,https://saletennis.com/catalog/product/shorty-zhienskiie-7-6-alex-shorts-light-blue-blue-17944/,XXS: Основной склад Екатеринбург - 4 шт | Санкт-Петербург (Спортивная) - 2 шт | XS: Основной склад Екатеринбург - 2 шт | S: Основной склад Екатеринбург - 4 шт | Уфа - 1 шт | M: Санкт-Петербург (Спортивная) - 2 шт,15,data\product_images\6d41fb093d26.png,0,4,10,0,0,0,0,0,1,0
Одежда,IH5059-006,Футболка женская Nike Heritage - Steam/Barely Green,Nike,4990 ₽,https://saletennis.com/catalog/product/futbolka-zhienskaia-nike-heritage-steam-barely-green-19233/,XS: Парина - 1 шт,1,data\product_images\eea37a93303a.png,0,0,0,0,1,0,0,0,0,0
Одежда,W1390009-DBLRD,Юбка женская Bidi Badu New York 2024 - Blue/Red,Bidi Badu,2490 ₽,https://saletennis.com/catalog/product/iubka-zhienskaia-bidi-badu-new-york-2024-blue-red-16447/,XS: Основной склад Екатеринбург - 2 шт | S: Основной склад Екатеринбург - 1 шт | Санкт-Петербург (Спортивная) - 1 шт | M: Основной склад Екатеринбург - 1 шт,5,data\product_images\70c48d40b308.png,0,1,4,0,0,0,0,0,0,0
Одежда,DR102179122C0013,Шорты мужские Diadora Bermuda Icon - White/Black/Lime,Не определен,3490 ₽,https://saletennis.com/catalog/product/shorty-muzhskiie-diadora-bermuda-icon-white-black-lime-15203/,S: Основной склад Екатеринбург - 1 шт,1,data\product_images\b8a41678bff8.png,0,0,1,0,0,0,0,0,0,0
Одежда,WSA76-156,Шорты женские 7/6 Alex Shorts - Red Alert,7/6,990 ₽,https://saletennis.com/catalog/product/shorty-zhienskiie-7-6-alex-shorts-red-alert-15389/,XXS: Основной склад Екатеринбург - 5 шт | XS: Основной склад Екатеринбург - 4 шт | L: Основной склад Екатеринбург - 1 шт,10,data\product_images\e54dd04e3428.png,0,0,10,0,0,0,0,0,0,0
Одежда,FD5584-666,Майка женская Nike Victory Tank - Rush Pink/White,Nike,5990 ₽,https://saletennis.com/catalog/product/maika-zhienskaia-nike-victory-tank-rush-pink-white-18445/,XS: Тюмень (Народная) - 1 шт | Парина - 1 шт,2,data\product_images\a606f75d5a52.png,0,0,0,0,1,0,0,1,0,0
Одежда,IH2085-667,Футболка мужская Nike Court Heritage Tennis T-Shirt - Silt Red,Nike,4990 ₽,https://saletennis.com/catalog/product/futbolka-muzhskaia-nike-court-heritage-tennis-t-shirt-silt-red-19244/,M: Уфа - 1 шт | L: Уфа - 1 шт | Парина - 1 шт | XL: Тюмень (Народная) - 1 шт | Ижевск - 1 шт | 2XL: Соболева - 1 шт,6,data\product_images\2c6d3877010a.jpg,0,0,0,1,1,0,0,1,2,1
Одежда,62GBC21521,"Шорты женские Mizuno Flex Graphic 3"" Short - Bel Air Blue",Mizuno,2793 ₽,https://saletennis.com/catalog/product/shorty-zhienskiie-mizuno-flex-graphic-3-short-bel-air-blue-18212/,XS: Основной склад Екатеринбург - 1 шт | S: Основной склад Екатеринбург - 1 шт,2,data\product_images\b8b43b3448f1.png,0,0,2,0,0,0,0,0,0,0
Одежда,NT76-0205,Майка женская Nata Sleeveless T-shirt - Cream,Не определен,1995 ₽,https://saletennis.com/catalog/product/maika-zhienskaia-nata-sleeveless-t-shirt-cream-17901/,XXS: Санкт-Петербург (Спортивная) - 1 шт | Основной склад Екатеринбург - 3 шт | XS: Основной склад Екатеринбург - 1 шт | Санкт-Петербург (Спортивная) - 1 шт | Тюмень (Народная) - 1 шт | S: Санкт-Петербург (Спортивная) - 1 шт | M: Тюмень (Народная) - 1 шт | Основной склад Екатеринбург - 2 шт | Санкт-Петербург (Спортивная) - 1 шт | L: Основной склад Екатеринбург - 1 шт | XL: Санкт-Петербург (Спортивная) - 1 шт,14,data\product_images\edd6960295ab.png,0,5,7,0,0,0,0,2,0,0
Одежда,IH2085-010,Футболка мужская Nike Court Heritage Tennis T-Shirt - Black,Nike,4990 ₽,https://saletennis.com/catalog/product/futbolka-muzhskaia-nike-court-heritage-tennis-t-shirt-black-18859/,M: Санкт-Петербург (Спортивная) - 1 шт | L: Уфа - 1 шт | Санкт-Петербург (Спортивная) - 1 шт | Тюмень (Народная) - 1 шт | Соболева - 1 шт,5,data\product_images\f2c5b94a655e.jpg,0,2,0,1,0,0,0,1,1,0
Одежда,IB1064-226,Футболка мужская Nike Court Advantage Top Print - Light Violet Ore/Black,Nike,8490 ₽,https://saletennis.com/catalog/product/futbolka-muzhskaia-nike-court-advantage-top-print-light-violet-ore-black-19242/,XL: Парина - 1 шт,1,data\product_images\bbda3e06a5d8.jpg,0,0,0,0,1,0,0,0,0,0
Одежда,HM6740-220,"Шорты мужские Nike Dri-Fit Slam Shorts 6"" - Velvet Brown",Nike,7868 ₽,https://saletennis.com/catalog/product/shorty-muzhskiie-nike-dri-fit-slam-shorts-6-velvet-brown-18321/,XL: Парина - 1 шт,1,data\product_images\04076c63ce3f.png,0,0,0,0,1,0,0,0,0,0
Одежда,62GAB703-16,Топ женский Mizuno Tennis Bra - Estate Blue,Mizuno,3490 ₽,https://saletennis.com/catalog/product/top-zhienskii-mizuno-tennis-bra-estate-blue-17457/,XS: Соболева - 1 шт | Основной склад Екатеринбург - 1 шт | S: Основной склад Екатеринбург - 2 шт,4,data\product_images\d58ffe23c01e.png,0,0,3,1,0,0,0,0,0,0
Одежда,FZ6677-533,Шорты женские под платье Nike Dri-Fit - Lilac Ice,Nike,5990 ₽,https://saletennis.com/catalog/product/shorty-zhienskiie-pod-plat-ie-nike-dri-fit-lilac-ice-17688/,XS: Санкт-Петербург (Спортивная) - 1 шт,1,data\product_images\a0c25aba62aa.png,0,1,0,0,0,0,0,0,0,0
Одежда,II2602-007,Майка женская Nike Court Slam - Steam/Black Spruce/Black,Nike,8990 ₽,https://saletennis.com/catalog/product/maika-zhienskaia-nike-court-slam-steam-black-spruce-black-19232/,XS: Соболева - 1 шт | Парина - 1 шт | Санкт-Петербург (Спортивная) - 1 шт | S: Ижевск - 1 шт | Парина - 1 шт | Уфа - 1 шт | M: Парина - 1 шт | Уфа - 1 шт | Тюмень (Народная) - 1 шт | Санкт-Петербург (Спортивная) - 1 шт | L: Парина - 1 шт,11,data\product_images\75ade80c44e8.png,0,2,0,1,4,0,0,1,2,1
Одежда,WSL76-1632,Шорты женские 7/6 Lexie Shorts - Shell Pink,7/6,4990 ₽,https://saletennis.com/catalog/product/shorty-zhienskiie-7-6-lexie-shorts-shell-pink-19397/,XXS: Санкт-Петербург (Ярослава Гашека) - 1 шт | Санкт-Петербург (Спортивная) - 1 шт | Тюмень (Народная) - 3 шт | XS: Санкт-Петербург (Спортивная) - 1 шт | Санкт-Петербург (Ярослава Гашека) - 1 шт | Тюмень (Народная) - 3 шт | Парина - 1 шт | Соболева - 1 шт | Елизаветенское шоссе - 1 шт | S: Соболева - 1 шт | Парина - 2 шт | Уфа - 1 шт | Санкт-Петербург (Спортивная) - 1 шт | Бисертская - 1 шт | Тюмень (Народная) - 3 шт | Ижевск - 1 шт | Елизаветенское шоссе - 1 шт | Санкт-Петербург (Ярослава Гашека) - 1 шт | M: Соболева - 1 шт | Ижевск - 1 шт | Парина - 1 шт | Санкт-Петербург (Ярослава Гашека) - 1 шт | Тюмень (Народная) - 2 шт | Елизаветенское шоссе - 1 шт | Санкт-Петербург (Спортивная) - 1 шт | Бисертская - 1 шт | L: Санкт-Петербург (Ярослава Гашека) - 1 шт | Санкт-Петербург (Спортивная) - 1 шт | XL: Санкт-Петербург (Спортивная) - 1 шт,37,data\product_images\147096b98cf0.png,5,6,0,3,4,2,3,11,1,2
Одежда,FZ6951-110,Шорты мужские Court Heritage 6in Shorts - Pale Ivory/Deep Night,Не определен,5094 ₽,https://saletennis.com/catalog/product/shorty-muzhskiie-court-heritage-6in-shorts-pale-ivory-deep-night-17788/,XL: Санкт-Петербург (Спортивная) - 1 шт,1,data\product_images\394dbb16ca14.png,0,1,0,0,0,0,0,0,0,0
Одежда,HM6514-392,"Шорты мужские Nike Dri-Fit Victory 7"" - Washed Teal",Nike,4893 ₽,https://saletennis.com/catalog/product/shorty-muzhskiie-nike-dri-fit-victory-7-washed-teal-18490/,L: Парина - 1 шт,1,data\product_images\0ca1c2988f0d.png,0,0,0,0,1,0,0,0,0,0
Одежда,MTS76-1471,Футболка для мальчиков 7/6 Max T-shirt 2.0 - Sparkle Hydro Print,7/6,3490 ₽,https://saletennis.com/catalog/product/futbolka-dlia-mal-chikov-7-6-max-t-shirt-2-0-sparkle-hydro-print-19406/,XS: Парина - 1 шт | Тюмень (Народная) - 1 шт | Соболева - 1 шт | Санкт-Петербург (Ярослава Гашека) - 1 шт | S: Соболева - 1 шт | Основной склад Екатеринбург - 1 шт | Санкт-Петербург (Спортивная) - 1 шт | Тюмень (Народная) - 1 шт | Парина - 1 шт | Санкт-Петербург (Ярослава Гашека) - 1 шт | M: Санкт-Петербург (Спортивная) - 2 шт | Санкт-Петербург (Ярослава Гашека) - 1 шт | Уфа - 1 шт | L: Санкт-Петербург (Ярослава Гашека) - 1 шт | Тюмень (Народная) - 1 шт | Ижевск - 1 шт | Санкт-Петербург (Спортивная) - 2 шт | Уфа - 1 шт | XL: Санкт-Петербург (Спортивная) - 1 шт | Ижевск - 1 шт | Парина - 1 шт | Тюмень (Народная) - 1 шт | Уфа - 1 шт | Соболева - 1 шт,26,data\product_images\4c190b3fa65a.png,4,6,1,3,3,0,0,4,3,2
Одежда,PSH76-4313,Шорты для девочек 7/6 Poly Shorts - Light Blue/Light Green,7/6,2793 ₽,https://saletennis.com/catalog/product/shorty-dlia-dievochiek-7-6-poly-shorts-light-blue-light-green-17922/,M: Основной склад Екатеринбург - 1 шт | Санкт-Петербург (Спортивная) - 1 шт | L: Санкт-Петербург (Спортивная) - 1 шт | Уфа - 1 шт | Основной склад Екатеринбург - 1 шт | Тюмень (Народная) - 1 шт | XL: Основной склад Екатеринбург - 3 шт | Санкт-Петербург (Спортивная) - 1 шт | Уфа - 1 шт | Тюмень (Народная) - 1 шт | Ижевск - 1 шт,13,data\product_images\35642c453cca.png,0,3,5,0,0,0,0,2,2,1
Одежда,JP76-4718,Штаны мужские 7/6 Jackie Pants Men - Hydro,7/6,5990 ₽,https://saletennis.com/catalog/product/shtany-muzhskiie-7-6-jackie-pants-men-hydro-19387/,S: Елизаветенское шоссе - 1 шт | Санкт-Петербург (Спортивная) - 1 шт | M: Санкт-Петербург (Спортивная) - 1 шт | Парина - 1 шт | Санкт-Петербург (Ярослава Гашека) - 1 шт | Ижевск - 1 шт | Тюмень (Народная) - 1 шт | Соболева - 1 шт | Уфа - 1 шт | Елизаветенское шоссе - 1 шт | L: Санкт-Петербург (Спортивная) - 1 шт | Ижевск - 1 шт | Санкт-Петербург (Ярослава Гашека) - 1 шт | Елизаветенское шоссе - 1 шт | Уфа - 1 шт | Парина - 1 шт | Соболева - 1 шт | Тюмень (Народная) - 1 шт | XL: Санкт-Петербург (Спортивная) - 1 шт | Уфа - 1 шт | Елизаветенское шоссе - 1 шт | Парина - 1 шт | Санкт-Петербург (Ярослава Гашека) - 1 шт | Соболева - 1 шт | XXL: Елизаветенское шоссе - 1 шт | Санкт-Петербург (Ярослава Гашека) - 1 шт | Санкт-Петербург (Спортивная) - 1 шт | Соболева - 1 шт,28,data\product_images\f6b9d9378c5c.png,4,5,0,4,3,0,5,2,3,2
Одежда,IB0772-410,Поло женское Nike Cropped Tennis Polo - Midnight Navy/Sail,Nike,8990 ₽,https://saletennis.com/catalog/product/polo-zhienskoie-nike-cropped-tennis-polo-midnight-navy-sail-19179/,XS: Тюмень (Народная) - 1 шт | M: Санкт-Петербург (Спортивная) - 1 шт,2,data\product_images\41b8e3065af9.png,0,1,0,0,0,0,0,1,0,0
Одежда,62GEB70168,Спортивная кофта женская Mizuno Mugen Hooded Jacket - Patrician Purple,Mizuno,5995 ₽,https://saletennis.com/catalog/product/sportivnaia-kofta-zhienskaia-mizuno-mugen-hooded-jacket-patrician-purple-16838/,XS: Основной склад Екатеринбург - 1 шт | S: Санкт-Петербург (Спортивная) - 1 шт | Тюмень (Народная) - 1 шт | M: Санкт-Петербург (Спортивная) - 1 шт,4,data\product_images\c08e919b1be8.png,0,2,1,0,0,0,0,1,0,0
Одежда,IB0757-410,Толстовка женская Nike Court - Midnight Navy,Nike,10990 ₽,https://saletennis.com/catalog/product/tolstovka-zhienskaia-nike-court-midnight-navy-18826/,S: Санкт-Петербург (Спортивная) - 1 шт,1,data\product_images\1a7836f83580.png,0,1,0,0,0,0,0,0,0,0
Одежда,MTL76-4104,Футболка мужская 7/6 Loddy T-Shirt 2.0 - Antarctica,7/6,3990 ₽,https://saletennis.com/catalog/product/futbolka-muzhskaia-7-6-loddy-t-shirt-2-0-antarctica-18631/,S: Тюмень (Народная) - 1 шт | M: Ижевск - 1 шт | Бисертская - 1 шт | Основной склад Екатеринбург - 1 шт | Соболева - 1 шт | Уфа - 1 шт,6,data\product_images\af69d117df1d.png,0,0,1,1,0,1,0,1,1,1
Одежда,SH7760-5923,Шорты мужские 7/6 Miran Shorts 7 - Dark Green,7/6,2245 ₽,https://saletennis.com/catalog/product/shorty-muzhskiie-7-6-miran-shorts-7-dark-green-17883/,XXL: Тюмень (Народная) - 1 шт,1,data\product_images\9c88a945fe76.png,0,0,0,0,0,0,0,1,0,0
Одежда,62GBC21866,"Шорты женские под платье Mizuno Pro 4"" Short - Fuchsia Purple",Mizuno,2653 ₽,https://saletennis.com/catalog/product/shorty-zhienskiie-pod-plat-ie-mizuno-pro-4-short-fuchsia-purple-1-18216/,XS: Основной склад Екатеринбург - 1 шт | S: Основной склад Екатеринбург - 2 шт | M: Основной склад Екатеринбург - 1 шт,4,data\product_images\39c165a18d8b.png,0,0,4,0,0,0,0,0,0,0
Одежда,FB5598-010,Кепка Nike Dri-FIT ADV Club Cap - Black,Nike,4490 ₽,https://saletennis.com/catalog/product/kiepka-nike-dri-fit-adv-club-cap-black-15866/,L/XL: Санкт-Петербург (Спортивная) - 1 шт | Парина - 1 шт | Тюмень (Народная) - 1 шт | M/L: Ижевск - 1 шт | Санкт-Петербург (Спортивная) - 2 шт | Тюмень (Народная) - 1 шт | Уфа - 1 шт,8,data\product_images\681c1b4c5b59.png,0,3,0,0,1,0,0,2,1,1
Одежда,62GBB20119,Юбка женская Mizuno Charge Printed Flying Skirt - Blue Glow,Mizuno,3490 ₽,https://saletennis.com/catalog/product/iubka-zhienskaia-mizuno-charge-printed-flying-skirt-blue-glow-16336/,XS: Основной склад Екатеринбург - 1 шт | S: Основной склад Екатеринбург - 1 шт | M: Основной склад Екатеринбург - 1 шт,3,data\product_images\dcb4bc9a1220.png,0,0,3,0,0,0,0,0,0,0
Одежда,W2620019-AQ,Футболка женская Bidi Badu Beach Spirit V-Neck - Aqua,Bidi Badu,1490 ₽,https://saletennis.com/catalog/product/futbolka-zhienskaia-bidi-badu-beach-spirit-v-neck-aqua-15735/,XS: Основной склад Екатеринбург - 1 шт,1,data\product_images\7404121a0b91.png,0,0,1,0,0,0,0,0,0,0
Одежда,MPA76-010,Поло мужское 7/6 Andy Polo - Black,7/6,2490 ₽,https://saletennis.com/catalog/product/polo-muzhskoie-7-6-andy-polo-black-17115/,S: Парина - 1 шт | Санкт-Петербург (Спортивная) - 1 шт,2,data\product_images\a1b799dd2e45.png,0,1,0,0,1,0,0,0,0,0
Одежда,W1390013,Юбка женская Bidi Badu Spectrum Printed Wavy - Light Brown/Coral/Yellow,Bidi Badu,1990 ₽,https://saletennis.com/catalog/product/iubka-zhienskaia-bidi-badu-spectrum-printed-wavy-light-brown-coral-yellow-17542/,XS: Санкт-Петербург (Спортивная) - 1 шт | Основной склад Екатеринбург - 1 шт | S: Основной склад Екатеринбург - 2 шт | M: Санкт-Петербург (Спортивная) - 1 шт | Основной склад Екатеринбург - 2 шт,7,data\product_images\2daa7c668801.jpg,0,2,5,0,0,0,0,0,0,0
Одежда,62GAC20214,Майка женская Mizuno Frontier Tank - Bellwether Blue,Mizuno,2933 ₽,https://saletennis.com/catalog/product/maika-zhienskaia-mizuno-frontier-tank-bellwether-blue-18194/,XS: Основной склад Екатеринбург - 1 шт | Соболева - 1 шт | S: Основной склад Екатеринбург - 1 шт | M: Основной склад Екатеринбург - 2 шт,5,data\product_images\984c061ff046.png,0,0,4,1,0,0,0,0,0,0
Одежда,MJ76-WHBK,Ветровка мужская 7/6 Man Jacket - White/Black,7/6,6990 ₽,https://saletennis.com/catalog/product/vietrovka-muzhskaia-7-6-man-jacket-white-black-15243/,S: Санкт-Петербург (Спортивная) - 1 шт | L: Санкт-Петербург (Спортивная) - 1 шт | XL: Санкт-Петербург (Спортивная) - 1 шт | XXL: Санкт-Петербург (Спортивная) - 1 шт,4,data\product_images\4d101b2df65c.png,0,4,0,0,0,0,0,0,0,0
Одежда,IB1043-341,Шорты мужские Nike Court Slam 6in - Gorge Green,Nike,11490 ₽,https://saletennis.com/catalog/product/shorty-muzhskiie-nike-court-slam-6in-gorge-green-19248/,M: Ижевск - 1 шт | Санкт-Петербург (Спортивная) - 1 шт | L: Тюмень (Народная) - 1 шт | Соболева - 1 шт | Парина - 1 шт | Санкт-Петербург (Спортивная) - 1 шт | XL: Санкт-Петербург (Спортивная) - 1 шт,7,data\product_images\699c62e24d65.jpg,0,3,0,1,1,0,0,1,0,1
Одежда,FB6443-006,Козырек Nike ADV Ace Visor - Steam/Anthracite/Black,Nike,3490 ₽,https://saletennis.com/catalog/product/kozyriek-nike-adv-ace-visor-steam-anthracite-black-19218/,S/M: Ижевск - 1 шт | Санкт-Петербург (Спортивная) - 1 шт | M/L: Тюмень (Народная) - 1 шт | Уфа - 1 шт | Бисертская - 1 шт | Парина - 1 шт | Соболева - 1 шт | Санкт-Петербург (Спортивная) - 1 шт,8,data\product_images\5f6812cb9ff1.png,0,2,0,1,1,1,0,1,1,1
Одежда,WS76-0231,Шорты женские под платье 7/6 Ana - Forest Elf,7/6,490 ₽,https://saletennis.com/catalog/product/shorty-zhienskiie-pod-plat-ie-7-6-ana-forest-elf-15507/,XXS: Основной склад Екатеринбург - 13 шт | Санкт-Петербург (Спортивная) - 1 шт | XS: Основной склад Екатеринбург - 2 шт,16,data\product_images\eba2126ea35d.png,0,1,15,0,0,0,0,0,0,0
Одежда,AT276-2520,Топ женский под платье 7/6 Ana Top 2.0 - Potent Purple,7/6,2990 ₽,https://saletennis.com/catalog/product/top-zhienskii-pod-plat-ie-7-6-ana-top-2-0-potent-purple-18593/,XS: Тюмень (Народная) - 1 шт | Уфа - 1 шт | Соболева - 1 шт | Санкт-Петербург (Спортивная) - 1 шт | Парина - 1 шт | S: Парина - 1 шт | Тюмень (Народная) - 1 шт | Уфа - 1 шт | M: Соболева - 1 шт,9,data\product_images\5959e0fc0f80.png,0,1,0,2,2,0,0,2,2,0
Одежда,BSH76-4056,Шорты детские 7/6 Tema Shorts - Blue Lolite,7/6,2093 ₽,https://saletennis.com/catalog/product/shorty-dietskiie-7-6-tema-shorts-blue-lolite-17917/,S: Бисертская - 1 шт | M: Тюмень - 1 шт | Санкт-Петербург (Спортивная) - 1 шт | Основной склад Екатеринбург - 1 шт | L: Санкт-Петербург (Спортивная) - 1 шт,5,data\product_images\522ca9102aff.png,0,2,1,0,0,1,0,1,0,0
Одежда,WS76-1110,Шорты женские под платье 7/6 Ana - Boulder,7/6,490 ₽,https://saletennis.com/catalog/product/shorty-zhienskiie-pod-plat-ie-7-6-ana-boulder-15506/,XXS: Основной склад Екатеринбург - 12 шт | Санкт-Петербург (Спортивная) - 2 шт | XS: Основной склад Екатеринбург - 13 шт | S: Основной склад Екатеринбург - 3 шт,30,data\product_images\1ca0578dae50.png,0,2,28,0,0,0,0,0,0,0
Одежда,KS76-010,Юбка женская 7/6 Kris Skirt - Black,7/6,4392 ₽,https://saletennis.com/catalog/product/iubka-zhienskaia-7-6-kris-skirt-black-17113/,XXS: Санкт-Петербург (Спортивная) - 1 шт | M: Санкт-Петербург (Спортивная) - 2 шт | Бисертская - 1 шт | Уфа - 1 шт | L: Уфа - 1 шт | Санкт-Петербург (Спортивная) - 1 шт | Парина - 1 шт | XL: Тюмень - 1 шт,9,data\product_images\a2da3d78be41.png,0,4,0,0,1,1,0,1,2,0
Одежда,AS276-4109,Шорты под платье 7/6 Ana Shorts 2.0 - Arona,7/6,2990 ₽,https://saletennis.com/catalog/product/shorty-pod-plat-ie-7-6-ana-shorts-2-0-arona-18614/,XS: Парина - 1 шт | Санкт-Петербург (Спортивная) - 1 шт | Тюмень (Народная) - 1 шт | S: Бисертская - 1 шт | Тюмень (Народная) - 1 шт | Санкт-Петербург (Спортивная) - 1 шт | M: Санкт-Петербург (Спортивная) - 1 шт | L: Ижевск - 1 шт | XL: Санкт-Петербург (Спортивная) - 1 шт,9,data\product_images\596e96aa57ec.png,0,4,0,0,1,1,0,2,0,1
Одежда,AD76-6324,Платье женское 7/6 Arina Dress - Green/Light Green,7/6,1790 ₽,https://saletennis.com/catalog/product/plat-ie-zhienskoie-7-6-arina-dress-green-light-green-17892/,XXS: Санкт-Петербург (Спортивная) - 1 шт | Основной склад Екатеринбург - 4 шт | XS: Основной склад Екатеринбург - 5 шт | Санкт-Петербург (Спортивная) - 2 шт | S: Основной склад Екатеринбург - 6 шт | M: Основной склад Екатеринбург - 7 шт | L: Основной склад Екатеринбург - 2 шт | XL: Основной склад Екатеринбург - 1 шт,28,data\product_images\2876a8f47bcf.png,0,3,25,0,0,0,0,0,0,0
Одежда,WJJ76-4802,Кофта женская 7/6 Jackie Jacket Women - Cerise,7/6,4995 ₽,https://saletennis.com/catalog/product/kofta-zhienskaia-7-6-jackie-jacket-women-cerise-17888/,XXS: Санкт-Петербург (Спортивная) - 1 шт | Основной склад Екатеринбург - 2 шт | XS: Тюмень (Народная) - 1 шт | Санкт-Петербург (Спортивная) - 1 шт | Основной склад Екатеринбург - 5 шт | S: Основной склад Екатеринбург - 3 шт | Санкт-Петербург (Спортивная) - 1 шт | Соболева - 1 шт | Тюмень (Народная) - 1 шт | M: Основной склад Екатеринбург - 4 шт | Санкт-Петербург (Спортивная) - 1 шт | Тюмень (Народная) - 1 шт | L: Основной склад Екатеринбург - 2 шт | XL: Санкт-Петербург (Спортивная) - 2 шт,26,data\product_images\b7394153a273.png,0,6,16,1,0,0,0,3,0,0
Одежда,DT76-0602,Топ 7/6 Daria Top - White,7/6,2490 ₽,https://saletennis.com/catalog/product/top-7-6-daria-top-white-16712/,XXS: Санкт-Петербург (Спортивная) - 2 шт | Тюмень (Народная) - 1 шт | Уфа - 1 шт | XS: Тюмень (Народная) - 1 шт | Уфа - 1 шт | Ижевск - 1 шт | Основной склад Екатеринбург - 3 шт,10,data\product_images\7b33c2d056f1.png,0,2,3,0,0,0,0,2,2,1
Одежда,WT76-2124,Футболка женская 7/6 Alice T-shirt - Pink,7/6,1995 ₽,https://saletennis.com/catalog/product/futbolka-zhienskaia-7-6-alice-t-shirt-pink-17935/,XXS: Санкт-Петербург (Спортивная) - 2 шт | Основной склад Екатеринбург - 1 шт | XS: Основной склад Екатеринбург - 2 шт | M: Санкт-Петербург (Спортивная) - 1 шт,6,data\product_images\9b4550336069.png,0,3,3,0,0,0,0,0,0,0
Одежда,MTS76-0116,Футболка для мальчиков 7/6 Max T-shirt 2.0 - Light Green,7/6,2093 ₽,https://saletennis.com/catalog/product/futbolka-dlia-mal-chikov-7-6-max-t-shirt-2-0-light-green-17916/,XS: Тюмень - 1 шт | Основной склад Екатеринбург - 1 шт | Соболева - 1 шт | S: Тюмень - 1 шт | Соболева - 1 шт | Основной склад Екатеринбург - 1 шт | Санкт-Петербург (Спортивная) - 1 шт | M: Тюмень - 1 шт | Санкт-Петербург (Спортивная) - 1 шт | Уфа - 1 шт | Бисертская - 1 шт | L: Основной склад Екатеринбург - 1 шт | Санкт-Петербург (Спортивная) - 1 шт | Соболева - 1 шт | Тюмень (Народная) - 1 шт | XL: Санкт-Петербург (Спортивная) - 1 шт | Уфа - 1 шт,17,data\product_images\ecf8632780fe.png,0,4,3,3,0,1,0,4,2,0
Одежда,KT76-1632,Топ женский 7/6 Kris Top - Shell Pink,7/6,5990 ₽,https://saletennis.com/catalog/product/top-zhienskii-7-6-kris-top-shell-pink-19288/,XXS: Санкт-Петербург (Спортивная) - 1 шт | Ижевск - 1 шт | Санкт-Петербург (Ярослава Гашека) - 1 шт | XS: Санкт-Петербург (Спортивная) - 1 шт | Парина - 1 шт | Санкт-Петербург (Ярослава Гашека) - 1 шт | Тюмень (Народная) - 1 шт | Ижевск - 1 шт | S: Уфа - 1 шт | Бисертская - 1 шт | Санкт-Петербург (Спортивная) - 1 шт | Парина - 1 шт | Елизаветенское шоссе - 2 шт | Ижевск - 1 шт | Тюмень (Народная) - 1 шт | Основной склад Екатеринбург - 2 шт | Санкт-Петербург (Ярослава Гашека) - 1 шт | M: Соболева - 1 шт | Санкт-Петербург (Ярослава Гашека) - 1 шт | Санкт-Петербург (Спортивная) - 1 шт | Ижевск - 1 шт | Парина - 2 шт | Основной склад Екатеринбург - 2 шт | Елизаветенское шоссе - 2 шт | Уфа - 1 шт | L: Соболева - 1 шт | Парина - 1 шт | Санкт-Петербург (Ярослава Гашека) - 1 шт | Санкт-Петербург (Спортивная) - 1 шт | Ижевск - 1 шт | XL: Санкт-Петербург (Спортивная) - 1 шт,36,data\product_images\e1d6d848ada6.png,5,6,4,2,5,1,4,2,2,5
Одежда,62GAC20121,Футболка женская Mizuno Frontier Tee - Bel Air Blue,Mizuno,3143 ₽,https://saletennis.com/catalog/product/futbolka-zhienskaia-mizuno-frontier-tee-bel-air-blue-18198/,S: Основной склад Екатеринбург - 2 шт,2,data\product_images\6a7d6cebfe82.png,0,0,2,0,0,0,0,0,0,0
Одежда,WPT76-NV,Спортивные штаны женские 7/6 Woman Training Pants - Navy,7/6,1990 ₽,https://saletennis.com/catalog/product/sportivnyie-shtany-zhienskiie-7-6-woman-training-pants-navy-15250/,XS: Ижевск - 1 шт | Парина - 1 шт | Основной склад Екатеринбург - 2 шт | Соболева - 1 шт | S: Санкт-Петербург (Спортивная) - 2 шт | Основной склад Екатеринбург - 5 шт | Тюмень (Народная) - 1 шт,13,data\product_images\8183fac6b72e.png,0,2,7,1,1,0,0,1,0,1
Одежда,BSH76-0628,Шорты детские 7/6 Tema Shorts - Leaf Green,7/6,2093 ₽,https://saletennis.com/catalog/product/shorty-dietskiie-7-6-tema-shorts-leaf-green-17920/,XS: Основной склад Екатеринбург - 1 шт | Санкт-Петербург (Спортивная) - 1 шт | S: Соболева - 1 шт | Санкт-Петербург (Спортивная) - 1 шт | Тюмень (Народная) - 1 шт | Основной склад Екатеринбург - 1 шт | Бисертская - 1 шт | M: Основной склад Екатеринбург - 1 шт | Уфа - 1 шт | Тюмень (Народная) - 1 шт | Соболева - 1 шт | Бисертская - 1 шт | Санкт-Петербург (Спортивная) - 1 шт | L: Санкт-Петербург (Спортивная) - 1 шт | Соболева - 1 шт | Уфа - 1 шт | Основной склад Екатеринбург - 1 шт | Бисертская - 1 шт | Тюмень (Народная) - 1 шт | XL: Санкт-Петербург (Спортивная) - 2 шт | Уфа - 1 шт,22,data\product_images\385cee04fc03.png,0,6,4,3,0,3,0,3,3,0
Одежда,62GFB70172,Спортивные штаны женские Mizuno Mugen Pant - Estate Blue/White,Mizuno,4495 ₽,https://saletennis.com/catalog/product/sportivnyie-shtany-zhienskiie-mizuno-mugen-pant-estate-blue-white-16843/,XS: Соболева - 1 шт | Санкт-Петербург (Спортивная) - 1 шт | S: Санкт-Петербург (Спортивная) - 1 шт | Основной склад Екатеринбург - 1 шт,4,data\product_images\dcaa49a4bc1f.png,0,2,1,1,0,0,0,0,0,0
Одежда,DS76-1119,Платье женское 7/6 Ana Dress - Taos Taupe,7/6,490 ₽,https://saletennis.com/catalog/product/plat-ie-zhienskoie-7-6-ana-dress-taos-taupe-14301/,XXS: Санкт-Петербург (Спортивная) - 2 шт | Основной склад Екатеринбург - 1 шт,3,data\product_images\45e8e931ef3d.png,0,2,1,0,0,0,0,0,0,0
Одежда,IB1016-744,Футболка мужская Nike Court Advantage Slam - Alabaster/Topaz Gold/Black,Nike,11490 ₽,https://saletennis.com/catalog/product/futbolka-muzhskaia-nike-court-advantage-slam-alabaster-topaz-gold-black-19238/,S: Парина - 1 шт | M: Парина - 1 шт | Тюмень (Народная) - 1 шт | Ижевск - 1 шт | L: Уфа - 1 шт | Тюмень (Народная) - 1 шт | Соболева - 1 шт | XL: Соболева - 1 шт | 2XL: Парина - 1 шт,9,data\product_images\bc002e3687ec.jpg,0,0,0,2,3,0,0,2,1,1
Одежда,62GBB735-15,"Шорты женские Mizuno 3"" Flex Short - Estate Blue",Mizuno,2990 ₽,https://saletennis.com/catalog/product/shorty-zhienskiie-mizuno-3-flex-short-estate-blue-17475/,XS: Санкт-Петербург (Спортивная) - 1 шт | Соболева - 1 шт | S: Соболева - 1 шт | M: Санкт-Петербург (Спортивная) - 1 шт | Основной склад Екатеринбург - 2 шт,6,data\product_images\ffbb7919c989.png,0,2,2,2,0,0,0,0,0,0
Одежда,IO0473-100,Майка женская Nike Court Slam Tank - White/White,Nike,8990 ₽,https://saletennis.com/catalog/product/maika-zhienskaia-nike-court-slam-tank-white-white-19259/,XS: Санкт-Петербург (Спортивная) - 1 шт | Уфа - 1 шт | M: Парина - 1 шт | Тюмень (Народная) - 1 шт,4,data\product_images\09c22fcbcd80.png,0,1,0,0,1,0,0,1,1,0
Одежда,WSA76-010,Шорты женские 7/6 Alex Shorts - Black,7/6,4392 ₽,https://saletennis.com/catalog/product/shorty-zhienskiie-7-6-alex-shorts-black-17126/,XXS: Санкт-Петербург (Спортивная) - 1 шт | Тюмень (Народная) - 1 шт | XS: Санкт-Петербург (Спортивная) - 1 шт | S: Санкт-Петербург (Спортивная) - 1 шт | M: Санкт-Петербург (Спортивная) - 1 шт | Тюмень (Народная) - 1 шт | L: Санкт-Петербург (Спортивная) - 1 шт | XL: Санкт-Петербург (Спортивная) - 1 шт | Тюмень (Народная) - 1 шт,9,data\product_images\f9424d9d11a7.png,0,6,0,0,0,0,0,3,0,0
Одежда,HJ8990-667,Шорты женские Nike Court Heritage Mid-Rise Fleece - Silt Red,Nike,8490 ₽,https://saletennis.com/catalog/product/shorty-zhienskiie-nike-court-heritage-mid-rise-fleece-silt-red-18483/,XS: Тюмень (Народная) - 1 шт | Санкт-Петербург (Спортивная) - 1 шт | Парина - 1 шт | S: Парина - 1 шт | Тюмень (Народная) - 1 шт | Уфа - 1 шт | M: Тюмень (Народная) - 1 шт | L: Парина - 1 шт,8,data\product_images\84e74db20b0e.png,0,1,0,0,3,0,0,3,1,0
Одежда,FZ6937-539,"Шорты мужские Nike Court Slam 6"" - Deep Night/White",Nike,7343 ₽,https://saletennis.com/catalog/product/shorty-muzhskiie-nike-court-slam-6-deep-night-white-17790/,XL: Санкт-Петербург (Спортивная) - 1 шт,1,data\product_images\b69463d27c57.png,0,1,0,0,0,0,0,0,0,0
Одежда,G1620024-DBLRD,Футболка для девочки Bidi Badu New York 2024 - Blue/Red,Bidi Badu,1996 ₽,https://saletennis.com/catalog/product/futbolka-dlia-dievochki-bidi-badu-new-york-2024-blue-red-16432/,128: Основной склад Екатеринбург - 1 шт,1,data\product_images\d855f326dbbd.png,0,0,1,0,0,0,0,0,0,0
Одежда,62GBB725-24,Шорты женские под платье Mizuno Tight Short - Mugen Blue,Mizuno,2490 ₽,https://saletennis.com/catalog/product/shorty-zhienskiie-pod-plat-ie-mizuno-tight-short-mugen-blue-17478/,XS: Соболева - 1 шт | Санкт-Петербург (Спортивная) - 1 шт | S: Соболева - 1 шт | L: Основной склад Екатеринбург - 1 шт,4,data\product_images\d7c76dd179fd.png,0,1,1,2,0,0,0,0,0,0
Одежда,IH2087-475,Футболка мужская Nike Court Dri-FIT - Dark Obsidian/Photo Blue,Nike,4990 ₽,https://saletennis.com/catalog/product/futbolka-muzhskaia-nike-court-dri-fit-dark-obsidian-photo-blue-19200/,M: Парина - 1 шт | Санкт-Петербург (Спортивная) - 1 шт | Ижевск - 1 шт | L: Уфа - 1 шт | Парина - 1 шт | Ижевск - 1 шт | Санкт-Петербург (Спортивная) - 1 шт,7,data\product_images\80118f679275.jpg,0,2,0,0,2,0,0,0,1,2
Одежда,GT76-1632,Футболка для девочек 7/6 Mia T-shirt - Sparkle Pink Print,7/6,3490 ₽,https://saletennis.com/catalog/product/futbolka-dlia-dievochiek-7-6-mia-t-shirt-sparkle-pink-print-19322/,M: Основной склад Екатеринбург - 1 шт | Санкт-Петербург (Ярослава Гашека) - 1 шт | Парина - 1 шт | Уфа - 1 шт | Тюмень (Народная) - 2 шт | Соболева - 1 шт | Санкт-Петербург (Спортивная) - 1 шт | XL: Соболева - 1 шт | Уфа - 1 шт | Санкт-Петербург (Ярослава Гашека) - 1 шт | Парина - 1 шт | Санкт-Петербург (Спортивная) - 1 шт | Основной склад Екатеринбург - 1 шт | L: Санкт-Петербург (Спортивная) - 1 шт | Уфа - 1 шт | Тюмень (Народная) - 2 шт | Санкт-Петербург (Ярослава Гашека) - 1 шт | Ижевск - 1 шт | Основной склад Екатеринбург - 2 шт | XS: Ижевск - 1 шт | Санкт-Петербург (Ярослава Гашека) - 1 шт | Соболева - 1 шт | Тюмень (Народная) - 1 шт | S: Санкт-Петербург (Ярослава Гашека) - 1 шт | Соболева - 1 шт | Ижевск - 1 шт | Санкт-Петербург (Спортивная) - 2 шт | Основной склад Екатеринбург - 1 шт | Тюмень (Народная) - 2 шт,34,data\product_images\7fa7d630c81d.png,5,5,5,4,2,0,0,7,3,3
Одежда,NT76-4718,Майка женская Nata Sleeveless T-shirt - Hydro,Не определен,4990 ₽,https://saletennis.com/catalog/product/maika-zhienskaia-nata-sleeveless-t-shirt-hydro-19284/,XXS: Санкт-Петербург (Ярослава Гашека) - 1 шт | Санкт-Петербург (Спортивная) - 1 шт | Тюмень (Народная) - 1 шт | XS: Соболева - 1 шт | Санкт-Петербург (Спортивная) - 1 шт | Елизаветенское шоссе - 1 шт | Парина - 1 шт | Тюмень (Народная) - 1 шт | Санкт-Петербург (Ярослава Гашека) - 1 шт | S: Елизаветенское шоссе - 2 шт | Бисертская - 1 шт | Ижевск - 1 шт | Соболева - 2 шт | Санкт-Петербург (Спортивная) - 1 шт | Основной склад Екатеринбург - 3 шт | Санкт-Петербург (Ярослава Гашека) - 1 шт | Уфа - 1 шт | Парина - 2 шт | M: Соболева - 1 шт | Санкт-Петербург (Ярослава Гашека) - 1 шт | Бисертская - 1 шт | Тюмень (Народная) - 1 шт | Основной склад Екатеринбург - 2 шт | Ижевск - 1 шт | Санкт-Петербург (Спортивная) - 1 шт | Парина - 1 шт | Уфа - 1 шт | Елизаветенское шоссе - 1 шт | L: Соболева - 1 шт | Парина - 1 шт | Санкт-Петербург (Ярослава Гашека) - 1 шт | Санкт-Петербург (Спортивная) - 1 шт | XL: Санкт-Петербург (Спортивная) - 1 шт,39,data\product_images\84a1b3b89310.png,5,6,5,5,5,2,4,3,2,2
Одежда,AT276-4800,Топ женский под платье 7/6 Ana Top 2.0 - Pink,7/6,1495 ₽,https://saletennis.com/catalog/product/top-zhienskii-pod-plat-ie-7-6-ana-top-2-0-pink-17932/,XXS: Основной склад Екатеринбург - 2 шт | XS: Основной склад Екатеринбург - 5 шт | S: Основной склад Екатеринбург - 1 шт | XL: Основной склад Екатеринбург - 2 шт,10,data\product_images\37bf6d7a4f8a.png,0,0,10,0,0,0,0,0,0,0
Одежда,MJJ76-1215,Кофта мужская 7/6 Jackie Jacket Men - Shaved Chocolate,7/6,10990 ₽,https://saletennis.com/catalog/product/kofta-muzhskaia-7-6-jackie-jacket-men-shaved-chocolate-19377/,S: Санкт-Петербург (Спортивная) - 1 шт | Ижевск - 1 шт | Парина - 1 шт | Елизаветенское шоссе - 1 шт | M: Ижевск - 1 шт | Тюмень (Народная) - 1 шт | Парина - 1 шт | Соболева - 1 шт | Елизаветенское шоссе - 1 шт | Санкт-Петербург (Ярослава Гашека) - 1 шт | Санкт-Петербург (Спортивная) - 1 шт | L: Ижевск - 1 шт | Елизаветенское шоссе - 1 шт | Санкт-Петербург (Спортивная) - 1 шт | Парина - 1 шт | Тюмень (Народная) - 1 шт | Соболева - 1 шт | Санкт-Петербург (Ярослава Гашека) - 1 шт | XL: Соболева - 1 шт | Ижевск - 1 шт | Санкт-Петербург (Спортивная) - 1 шт | Елизаветенское шоссе - 1 шт | Санкт-Петербург (Ярослава Гашека) - 1 шт | XXL: Елизаветенское шоссе - 1 шт | Парина - 1 шт | Санкт-Петербург (Спортивная) - 1 шт,26,data\product_images\e196e07a6752.png,3,5,0,3,4,0,5,2,0,4
Одежда,PL7060-1440,Поло мужское 7/6 Ankl Polo 2.0 - Misty Blue,7/6,5990 ₽,https://saletennis.com/catalog/product/polo-muzhskoie-7-6-ankl-polo-2-0-misty-blue-19381/,S: Елизаветенское шоссе - 1 шт | Соболева - 1 шт | Санкт-Петербург (Спортивная) - 1 шт | Санкт-Петербург (Ярослава Гашека) - 1 шт | M: Санкт-Петербург (Ярослава Гашека) - 1 шт | Бисертская - 1 шт | Санкт-Петербург (Спортивная) - 1 шт | Соболева - 2 шт | Ижевск - 1 шт | Парина - 2 шт | Елизаветенское шоссе - 2 шт | Уфа - 2 шт | L: Ижевск - 2 шт | Санкт-Петербург (Спортивная) - 1 шт | Тюмень (Народная) - 1 шт | Парина - 2 шт | Уфа - 2 шт | Бисертская - 1 шт | Елизаветенское шоссе - 2 шт | Санкт-Петербург (Ярослава Гашека) - 1 шт | Соболева - 1 шт | XL: Соболева - 2 шт | Санкт-Петербург (Ярослава Гашека) - 1 шт | Санкт-Петербург (Спортивная) - 1 шт | Парина - 2 шт | Елизаветенское шоссе - 2 шт | Уфа - 1 шт | Ижевск - 1 шт | Бисертская - 1 шт | XXL: Санкт-Петербург (Спортивная) - 1 шт,41,data\product_images\5855d804c1d1.png,4,5,0,6,6,3,7,1,5,4
Одежда,AS276-1304,Шорты под платье 7/6 Ana Shorts 2.0 - Pearl,7/6,2990 ₽,https://saletennis.com/catalog/product/shorty-pod-plat-ie-7-6-ana-shorts-2-0-pearl-19398/,XXS: Санкт-Петербург (Спортивная) - 1 шт | XS: Санкт-Петербург (Ярослава Гашека) - 1 шт | Тюмень (Народная) - 4 шт | Санкт-Петербург (Спортивная) - 1 шт | Елизаветенское шоссе - 1 шт | Парина - 1 шт | S: Парина - 1 шт | Санкт-Петербург (Ярослава Гашека) - 1 шт | Елизаветенское шоссе - 1 шт | Соболева - 1 шт | Санкт-Петербург (Спортивная) - 1 шт | Ижевск - 1 шт | Тюмень (Народная) - 3 шт | M: Соболева - 1 шт | Парина - 1 шт | Тюмень (Народная) - 4 шт | Санкт-Петербург (Ярослава Гашека) - 1 шт | Санкт-Петербург (Спортивная) - 2 шт | Елизаветенское шоссе - 1 шт | L: Санкт-Петербург (Ярослава Гашека) - 1 шт | Санкт-Петербург (Спортивная) - 1 шт | XL: Санкт-Петербург (Спортивная) - 1 шт | Санкт-Петербург (Ярослава Гашека) - 1 шт,32,data\product_images\9c35de2c7fff.png,5,7,0,2,3,0,3,11,0,1
Одежда,FZ6726-010,Юбка женская Nike Advantage Ace - Black,Nike,7118 ₽,https://saletennis.com/catalog/product/iubka-zhienskaia-nike-advantage-ace-black-17723/,XS: Уфа - 1 шт,1,data\product_images\69db2ff28885.png,0,0,0,0,0,0,0,0,1,0
Одежда,KC-76WH,Кепка 7/6 Kids Cap - White,7/6,1743 ₽,https://saletennis.com/catalog/product/kiepka-7-6-kids-cap-white-13216/,Уфа: 3 шт | Ижевск: 1 шт | Елизаветенское шоссе: 1 шт | Санкт-Петербург (Ярослава Гашека): 3 шт | Бисертская: 1 шт | Тюмень (Народная): 1 шт | Парина: 1 шт | Санкт-Петербург (Спортивная): 10 шт | Соболева: 2 шт,23,data\product_images\d91a6bd4ace1.png,3,10,0,2,1,1,1,1,3,1
Одежда,LS76-4104,Лонгслив мужской 7/6 Tony Longsleeve 2.0 Antarctica,7/6,4990 ₽,https://saletennis.com/catalog/product/longhsliv-muzhskoi-7-6-tony-longsleeve-2-0-antarctica-18606/,S: Бисертская - 1 шт | Санкт-Петербург (Спортивная) - 1 шт | M: Бисертская - 1 шт | Санкт-Петербург (Спортивная) - 1 шт | Основной склад Екатеринбург - 1 шт | L: Тюмень (Народная) - 1 шт | Санкт-Петербург (Спортивная) - 1 шт | Основной склад Екатеринбург - 1 шт | XXL: Основной склад Екатеринбург - 1 шт | Санкт-Петербург (Спортивная) - 1 шт,10,data\product_images\c15049d6f1c4.png,0,4,3,0,0,2,0,1,0,0
Одежда,KJJ76-0116,Кофта детская 7/6 Jackie Jacket Kids - Light Green,7/6,4794 ₽,https://saletennis.com/catalog/product/kofta-dietskaia-7-6-jackie-jacket-kids-light-green-17908/,XS: Санкт-Петербург (Спортивная) - 1 шт | Соболева - 1 шт | Санкт-Петербург (Ярослава Гашека) - 1 шт | S: Соболева - 1 шт | Санкт-Петербург (Спортивная) - 1 шт | Основной склад Екатеринбург - 1 шт | Санкт-Петербург (Ярослава Гашека) - 1 шт | M: Санкт-Петербург (Спортивная) - 1 шт | Санкт-Петербург (Ярослава Гашека) - 1 шт | Тюмень (Народная) - 1 шт | Основной склад Екатеринбург - 1 шт | L: Санкт-Петербург (Ярослава Гашека) - 1 шт | Санкт-Петербург (Спортивная) - 1 шт | XL: Санкт-Петербург (Ярослава Гашека) - 1 шт | Тюмень (Народная) - 1 шт | Санкт-Петербург (Спортивная) - 1 шт | Основной склад Екатеринбург - 2 шт | Соболева - 1 шт,19,data\product_images\e1d83f5b9ae8.png,5,5,4,3,0,0,0,2,0,0
Одежда,W1300008,Платье женское Bidi Badu Spike - Lilac/Pink,Bidi Badu,3490 ₽,https://saletennis.com/catalog/product/plat-ie-zhienskoie-bidi-badu-spike-lilac-pink-16363/,XS: Основной склад Екатеринбург - 2 шт | S: Основной склад Екатеринбург - 3 шт | M: Санкт-Петербург (Спортивная) - 1 шт | Основной склад Екатеринбург - 2 шт,8,data\product_images\9d90465d4466.png,0,1,7,0,0,0,0,0,0,0
Одежда,PL7060-010,Поло мужское 7/6 Ankl Polo 2.0 - Black,7/6,2990 ₽,https://saletennis.com/catalog/product/polo-muzhskoie-7-6-ankl-polo-2-0-black-17117/,S: Соболева - 2 шт | Бисертская - 1 шт | Елизаветенское шоссе - 1 шт | Уфа - 1 шт | Тюмень (Народная) - 1 шт | M: Основной склад Екатеринбург - 1 шт | Елизаветенское шоссе - 2 шт | Парина - 1 шт | Ижевск - 2 шт | Уфа - 1 шт | Бисертская - 2 шт | Соболева - 2 шт | L: Ижевск - 1 шт | Соболева - 2 шт | Основной склад Екатеринбург - 3 шт | Елизаветенское шоссе - 2 шт | Уфа - 1 шт | Бисертская - 2 шт | Парина - 3 шт | XL: Елизаветенское шоссе - 1 шт | Ижевск - 1 шт | Соболева - 1 шт | Парина - 2 шт | XXL: Тюмень (Народная) - 1 шт,37,data\product_images\81690bc850f0.png,0,0,4,7,6,5,6,2,3,4
Одежда,814793-TQ,Шорты женские Head Court Logo 7in Shorts W - Turquoise,Head,990 ₽,https://saletennis.com/catalog/product/shorty-zhienskiie-head-court-logo-7in-shorts-w-turquoise-14928/,XS: Тюмень (Народная) - 1 шт | Основной склад Екатеринбург - 1 шт | L: Соболева - 1 шт,3,data\product_images\273849c6db4d.png,0,0,1,1,0,0,0,1,0,0
Одежда,MPA76-1215,Поло мужское 7/6 Andy Polo - Shaved Chocolate,7/6,5990 ₽,https://saletennis.com/catalog/product/polo-muzhskoie-7-6-andy-polo-shaved-chocolate-19296/,S: Санкт-Петербург (Спортивная) - 1 шт | M: Основной склад Екатеринбург - 1 шт | Уфа - 1 шт | Соболева - 2 шт | Бисертская - 1 шт | Тюмень (Народная) - 1 шт | Санкт-Петербург (Ярослава Гашека) - 1 шт | Елизаветенское шоссе - 2 шт | Ижевск - 1 шт | Парина - 2 шт | L: Основной склад Екатеринбург - 1 шт | Елизаветенское шоссе - 1 шт | Уфа - 1 шт | Тюмень (Народная) - 1 шт | Соболева - 1 шт | Бисертская - 1 шт | Санкт-Петербург (Ярослава Гашека) - 1 шт | Ижевск - 1 шт | Парина - 2 шт | Санкт-Петербург (Спортивная) - 1 шт | XL: Санкт-Петербург (Спортивная) - 1 шт | Бисертская - 1 шт | Парина - 1 шт | Соболева - 1 шт | Ижевск - 1 шт | Елизаветенское шоссе - 1 шт | Санкт-Петербург (Ярослава Гашека) - 1 шт | Основной склад Екатеринбург - 1 шт | Уфа - 1 шт | XXL: Елизаветенское шоссе - 1 шт | Ижевск - 1 шт | Соболева - 1 шт | Санкт-Петербург (Ярослава Гашека) - 1 шт,37,data\product_images\c1eacbf325f0.png,4,3,3,5,5,3,5,2,3,4
Одежда,IH5059-410,Футболка женская Nike Heritage - Midnight Navy/Sail,Nike,4990 ₽,https://saletennis.com/catalog/product/futbolka-zhienskaia-nike-heritage-midnight-navy-sail-19212/,XS: Тюмень (Народная) - 1 шт,1,data\product_images\04f4bb07c860.png,0,0,0,0,0,0,0,1,0,0
Одежда,MTL76-010,Футболка мужская 7/6 Loddy T-Shirt 2.0 - Black,7/6,3192 ₽,https://saletennis.com/catalog/product/futbolka-muzhskaia-7-6-loddy-t-shirt-2-0-black-17119/,S: Елизаветенское шоссе - 1 шт | Санкт-Петербург (Спортивная) - 2 шт | Ижевск - 1 шт | Уфа - 1 шт | M: Тюмень (Народная) - 1 шт | Бисертская - 1 шт | Парина - 1 шт | XXL: Тюмень (Народная) - 1 шт,9,data\product_images\4f2d1794fa22.png,0,2,0,0,1,1,1,2,1,1
Одежда,GSH76-100,Шорты для девочек 7/6 Poly Shorts - White,7/6,3490 ₽,https://saletennis.com/catalog/product/shorty-dlia-dievochiek-7-6-poly-shorts-white-17518/,S: Тюмень - 1 шт | Бисертская - 1 шт | Санкт-Петербург (Спортивная) - 2 шт | Соболева - 1 шт | Ижевск - 1 шт | M: Санкт-Петербург (Спортивная) - 1 шт | Ижевск - 1 шт | Санкт-Петербург (Ярослава Гашека) - 1 шт | Парина - 1 шт | Тюмень - 1 шт | Соболева - 1 шт | L: Соболева - 1 шт | Парина - 1 шт | Уфа - 1 шт | Бисертская - 1 шт | Основной склад Екатеринбург - 3 шт | Тюмень (Народная) - 1 шт | Санкт-Петербург (Спортивная) - 1 шт | Санкт-Петербург (Ярослава Гашека) - 1 шт | XL: Санкт-Петербург (Спортивная) - 1 шт | Тюмень (Народная) - 1 шт | Ижевск - 1 шт | Уфа - 1 шт | Бисертская - 1 шт | Парина - 1 шт,28,data\product_images\48cf69fa7737.png,2,5,3,3,3,3,0,4,2,3
Одежда,W1580031,Майка женская Bidi Badu Kaleido - White/Mixed,Bidi Badu,1990 ₽,https://saletennis.com/catalog/product/maika-zhienskaia-bidi-badu-kaleido-white-mixed-17224/,XS: Основной склад Екатеринбург - 1 шт,1,data\product_images\14a6995717c5.png,0,0,1,0,0,0,0,0,0,0
Одежда,W1270018,Худи женское Bidi Badu Spectrum Chill - Yellow,Bidi Badu,3490 ₽,https://saletennis.com/catalog/product/khudi-zhienskoie-bidi-badu-spectrum-chill-yellow-17217/,XS: Основной склад Екатеринбург - 1 шт | S: Основной склад Екатеринбург - 1 шт,2,data\product_images\2270de099ee3.png,0,0,2,0,0,0,0,0,0,0
Одежда,FZ6910-736,Футболка мужская Nike Court Advantage Top - Light Lemon Twist,Nike,6490 ₽,https://saletennis.com/catalog/product/futbolka-muzhskaia-nike-court-advantage-top-light-lemon-twist-18459/,M: Соболева - 1 шт,1,data\product_images\a1e2f37a38d8.png,0,0,0,1,0,0,0,0,0,0
Одежда,AS276-010,Шорты под платье 7/6 Ana Shorts 2.0 - Black,7/6,1990 ₽,https://saletennis.com/catalog/product/shorty-pod-plat-ie-7-6-ana-shorts-2-0-black-17128/,XXS: Санкт-Петербург (Спортивная) - 1 шт | Тюмень (Народная) - 1 шт | Санкт-Петербург (Ярослава Гашека) - 1 шт | Основной склад Екатеринбург - 2 шт | XS: Основной склад Екатеринбург - 1 шт | Санкт-Петербург (Ярослава Гашека) - 1 шт | Санкт-Петербург (Спортивная) - 1 шт | Тюмень (Народная) - 2 шт | S: Тюмень (Народная) - 2 шт | Санкт-Петербург (Спортивная) - 1 шт | M: Санкт-Петербург (Спортивная) - 1 шт | Тюмень (Народная) - 2 шт | L: Санкт-Петербург (Спортивная) - 1 шт | XL: Санкт-Петербург (Спортивная) - 1 шт,18,data\product_images\cc87963f1482.png,2,6,3,0,0,0,0,7,0,0
Одежда,62GBB00208,"Шорты мужские Mizuno 8"" Laser Short - Vintage Indigo",Mizuno,3843 ₽,https://saletennis.com/catalog/product/shorty-muzhskiie-mizuno-8-laser-short-vintage-indigo-18210/,M: Основной склад Екатеринбург - 1 шт | L: Тюмень (Народная) - 1 шт,2,data\product_images\4a1fe08b8968.png,0,0,1,0,0,0,0,1,0,0
Одежда,62GAC00409,Поло мужское Mizuno Frontier Shadow Polo - Black,Mizuno,4193 ₽,https://saletennis.com/catalog/product/polo-muzhskoie-mizuno-frontier-shadow-polo-black-18180/,M: Основной склад Екатеринбург - 1 шт,1,data\product_images\1787bbb9a7e5.png,0,0,1,0,0,0,0,0,0,0
Одежда,NT76-1215,Майка женская Nata Sleeveless T-shirt - Shaved Chocolate,Не определен,4990 ₽,https://saletennis.com/catalog/product/maika-zhienskaia-nata-sleeveless-t-shirt-shaved-chocolate-19286/,XXS: Тюмень (Народная) - 1 шт | Санкт-Петербург (Спортивная) - 1 шт | XS: Парина - 1 шт | Санкт-Петербург (Спортивная) - 1 шт | Тюмень (Народная) - 1 шт | Соболева - 1 шт | Санкт-Петербург (Ярослава Гашека) - 1 шт | S: Елизаветенское шоссе - 1 шт | Уфа - 1 шт | Санкт-Петербург (Ярослава Гашека) - 1 шт | Санкт-Петербург (Спортивная) - 1 шт | Бисертская - 1 шт | Соболева - 1 шт | Ижевск - 1 шт | Парина - 1 шт | M: Елизаветенское шоссе - 1 шт | Тюмень (Народная) - 1 шт | Соболева - 1 шт | Бисертская - 1 шт | Уфа - 1 шт | Парина - 2 шт | Санкт-Петербург (Ярослава Гашека) - 1 шт | Ижевск - 1 шт | Санкт-Петербург (Спортивная) - 1 шт | L: Санкт-Петербург (Ярослава Гашека) - 1 шт | Санкт-Петербург (Спортивная) - 1 шт | Парина - 1 шт | XL: Санкт-Петербург (Спортивная) - 1 шт,29,data\product_images\1cd5f2ecd164.png,4,6,0,3,5,2,2,3,2,2
Одежда,AD76-1265,Платье женское 7/6 Arina Dress - Bright Pink/Pink,7/6,1790 ₽,https://saletennis.com/catalog/product/plat-ie-zhienskoie-7-6-arina-dress-bright-pink-pink-17891/,XXS: Санкт-Петербург (Спортивная) - 1 шт | Основной склад Екатеринбург - 4 шт | XS: Санкт-Петербург (Спортивная) - 1 шт | Основной склад Екатеринбург - 4 шт | S: Основной склад Екатеринбург - 5 шт | M: Основной склад Екатеринбург - 7 шт | L: Основной склад Екатеринбург - 2 шт | Санкт-Петербург (Спортивная) - 1 шт,25,data\product_images\3db14d57fb7c.png,0,3,22,0,0,0,0,0,0,0
Одежда,PL7060-4405,Поло мужское 7/6 Ankl Polo 2.0 - Grey Blossom,7/6,2990 ₽,https://saletennis.com/catalog/product/polo-muzhskoie-7-6-ankl-polo-2-0-grey-blossom-17870/,S: Основной склад Екатеринбург - 2 шт | M: Основной склад Екатеринбург - 4 шт | Уфа - 1 шт | Тюмень (Народная) - 2 шт,9,data\product_images\c54fc2bb2b64.png,0,0,6,0,0,0,0,2,1,0
Одежда,62GEB70172,Спортивная кофта женская Mizuno Mugen Hooded Jacket - White/Estate Blue,Mizuno,5995 ₽,https://saletennis.com/catalog/product/sportivnaia-kofta-zhienskaia-mizuno-mugen-hooded-jacket-white-estate-blue-16839/,XS: Основной склад Екатеринбург - 1 шт | Санкт-Петербург (Спортивная) - 1 шт | S: Санкт-Петербург (Спортивная) - 1 шт,3,data\product_images\85419aeb3bf0.png,0,2,1,0,0,0,0,0,0,0
Одежда,62GBB730-09,Юбка женская Mizuno Flex Skirt - Black,Mizuno,3493 ₽,https://saletennis.com/catalog/product/iubka-zhienskaia-mizuno-flex-skirt-black-17462/,S: Основной склад Екатеринбург - 1 шт,1,data\product_images\572f9c50b2d6.jpg,0,0,1,0,0,0,0,0,0,0
Одежда,KS76-100,Юбка женская 7/6 Kris Skirt - White,7/6,4392 ₽,https://saletennis.com/catalog/product/iubka-zhienskaia-7-6-kris-skirt-white-17114/,XXS: Санкт-Петербург (Спортивная) - 1 шт | XS: Соболева - 1 шт | Парина - 1 шт | S: Бисертская - 2 шт | Тюмень (Народная) - 1 шт | Ижевск - 1 шт | Елизаветенское шоссе - 1 шт | Соболева - 1 шт | Парина - 1 шт | M: Санкт-Петербург (Спортивная) - 1 шт | Ижевск - 1 шт | Уфа - 1 шт | Бисертская - 1 шт | L: Санкт-Петербург (Спортивная) - 1 шт | XL: Санкт-Петербург (Спортивная) - 1 шт,16,data\product_images\b6761b370aa4.png,0,4,0,2,2,3,1,1,1,2
Одежда,62GEB00226,Спортивная кофта мужская Mizuno Charged Printed Jacket - Moroccan,Mizuno,6990 ₽,https://saletennis.com/catalog/product/sportivnaia-kofta-muzhskaia-mizuno-charged-printed-jacket-moroccan-16339/,L: Основной склад Екатеринбург - 1 шт,1,data\product_images\9d0e7b4df5a1.png,0,0,1,0,0,0,0,0,0,0
Одежда,MD76-4313,Платье женское 7/6 Mari Dress - Light Blue,7/6,2990 ₽,https://saletennis.com/catalog/product/plat-ie-zhienskoie-7-6-mari-dress-light-blue-17894/,XXS: Основной склад Екатеринбург - 4 шт | XS: Основной склад Екатеринбург - 6 шт | S: Основной склад Екатеринбург - 4 шт | M: Основной склад Екатеринбург - 6 шт | Санкт-Петербург (Спортивная) - 1 шт | L: Основной склад Екатеринбург - 1 шт | XL: Санкт-Петербург (Спортивная) - 1 шт,23,data\product_images\a5a615e668dc.png,0,2,21,0,0,0,0,0,0,0
Одежда,62GHC700-44,Платье женское Mizuno Daybreakers Dress - Lemon Tonic,Mizuno,4893 ₽,https://saletennis.com/catalog/product/plat-ie-zhienskoie-mizuno-daybreakers-dress-lemon-tonic-18410/,XS: Тюмень (Народная) - 1 шт,1,data\product_images\947d910865f0.png,0,0,0,0,0,0,0,1,0,0
Одежда,G1580023-TW,Майка женская Bidi Badu Twiggy Chill - Blue/Mixed,Bidi Badu,1596 ₽,https://saletennis.com/catalog/product/maika-zhienskaia-bidi-badu-twiggy-chill-blue-mixed-16444/,XS: Основной склад Екатеринбург - 1 шт | Санкт-Петербург (Спортивная) - 1 шт | S: Основной склад Екатеринбург - 2 шт | M: Санкт-Петербург (Спортивная) - 1 шт | Основной склад Екатеринбург - 2 шт,7,data\product_images\de5807a2b9b6.jpg,0,2,5,0,0,0,0,0,0,0
Одежда,WJJ76-1215,Кофта женская 7/6 Jackie Jacket Women - Shaved Chocolate,7/6,10990 ₽,https://saletennis.com/catalog/product/kofta-zhienskaia-7-6-jackie-jacket-women-shaved-chocolate-19373/,XXS: Санкт-Петербург (Спортивная) - 1 шт | Санкт-Петербург (Ярослава Гашека) - 1 шт | XS: Парина - 1 шт | Елизаветенское шоссе - 1 шт | Санкт-Петербург (Ярослава Гашека) - 1 шт | Санкт-Петербург (Спортивная) - 1 шт | S: Санкт-Петербург (Ярослава Гашека) - 1 шт | Ижевск - 1 шт | Елизаветенское шоссе - 1 шт | Уфа - 1 шт | Тюмень (Народная) - 1 шт | Санкт-Петербург (Спортивная) - 1 шт | M: Санкт-Петербург (Спортивная) - 1 шт | Санкт-Петербург (Ярослава Гашека) - 1 шт | Уфа - 1 шт | Тюмень (Народная) - 1 шт | Ижевск - 1 шт | Елизаветенское шоссе - 1 шт | L: Елизаветенское шоссе - 1 шт | Санкт-Петербург (Ярослава Гашека) - 1 шт | Санкт-Петербург (Спортивная) - 1 шт | XL: Санкт-Петербург (Спортивная) - 1 шт | Санкт-Петербург (Ярослава Гашека) - 2 шт,24,data\product_images\d8130aaf1b59.png,7,6,0,0,1,0,4,2,2,2
Одежда,SH7760-4056,Шорты мужские 7/6 Miran Shorts 7 - Blue Lolite,7/6,2245 ₽,https://saletennis.com/catalog/product/shorty-muzhskiie-7-6-miran-shorts-7-blue-lolite-17882/,S: Основной склад Екатеринбург - 1 шт | M: Основной склад Екатеринбург - 2 шт | L: Основной склад Екатеринбург - 1 шт | Санкт-Петербург (Спортивная) - 1 шт,5,data\product_images\67df22f3c345.png,0,1,4,0,0,0,0,0,0,0
Одежда,MTL76-2520,Футболка мужская 7/6 Loddy T-Shirt 2.0 - Potent Purple,7/6,2793 ₽,https://saletennis.com/catalog/product/futbolka-muzhskaia-7-6-loddy-t-shirt-2-0-potent-purple-18620/,S: Санкт-Петербург (Спортивная) - 1 шт,1,data\product_images\d854218b8109.png,0,1,0,0,0,0,0,0,0,0
Одежда,GSK76-1559,Юбка детская 7/6 Liza Skirt - Red Alert,7/6,490 ₽,https://saletennis.com/catalog/product/iubka-dietskaia-7-6-liza-skirt-red-alert-15410/,L: Основной склад Екатеринбург - 1 шт | Бисертская - 1 шт,2,data\product_images\bc97e5295f46.png,0,0,1,0,0,1,0,0,0,0
Одежда,62GAC20213,Майка женская Mizuno Frontier Tank - Midnight Navy,Mizuno,2933 ₽,https://saletennis.com/catalog/product/maika-zhienskaia-mizuno-frontier-tank-midnight-navy-18195/,XS: Основной склад Екатеринбург - 2 шт | S: Основной склад Екатеринбург - 4 шт,6,data\product_images\0d8a13b4331b.png,0,0,6,0,0,0,0,0,0,0
Одежда,GST76-4405,Майка детская 7/6 Polya Sleeveless T-shirt - Misty Blue,7/6,2490 ₽,https://saletennis.com/catalog/product/maika-dietskaia-7-6-polya-sleeveless-t-shirt-misty-blue-19401/,XS: Уфа - 1 шт | Санкт-Петербург (Ярослава Гашека) - 1 шт | Ижевск - 1 шт | Соболева - 1 шт | Тюмень (Народная) - 2 шт | Санкт-Петербург (Спортивная) - 1 шт | S: Тюмень (Народная) - 2 шт | Уфа - 1 шт | Санкт-Петербург (Ярослава Гашека) - 1 шт | Санкт-Петербург (Спортивная) - 1 шт | Основной склад Екатеринбург - 1 шт | Парина - 1 шт | Соболева - 1 шт | M: Уфа - 1 шт | Ижевск - 1 шт | Санкт-Петербург (Ярослава Гашека) - 1 шт | Санкт-Петербург (Спортивная) - 1 шт | Основной склад Екатеринбург - 2 шт | Парина - 1 шт | L: Санкт-Петербург (Ярослава Гашека) - 1 шт | Уфа - 1 шт | Санкт-Петербург (Спортивная) - 1 шт | Ижевск - 1 шт | Соболева - 1 шт | Парина - 1 шт | Основной склад Екатеринбург - 2 шт | Тюмень (Народная) - 2 шт | XL: Санкт-Петербург (Спортивная) - 1 шт | Ижевск - 1 шт | Уфа - 1 шт | Парина - 1 шт | Санкт-Петербург (Ярослава Гашека) - 1 шт | Основной склад Екатеринбург - 1 шт,38,data\product_images\47b01bd8eb39.png,5,5,6,3,4,0,0,6,5,4
Одежда,NS76-4104,Юбка женская 7/6 Nata Skirt - Antarctica,7/6,4990 ₽,https://saletennis.com/catalog/product/iubka-zhienskaia-7-6-nata-skirt-antarctica-18601/,XXS: Санкт-Петербург (Спортивная) - 1 шт | XS: Елизаветенское шоссе - 1 шт | M: Санкт-Петербург (Спортивная) - 1 шт | Бисертская - 1 шт | Тюмень (Народная) - 1 шт | Уфа - 1 шт | XL: Санкт-Петербург (Спортивная) - 1 шт,7,data\product_images\9dff71a134ff.png,0,3,0,0,0,1,1,1,1,0
Одежда,62GFB50120,Спортивные штаны мужские Mizuno Mugen Pant - Blue Mirage,Mizuno,5490 ₽,https://saletennis.com/catalog/product/sportivnyie-shtany-muzhskiie-mizuno-mugen-pant-blue-mirage-16846/,S: Соболева - 1 шт | M: Основной склад Екатеринбург - 2 шт | L: Соболева - 1 шт | Основной склад Екатеринбург - 3 шт,7,data\product_images\f63941cf6ec8.png,0,0,5,2,0,0,0,0,0,0
Одежда,FD5336-523,Шорты мужские Nike Court 7in Advantage - Plum Dust/Beyond Pink/White,Nike,4990 ₽,https://saletennis.com/catalog/product/shorty-muzhskiie-nike-court-7in-advantage-plum-dust-beyond-pink-white-17405/,XL: Санкт-Петербург (Спортивная) - 1 шт,1,data\product_images\a8d7bcd2c82a.png,0,1,0,0,0,0,0,0,0,0
Одежда,IB1016-664,Футболка мужская Nike Court Advantage Slam - Pearl Pink/Silt Red/Black,Nike,11490 ₽,https://saletennis.com/catalog/product/futbolka-muzhskaia-nike-court-advantage-slam-pearl-pink-silt-red-black-19240/,S: Уфа - 1 шт | M: Тюмень (Народная) - 1 шт | Соболева - 1 шт | Парина - 1 шт | L: Тюмень (Народная) - 1 шт | Ижевск - 1 шт | XL: Парина - 1 шт | Соболева - 1 шт,8,data\product_images\71c276fbd800.jpg,0,0,0,2,2,0,0,2,1,1
Одежда,W1390017,Юбка женская Bidi Badu Melbourne Printed Wavy - Orange/Turquoise,Bidi Badu,1990 ₽,https://saletennis.com/catalog/product/iubka-zhienskaia-bidi-badu-melbourne-printed-wavy-orange-turquoise-17235/,XS: Основной склад Екатеринбург - 1 шт | S: Основной склад Екатеринбург - 4 шт | M: Основной склад Екатеринбург - 1 шт,6,data\product_images\6bfe222e3a15.png,0,0,6,0,0,0,0,0,0,0
Одежда,FZ6937-110,"Шорты мужские Nike Court Slam 6"" - Pale Ivory",Nike,7868 ₽,https://saletennis.com/catalog/product/shorty-muzhskiie-nike-court-slam-6-pale-ivory-17791/,XL: Тюмень (Народная) - 1 шт,1,data\product_images\d2c1b2375556.png,0,0,0,0,0,0,0,1,0,0
Одежда,AT276-4201,Топ женский под платье 7/6 Ana Top 2.0 - Grey,7/6,2392 ₽,https://saletennis.com/catalog/product/top-zhienskii-pod-plat-ie-7-6-ana-top-2-0-grey-17931/,XXS: Основной склад Екатеринбург - 2 шт | XS: Основной склад Екатеринбург - 3 шт | Санкт-Петербург (Спортивная) - 2 шт | S: Основной склад Екатеринбург - 1 шт | L: Основной склад Екатеринбург - 1 шт | XL: Санкт-Петербург (Спортивная) - 1 шт,10,data\product_images\740d79b4e243.png,0,3,7,0,0,0,0,0,0,0
Одежда,MTL76-1264,Футболка мужская 7/6 Loddy T-Shirt 2.0 - Orange Blossom,7/6,2495 ₽,https://saletennis.com/catalog/product/futbolka-muzhskaia-7-6-loddy-t-shirt-2-0-orange-blossom-17876/,S: Тюмень (Народная) - 1 шт | M: Санкт-Петербург (Спортивная) - 1 шт | Тюмень (Народная) - 1 шт | Основной склад Екатеринбург - 1 шт,4,data\product_images\633821b5dc78.png,0,1,1,0,0,0,0,2,0,0
Одежда,62GBB701-67,Юбка женская Mizuno Mugen Flying Skirt - Crocus Petal,Mizuno,3490 ₽,https://saletennis.com/catalog/product/iubka-zhienskaia-mizuno-mugen-flying-skirt-crocus-petal-17465/,XS: Соболева - 1 шт | S: Основной склад Екатеринбург - 2 шт | M: Санкт-Петербург (Спортивная) - 1 шт,4,data\product_images\e98e75437989.png,0,1,2,1,0,0,0,0,0,0
Одежда,NS76-1304,Юбка женская 7/6 Nata Skirt - Pearl,7/6,5990 ₽,https://saletennis.com/catalog/product/iubka-zhienskaia-7-6-nata-skirt-pearl-19294/,XXS: Санкт-Петербург (Ярослава Гашека) - 1 шт | Санкт-Петербург (Спортивная) - 1 шт | Тюмень (Народная) - 2 шт | XS: Санкт-Петербург (Спортивная) - 1 шт | Санкт-Петербург (Ярослава Гашека) - 1 шт | Парина - 1 шт | Ижевск - 1 шт | Уфа - 1 шт | Елизаветенское шоссе - 1 шт | Тюмень (Народная) - 2 шт | S: Бисертская - 1 шт | Парина - 1 шт | Санкт-Петербург (Спортивная) - 1 шт | Елизаветенское шоссе - 1 шт | Уфа - 1 шт | Санкт-Петербург (Ярослава Гашека) - 1 шт | Соболева - 1 шт | Тюмень (Народная) - 2 шт | Основной склад Екатеринбург - 3 шт | Ижевск - 2 шт | M: Тюмень (Народная) - 2 шт | Санкт-Петербург (Спортивная) - 1 шт | Парина - 1 шт | Соболева - 1 шт | Ижевск - 1 шт | Санкт-Петербург (Ярослава Гашека) - 1 шт | Бисертская - 1 шт | Уфа - 1 шт | Елизаветенское шоссе - 1 шт | L: Основной склад Екатеринбург - 1 шт | Елизаветенское шоссе - 1 шт | Санкт-Петербург (Спортивная) - 1 шт | Соболева - 1 шт | Парина - 1 шт | Санкт-Петербург (Ярослава Гашека) - 1 шт | XL: Санкт-Петербург (Спортивная) - 1 шт,43,data\product_images\d19145daa9d8.png,5,6,4,3,4,2,4,8,3,4
Одежда,62GBB702-01,Юбка женская Mizuno Mugen 2in1 Skirt - White,Mizuno,3245 ₽,https://saletennis.com/catalog/product/iubka-zhienskaia-mizuno-mugen-2in1-skirt-white-17464/,XS: Санкт-Петербург (Спортивная) - 1 шт | M: Основной склад Екатеринбург - 1 шт | L: Основной склад Екатеринбург - 2 шт | XL: Санкт-Петербург (Спортивная) - 1 шт,5,data\product_images\bdb28a06a0e9.png,0,2,3,0,0,0,0,0,0,0
Одежда,VT76-100,Футболка мужская 7/6 Victory Cotton T-shirt - White,7/6,1990 ₽,https://saletennis.com/catalog/product/futbolka-muzhskaia-7-6-victory-cotton-t-shirt-white-17122/,S: Основной склад Екатеринбург - 1 шт | Уфа - 1 шт | Тюмень (Народная) - 1 шт | Санкт-Петербург (Спортивная) - 2 шт | M: Тюмень (Народная) - 1 шт | Уфа - 1 шт | Соболева - 1 шт | Основной склад Екатеринбург - 1 шт | Санкт-Петербург (Спортивная) - 1 шт | L: Основной склад Екатеринбург - 2 шт | Уфа - 1 шт | XL: Основной склад Екатеринбург - 1 шт | XXL: Парина - 1 шт | Санкт-Петербург (Спортивная) - 1 шт,16,data\product_images\25a3739553b9.png,0,4,5,1,1,0,0,2,3,0
Одежда,KJ76-BK,Кофта детская 7/6 Taylor Kids Jacket - Black,7/6,5990 ₽,https://saletennis.com/catalog/product/kofta-dietskaia-7-6-taylor-kids-jacket-black-17278/,XS: Санкт-Петербург (Спортивная) - 1 шт | Санкт-Петербург (Ярослава Гашека) - 1 шт | Парина - 1 шт | S: Санкт-Петербург (Спортивная) - 1 шт | Санкт-Петербург (Ярослава Гашека) - 1 шт | Ижевск - 1 шт | M: Санкт-Петербург (Ярослава Гашека) - 1 шт | Санкт-Петербург (Спортивная) - 2 шт | L: Ижевск - 1 шт | Санкт-Петербург (Ярослава Гашека) - 1 шт | Санкт-Петербург (Спортивная) - 1 шт,12,data\product_images\9a9c436eeee5.png,4,5,0,0,1,0,0,0,0,2
Одежда,62GBC215-01,"Шорты женские Mizuno Flex Graphic 3"" Short - White",Mizuno,2793 ₽,https://saletennis.com/catalog/product/shorty-zhienskiie-mizuno-flex-graphic-3-short-white-18423/,M: Основной склад Екатеринбург - 1 шт | Санкт-Петербург (Спортивная) - 1 шт | L: Ижевск - 1 шт,3,data\product_images\d3c0550753b8.png,0,1,1,0,0,0,0,0,0,1
Одежда,GT76-100,Футболка для девочек 7/6 Eva T-shirt - White,7/6,2490 ₽,https://saletennis.com/catalog/product/futbolka-dlia-dievochiek-7-6-eva-t-shirt-white-17513/,XS: Санкт-Петербург (Ярослава Гашека) - 1 шт | Санкт-Петербург (Спортивная) - 1 шт | S: Тюмень (Народная) - 1 шт | Санкт-Петербург (Спортивная) - 2 шт | M: Санкт-Петербург (Ярослава Гашека) - 1 шт | L: Парина - 1 шт | Тюмень (Народная) - 1 шт | Уфа - 1 шт | Санкт-Петербург (Спортивная) - 1 шт | Санкт-Петербург (Ярослава Гашека) - 1 шт | XL: Санкт-Петербург (Спортивная) - 2 шт | Ижевск - 1 шт | Уфа - 1 шт | Соболева - 1 шт | Основной склад Екатеринбург - 1 шт | Парина - 1 шт | Тюмень - 1 шт,19,data\product_images\618a8382ce4e.png,3,6,1,1,2,0,0,3,2,1
Одежда,PL7060-4104,Поло мужское 7/6 Ankl Polo 2.0 - Ebony,7/6,5490 ₽,https://saletennis.com/catalog/product/polo-muzhskoie-7-6-ankl-polo-2-0-ebony-18611/,S: Соболева - 1 шт | Санкт-Петербург (Спортивная) - 1 шт | M: Ижевск - 1 шт | Бисертская - 1 шт | Парина - 1 шт | Соболева - 1 шт | Основной склад Екатеринбург - 1 шт | Уфа - 1 шт | Санкт-Петербург (Спортивная) - 1 шт | Тюмень (Народная) - 1 шт | L: Соболева - 1 шт | Тюмень (Народная) - 1 шт | Парина - 1 шт | XL: Парина - 1 шт | XXL: Соболева - 1 шт,15,data\product_images\d8b69ad3dce8.png,0,2,1,4,3,1,0,2,1,1
Одежда,62GBC21530,"Шорты женские Mizuno Flex Graphic 3"" Short - Bay",Mizuno,2793 ₽,https://saletennis.com/catalog/product/shorty-zhienskiie-mizuno-flex-graphic-3-short-bay-18211/,XS: Основной склад Екатеринбург - 1 шт | S: Основной склад Екатеринбург - 1 шт | Тюмень (Народная) - 1 шт | M: Основной склад Екатеринбург - 3 шт,6,data\product_images\0639f125f684.png,0,0,5,0,0,0,0,1,0,0
Одежда,BSH76-010,Шорты детские 7/6 Tema Shorts - Black,7/6,3490 ₽,https://saletennis.com/catalog/product/shorty-dietskiie-7-6-tema-shorts-black-17516/,XS: Тюмень (Народная) - 1 шт | Санкт-Петербург (Спортивная) - 1 шт | Санкт-Петербург (Ярослава Гашека) - 1 шт | S: Тюмень (Народная) - 1 шт | Санкт-Петербург (Спортивная) - 1 шт | Санкт-Петербург (Ярослава Гашека) - 1 шт | M: Санкт-Петербург (Ярослава Гашека) - 1 шт | Санкт-Петербург (Спортивная) - 1 шт | L: Тюмень (Народная) - 1 шт | Уфа - 1 шт | Санкт-Петербург (Ярослава Гашека) - 1 шт | Ижевск - 2 шт | Санкт-Петербург (Спортивная) - 2 шт | XL: Ижевск - 2 шт,17,data\product_images\5d2406945276.png,4,5,0,0,0,0,0,3,1,4
Одежда,IB1016-511,Футболка мужская Nike Court Advantage Slam - Violet Mist/Bright Violet/Black,Nike,11490 ₽,https://saletennis.com/catalog/product/futbolka-muzhskaia-nike-court-advantage-slam-violet-mist-bright-violet-black-19241/,M: Соболева - 1 шт | Парина - 1 шт | Санкт-Петербург (Спортивная) - 1 шт | L: Ижевск - 1 шт | XL: Соболева - 1 шт,5,data\product_images\5b3d4af1c83e.jpg,0,1,0,2,1,0,0,0,0,1
Одежда,WP76-BK,Спортивные штаны женские 7/6 Woman Pants - Black,7/6,3990 ₽,https://saletennis.com/catalog/product/sportivnyie-shtany-zhienskiie-7-6-woman-pants-black-15249/,XS: Парина - 1 шт | Ижевск - 1 шт | Соболева - 1 шт | Санкт-Петербург (Спортивная) - 1 шт | Бисертская - 1 шт | S: Основной склад Екатеринбург - 2 шт | Уфа - 1 шт | Парина - 1 шт | Ижевск - 1 шт | Тюмень (Народная) - 1 шт | Соболева - 1 шт | M: Парина - 1 шт | Уфа - 1 шт | Ижевск - 1 шт | Санкт-Петербург (Спортивная) - 3 шт | Соболева - 1 шт | Тюмень (Народная) - 1 шт | L: Санкт-Петербург (Спортивная) - 1 шт | Ижевск - 1 шт | Тюмень (Народная) - 1 шт | Соболева - 1 шт | Бисертская - 1 шт | Уфа - 1 шт,26,data\product_images\104fe6ce064b.png,0,5,2,4,3,2,0,3,3,4
Одежда,MJ76-BK,Ветровка мужская 7/6 Man Jacket - Black,7/6,5592 ₽,https://saletennis.com/catalog/product/vietrovka-muzhskaia-7-6-man-jacket-black-17274/,S: Соболева - 1 шт | Ижевск - 1 шт | M: Основной склад Екатеринбург - 1 шт | Тюмень (Народная) - 1 шт | L: Ижевск - 1 шт,5,data\product_images\9d058078d7c9.png,0,0,1,1,0,0,0,1,0,2
Одежда,LS76-4718,Лонгслив мужской 7/6 Tony Longsleeve 2.0 - Hydro,7/6,5990 ₽,https://saletennis.com/catalog/product/longhsliv-muzhskoi-7-6-tony-longsleeve-2-0-hydro-19378/,S: Санкт-Петербург (Ярослава Гашека) - 1 шт | Санкт-Петербург (Спортивная) - 1 шт | Елизаветенское шоссе - 1 шт | Парина - 1 шт | Соболева - 1 шт | M: Санкт-Петербург (Спортивная) - 1 шт | Соболева - 1 шт | Санкт-Петербург (Ярослава Гашека) - 1 шт | Парина - 1 шт | Ижевск - 1 шт | Тюмень (Народная) - 1 шт | Уфа - 1 шт | L: Санкт-Петербург (Спортивная) - 1 шт | Елизаветенское шоссе - 1 шт | Санкт-Петербург (Ярослава Гашека) - 1 шт | Тюмень (Народная) - 1 шт | Уфа - 1 шт | XL: Уфа - 1 шт | Санкт-Петербург (Ярослава Гашека) - 1 шт | Парина - 1 шт | Санкт-Петербург (Спортивная) - 1 шт | Ижевск - 1 шт | XXL: Санкт-Петербург (Спортивная) - 1 шт | Санкт-Петербург (Ярослава Гашека) - 1 шт | Уфа - 1 шт,25,data\product_images\3ab44aed623d.png,5,5,0,2,3,0,2,2,4,2
Одежда,G1390009-DBLRD,Юбка детская Bidi Badu New York 2024 - Blue/Red,Bidi Badu,2196 ₽,https://saletennis.com/catalog/product/iubka-dietskaia-bidi-badu-new-york-2024-blue-red-16437/,164: Основной склад Екатеринбург - 1 шт,1,data\product_images\35efa068f3a3.png,0,0,1,0,0,0,0,0,0,0
Одежда,ND276-3612,Платье женское 7/6 Nika Dress - Lavander Haze,7/6,2490 ₽,https://saletennis.com/catalog/product/plat-ie-zhienskoie-7-6-nika-dress-lavander-haze-17925/,XXS: Основной склад Екатеринбург - 3 шт | Санкт-Петербург (Спортивная) - 1 шт | XS: Санкт-Петербург (Спортивная) - 1 шт | Основной склад Екатеринбург - 6 шт | S: Основной склад Екатеринбург - 6 шт | M: Основной склад Екатеринбург - 5 шт | L: Основной склад Екатеринбург - 1 шт,23,data\product_images\ad3b2c2288d6.png,0,2,21,0,0,0,0,0,0,0
Одежда,DX1427-100,Платье женское Nike Court Dri-Fit Advantage - White/Black,Nike,9743 ₽,https://saletennis.com/catalog/product/plat-ie-zhienskoie-nike-court-dri-fit-advantage-white-black-16781/,M: Парина - 1 шт,1,data\product_images\c4da6d9794cd.png,0,0,0,0,1,0,0,0,0,0
Одежда,HQ2994-006,Футболка женская Court Advantage Pro T-Shirt - Steam/White,Не определен,7990 ₽,https://saletennis.com/catalog/product/futbolka-zhienskaia-court-advantage-pro-t-shirt-steam-white-19221/,S: Парина - 1 шт,1,data\product_images\bdc74c20f829.png,0,0,0,0,1,0,0,0,0,0
Одежда,KT76-0116,Топ женский 7/6 Kris Top - Green Blossom,7/6,2495 ₽,https://saletennis.com/catalog/product/top-zhienskii-7-6-kris-top-green-blossom-17928/,XXS: Основной склад Екатеринбург - 2 шт | XS: Основной склад Екатеринбург - 3 шт | S: Основной склад Екатеринбург - 2 шт | M: Основной склад Екатеринбург - 1 шт | XL: Санкт-Петербург (Спортивная) - 2 шт,10,data\product_images\2cb468fc9f01.png,0,2,8,0,0,0,0,0,0,0
Одежда,MD276-4718,Платье женское 7/6 Mari Dress 2.0 - Hydro,7/6,6990 ₽,https://saletennis.com/catalog/product/plat-ie-zhienskoie-7-6-mari-dress-2-0-hydro-19282/,XXS: Санкт-Петербург (Спортивная) - 1 шт | XS: Елизаветенское шоссе - 1 шт | Санкт-Петербург (Ярослава Гашека) - 1 шт | Соболева - 1 шт | Тюмень (Народная) - 2 шт | Санкт-Петербург (Спортивная) - 1 шт | Основной склад Екатеринбург - 1 шт | Парина - 1 шт | S: Основной склад Екатеринбург - 1 шт | Парина - 1 шт | Санкт-Петербург (Спортивная) - 1 шт | Бисертская - 1 шт | Уфа - 1 шт | Елизаветенское шоссе - 1 шт | Тюмень (Народная) - 1 шт | Санкт-Петербург (Ярослава Гашека) - 1 шт | Соболева - 1 шт | M: Елизаветенское шоссе - 1 шт | Парина - 1 шт | Тюмень (Народная) - 2 шт | Бисертская - 1 шт | Санкт-Петербург (Спортивная) - 1 шт | Санкт-Петербург (Ярослава Гашека) - 1 шт | Соболева - 1 шт | Основной склад Екатеринбург - 1 шт | Ижевск - 1 шт | L: Санкт-Петербург (Спортивная) - 1 шт | XL: Санкт-Петербург (Спортивная) - 1 шт,30,data\product_images\4871a8d08bd7.png,3,6,3,3,3,2,3,5,1,1
Одежда,SH7060-010,Шорты мужские 7/6 Miran Shorts 7 - Black,7/6,3992 ₽,https://saletennis.com/catalog/product/shorty-muzhskiie-7-6-miran-shorts-7-black-17124/,S: Соболева - 1 шт | Тюмень (Народная) - 2 шт | Бисертская - 1 шт | Ижевск - 1 шт | Санкт-Петербург (Спортивная) - 1 шт | M: Ижевск - 1 шт | Соболева - 1 шт | Бисертская - 1 шт | Елизаветенское шоссе - 1 шт | Парина - 1 шт | L: Основной склад Екатеринбург - 3 шт | Ижевск - 2 шт | Парина - 2 шт | Бисертская - 1 шт | Уфа - 1 шт | Соболева - 3 шт | Елизаветенское шоссе - 2 шт | XL: Уфа - 1 шт | Санкт-Петербург (Спортивная) - 1 шт | Парина - 1 шт,28,data\product_images\ca8c316d697d.png,0,2,3,5,4,3,3,2,2,4
Одежда,MD76-010,Платье женское 7/6 Mari Dress - Black,7/6,2490 ₽,https://saletennis.com/catalog/product/plat-ie-zhienskoie-7-6-mari-dress-black-17103/,XXS: Соболева - 1 шт | Парина - 1 шт | Санкт-Петербург (Спортивная) - 1 шт | L: Соболева - 1 шт,4,data\product_images\3f8cbcd62b0d.png,0,1,0,2,1,0,0,0,0,0
Одежда,WT76-0116,Футболка женская 7/6 Alice T-shirt - Light Green,7/6,1995 ₽,https://saletennis.com/catalog/product/futbolka-zhienskaia-7-6-alice-t-shirt-light-green-17934/,XXS: Основной склад Екатеринбург - 3 шт | Санкт-Петербург (Спортивная) - 2 шт | XS: Тюмень (Народная) - 1 шт | Основной склад Екатеринбург - 1 шт | Санкт-Петербург (Спортивная) - 2 шт | S: Основной склад Екатеринбург - 3 шт | M: Тюмень (Народная) - 1 шт | Основной склад Екатеринбург - 1 шт | L: Ижевск - 1 шт,15,data\product_images\5e5351683bd3.png,0,4,8,0,0,0,0,2,0,1
Одежда,NT76-4104,Майка женская Nata Sleeveless T-shirt - Antarctica,Не определен,4990 ₽,https://saletennis.com/catalog/product/maika-zhienskaia-nata-sleeveless-t-shirt-antarctica-18586/,XS: Санкт-Петербург (Спортивная) - 1 шт | Уфа - 1 шт | Тюмень (Народная) - 1 шт | Елизаветенское шоссе - 1 шт | Соболева - 1 шт | S: Соболева - 1 шт | M: Соболева - 1 шт | Елизаветенское шоссе - 2 шт | Бисертская - 1 шт | Тюмень (Народная) - 1 шт | Уфа - 1 шт | XL: Санкт-Петербург (Спортивная) - 1 шт,13,data\product_images\6dcfb622eae0.png,0,2,0,3,0,1,3,2,2,0
Одежда,IB1071-253,Шорты мужские Nike Court Advantage 6in - Desert Khaki/Black,Nike,8490 ₽,https://saletennis.com/catalog/product/shorty-muzhskiie-nike-court-advantage-6in-desert-khaki-black-19201/,S: Парина - 1 шт,1,data\product_images\5555db4d991c.jpg,0,0,0,0,1,0,0,0,0,0
Одежда,FZ6937-619,"Шорты мужские Nike Court Slam 6"" - Dark Team Red/White",Nike,7343 ₽,https://saletennis.com/catalog/product/shorty-muzhskiie-nike-court-slam-6-dark-team-red-white-17789/,XL: Санкт-Петербург (Спортивная) - 1 шт,1,data\product_images\f24b26b6e3fe.png,0,1,0,0,0,0,0,0,0,0
Одежда,SH9760-1215,Шорты мужские 7/6 Miran Shorts 9 - Shaved Chocolate,7/6,4990 ₽,https://saletennis.com/catalog/product/shorty-muzhskiie-7-6-miran-shorts-9-shaved-chocolate-19386/,S: Елизаветенское шоссе - 1 шт | Санкт-Петербург (Спортивная) - 1 шт | Тюмень (Народная) - 1 шт | Парина - 1 шт | Ижевск - 1 шт | M: Бисертская - 1 шт | Санкт-Петербург (Ярослава Гашека) - 1 шт | Ижевск - 2 шт | Тюмень (Народная) - 2 шт | Санкт-Петербург (Спортивная) - 1 шт | Основной склад Екатеринбург - 3 шт | Соболева - 2 шт | Елизаветенское шоссе - 2 шт | Парина - 2 шт | L: Основной склад Екатеринбург - 1 шт | Уфа - 1 шт | Ижевск - 2 шт | Бисертская - 1 шт | Тюмень (Народная) - 1 шт | Елизаветенское шоссе - 2 шт | Соболева - 2 шт | Санкт-Петербург (Спортивная) - 1 шт | Парина - 2 шт | XL: Уфа - 1 шт | Ижевск - 1 шт | Тюмень (Народная) - 1 шт | Парина - 1 шт | Санкт-Петербург (Ярослава Гашека) - 1 шт | Основной склад Екатеринбург - 2 шт | Елизаветенское шоссе - 1 шт | Санкт-Петербург (Спортивная) - 1 шт | XXL: Ижевск - 1 шт | Соболева - 1 шт | Санкт-Петербург (Спортивная) - 1 шт | Санкт-Петербург (Ярослава Гашека) - 1 шт | Елизаветенское шоссе - 1 шт,48,data\product_images\440ed0b70715.png,3,5,6,5,6,2,7,5,2,7
Одежда,ND276-1304,Платье женское 7/6 Nika Dress 2.0 - Pearl,7/6,5490 ₽,https://saletennis.com/catalog/product/plat-ie-zhienskoie-7-6-nika-dress-2-0-pearl-19390/,XXS: Санкт-Петербург (Спортивная) - 1 шт | XS: Тюмень (Народная) - 2 шт | Ижевск - 1 шт | Санкт-Петербург (Спортивная) - 1 шт | Санкт-Петербург (Ярослава Гашека) - 1 шт | Парина - 1 шт | Соболева - 1 шт | S: Санкт-Петербург (Спортивная) - 1 шт | Основной склад Екатеринбург - 1 шт | Уфа - 1 шт | Ижевск - 1 шт | Елизаветенское шоссе - 1 шт | Санкт-Петербург (Ярослава Гашека) - 1 шт | Тюмень (Народная) - 2 шт | Парина - 1 шт | Соболева - 1 шт | M: Ижевск - 1 шт | Уфа - 1 шт | Тюмень (Народная) - 2 шт | Парина - 1 шт | Санкт-Петербург (Спортивная) - 2 шт | Санкт-Петербург (Ярослава Гашека) - 1 шт | L: Санкт-Петербург (Спортивная) - 1 шт | Парина - 1 шт | XL: Санкт-Петербург (Спортивная) - 1 шт,29,data\product_images\ce347c958446.png,3,7,1,2,4,0,1,6,2,3
Одежда,IF1199-133,Майка мужская Nike Court Slam Tennis Tank - Sail/Mean Green/Black,Nike,12392 ₽,https://saletennis.com/catalog/product/maika-muzhskaia-nike-court-slam-tennis-tank-sail-mean-green-black-19029/,M: Ижевск - 1 шт | Санкт-Петербург (Спортивная) - 1 шт | L: Санкт-Петербург (Спортивная) - 1 шт | Бисертская - 1 шт | Ижевск - 1 шт,5,data\product_images\2fb5d65cb3b4.jpg,0,2,0,0,0,1,0,0,0,2
Одежда,HJ8990-010,Шорты женские Nike Court Heritage Mid-Rise Fleece - Black,Nike,8490 ₽,https://saletennis.com/catalog/product/shorty-zhienskiie-nike-court-heritage-mid-rise-fleece-black-18482/,XS: Санкт-Петербург (Спортивная) - 1 шт | S: Парина - 1 шт | Тюмень (Народная) - 1 шт,3,data\product_images\4cf28d760792.png,0,1,0,0,1,0,0,1,0,0
Одежда,62GBC500-05,"Шорты мужские Mizuno Daybreakers 8"" - Odyssey Gray",Mizuno,3843 ₽,https://saletennis.com/catalog/product/shorty-muzhskiie-mizuno-daybreakers-8-odyssey-gray-18421/,S: Основной склад Екатеринбург - 1 шт | Санкт-Петербург (Спортивная) - 1 шт | L: Основной склад Екатеринбург - 2 шт | Тюмень (Народная) - 1 шт | XXL: Основной склад Екатеринбург - 1 шт,6,data\product_images\ddcd09d65606.png,0,1,4,0,0,0,0,1,0,0
Одежда,II3606-100,Майка женская Nike Court Advantage - White/Black,Nike,7990 ₽,https://saletennis.com/catalog/product/maika-zhienskaia-nike-court-advantage-white-black-19258/,XS: Санкт-Петербург (Спортивная) - 1 шт | S: Парина - 2 шт | Соболева - 1 шт | Тюмень (Народная) - 1 шт | Ижевск - 1 шт | M: Соболева - 1 шт,7,data\product_images\2267ab494133.png,0,1,0,2,2,0,0,1,0,1
Одежда,FZ6726-527,Юбка женская Nike Advantage Ace - Dusty Amethyst,Nike,7592 ₽,https://saletennis.com/catalog/product/iubka-zhienskaia-nike-advantage-ace-dusty-amethyst-17724/,XS: Парина - 1 шт,1,data\product_images\3811053d7dfb.png,0,0,0,0,1,0,0,0,0,0
Одежда,LS276-010,Лонгслив мужской 7/6 Tony Longsleeve 2.0 - Black,7/6,5990 ₽,https://saletennis.com/catalog/product/longhsliv-muzhskoi-7-6-tony-longsleeve-2-0-black-18810/,S: Санкт-Петербург (Спортивная) - 1 шт | M: Санкт-Петербург (Спортивная) - 1 шт | Соболева - 1 шт | Елизаветенское шоссе - 1 шт | Бисертская - 1 шт | L: Санкт-Петербург (Спортивная) - 1 шт | Соболева - 1 шт | XL: Санкт-Петербург (Спортивная) - 1 шт | Основной склад Екатеринбург - 1 шт | Елизаветенское шоссе - 1 шт | XXL: Санкт-Петербург (Спортивная) - 1 шт,11,data\product_images\8a4a367dad1d.png,0,5,1,2,0,1,2,0,0,0
Одежда,W2580028,Майка женская Bidi Badu Spike - Navy/Pink,Bidi Badu,1990 ₽,https://saletennis.com/catalog/product/maika-zhienskaia-bidi-badu-spike-navy-pink-16367/,XS: Основной склад Екатеринбург - 1 шт | S: Основной склад Екатеринбург - 1 шт | Санкт-Петербург (Спортивная) - 1 шт | M: Санкт-Петербург (Спортивная) - 1 шт | Основной склад Екатеринбург - 1 шт,5,data\product_images\c6d8d64664c8.png,0,2,3,0,0,0,0,0,0,0
Одежда,IB1037-360,Шорты мужские Nike Court Slam 6in - Light Liquid Lime/Mean Green/Black,Nike,11990 ₽,https://saletennis.com/catalog/product/shorty-muzhskiie-nike-court-slam-6in-light-liquid-lime-mean-green-black-18835/,L: Тюмень (Народная) - 1 шт | Санкт-Петербург (Спортивная) - 1 шт | Парина - 1 шт | Ижевск - 1 шт,4,data\product_images\ca86dfaee3a1.jpg,0,1,0,0,1,0,0,1,0,1
Одежда,ET76-4313,Футболка для девочек 7/6 Eva T-shirt 2.0 - Light Blue,7/6,2093 ₽,https://saletennis.com/catalog/product/futbolka-dlia-dievochiek-7-6-eva-t-shirt-2-0-light-blue-17911/,XS: Основной склад Екатеринбург - 1 шт | Уфа - 1 шт | M: Санкт-Петербург (Спортивная) - 1 шт | Уфа - 1 шт | L: Тюмень (Народная) - 1 шт | Основной склад Екатеринбург - 1 шт | Санкт-Петербург (Спортивная) - 1 шт | XL: Основной склад Екатеринбург - 2 шт | Ижевск - 1 шт | Уфа - 1 шт | Тюмень (Народная) - 1 шт,12,data\product_images\b3dedc1bb655.png,0,2,4,0,0,0,0,2,3,1
Одежда,DR10217917460013,Майка женская Diadora Core Tank - Navy/White/Blue Sky,Не определен,2990 ₽,https://saletennis.com/catalog/product/maika-zhienskaia-diadora-core-tank-navy-white-blue-sky-14936/,XS: Основной склад Екатеринбург - 2 шт | S: Основной склад Екатеринбург - 2 шт,4,data\product_images\d11ed263b59b.png,0,0,4,0,0,0,0,0,0,0
Одежда,IB0201-133,Футболка мужская Nike Court Slam T-Shirt - Sail/Dark Hazel,Nike,9192 ₽,https://saletennis.com/catalog/product/futbolka-muzhskaia-nike-court-slam-t-shirt-sail-dark-hazel-19030/,M: Уфа - 1 шт | Санкт-Петербург (Спортивная) - 1 шт | L: Уфа - 1 шт,3,data\product_images\43e2182a1f57.jpg,0,1,0,0,0,0,0,0,2,0
Одежда,MJJ76-4405,Кофта мужская 7/6 Jackie Jacket Men - Dark Grey,7/6,4995 ₽,https://saletennis.com/catalog/product/kofta-muzhskaia-7-6-jackie-jacket-men-dark-grey-17865/,S: Тюмень (Народная) - 1 шт | Основной склад Екатеринбург - 2 шт | Санкт-Петербург (Спортивная) - 1 шт | XL: Основной склад Екатеринбург - 1 шт | Санкт-Петербург (Спортивная) - 1 шт | XXL: Парина - 1 шт | Основной склад Екатеринбург - 2 шт | Санкт-Петербург (Спортивная) - 1 шт | Тюмень (Народная) - 1 шт,11,data\product_images\4b1f44bd07d9.png,0,3,5,0,1,0,0,2,0,0
Одежда,HM6759-100,Толстовка мужская Nike Heritage Hoodie - White/Black,Nike,10990 ₽,https://saletennis.com/catalog/product/tolstovka-muzhskaia-nike-heritage-hoodie-white-black-19219/,XL: Санкт-Петербург (Спортивная) - 1 шт,1,data\product_images\8ba57baca37a.jpg,0,1,0,0,0,0,0,0,0,0
Одежда,HM6759-010,Толстовка мужская Nike Heritage Hoodie - Black/Anthracite,Nike,8792 ₽,https://saletennis.com/catalog/product/tolstovka-muzhskaia-nike-heritage-hoodie-black-anthracite-18110/,M: Парина - 1 шт | Тюмень (Народная) - 1 шт | L: Уфа - 1 шт | XL: Парина - 1 шт | Санкт-Петербург (Спортивная) - 1 шт,5,data\product_images\dea3eac3b23e.jpg,0,1,0,0,2,0,0,1,1,0
Одежда,FZ6928-478,Брюки мужские Nike Heritage - Armory Navy,Nike,5943 ₽,https://saletennis.com/catalog/product/briuki-muzhskiie-nike-heritage-armory-navy-17708/,XL: Парина - 1 шт,1,data\product_images\33987f868eb3.png,0,0,0,0,1,0,0,0,0,0
Одежда,FZ6917-815,Шорты мужские Nike Court Victory 9in - Monarch,Nike,4490 ₽,https://saletennis.com/catalog/product/shorty-muzhskiie-nike-court-victory-9in-monarch-17695/,L: Санкт-Петербург (Спортивная) - 1 шт | Уфа - 1 шт | XL: Санкт-Петербург (Спортивная) - 1 шт,3,data\product_images\d26189fc4174.png,0,2,0,0,0,0,0,0,1,0
Одежда,JP76-4109,Штаны мужские 7/6 Jackie Pants Men - Arona,7/6,5990 ₽,https://saletennis.com/catalog/product/shtany-muzhskiie-7-6-jackie-pants-men-arona-18628/,S: Санкт-Петербург (Спортивная) - 1 шт | M: Тюмень (Народная) - 1 шт | L: Тюмень (Народная) - 1 шт | Ижевск - 1 шт | Санкт-Петербург (Спортивная) - 1 шт | XL: Елизаветенское шоссе - 1 шт | Тюмень (Народная) - 1 шт | Санкт-Петербург (Спортивная) - 1 шт | XXL: Парина - 1 шт | Елизаветенское шоссе - 1 шт | Санкт-Петербург (Спортивная) - 1 шт,11,data\product_images\9f05ecef74a3.png,0,4,0,0,1,0,2,3,0,1
Одежда,II3233-307,Юбка женская Nike Court Slam Tennis Skirt - Mean Green,Nike,8618 ₽,https://saletennis.com/catalog/product/iubka-zhienskaia-nike-court-slam-tennis-skirt-mean-green-18856/,XS: Уфа - 1 шт | S: Уфа - 1 шт | Тюмень (Народная) - 1 шт,3,data\product_images\fa475d6fc196.png,0,0,0,0,0,0,0,1,2,0
Одежда,FD5664-100,Шорты женские Nike Advantage Ball Short - White,Nike,4674 ₽,https://saletennis.com/catalog/product/shorty-zhienskiie-nike-advantage-ball-short-white-16899/,XS: Санкт-Петербург (Спортивная) - 1 шт,1,data\product_images\0495997f5e8c.png,0,1,0,0,0,0,0,0,0,0
Одежда,WJT76-NVBL,Ветровка женская 7/6 Woman Training Jacket - Navy/Blue,7/6,2990 ₽,https://saletennis.com/catalog/product/vietrovka-zhienskaia-7-6-woman-training-jacket-navy-blue-15241/,S: Ижевск - 1 шт | Основной склад Екатеринбург - 2 шт,3,data\product_images\1b1aa8843dbc.png,0,0,2,0,0,0,0,0,0,1
Одежда,WJJ76-4104,Кофта женская 7/6 Jackie Jacket Women - Antarctica,7/6,10990 ₽,https://saletennis.com/catalog/product/kofta-zhienskaia-7-6-jackie-jacket-women-antarctica-18634/,XXS: Санкт-Петербург (Спортивная) - 1 шт | XS: Елизаветенское шоссе - 1 шт | Санкт-Петербург (Спортивная) - 1 шт | S: Елизаветенское шоссе - 1 шт | Санкт-Петербург (Спортивная) - 1 шт | M: Елизаветенское шоссе - 1 шт | L: Елизаветенское шоссе - 1 шт | Санкт-Петербург (Спортивная) - 1 шт | XL: Санкт-Петербург (Спортивная) - 1 шт,9,data\product_images\34e530745a37.png,0,5,0,0,0,0,4,0,0,0
Одежда,MJJ76-4718,Кофта мужская 7/6 Jackie Jacket Men - Hydro,7/6,10990 ₽,https://saletennis.com/catalog/product/kofta-muzhskaia-7-6-jackie-jacket-men-hydro-19376/,S: Елизаветенское шоссе - 1 шт | Санкт-Петербург (Спортивная) - 1 шт | Уфа - 1 шт | M: Тюмень (Народная) - 1 шт | Уфа - 1 шт | Соболева - 1 шт | Елизаветенское шоссе - 1 шт | Санкт-Петербург (Ярослава Гашека) - 1 шт | Парина - 1 шт | Санкт-Петербург (Спортивная) - 1 шт | L: Соболева - 1 шт | Елизаветенское шоссе - 1 шт | Парина - 1 шт | Санкт-Петербург (Спортивная) - 1 шт | Тюмень (Народная) - 1 шт | Санкт-Петербург (Ярослава Гашека) - 1 шт | Уфа - 1 шт | Ижевск - 1 шт | XL: Уфа - 1 шт | Санкт-Петербург (Спортивная) - 1 шт | Санкт-Петербург (Ярослава Гашека) - 1 шт | Соболева - 1 шт | Елизаветенское шоссе - 1 шт | Парина - 1 шт | XXL: Санкт-Петербург (Спортивная) - 1 шт | Соболева - 1 шт | Санкт-Петербург (Ярослава Гашека) - 1 шт | Елизаветенское шоссе - 1 шт,28,data\product_images\6c724bbacf6e.png,4,5,0,4,3,0,5,2,4,1
Одежда,62GBA21564,Шорты женские Mizuno Flex Short - Lilac Chiffon,Mizuno,2790 ₽,https://saletennis.com/catalog/product/shorty-zhienskiie-mizuno-flex-short-lilac-chiffon-16335/,S: Основной склад Екатеринбург - 1 шт | M: Основной склад Екатеринбург - 1 шт,2,data\product_images\944ffb4aa9cd.png,0,0,2,0,0,0,0,0,0,0
Одежда,AT276-1304,Топ женский под платье 7/6 Ana Top 2.0 - Pearl,7/6,2990 ₽,https://saletennis.com/catalog/product/top-zhienskii-pod-plat-ie-7-6-ana-top-2-0-pearl-19391/,XXS: Санкт-Петербург (Спортивная) - 1 шт | XS: Тюмень (Народная) - 2 шт | Санкт-Петербург (Ярослава Гашека) - 1 шт | Соболева - 1 шт | Ижевск - 1 шт | Санкт-Петербург (Спортивная) - 1 шт | Парина - 1 шт | S: Ижевск - 1 шт | Парина - 2 шт | Елизаветенское шоссе - 1 шт | Бисертская - 1 шт | Санкт-Петербург (Спортивная) - 1 шт | Тюмень (Народная) - 1 шт | Санкт-Петербург (Ярослава Гашека) - 1 шт | Основной склад Екатеринбург - 1 шт | Соболева - 1 шт | M: Санкт-Петербург (Спортивная) - 1 шт | Соболева - 1 шт | Елизаветенское шоссе - 1 шт | Ижевск - 1 шт | Парина - 1 шт | Санкт-Петербург (Ярослава Гашека) - 1 шт | Тюмень (Народная) - 4 шт | L: Санкт-Петербург (Спортивная) - 2 шт | Санкт-Петербург (Ярослава Гашека) - 1 шт | XL: Санкт-Петербург (Ярослава Гашека) - 1 шт | Санкт-Петербург (Спортивная) - 1 шт,33,data\product_images\a29a8abe3124.png,5,7,1,3,4,1,2,7,0,3
Одежда,W2300008,Платье женское Bidi Badu Spike - Navy/Pink,Bidi Badu,3490 ₽,https://saletennis.com/catalog/product/plat-ie-zhienskoie-bidi-badu-spike-navy-pink-16364/,XS: Санкт-Петербург (Спортивная) - 1 шт | Основной склад Екатеринбург - 1 шт | S: Санкт-Петербург (Спортивная) - 1 шт | Основной склад Екатеринбург - 4 шт | M: Основной склад Екатеринбург - 2 шт | Санкт-Петербург (Спортивная) - 1 шт,10,data\product_images\f801382d6e75.png,0,3,7,0,0,0,0,0,0,0
Одежда,KSK76-1632,Юбка детская 7/6 Kristy Skirt - Shell Pink,7/6,3990 ₽,https://saletennis.com/catalog/product/iubka-dietskaia-7-6-kristy-skirt-shell-pink-19412/,XS: Санкт-Петербург (Ярослава Гашека) - 1 шт | Тюмень (Народная) - 1 шт | Санкт-Петербург (Спортивная) - 1 шт | S: Соболева - 1 шт | Санкт-Петербург (Ярослава Гашека) - 1 шт | Тюмень (Народная) - 1 шт | Парина - 1 шт | Основной склад Екатеринбург - 1 шт | M: Тюмень (Народная) - 2 шт | Соболева - 1 шт | Парина - 1 шт | Санкт-Петербург (Спортивная) - 1 шт | Санкт-Петербург (Ярослава Гашека) - 1 шт | Основной склад Екатеринбург - 1 шт | Уфа - 1 шт | L: Тюмень (Народная) - 2 шт | Основной склад Екатеринбург - 2 шт | Санкт-Петербург (Спортивная) - 2 шт | Санкт-Петербург (Ярослава Гашека) - 1 шт | Соболева - 1 шт | Парина - 1 шт | Ижевск - 1 шт | Уфа - 1 шт | XL: Парина - 1 шт | Санкт-Петербург (Ярослава Гашека) - 1 шт | Санкт-Петербург (Спортивная) - 1 шт | Соболева - 1 шт | Основной склад Екатеринбург - 1 шт | Уфа - 1 шт,33,data\product_images\888f3c4a53e5.png,5,5,5,4,4,0,0,6,3,1
Одежда,VT76-4201,Футболка мужская 7/6 Victory Cotton T-shirt - Grey,7/6,1995 ₽,https://saletennis.com/catalog/product/futbolka-muzhskaia-7-6-victory-cotton-t-shirt-grey-17879/,S: Тюмень (Народная) - 1 шт | Основной склад Екатеринбург - 4 шт | M: Основной склад Екатеринбург - 3 шт | Тюмень (Народная) - 1 шт | Санкт-Петербург (Спортивная) - 1 шт | XXL: Основной склад Екатеринбург - 1 шт,11,data\product_images\e2daec29fca2.png,0,1,8,0,0,0,0,2,0,0
Одежда,62GBC500-74,"Шорты мужские Mizuno Daybreakers 8"" - White/Citrus",Mizuno,3843 ₽,https://saletennis.com/catalog/product/shorty-muzhskiie-mizuno-daybreakers-8-white-citrus-18422/,M: Основной склад Екатеринбург - 2 шт | L: Основной склад Екатеринбург - 4 шт | XL: Тюмень (Народная) - 1 шт | Санкт-Петербург (Спортивная) - 1 шт,8,data\product_images\2f4a43666079.png,0,1,6,0,0,0,0,1,0,0
Одежда,MD276-4104,Платье женское 7/6 Mari Dress 2.0 - Antarctica,7/6,6990 ₽,https://saletennis.com/catalog/product/plat-ie-zhienskoie-7-6-mari-dress-2-0-antarctica-18635/,S: Соболева - 1 шт | Основной склад Екатеринбург - 1 шт | Ижевск - 1 шт | Парина - 1 шт | M: Ижевск - 1 шт | Основной склад Екатеринбург - 1 шт | Парина - 1 шт | Бисертская - 1 шт | Санкт-Петербург (Спортивная) - 1 шт | L: Санкт-Петербург (Спортивная) - 1 шт | Парина - 2 шт,12,data\product_images\dc0ae196c163.png,0,2,2,1,4,1,0,0,0,2
Одежда,AC-76WH,Кепка 7/6 Adults Cap - White,7/6,2990 ₽,https://saletennis.com/catalog/product/kiepka-7-6-adults-cap-white-13213/,Елизаветенское шоссе: 5 шт | Тюмень: 2 шт | Парина: 5 шт | Уфа: 5 шт | Ижевск: 9 шт | Соболева: 6 шт | Санкт-Петербург (Ярослава Гашека): 2 шт | Санкт-Петербург (Спортивная): 3 шт | Бисертская: 5 шт,42,data\product_images\afaa15d98700.png,2,3,0,6,5,5,5,2,5,9
Одежда,KS76-1215,Юбка женская 7/6 Kris Skirt - Shaved Chocolate,7/6,5990 ₽,https://saletennis.com/catalog/product/iubka-zhienskaia-7-6-kris-skirt-shaved-chocolate-19291/,XXS: Санкт-Петербург (Ярослава Гашека) - 1 шт | Санкт-Петербург (Спортивная) - 1 шт | Тюмень (Народная) - 2 шт | XS: Соболева - 1 шт | Тюмень (Народная) - 1 шт | Санкт-Петербург (Спортивная) - 2 шт | Елизаветенское шоссе - 1 шт | Парина - 1 шт | S: Парина - 2 шт | Соболева - 1 шт | Ижевск - 1 шт | Санкт-Петербург (Спортивная) - 1 шт | Елизаветенское шоссе - 1 шт | Санкт-Петербург (Ярослава Гашека) - 1 шт | Уфа - 1 шт | M: Уфа - 1 шт | Ижевск - 1 шт | Парина - 2 шт | Соболева - 1 шт | Елизаветенское шоссе - 1 шт | Бисертская - 1 шт | Санкт-Петербург (Ярослава Гашека) - 1 шт | Тюмень (Народная) - 1 шт | L: Парина - 1 шт | Соболева - 1 шт | Санкт-Петербург (Ярослава Гашека) - 1 шт | Санкт-Петербург (Спортивная) - 1 шт | XL: Санкт-Петербург (Спортивная) - 1 шт,32,data\product_images\2eabafaf0ecc.png,4,6,0,4,6,1,3,4,2,2
Одежда,62GHC20113,Платье женское Mizuno Frontier Dress - Midnight Navy,Mizuno,4893 ₽,https://saletennis.com/catalog/product/plat-ie-zhienskoie-mizuno-frontier-dress-midnight-navy-18191/,XS: Основной склад Екатеринбург - 1 шт | Соболева - 1 шт,2,data\product_images\af00a2c92067.png,0,0,1,1,0,0,0,0,0,0
Одежда,MTS76-1264,Футболка для мальчиков 7/6 Max T-shirt 2.0 - Bright Orange,7/6,2093 ₽,https://saletennis.com/catalog/product/futbolka-dlia-mal-chikov-7-6-max-t-shirt-2-0-bright-orange-17914/,XS: Основной склад Екатеринбург - 1 шт | Соболева - 1 шт | Уфа - 1 шт | Санкт-Петербург (Спортивная) - 1 шт | S: Уфа - 1 шт | Санкт-Петербург (Спортивная) - 1 шт | Соболева - 1 шт | Бисертская - 1 шт | M: Основной склад Екатеринбург - 1 шт | Уфа - 1 шт | Санкт-Петербург (Спортивная) - 1 шт | Соболева - 1 шт | Тюмень (Народная) - 1 шт | L: Соболева - 1 шт | Уфа - 1 шт | Тюмень (Народная) - 1 шт | Основной склад Екатеринбург - 1 шт | Санкт-Петербург (Спортивная) - 1 шт | XL: Уфа - 1 шт | Ижевск - 1 шт,20,data\product_images\a44959e83fbd.png,0,4,3,4,0,1,0,2,5,1
Одежда,FZ6910-365,Футболка мужская Nike Court Advantage Top - Malachite/White,Nike,5992 ₽,https://saletennis.com/catalog/product/futbolka-muzhskaia-nike-court-advantage-top-malachite-white-19020/,M: Уфа - 1 шт | Ижевск - 1 шт,2,data\product_images\e6105bfd04ed.jpg,0,0,0,0,0,0,0,0,1,1
Одежда,KT76-010,Топ женский 7/6 Kris Top - Black,7/6,4792 ₽,https://saletennis.com/catalog/product/top-zhienskii-7-6-kris-top-black-17109/,XXS: Санкт-Петербург (Спортивная) - 1 шт | XS: Елизаветенское шоссе - 1 шт | Санкт-Петербург (Спортивная) - 1 шт | Тюмень (Народная) - 1 шт | Соболева - 1 шт | Ижевск - 1 шт | Парина - 1 шт | S: Тюмень (Народная) - 1 шт | Основной склад Екатеринбург - 1 шт | Парина - 1 шт | Ижевск - 1 шт | Соболева - 1 шт | Елизаветенское шоссе - 2 шт | M: Уфа - 1 шт | Санкт-Петербург (Спортивная) - 1 шт | Ижевск - 2 шт | Соболева - 1 шт | Елизаветенское шоссе - 2 шт | Тюмень (Народная) - 1 шт | Парина - 1 шт | Бисертская - 1 шт | L: Санкт-Петербург (Спортивная) - 1 шт | Елизаветенское шоссе - 2 шт | XL: Санкт-Петербург (Спортивная) - 1 шт,28,data\product_images\0decab833b45.png,0,5,1,3,3,1,7,3,1,4
Одежда,W214102221,Платье женское Bidi Badu Jala Tech - Red/Blue,Bidi Badu,3490 ₽,https://saletennis.com/catalog/product/plat-ie-zhienskoie-bidi-badu-jala-tech-red-blue-14350/,XS: Основной склад Екатеринбург - 1 шт | M: Санкт-Петербург (Спортивная) - 1 шт,2,data\product_images\8a87ed82938d.png,0,1,1,0,0,0,0,0,0,0
Одежда,MP76-BK,Спортивные штаны мужские 7/6 Man Pants - Black,7/6,3990 ₽,https://saletennis.com/catalog/product/sportivnyie-shtany-muzhskiie-7-6-man-pants-black-15246/,M: Уфа - 1 шт | Ижевск - 1 шт | L: Санкт-Петербург (Спортивная) - 2 шт | Тюмень (Народная) - 2 шт | Соболева - 1 шт | Уфа - 1 шт | Ижевск - 1 шт | Парина - 1 шт | XL: Парина - 1 шт | Тюмень (Народная) - 1 шт | Уфа - 1 шт | Основной склад Екатеринбург - 2 шт | Ижевск - 2 шт | Санкт-Петербург (Спортивная) - 3 шт | XXL: Ижевск - 1 шт | Соболева - 1 шт | Основной склад Екатеринбург - 1 шт | Санкт-Петербург (Спортивная) - 2 шт | Парина - 1 шт,26,data\product_images\0df9497c6084.png,0,7,3,2,3,0,0,3,3,5
Одежда,DR102179115C0013,Майка женская Diadora L. Tank Icon - White,Не определен,2990 ₽,https://saletennis.com/catalog/product/maika-zhienskaia-diadora-l-tank-icon-white-15317/,XS: Основной склад Екатеринбург - 1 шт,1,data\product_images\2c3d6c93d92b.png,0,0,1,0,0,0,0,0,0,0
Одежда,MTS76-1632,Футболка для мальчиков 7/6 Max T-shirt 2.0 - Shell Pink,7/6,2990 ₽,https://saletennis.com/catalog/product/futbolka-dlia-mal-chikov-7-6-max-t-shirt-2-0-shell-pink-19323/,XS: Соболева - 1 шт | Ижевск - 1 шт | Уфа - 1 шт | Парина - 1 шт | Санкт-Петербург (Ярослава Гашека) - 1 шт | Тюмень (Народная) - 1 шт | Санкт-Петербург (Спортивная) - 1 шт | S: Парина - 1 шт | Уфа - 1 шт | Санкт-Петербург (Спортивная) - 1 шт | Санкт-Петербург (Ярослава Гашека) - 1 шт | Тюмень (Народная) - 1 шт | M: Ижевск - 1 шт | Уфа - 1 шт | Санкт-Петербург (Ярослава Гашека) - 1 шт | Санкт-Петербург (Спортивная) - 1 шт | Тюмень (Народная) - 1 шт | L: Уфа - 1 шт | Соболева - 1 шт | Основной склад Екатеринбург - 2 шт | Санкт-Петербург (Ярослава Гашека) - 1 шт | Тюмень (Народная) - 1 шт | Санкт-Петербург (Спортивная) - 1 шт | XL: Основной склад Екатеринбург - 1 шт | Санкт-Петербург (Ярослава Гашека) - 1 шт | Уфа - 1 шт | Ижевск - 1 шт | Соболева - 1 шт | Санкт-Петербург (Спортивная) - 1 шт | Тюмень (Народная) - 1 шт | Парина - 1 шт,32,data\product_images\b4b651b3138c.png,5,5,3,3,3,0,0,5,5,3
Одежда,WT76-100,Футболка женская 7/6 Alice T-shirt - White,7/6,3192 ₽,https://saletennis.com/catalog/product/futbolka-zhienskaia-7-6-alice-t-shirt-white-17112/,XXS: Санкт-Петербург (Спортивная) - 1 шт | Бисертская - 1 шт | Соболева - 1 шт | XS: Парина - 1 шт | Санкт-Петербург (Спортивная) - 1 шт | Бисертская - 1 шт | Елизаветенское шоссе - 1 шт | Соболева - 1 шт | S: Парина - 1 шт | Елизаветенское шоссе - 1 шт | Соболева - 1 шт | M: Санкт-Петербург (Спортивная) - 1 шт | Парина - 1 шт | L: Санкт-Петербург (Спортивная) - 1 шт | XL: Соболева - 1 шт | Санкт-Петербург (Спортивная) - 1 шт,16,data\product_images\829f67d2f702.png,0,5,0,4,3,2,2,0,0,0
Одежда,MTL76-4109,Футболка мужская 7/6 Loddy T-Shirt 2.0 - Arona,7/6,3990 ₽,https://saletennis.com/catalog/product/futbolka-muzhskaia-7-6-loddy-t-shirt-2-0-arona-18618/,M: Соболева - 1 шт | Тюмень (Народная) - 2 шт,3,data\product_images\627d5eeeaf30.png,0,0,0,1,0,0,0,2,0,0
Одежда,62GAC700-44,Футболка женская Mizuno Daybreakers Printed - Lemon Tonic,Mizuno,2793 ₽,https://saletennis.com/catalog/product/futbolka-zhienskaia-mizuno-daybreakers-printed-lemon-tonic-18415/,M: Основной склад Екатеринбург - 1 шт,1,data\product_images\0bc1d05d47bd.png,0,0,1,0,0,0,0,0,0,0
Одежда,WSA76-100,Шорты женские 7/6 Alex Shorts - White,7/6,4392 ₽,https://saletennis.com/catalog/product/shorty-zhienskiie-7-6-alex-shorts-white-17127/,XXS: Санкт-Петербург (Спортивная) - 1 шт | Основной склад Екатеринбург - 1 шт | Уфа - 1 шт | Тюмень (Народная) - 1 шт | XS: Тюмень (Народная) - 1 шт | Санкт-Петербург (Спортивная) - 1 шт | S: Тюмень (Народная) - 1 шт | Санкт-Петербург (Спортивная) - 1 шт | M: Парина - 1 шт | Тюмень (Народная) - 1 шт | Санкт-Петербург (Спортивная) - 1 шт | L: Бисертская - 1 шт | Санкт-Петербург (Спортивная) - 1 шт | Тюмень (Народная) - 1 шт | Соболева - 1 шт | XL: Санкт-Петербург (Спортивная) - 1 шт,16,data\product_images\92248f3a261e.png,0,6,1,1,1,1,0,5,1,0
Одежда,FZ6512-499,Юбка женская Nike Court Ace Skirt - World Indigo,Nike,8632 ₽,https://saletennis.com/catalog/product/iubka-zhienskaia-nike-court-ace-skirt-world-indigo-18103/,XS: Санкт-Петербург (Спортивная) - 1 шт,1,data\product_images\0379ce81daee.png,0,1,0,0,0,0,0,0,0,0
Одежда,62GAC502-93,Поло мужское Mizuno Daybreakers Shadow - Black/Grape Leaf,Mizuno,3990 ₽,https://saletennis.com/catalog/product/polo-muzhskoie-mizuno-daybreakers-shadow-black-grape-leaf-18402/,S: Тюмень (Народная) - 1 шт | L: Тюмень (Народная) - 1 шт | XL: Основной склад Екатеринбург - 1 шт,3,data\product_images\d2454c23addf.png,0,0,1,0,0,0,0,2,0,0
Одежда,62GAC20230,Майка женская Mizuno Frontier Tank - Bay,Mizuno,2933 ₽,https://saletennis.com/catalog/product/maika-zhienskaia-mizuno-frontier-tank-bay-18193/,XS: Основной склад Екатеринбург - 1 шт | S: Основной склад Екатеринбург - 1 шт | M: Основной склад Екатеринбург - 2 шт | L: Основной склад Екатеринбург - 1 шт,5,data\product_images\481a70c854ad.png,0,0,5,0,0,0,0,0,0,0
Одежда,FZ6917-795,Шорты мужские Nike Court Victory 9in - Topaz Gold/White,Nike,5243 ₽,https://saletennis.com/catalog/product/shorty-muzhskiie-nike-court-victory-9in-topaz-gold-white-17382/,L: Уфа - 1 шт | Тюмень (Народная) - 1 шт | XL: Уфа - 1 шт,3,data\product_images\7f4da56ef944.png,0,0,0,0,0,0,0,1,2,0
Одежда,II2602-503,Майка женская Nike Court Slam - Light Magenta/Tattoo/Black,Nike,8990 ₽,https://saletennis.com/catalog/product/maika-zhienskaia-nike-court-slam-light-magenta-tattoo-black-19231/,XS: Санкт-Петербург (Спортивная) - 1 шт | Тюмень (Народная) - 1 шт | S: Уфа - 1 шт | Ижевск - 1 шт | Парина - 1 шт | L: Санкт-Петербург (Спортивная) - 1 шт,6,data\product_images\19db995b13c1.png,0,2,0,0,1,0,0,1,1,1
Одежда,MTL76-1316,Футболка мужская 7/6 Loddy T-Shirt 2.0 - Antarctica/Arona,7/6,4490 ₽,https://saletennis.com/catalog/product/futbolka-muzhskaia-7-6-loddy-t-shirt-2-0-antarctica-arona-18612/,S: Соболева - 1 шт | M: Тюмень (Народная) - 1 шт | Бисертская - 1 шт | Основной склад Екатеринбург - 1 шт | Уфа - 1 шт | XXL: Ижевск - 1 шт,6,data\product_images\89a4b82a7228.png,0,0,1,1,0,1,0,1,1,1
Одежда,IB1037-475,Шорты мужские Nike Court Slam 6in - Dark Obsidian/Sapphire/White,Nike,9592 ₽,https://saletennis.com/catalog/product/shorty-muzhskiie-nike-court-slam-6in-dark-obsidian-sapphire-white-18834/,L: Уфа - 1 шт | Тюмень (Народная) - 1 шт | Парина - 1 шт | XL: Санкт-Петербург (Спортивная) - 1 шт,4,data\product_images\88a1cf0a675a.jpg,0,1,0,0,1,0,0,1,1,0
Одежда,62GAC00309,Футболка мужская Mizuno Frontier Shadow Graphic Tee - Black,Mizuno,3353 ₽,https://saletennis.com/catalog/product/futbolka-muzhskaia-mizuno-frontier-shadow-graphic-tee-black-18183/,M: Санкт-Петербург (Спортивная) - 1 шт,1,data\product_images\6dd6ff3ee5e8.png,0,1,0,0,0,0,0,0,0,0
Одежда,II3472-007,Юбка женская Nike Court Slam High-Waisted Skirt - Steam/Black Spruce/Black,Nike,10990 ₽,https://saletennis.com/catalog/product/iubka-zhienskaia-nike-court-slam-high-waisted-skirt-steam-black-spruce-black-19264/,XS: Санкт-Петербург (Спортивная) - 1 шт | Соболева - 1 шт | S: Соболева - 1 шт | Парина - 1 шт | Ижевск - 1 шт | L: Парина - 1 шт,6,data\product_images\6fb62df3c4e4.png,0,1,0,2,2,0,0,0,0,1
Одежда,FB6443-010,Козырек Nike ADV Ace Visor - Black,Nike,3490 ₽,https://saletennis.com/catalog/product/kozyriek-nike-adv-ace-visor-black-16374/,S/M: Ижевск - 1 шт | Санкт-Петербург (Спортивная) - 1 шт | Бисертская - 2 шт | Соболева - 2 шт | Уфа - 1 шт | M/L: Уфа - 1 шт | Санкт-Петербург (Спортивная) - 1 шт | Тюмень (Народная) - 1 шт,10,data\product_images\9dbf0eac1f79.png,0,2,0,2,0,2,0,1,2,1
Одежда,ET76-1265,Футболка для девочек 7/6 Eva T-shirt 2.0 - Pink Blossom,7/6,2093 ₽,https://saletennis.com/catalog/product/futbolka-dlia-dievochiek-7-6-eva-t-shirt-2-0-pink-blossom-17912/,S: Уфа - 1 шт | Санкт-Петербург (Спортивная) - 1 шт | M: Уфа - 1 шт | Основной склад Екатеринбург - 1 шт | Соболева - 1 шт | Санкт-Петербург (Спортивная) - 1 шт | L: Соболева - 1 шт | Уфа - 1 шт | XL: Соболева - 1 шт | Уфа - 1 шт | Санкт-Петербург (Спортивная) - 1 шт,11,data\product_images\1445c71b2956.png,0,3,1,3,0,0,0,0,4,0
Одежда,AT276-1215,Топ женский под платье 7/6 Ana Top 2.0 - Shaved Chocolate,7/6,2990 ₽,https://saletennis.com/catalog/product/top-zhienskii-pod-plat-ie-7-6-ana-top-2-0-shaved-chocolate-19392/,XXS: Санкт-Петербург (Спортивная) - 1 шт | XS: Санкт-Петербург (Ярослава Гашека) - 1 шт | Елизаветенское шоссе - 1 шт | Парина - 1 шт | Санкт-Петербург (Спортивная) - 1 шт | Тюмень (Народная) - 3 шт | S: Тюмень (Народная) - 3 шт | Соболева - 1 шт | Санкт-Петербург (Ярослава Гашека) - 1 шт | Санкт-Петербург (Спортивная) - 1 шт | Парина - 1 шт | Ижевск - 1 шт | Бисертская - 1 шт | M: Парина - 1 шт | Соболева - 1 шт | Санкт-Петербург (Ярослава Гашека) - 1 шт | Санкт-Петербург (Спортивная) - 1 шт | Тюмень (Народная) - 2 шт | Елизаветенское шоссе - 1 шт | Ижевск - 1 шт | L: Санкт-Петербург (Спортивная) - 1 шт | Санкт-Петербург (Ярослава Гашека) - 1 шт | XL: Санкт-Петербург (Ярослава Гашека) - 1 шт | Санкт-Петербург (Спортивная) - 1 шт,29,data\product_images\c17ac9c5b1d4.png,5,6,0,2,3,1,2,8,0,2
Одежда,KSK76-0116,Юбка детская 7/6 Kristy Skirt - Light Green/Lavander,7/6,2793 ₽,https://saletennis.com/catalog/product/iubka-dietskaia-7-6-kristy-skirt-light-green-lavander-18143/,S: Санкт-Петербург (Спортивная) - 1 шт | M: Основной склад Екатеринбург - 2 шт | Соболева - 1 шт | Санкт-Петербург (Спортивная) - 1 шт | L: Тюмень (Народная) - 2 шт | Санкт-Петербург (Спортивная) - 1 шт | Соболева - 1 шт | Уфа - 1 шт | Основной склад Екатеринбург - 2 шт | XL: Основной склад Екатеринбург - 3 шт | Санкт-Петербург (Спортивная) - 1 шт | Соболева - 1 шт | Тюмень (Народная) - 1 шт | Уфа - 1 шт,19,data\product_images\6c3a15216058.png,0,4,7,3,0,0,0,3,2,0
Одежда,WSA76-3612,Шорты женские 7/6 Alex Shorts - Lavander haze/Pink,7/6,2745 ₽,https://saletennis.com/catalog/product/shorty-zhienskiie-7-6-alex-shorts-lavander-haze-pink-17943/,XXS: Основной склад Екатеринбург - 1 шт | Санкт-Петербург (Спортивная) - 1 шт | XS: Санкт-Петербург (Спортивная) - 2 шт | Основной склад Екатеринбург - 2 шт | S: Основной склад Екатеринбург - 1 шт,7,data\product_images\17f31c778244.png,0,3,4,0,0,0,0,0,0,0
Одежда,62GAC501-66,Футболка мужская Mizuno Daybreakers Graphic - Vibrant Red,Mizuno,3493 ₽,https://saletennis.com/catalog/product/futbolka-muzhskaia-mizuno-daybreakers-graphic-vibrant-red-18408/,S: Соболева - 1 шт | XL: Соболева - 1 шт,2,data\product_images\3f0ac4d40f03.png,0,0,0,2,0,0,0,0,0,0
Одежда,62GBB701-41,Юбка женская Mizuno Mugen Flying Skirt - Neo Lime,Mizuno,3490 ₽,https://saletennis.com/catalog/product/iubka-zhienskaia-mizuno-mugen-flying-skirt-neo-lime-17467/,S: Основной склад Екатеринбург - 1 шт,1,data\product_images\0a3cee8dfd7f.png,0,0,1,0,0,0,0,0,0,0
Одежда,IB1028-006,Поло мужское Nike Court Slam Tennis Polo - Steam/Barely Green/Black,Nike,13490 ₽,https://saletennis.com/catalog/product/polo-muzhskoie-nike-court-slam-tennis-polo-steam-barely-green-black-19236/,S: Парина - 1 шт | L: Санкт-Петербург (Спортивная) - 1 шт | Соболева - 1 шт | Тюмень (Народная) - 1 шт | XL: Санкт-Петербург (Спортивная) - 1 шт,5,data\product_images\60020ea17a85.jpg,0,2,0,1,1,0,0,1,0,0
Одежда,AT276-0205,Топ женский под платье 7/6 Ana Top 2.0 - Cream,7/6,2392 ₽,https://saletennis.com/catalog/product/top-zhienskii-pod-plat-ie-7-6-ana-top-2-0-cream-17930/,XXS: Основной склад Екатеринбург - 3 шт | XS: Санкт-Петербург (Спортивная) - 2 шт | Основной склад Екатеринбург - 4 шт | S: Санкт-Петербург (Спортивная) - 1 шт | L: Санкт-Петербург (Спортивная) - 1 шт | XL: Санкт-Петербург (Спортивная) - 1 шт,12,data\product_images\5bcd2d4c2f8c.png,0,5,7,0,0,0,0,0,0,0
Одежда,FD5380-415,"Шорты мужские Nike Court Victory 7"" Short - Blue Force/White",Nike,4990 ₽,https://saletennis.com/catalog/product/shorty-muzhskiie-nike-court-victory-7-short-blue-force-white-18469/,M: Санкт-Петербург (Спортивная) - 1 шт,1,data\product_images\960924cbc702.png,0,1,0,0,0,0,0,0,0,0
Одежда,II3469-006,Юбка женская Nike Court Slam High-Waisted Skirt - Steam/Black,Nike,10990 ₽,https://saletennis.com/catalog/product/iubka-zhienskaia-nike-court-slam-high-waisted-skirt-steam-black-19265/,S: Тюмень (Народная) - 1 шт | Соболева - 1 шт | M: Уфа - 1 шт | L: Тюмень (Народная) - 1 шт,4,data\product_images\baf88794805f.png,0,0,0,1,0,0,0,2,1,0
Одежда,MTL76-1319,Футболка мужская 7/6 Loddy T-Shirt 2.0 - Antarctica/Ebony,7/6,4490 ₽,https://saletennis.com/catalog/product/futbolka-muzhskaia-7-6-loddy-t-shirt-2-0-antarctica-ebony-18617/,S: Парина - 1 шт | Тюмень (Народная) - 1 шт | Основной склад Екатеринбург - 1 шт | M: Тюмень (Народная) - 1 шт | Основной склад Екатеринбург - 1 шт | Уфа - 1 шт | Соболева - 1 шт | L: Ижевск - 1 шт,8,data\product_images\790609e835fb.png,0,0,2,1,1,0,0,2,1,1
Одежда,FZ6509-323,Брюки женские Nike Court Heritage Windrunner - Fir,Nike,11490 ₽,https://saletennis.com/catalog/product/briuki-zhienskiie-nike-court-heritage-windrunner-fir-18472/,XS: Санкт-Петербург (Спортивная) - 1 шт | M: Санкт-Петербург (Спортивная) - 1 шт,2,data\product_images\36134feb472b.png,0,2,0,0,0,0,0,0,0,0
Одежда,KS76-2520,Юбка женская 7/6 Kris Skirt - Potent Purple,7/6,5490 ₽,https://saletennis.com/catalog/product/iubka-zhienskaia-7-6-kris-skirt-potent-purple-18600/,S: Тюмень (Народная) - 1 шт | M: Ижевск - 1 шт | Тюмень (Народная) - 1 шт | Бисертская - 1 шт | L: Ижевск - 1 шт | Елизаветенское шоссе - 1 шт | XL: Санкт-Петербург (Спортивная) - 1 шт,7,data\product_images\a75bc16a410b.png,0,1,0,0,0,1,1,2,0,2
Одежда,W1390011,Юбка женская Bidi Badu Spike Printed - Lilac/Pink,Bidi Badu,1990 ₽,https://saletennis.com/catalog/product/iubka-zhienskaia-bidi-badu-spike-printed-lilac-pink-16387/,XS: Основной склад Екатеринбург - 1 шт | M: Основной склад Екатеринбург - 1 шт,2,data\product_images\21f4376bd0f7.png,0,0,2,0,0,0,0,0,0,0
Одежда,HQ2994-641,Футболка женская Court Advantage Pro T-Shirt - Peony/White,Не определен,7990 ₽,https://saletennis.com/catalog/product/futbolka-zhienskaia-court-advantage-pro-t-shirt-peony-white-19220/,XS: Санкт-Петербург (Спортивная) - 1 шт | M: Санкт-Петербург (Спортивная) - 1 шт,2,data\product_images\a88c80c06a3d.png,0,2,0,0,0,0,0,0,0,0
Одежда,FZ6910-478,Футболка мужская Nike Court Advantage Top - Armory Navy/White,Nike,7990 ₽,https://saletennis.com/catalog/product/futbolka-muzhskaia-nike-court-advantage-top-armory-navy-white-19222/,M: Ижевск - 1 шт | Парина - 1 шт | XL: Парина - 1 шт,3,data\product_images\3d869a407b3b.jpg,0,0,0,0,2,0,0,0,0,1
Одежда,62GAB701-24,Майка женская Mizuno Mugen Printed Tank - Mgen Blue,Mizuno,3490 ₽,https://saletennis.com/catalog/product/maika-zhienskaia-mizuno-mugen-printed-tank-mgen-blue-17460/,XS: Санкт-Петербург (Спортивная) - 1 шт | S: Санкт-Петербург (Спортивная) - 1 шт | Основной склад Екатеринбург - 1 шт | M: Санкт-Петербург (Спортивная) - 1 шт | Соболева - 1 шт,5,data\product_images\57aedf3edbe5.png,0,3,1,1,0,0,0,0,0,0
Одежда,FD5384-010,"Шорты мужские Nike Court Victory 9"" Short - Black",Nike,6490 ₽,https://saletennis.com/catalog/product/shorty-muzhskiie-nike-court-victory-9-short-black-15883/,S: Соболева - 1 шт | L: Уфа - 1 шт | Санкт-Петербург (Спортивная) - 1 шт | Ижевск - 1 шт | XL: Бисертская - 1 шт | Ижевск - 1 шт | Уфа - 1 шт | XXL: Соболева - 1 шт,8,data\product_images\98dd7b3501df.png,0,1,0,2,0,1,0,0,2,2
Одежда,62GAC501-05,Футболка мужская Mizuno Daybreakers Graphic - Odyssey Gray,Mizuno,3493 ₽,https://saletennis.com/catalog/product/futbolka-muzhskaia-mizuno-daybreakers-graphic-odyssey-gray-18407/,M: Соболева - 1 шт | Санкт-Петербург (Спортивная) - 1 шт,2,data\product_images\1c70421c84a1.png,0,1,0,1,0,0,0,0,0,0
Одежда,II2880-736,Майка женская Nike Court Slam - Light Lemon Twist/Black,Nike,7693 ₽,https://saletennis.com/catalog/product/maika-zhienskaia-nike-court-slam-light-lemon-twist-black-18848/,XS: Парина - 1 шт,1,data\product_images\2d3ebcca9b26.png,0,0,0,0,1,0,0,0,0,0
Обувь,DV2018-001,Кроссовки мужские Nike Court Vapor Light 2 - Black/White,Nike,9093 ₽,https://saletennis.com/catalog/product/krossovki-muzhskiie-nike-court-vapor-light-2-black-white-16210/,"42,5: Бисертская - 1 пар | Парина - 1 пар",2,data\product_images\945456b4c6d2.png,0,0,0,0,1,1,0,0,0,0
Обувь,273414-BBWH,Кроссовки мужские Head Sprint Team 3.5 Clay - Blueberry/White,Head,7490 ₽,https://saletennis.com/catalog/product/krossovki-muzhskiie-head-sprint-team-3-5-clay-blueberry-white-15658/,"42,5: Бисертская - 1 пар | 43: Тюмень - 1 пар | Соболева - 1 пар | 44: Бисертская - 1 пар",4,data\product_images\cda45cf75b51.png,0,0,0,1,0,2,0,1,0,0
Обувь,TS76-4939,Кроссовки женские 7/6 Marble 2.0 - Blue Blossom,7/6,6990 ₽,https://saletennis.com/catalog/product/krossovki-zhienskiie-7-6-marble-2-0-blue-blossom-18246/,35: Уфа - 1 пар | Санкт-Петербург (Спортивная) - 1 пар | 36: Санкт-Петербург (Ярослава Гашека) - 1 пар | Санкт-Петербург (Спортивная) - 1 пар | Уфа - 1 пар | 37: Ижевск - 1 пар | Санкт-Петербург (Ярослава Гашека) - 1 пар | Парина - 1 пар | Уфа - 1 пар | 39: Ижевск - 1 пар | Елизаветенское шоссе - 1 пар | 40: Парина - 1 пар,12,data\product_images\919b9a79484f.png,2,2,0,0,2,0,1,0,3,2
Обувь,TS76-BKWH,Кроссовки женские 7/6 - Marble 2.0 - Black/White,7/6,6990 ₽,https://saletennis.com/catalog/product/krossovki-zhienskiie-7-6-marble-2-0-black-white-17061/,35: Бисертская - 1 пар,1,data\product_images\5e61399b80b6.png,0,0,0,0,0,1,0,0,0,0
Обувь,FV5554-301,Кроссовки женские Nike Court Air Zoom Vapor 12 HC - Barely Green/Coconut Milk/Steam,Nike,20490 ₽,https://saletennis.com/catalog/product/krossovki-zhienskiie-nike-court-air-zoom-vapor-12-hc-barely-green-coconut-milk-steam-19203/,"39: Тюмень (Народная) - 1 пар | 40: Уфа - 1 пар | Санкт-Петербург (Спортивная) - 1 пар | Парина - 1 пар | 40,5: Бисертская - 1 пар | Санкт-Петербург (Спортивная) - 1 пар | 41: Санкт-Петербург (Спортивная) - 1 пар | Парина - 1 пар",8,data\product_images\016d976abcd1.png,0,3,0,0,2,1,0,1,1,0
Обувь,FV5554-400,Кроссовки женские Nike Court Air Zoom Vapor 12 HC - Blue Beyond/Glacier Blue/Light Lemon,Nike,14693 ₽,https://saletennis.com/catalog/product/krossovki-zhienskiie-nike-court-air-zoom-vapor-12-hc-blue-beyond-glacier-blue-light-lemon-17348/,39: Соболева - 1 пар,1,data\product_images\764a4ac2505c.png,0,0,0,1,0,0,0,0,0,0
Обувь,TACLS2501C,Кроссовки женские Joma Ace Lady Clay - Black,Joma,9992 ₽,https://saletennis.com/catalog/product/krossovki-zhienskiie-joma-ace-lady-clay-black-17616/,38: Тюмень (Народная) - 1 пар | Тюмень - 1 пар,2,data\product_images\a00c6148dd8c.png,0,0,0,0,0,0,0,2,0,0
Обувь,JMATW2604C,Кроссовки детские Joma Master 1000 Junior Clay - Royal/Blue,Joma,3992 ₽,https://saletennis.com/catalog/product/krossovki-dietskiie-joma-master-1000-junior-clay-royal-blue-19417/,36: Тюмень (Народная) - 1 пар | 37: Парина - 1 пар | Тюмень (Народная) - 1 пар | 38: Парина - 1 пар | 39: Тюмень (Народная) - 1 пар | Соболева - 1 пар | Санкт-Петербург (Спортивная) - 1 пар,7,data\product_images\c59dde71a295.png,0,1,0,1,2,0,0,3,0,0
Обувь,TS76-WHBK,Кроссовки женские 7/6 - Marble 2.0 - White/Black,7/6,6990 ₽,https://saletennis.com/catalog/product/krossovki-zhienskiie-7-6-marble-2-0-white-black-17062/,35: Парина - 1 пар | Бисертская - 1 пар | Ижевск - 1 пар,3,data\product_images\1f655e081352.png,0,0,0,0,1,1,0,0,0,1
Обувь,FZ2158-700,Кроссовки женские Nike Vapor Pro 3 HC - Volt Tint/Sapphire/Lab Green,Nike,17490 ₽,https://saletennis.com/catalog/product/krossovki-zhienskiie-nike-vapor-pro-3-hc-volt-tint-sapphire-lab-green-19014/,"38,5: Соболева - 1 пар | 40,5: Парина - 1 пар",2,data\product_images\c2c70145270a.png,0,0,0,1,1,0,0,0,0,0
Обувь,274246-LBDB,Кроссовки женские Head Revolt Pro 5.0 - Light Blue/Dark Blue,Head,12952 ₽,https://saletennis.com/catalog/product/krossovki-zhienskiie-head-revolt-pro-5-0-light-blue-dark-blue-18563/,"38,5: Соболева - 2 пар",2,data\product_images\4f92871a295e.png,0,0,0,2,0,0,0,0,0,0
Обувь,275505-DBRD,Кроссовки детские Head Sprint Velcro 4.0 - Dark Blue/Red,Head,5243 ₽,https://saletennis.com/catalog/product/krossovki-dietskiie-head-sprint-velcro-4-0-dark-blue-red-17414/,"27: Парина - 1 пар | 27,5: Парина - 1 пар | Санкт-Петербург (Спортивная) - 1 пар",3,data\product_images\f25c1590a4f6.png,0,1,0,0,2,0,0,0,0,0
Обувь,IQ5176-700,Кроссовки женские Nike Zoom GP Challenge 1.5 Premium HC - Volt Tint/Lab Green/White/Sapphire,Nike,20490 ₽,https://saletennis.com/catalog/product/krossovki-zhienskiie-nike-zoom-gp-challenge-1-5-premium-hc-volt-tint-lab-green-white-sapphire-19036/,39: Уфа - 1 пар,1,data\product_images\91cf993c551a.png,0,0,0,0,0,0,0,0,1,0
Обувь,HQ6027-501,Кроссовки женские Nike Court Air Zoom Vapor 12 Clay - Sapphire/Black/Light Thistle,Nike,20490 ₽,https://saletennis.com/catalog/product/krossovki-zhienskiie-nike-court-air-zoom-vapor-12-clay-sapphire-black-light-thistle-19021/,"37,5: Парина - 1 пар | 38: Парина - 1 пар | Санкт-Петербург (Спортивная) - 1 пар | 38,5: Ижевск - 1 пар | 39: Парина - 1 пар | Санкт-Петербург (Спортивная) - 2 пар | 40: Бисертская - 1 пар | 41: Бисертская - 1 пар | Парина - 1 пар",10,data\product_images\516e05ced407.png,0,3,0,0,4,2,0,0,0,1
Обувь,FZ2155-001,Кроссовки мужские Nike Court Vapor Lite 3 HC - Black/White,Nike,8993 ₽,https://saletennis.com/catalog/product/krossovki-muzhskiie-nike-court-vapor-lite-3-hc-black-white-17353/,"42: Соболева - 1 пар | Парина - 1 пар | Уфа - 2 пар | Тюмень (Народная) - 2 пар | Санкт-Петербург (Спортивная) - 1 пар | Ижевск - 1 пар | 42,5: Санкт-Петербург (Спортивная) - 1 пар | Бисертская - 1 пар | Уфа - 1 пар | Ижевск - 1 пар | Соболева - 1 пар | Тюмень (Народная) - 3 пар | 43: Соболева - 1 пар | Уфа - 2 пар | Ижевск - 2 пар | Бисертская - 1 пар | Санкт-Петербург (Спортивная) - 2 пар | 44: Тюмень (Народная) - 2 пар | Соболева - 1 пар | Уфа - 3 пар | Санкт-Петербург (Спортивная) - 1 пар | Парина - 2 пар | Ижевск - 2 пар | 44,5: Тюмень (Народная) - 1 пар | Парина - 1 пар | Уфа - 1 пар | Бисертская - 1 пар | Соболева - 1 пар | 45: Бисертская - 1 пар | Парина - 2 пар | Уфа - 1 пар | 45,5: Парина - 1 пар | Тюмень (Народная) - 1 пар",46,data\product_images\05ade6f4ea4d.png,0,5,0,5,7,4,0,9,10,6
Обувь,TACLS2515C,Кроссовки женские Joma Ace Lady Clay - Light Green/Grey,Joma,9368 ₽,https://saletennis.com/catalog/product/krossovki-zhienskiie-joma-ace-lady-clay-light-green-grey-17617/,38: Ижевск - 1 пар | 39: Бисертская - 1 пар | Тюмень (Народная) - 1 пар,3,data\product_images\13fa284ea301.png,0,0,0,0,0,1,0,1,0,1
Обувь,HQ6026-403,Кроссовки мужские Nike Court Air Zoom Vapor 12 Clay - University Blue/Midnight Navy,Nike,20490 ₽,https://saletennis.com/catalog/product/krossovki-muzhskiie-nike-court-air-zoom-vapor-12-clay-university-blue-midnight-navy-19015/,"41: Парина - 1 пар | 42: Санкт-Петербург (Спортивная) - 1 пар | 42,5: Уфа - 1 пар | Ижевск - 1 пар | 43: Уфа - 1 пар | Парина - 1 пар | Санкт-Петербург (Спортивная) - 1 пар | 44: Парина - 1 пар | Санкт-Петербург (Спортивная) - 1 пар | Уфа - 1 пар | 44,5: Парина - 1 пар | Санкт-Петербург (Спортивная) - 1 пар | 45: Санкт-Петербург (Спортивная) - 1 пар | Парина - 1 пар | 45,5: Парина - 1 пар",15,data\product_images\70574bb015f4.png,0,5,0,0,6,0,0,0,3,1
Обувь,KSL-205,Кроссовки детские 7/6 Leafy - Lemon,7/6,5990 ₽,https://saletennis.com/catalog/product/krossovki-dietskiie-7-6-leafy-lemon-18342/,35: Тюмень (Народная) - 1 пар | 36: Санкт-Петербург (Ярослава Гашека) - 1 пар | Ижевск - 1 пар | Уфа - 1 пар | Санкт-Петербург (Спортивная) - 1 пар | Парина - 2 пар | 37: Уфа - 1 пар | Тюмень (Народная) - 1 пар | Соболева - 1 пар | Санкт-Петербург (Спортивная) - 1 пар | Санкт-Петербург (Ярослава Гашека) - 1 пар | Парина - 1 пар | 38: Санкт-Петербург (Ярослава Гашека) - 1 пар | Уфа - 1 пар | Соболева - 1 пар | Парина - 2 пар | Санкт-Петербург (Спортивная) - 1 пар,19,data\product_images\891a3c18dbd6.png,3,3,0,2,5,0,0,2,3,1
Обувь,TS101001-WHBK,Кроссовки Seven Six Sprint - White/Black,Seven Six,3990 ₽,https://saletennis.com/catalog/product/krossovki-seven-six-sprint-white-black-15536/,44: Парина - 1 пар | Соболева - 1 пар | Уфа - 1 пар | 45: Санкт-Петербург (Спортивная) - 1 пар | Бисертская - 1 пар | 46: Санкт-Петербург (Спортивная) - 1 пар,6,data\product_images\4915bfb6920b.png,0,2,0,1,1,1,0,0,1,0
Обувь,273425-NVLI,Кроссовки мужские Head Sprint Team 4.0 - Navy/Lime,Head,8393 ₽,https://saletennis.com/catalog/product/krossovki-muzhskiie-head-sprint-team-4-0-navy-lime-16982/,"44,5: Уфа - 1 пар",1,data\product_images\ecfb4e6ab9ad.png,0,0,0,0,0,0,0,0,1,0
Обувь,IB2534-100,Кроссовки мужские Nike Court Air Zoom Vapor 12 HC - White/Hot Lava,Nike,15990 ₽,https://saletennis.com/catalog/product/krossovki-muzhskiie-nike-court-air-zoom-vapor-12-hc-white-hot-lava-18819/,"42,5: Санкт-Петербург (Спортивная) - 1 пар | Парина - 1 пар | Ижевск - 1 пар",3,data\product_images\bc17d9044106.png,0,1,0,0,1,0,0,0,0,1
Обувь,TSETS2501C,Кроссовки мужские Joma T.Set Clay - Black/Turquose,Joma,5618 ₽,https://saletennis.com/catalog/product/krossovki-muzhskiie-joma-t-set-clay-black-turquose-17504/,"42,5: Парина - 1 пар | 43,5: Парина - 1 пар",2,data\product_images\bccf0b32e8e4.png,0,0,0,0,2,0,0,0,0,0
Обувь,AR8851-101,Кроссовки детские Nike Vapor X Junior - White/Volt/Black,Nike,11990 ₽,https://saletennis.com/catalog/product/krossovki-dietskiie-nike-vapor-x-junior-white-volt-black-9750/,"33,5: Уфа - 1 пар | 36,5: Санкт-Петербург (Спортивная) - 1 пар | 38: Соболева - 1 пар",3,data\product_images\7550f123733e.jpg,0,1,0,1,0,0,0,0,1,0
Обувь,FZ2161-002,Кроссовки мужские Nike Vapor Pro 3 HC - Black,Nike,18990 ₽,https://saletennis.com/catalog/product/krossovki-muzhskiie-nike-vapor-pro-3-hc-black-17683/,"41: Парина - 1 пар | 42: Уфа - 1 пар | Парина - 1 пар | Санкт-Петербург (Спортивная) - 1 пар | Соболева - 1 пар | Ижевск - 1 пар | 42,5: Парина - 1 пар | Ижевск - 1 пар | Бисертская - 1 пар | Уфа - 1 пар | Соболева - 2 пар | Тюмень (Народная) - 1 пар | Санкт-Петербург (Спортивная) - 2 пар | 43: Парина - 1 пар | Тюмень (Народная) - 1 пар | Санкт-Петербург (Спортивная) - 1 пар | 44: Тюмень (Народная) - 1 пар | Парина - 1 пар | Уфа - 1 пар | Соболева - 2 пар | Ижевск - 1 пар | 44,5: Ижевск - 1 пар | Парина - 1 пар | Санкт-Петербург (Спортивная) - 1 пар | Соболева - 1 пар | 45: Санкт-Петербург (Спортивная) - 1 пар | Парина - 1 пар | 45,5: Уфа - 1 пар | Парина - 1 пар | Соболева - 1 пар | 46: Тюмень (Народная) - 1 пар",34,data\product_images\37b10b82886b.png,0,6,0,7,8,1,0,4,4,4
Обувь,KSB-201,Кроссовки детские 7/6 Bimby – Light Grey,7/6,3990 ₽,https://saletennis.com/catalog/product/krossovki-dietskiie-7-6-bimby-light-grey-18378/,26: Ижевск - 1 пар | Санкт-Петербург (Спортивная) - 1 пар | Уфа - 1 пар | Санкт-Петербург (Ярослава Гашека) - 1 пар | 27: Уфа - 1 пар | Санкт-Петербург (Ярослава Гашека) - 1 пар | Ижевск - 1 пар | Санкт-Петербург (Спортивная) - 1 пар | 28: Санкт-Петербург (Ярослава Гашека) - 1 пар | Ижевск - 1 пар | Санкт-Петербург (Спортивная) - 1 пар | Бисертская - 1 пар | Уфа - 1 пар | 29: Ижевск - 1 пар | Парина - 1 пар | Санкт-Петербург (Спортивная) - 1 пар | Санкт-Петербург (Ярослава Гашека) - 1 пар | Тюмень (Народная) - 1 пар | 30: Тюмень (Народная) - 1 пар | 31: Уфа - 1 пар | Санкт-Петербург (Ярослава Гашека) - 1 пар | Соболева - 1 пар | Бисертская - 1 пар | Тюмень (Народная) - 1 пар | Парина - 1 пар | Санкт-Петербург (Спортивная) - 1 пар | 32: Уфа - 1 пар | Ижевск - 1 пар | Соболева - 1 пар | Парина - 1 пар | Основной склад Екатеринбург - 2 пар | Санкт-Петербург (Ярослава Гашека) - 1 пар | Санкт-Петербург (Спортивная) - 1 пар | Бисертская - 1 пар | Тюмень (Народная) - 1 пар | 33: Тюмень (Народная) - 1 пар | Уфа - 1 пар | Ижевск - 1 пар | Парина - 1 пар | Санкт-Петербург (Ярослава Гашека) - 1 пар | Основной склад Екатеринбург - 2 пар | Соболева - 1 пар | Бисертская - 1 пар | Санкт-Петербург (Спортивная) - 1 пар | 34: Бисертская - 1 пар | Парина - 1 пар | Тюмень (Народная) - 1 пар | Соболева - 1 пар | Санкт-Петербург (Ярослава Гашека) - 1 пар | Санкт-Петербург (Спортивная) - 1 пар | Ижевск - 1 пар | Основной склад Екатеринбург - 2 пар | Уфа - 1 пар | 35: Ижевск - 1 пар | Соболева - 1 пар | Парина - 1 пар | Основной склад Екатеринбург - 3 пар | Уфа - 1 пар | Санкт-Петербург (Ярослава Гашека) - 1 пар | Тюмень (Народная) - 1 пар | Санкт-Петербург (Спортивная) - 1 пар | Бисертская - 1 пар | 36: Соболева - 1 пар | Бисертская - 1 пар | Тюмень (Народная) - 1 пар | Уфа - 1 пар | Основной склад Екатеринбург - 1 пар | Парина - 1 пар | Санкт-Петербург (Спортивная) - 1 пар | Ижевск - 1 пар | Санкт-Петербург (Ярослава Гашека) - 1 пар,76,data\product_images\623ce78bef97.png,10,10,10,6,7,7,0,8,9,9
Обувь,FV5554-300,Кроссовки женские Nike Court Air Zoom Vapor 12 HC - Light Liquid Lime/Sapphire/Volt,Nike,20490 ₽,https://saletennis.com/catalog/product/krossovki-zhienskiie-nike-court-air-zoom-vapor-12-hc-light-liquid-lime-sapphire-volt-19009/,39: Ижевск - 1 пар | Парина - 1 пар,2,data\product_images\ad59419592df.png,0,0,0,0,1,0,0,0,0,1
Обувь,TSETS2541AC,Кроссовки мужские Joma T.Set - Black/White,Joma,5618 ₽,https://saletennis.com/catalog/product/krossovki-muzhskiie-joma-t-set-black-white-17047/,"40,5: Парина - 1 пар | 43: Парина - 1 пар | 43,5: Тюмень (Народная) - 1 пар",3,data\product_images\d488044baf86.png,0,0,0,0,2,0,0,1,0,0
Обувь,HV1475-100,Кроссовки мужские Nike Vapor Lite 3 HC Premium - White/Hot Lava/Wolf Grey/Black,Nike,7990 ₽,https://saletennis.com/catalog/product/krossovki-muzhskiie-nike-vapor-lite-3-hc-premium-white-hot-lava-wolf-grey-black-19038/,"42,5: Тюмень (Народная) - 1 пар | 44: Уфа - 1 пар | 45: Уфа - 1 пар | 46: Парина - 1 пар",4,data\product_images\a05977cca6e9.png,0,0,0,0,1,0,0,1,2,0
Обувь,273105-BKWH,Кроссовки мужские Head Sprint Pro 4.0 SF - Black/White,Head,14167 ₽,https://saletennis.com/catalog/product/krossovki-muzhskiie-head-sprint-pro-4-0-sf-black-white-17429/,42: Парина - 1 пар,1,data\product_images\deed3f171185.png,0,0,0,0,1,0,0,0,0,0
Обувь,TS76-4939,Кроссовки мужские 7/6 Marble 2.0 - Blue Blossom,7/6,6990 ₽,https://saletennis.com/catalog/product/krossovki-muzhskiie-7-6-marble-2-0-blue-blossom-18249/,"41: Санкт-Петербург (Спортивная) - 1 пар | 42: Елизаветенское шоссе - 1 пар | Санкт-Петербург (Ярослава Гашека) - 1 пар | Соболева - 1 пар | Санкт-Петербург (Спортивная) - 1 пар | 42,5: Санкт-Петербург (Спортивная) - 1 пар | Тюмень (Народная) - 1 пар | 43: Соболева - 1 пар | Ижевск - 1 пар | Санкт-Петербург (Ярослава Гашека) - 1 пар | Санкт-Петербург (Спортивная) - 1 пар | 43,5: Санкт-Петербург (Спортивная) - 2 пар | Елизаветенское шоссе - 1 пар | Уфа - 1 пар | Бисертская - 1 пар | Ижевск - 1 пар | Парина - 1 пар | Санкт-Петербург (Ярослава Гашека) - 1 пар | Тюмень (Народная) - 1 пар | 44: Санкт-Петербург (Ярослава Гашека) - 1 пар | Уфа - 1 пар | Парина - 1 пар | Санкт-Петербург (Спортивная) - 1 пар | Елизаветенское шоссе - 1 пар | Ижевск - 1 пар | Тюмень (Народная) - 1 пар | 44,5: Бисертская - 1 пар | Санкт-Петербург (Спортивная) - 1 пар | Санкт-Петербург (Ярослава Гашека) - 1 пар | Тюмень (Народная) - 1 пар | Соболева - 1 пар | Парина - 1 пар | 45: Санкт-Петербург (Спортивная) - 1 пар | Елизаветенское шоссе - 1 пар | Парина - 1 пар | Санкт-Петербург (Ярослава Гашека) - 1 пар | Бисертская - 1 пар | Соболева - 1 пар | Уфа - 1 пар | 47: Санкт-Петербург (Спортивная) - 1 пар | Уфа - 1 пар",42,data\product_images\bb2cdcfb0075.png,6,10,0,4,4,3,4,4,4,3
Обувь,TSMAS2532C,Кроссовки мужские Joma Smash Clay - White/Blue,Joma,8618 ₽,https://saletennis.com/catalog/product/krossovki-muzhskiie-joma-smash-clay-white-blue-17627/,43: Ижевск - 1 пар,1,data\product_images\f61523ea9454.png,0,0,0,0,0,0,0,0,0,1
Обувь,TACLS2502AC,Кроссовки женские Joma Ace Lady - White/Blue,Joma,9992 ₽,https://saletennis.com/catalog/product/krossovki-zhienskiie-joma-ace-lady-white-blue-17615/,38: Парина - 1 пар,1,data\product_images\85dd986ac79f.png,0,0,0,0,1,0,0,0,0,0
Обувь,TSLAMS2501OM,Кроссовки мужские Joma Slam - Black/Mint,Joma,7493 ₽,https://saletennis.com/catalog/product/krossovki-muzhskiie-joma-slam-black-mint-17500/,43: Тюмень - 1 пар,1,data\product_images\e34adb16d4da.png,0,0,0,0,0,0,0,1,0,0
Обувь,274145-COWH,Кроссовки женские Head Sprint Pro 4.0 - Coral/White,Head,10493 ₽,https://saletennis.com/catalog/product/krossovki-zhienskiie-head-sprint-pro-4-0-coral-white-16975/,"38,5: Бисертская - 1 пар",1,data\product_images\3c82dbbc2d23.jpg,0,0,0,0,0,1,0,0,0,0
Обувь,TS76-0116,Кроссовки мужские 7/6 Marble 2.0 - Green Blossom,7/6,6990 ₽,https://saletennis.com/catalog/product/krossovki-muzhskiie-7-6-marble-2-0-green-blossom-18241/,"41: Санкт-Петербург (Ярослава Гашека) - 1 пар | 42: Елизаветенское шоссе - 1 пар | 43: Ижевск - 1 пар | Санкт-Петербург (Ярослава Гашека) - 1 пар | Соболева - 1 пар | Уфа - 1 пар | Елизаветенское шоссе - 1 пар | Тюмень (Народная) - 1 пар | Парина - 1 пар | Санкт-Петербург (Спортивная) - 1 пар | 43,5: Санкт-Петербург (Ярослава Гашека) - 1 пар | Елизаветенское шоссе - 1 пар | Уфа - 1 пар | Санкт-Петербург (Спортивная) - 1 пар | Парина - 1 пар | 44: Ижевск - 1 пар | Тюмень (Народная) - 1 пар | Санкт-Петербург (Спортивная) - 2 пар | Парина - 2 пар | Елизаветенское шоссе - 1 пар | Уфа - 1 пар | 44,5: Парина - 1 пар | Ижевск - 1 пар | Тюмень (Народная) - 1 пар | Санкт-Петербург (Ярослава Гашека) - 1 пар | Санкт-Петербург (Спортивная) - 1 пар | 45: Тюмень (Народная) - 1 пар | Уфа - 1 пар | Санкт-Петербург (Ярослава Гашека) - 1 пар | 46: Елизаветенское шоссе - 1 пар | 47: Парина - 1 пар",33,data\product_images\9069e983c786.png,5,5,0,1,6,0,5,4,4,3
Обувь,273435-NVLI,Кроссовки мужские Head Sprint Team 4.0 Clay - Navy/Lime,Head,8243 ₽,https://saletennis.com/catalog/product/krossovki-muzhskiie-head-sprint-team-4-0-clay-navy-lime-17433/,44: Бисертская - 1 пар,1,data\product_images\4401bee18e7d.png,0,0,0,0,0,1,0,0,0,0
Обувь,TSPINS2612OM,Кроссовки мужские Joma Spin Padel - Grey/Blue,Joma,7992 ₽,https://saletennis.com/catalog/product/krossovki-muzhskiie-joma-spin-padel-grey-blue-18728/,"42: Тюмень (Народная) - 1 пар | 42,5: Ижевск - 1 пар | Тюмень (Народная) - 1 пар | 43: Ижевск - 1 пар | Основной склад Екатеринбург - 2 пар | Уфа - 1 пар | Соболева - 2 пар | 44: Ижевск - 1 пар | Уфа - 1 пар | Соболева - 1 пар | 45: Соболева - 1 пар | Ижевск - 1 пар",14,data\product_images\08cb6c3dbf2a.png,0,0,2,4,0,0,0,2,2,4
Обувь,61GA250060,Кроссовки мужские Mizuno Wave Enforce Tour 2 AC - White/Baritone Blue/Fiery Cora,Mizuno,18990 ₽,https://saletennis.com/catalog/product/krossovki-muzhskiie-mizuno-wave-enforce-tour-2-ac-white-baritone-blue-fiery-cora-18039/,43: Парина - 1 пар,1,data\product_images\b9ea1caf2d24.png,0,0,0,0,1,0,0,0,0,0
Обувь,TSPINS2631OM,Кроссовки мужские Joma Spin Padel - Orange/Black,Joma,7992 ₽,https://saletennis.com/catalog/product/krossovki-muzhskiie-joma-spin-padel-orange-black-18729/,42: Соболева - 1 пар | Санкт-Петербург (Спортивная) - 1 пар | 43: Уфа - 1 пар | Соболева - 1 пар | 44: Ижевск - 1 пар,5,data\product_images\9457c66842dc.png,0,1,0,2,0,0,0,0,1,1
Обувь,TS76-03RD,Кроссовки женские 7/6 - Marble Red,7/6,4990 ₽,https://saletennis.com/catalog/product/krossovki-zhienskiie-7-6-marble-red-16548/,35: Парина - 1 пар,1,data\product_images\331f57593b80.png,0,0,0,0,1,0,0,0,0,0
Обувь,273103-BKRD,Кроссовки мужские Head Sprint Pro 3.5 - Black/Red,Head,8990 ₽,https://saletennis.com/catalog/product/krossovki-muzhskiie-head-sprint-pro-3-5-black-red-14701/,43: Уфа - 1 пар | Парина - 1 пар,2,data\product_images\f6fa3a5edbf6.png,0,0,0,0,1,0,0,0,1,0
Обувь,IQ5179-005,Кроссовки мужские Nike Zoom GP Challenge 1.5 Clay - Steam/Black/Light Silver/White,Nike,20490 ₽,https://saletennis.com/catalog/product/krossovki-muzhskiie-nike-zoom-gp-challenge-1-5-clay-steam-black-light-silver-white-19254/,"41: Соболева - 1 пар | 42: Ижевск - 1 пар | 43: Санкт-Петербург (Спортивная) - 1 пар | 44: Санкт-Петербург (Спортивная) - 1 пар | 44,5: Парина - 1 пар",5,data\product_images\7a726cfcb18c.png,0,2,0,1,1,0,0,0,0,1
Обувь,HQ2602-400,Кроссовки мужские Nike Court Air Zoom Vapor 12 Hypersmash - Racer Blue/Pure Platinum/Orange,Nike,15269 ₽,https://saletennis.com/catalog/product/krossovki-muzhskiie-nike-court-air-zoom-vapor-12-hypersmash-racer-blue-pure-platinum-orange-18326/,"41: Парина - 1 пар | 42: Парина - 1 пар | Санкт-Петербург (Спортивная) - 1 пар | 42,5: Санкт-Петербург (Спортивная) - 1 пар | Тюмень (Народная) - 1 пар | Уфа - 1 пар | Парина - 1 пар | 43: Соболева - 1 пар | Уфа - 1 пар | Санкт-Петербург (Спортивная) - 1 пар | 44: Тюмень (Народная) - 1 пар | Санкт-Петербург (Спортивная) - 1 пар | Парина - 1 пар | Уфа - 1 пар | 44,5: Соболева - 1 пар | Санкт-Петербург (Спортивная) - 1 пар | 45: Тюмень (Народная) - 1 пар | Санкт-Петербург (Спортивная) - 1 пар",18,data\product_images\a83a6f4510e8.png,0,6,0,2,4,0,0,3,3,0
Обувь,273143-FGLN,Кроссовки мужские Head Spint Pro 3.5 Clay - Forest Green/Light Green,Head,8990 ₽,https://saletennis.com/catalog/product/krossovki-muzhskiie-head-spint-pro-3-5-clay-forest-green-light-green-14411/,"44,5: Санкт-Петербург (Спортивная) - 1 пар | Ижевск - 1 пар",2,data\product_images\8ae0a2e7de05.png,0,1,0,0,0,0,0,0,0,1
Обувь,TSETS2501AC,Кроссовки мужские Joma T.Set - Black/Turquose,Joma,5618 ₽,https://saletennis.com/catalog/product/krossovki-muzhskiie-joma-t-set-black-turquose-17503/,"42,5: Ижевск - 1 пар | 43,5: Санкт-Петербург (Спортивная) - 1 пар | Ижевск - 1 пар",3,data\product_images\4cdb22d5b33c.jpg,0,1,0,0,0,0,0,0,0,2
Обувь,TPOIS2531C,Кроссовки мужские Joma T.Point Clay - Black/Turquose,Joma,7868 ₽,https://saletennis.com/catalog/product/krossovki-muzhskiie-joma-t-point-clay-black-turquose-17502/,"43,5: Парина - 1 пар",1,data\product_images\20d5647ea3a2.png,0,0,0,0,1,0,0,0,0,0
Обувь,273104-DGBL,Кроссовки мужские Head Sprint Pro 3.5 - Dark Grey/Blue,Head,10143 ₽,https://saletennis.com/catalog/product/krossovki-muzhskiie-head-sprint-pro-3-5-dark-grey-blue-16542/,"42: Парина - 1 пар | Санкт-Петербург (Спортивная) - 1 пар | 42,5: Парина - 1 пар | 43: Бисертская - 1 пар | Парина - 2 пар | Тюмень - 1 пар | Санкт-Петербург (Спортивная) - 1 пар | 44: Парина - 1 пар | Тюмень - 1 пар",10,data\product_images\402c7e6437f2.png,0,2,0,0,5,1,0,2,0,0
Обувь,TROLS2531AC,Кроссовки мужские Joma Roland - Black/Blue/Orange,Joma,9368 ₽,https://saletennis.com/catalog/product/krossovki-muzhskiie-joma-roland-black-blue-orange-17556/,"42,5: Санкт-Петербург (Спортивная) - 1 пар | 43: Парина - 1 пар | Ижевск - 1 пар | Соболева - 1 пар | 43,5: Парина - 1 пар | Соболева - 1 пар | Ижевск - 1 пар | 44: Санкт-Петербург (Спортивная) - 1 пар | Парина - 1 пар | Ижевск - 1 пар | 44,5: Соболева - 1 пар",11,data\product_images\dfbcaf66dd4c.png,0,2,0,3,3,0,0,0,0,3
Обувь,TSW101001-BKWH,Кроссовки Seven Six Sprint W - Black/White,Seven Six,3990 ₽,https://saletennis.com/catalog/product/krossovki-seven-six-sprint-w-black-white-15543/,36: Соболева - 2 пар | Бисертская - 1 пар | Санкт-Петербург (Спортивная) - 1 пар | Тюмень - 1 пар | Парина - 2 пар | Тюмень (Народная) - 1 пар,8,data\product_images\97c47d725541.png,0,1,0,2,2,1,0,2,0,0
Обувь,TS76-4300,Кроссовки мужские 7/6 Marble 2.0 - Light Grey,7/6,11990 ₽,https://saletennis.com/catalog/product/krossovki-muzhskiie-7-6-marble-2-0-light-grey-18735/,"41: Ижевск - 1 пар | Соболева - 1 пар | Бисертская - 1 пар | Санкт-Петербург (Спортивная) - 2 пар | Парина - 1 пар | Елизаветенское шоссе - 1 пар | Санкт-Петербург (Ярослава Гашека) - 1 пар | 42: Парина - 2 пар | Бисертская - 1 пар | Соболева - 2 пар | Санкт-Петербург (Ярослава Гашека) - 1 пар | Санкт-Петербург (Спортивная) - 1 пар | Уфа - 1 пар | Тюмень (Народная) - 1 пар | Ижевск - 1 пар | 42,5: Санкт-Петербург (Спортивная) - 1 пар | Бисертская - 1 пар | Соболева - 1 пар | Парина - 2 пар | Уфа - 1 пар | Тюмень (Народная) - 1 пар | Санкт-Петербург (Ярослава Гашека) - 1 пар | 43: Тюмень - 1 пар | Парина - 1 пар | Санкт-Петербург (Спортивная) - 1 пар | Тюмень (Народная) - 1 пар | Ижевск - 1 пар | Уфа - 1 пар | Соболева - 1 пар | Бисертская - 1 пар",34,data\product_images\41a7dc835e84.png,3,5,0,5,6,4,1,4,3,3
Обувь,61GA247061,Кроссовки мужские Mizuno Wave Exceed Tour 6 AC - Radiant Red,Mizuno,13990 ₽,https://saletennis.com/catalog/product/krossovki-muzhskiie-mizuno-wave-exceed-tour-6-ac-radiant-red-1-15538/,43: Тюмень (Народная) - 1 пар,1,data\product_images\bdad54e7a49b.png,0,0,0,0,0,0,0,1,0,0
Обувь,FZ2161-003,Кроссовки мужские Nike Vapor Pro 3 HC - Light Silver/Black/Steam/Phantom,Nike,16990 ₽,https://saletennis.com/catalog/product/krossovki-muzhskiie-nike-vapor-pro-3-hc-light-silver-black-steam-phantom-19207/,"41: Парина - 1 пар | 42,5: Тюмень (Народная) - 1 пар | Ижевск - 1 пар | 43: Ижевск - 1 пар | Парина - 1 пар | 44: Тюмень (Народная) - 1 пар | Парина - 1 пар | 44,5: Парина - 1 пар | Тюмень (Народная) - 1 пар | 45,5: Парина - 1 пар",10,data\product_images\4ea208e1df09.png,0,0,0,0,5,0,0,3,0,2
Обувь,273156-RDDR,Кроссовки мужские Head Spint Pro 4.0 Clay - Red/Dark Red,Head,14990 ₽,https://saletennis.com/catalog/product/krossovki-muzhskiie-head-spint-pro-4-0-clay-red-dark-red-18572/,"42,5: Парина - 1 пар",1,data\product_images\1a36d6a27901.png,0,0,0,0,1,0,0,0,0,0
Обувь,TACES2504AC,Кроссовки мужские Joma Ace Pro - Royal Blue/Orange,Joma,9490 ₽,https://saletennis.com/catalog/product/krossovki-muzhskiie-joma-ace-pro-royal-blue-orange-17555/,"42,5: Ижевск - 1 пар | 43: Ижевск - 1 пар | Тюмень - 1 пар | Парина - 2 пар",5,data\product_images\43c67afaad1e.png,0,0,0,0,2,0,0,1,0,2
Обувь,273135-DBRD,Кроссовки мужские Head Sprint Pro 4.0 Clay - Dark Blue/Red,Head,11992 ₽,https://saletennis.com/catalog/product/krossovki-muzhskiie-head-sprint-pro-4-0-clay-dark-blue-red-17427/,"42: Бисертская - 1 пар | 42,5: Парина - 1 пар | Бисертская - 1 пар | 43: Санкт-Петербург (Спортивная) - 1 пар | Тюмень (Народная) - 1 пар",5,data\product_images\2319dd34c16b.png,0,1,0,0,1,2,0,1,0,0
Обувь,274415-TBCW,Кроссовки женские Head Sprint Team 4.0 Clay - Twilight Blue/Chalk White,Head,8902 ₽,https://saletennis.com/catalog/product/krossovki-zhienskiie-head-sprint-team-4-0-clay-twilight-blue-chalk-white-17422/,"40,5: Бисертская - 1 пар",1,data\product_images\1de79b7f3075.png,0,0,0,0,0,1,0,0,0,0
Обувь,274176-APVA,Кроссовки женские Head Sprint Pro 4.0 Clay - Apricot/Vanilla,Head,12792 ₽,https://saletennis.com/catalog/product/krossovki-zhienskiie-head-sprint-pro-4-0-clay-apricot-vanilla-18566/,"38,5: Тюмень (Народная) - 1 пар",1,data\product_images\05e2880f1672.png,0,0,0,0,0,0,0,1,0,0
Обувь,275405-DBRD,Кроссовки детские Head Sprint Court 4.0 Junior - Dark Blue/Red,Head,5824 ₽,https://saletennis.com/catalog/product/krossovki-dietskiie-head-sprint-court-4-0-junior-dark-blue-red-18142/,"32: Санкт-Петербург (Спортивная) - 1 пар | 33: Парина - 1 пар | 33,5: Парина - 1 пар | 34,5: Соболева - 1 пар | Санкт-Петербург (Спортивная) - 1 пар",5,data\product_images\61d5024ce7b7.png,0,2,0,1,2,0,0,0,0,0
Обувь,HV1485-100,Кроссовки мужские Nike Vapor Pro 3 HC Magnolia - White/Pure Platinum/Metallic Gold,Nike,13490 ₽,https://saletennis.com/catalog/product/krossovki-muzhskiie-nike-vapor-pro-3-hc-magnolia-white-pure-platinum-metallic-gold-18440/,"44,5: Ижевск - 1 пар",1,data\product_images\572b0d08592e.png,0,0,0,0,0,0,0,0,0,1
Обувь,273002-BKOR,Кроссовки мужские Head Spint Pro 3.5 SF - Black/Orange,Head,11990 ₽,https://saletennis.com/catalog/product/krossovki-muzhskiie-head-spint-pro-3-5-sf-black-orange-14412/,"42,5: Соболева - 1 пар | Уфа - 1 пар | 44: Уфа - 1 пар",3,data\product_images\4edeb3d7589b.png,0,0,0,1,0,0,0,0,2,0
Обувь,275326-BBTE,Кроссовки детские Head Sprint Pro 4.0 - Blueberry/Teal,Head,8490 ₽,https://saletennis.com/catalog/product/krossovki-dietskiie-head-sprint-pro-4-0-blueberry-teal-18576/,"33,5: Парина - 1 пар | 34,5: Санкт-Петербург (Спортивная) - 1 пар | 36,5: Соболева - 1 пар | Тюмень (Народная) - 1 пар | 38,5: Парина - 1 пар | Санкт-Петербург (Спортивная) - 1 пар | Тюмень (Народная) - 1 пар | 40: Соболева - 1 пар",8,data\product_images\8a0bd8806124.png,0,2,0,2,2,0,0,2,0,0
Обувь,1044A052-406,Кроссовки детские Asics Gel-Game 9 GS - Teal Blue/White,Asics,6293 ₽,https://saletennis.com/catalog/product/krossovki-dietskiie-asics-gel-game-9-gs-teal-blue-white-16885/,"39,5: Санкт-Петербург (Спортивная) - 1 пар | Тюмень (Народная) - 1 пар | Ижевск - 1 пар",3,data\product_images\448bf8a583d6.png,0,1,0,0,0,0,0,1,0,1
Обувь,FV5552-401,Кроссовки мужские Nike Court Air Zoom Vapor 12 HC - Racer Blue/Lightening/Deep Royal Blue,Nike,15490 ₽,https://saletennis.com/catalog/product/krossovki-muzhskiie-nike-court-air-zoom-vapor-12-hc-racer-blue-lightening-deep-royal-blue-18096/,"43: Парина - 1 пар | Санкт-Петербург (Спортивная) - 1 пар | 45,5: Парина - 1 пар",3,data\product_images\6cf5b0f2969d.png,0,1,0,0,2,0,0,0,0,0
Обувь,TACEW2609AC,Кроссовки мужские Joma Ace Pro - Fluorescent Yellow/Purple,Joma,13192 ₽,https://saletennis.com/catalog/product/krossovki-muzhskiie-joma-ace-pro-fluorescent-yellow-purple-19191/,"42: Соболева - 1 пар | 42,5: Парина - 1 пар | Соболева - 1 пар | Бисертская - 1 пар | 43: Соболева - 2 пар | Бисертская - 1 пар | Парина - 1 пар | 44: Парина - 1 пар | Бисертская - 1 пар | 44,5: Тюмень (Народная) - 1 пар | Соболева - 1 пар | 45: Тюмень (Народная) - 1 пар | 45,5: Парина - 1 пар",14,data\product_images\ce909bfdfb2d.png,0,0,0,5,4,3,0,2,0,0
Обувь,HQ6026-003,Кроссовки мужские Nike Court Air Zoom Vapor 12 Clay - Light Silver/Steam/White/Black,Nike,20490 ₽,https://saletennis.com/catalog/product/krossovki-muzhskiie-nike-court-air-zoom-vapor-12-clay-light-silver-steam-white-black-19206/,"41: Парина - 1 пар | 42: Санкт-Петербург (Спортивная) - 1 пар | Ижевск - 1 пар | 42,5: Ижевск - 1 пар | 43: Парина - 1 пар | Ижевск - 1 пар | 44: Ижевск - 1 пар | Парина - 1 пар | 44,5: Парина - 1 пар | 45: Парина - 1 пар | 45,5: Санкт-Петербург (Спортивная) - 1 пар",11,data\product_images\fe94016f398d.png,0,2,0,0,5,0,0,0,0,4
Обувь,TROLS2525AC,Кроссовки мужские Joma Roland - Beige,Joma,9368 ₽,https://saletennis.com/catalog/product/krossovki-muzhskiie-joma-roland-beige-17624/,"43,5: Парина - 1 пар | Тюмень (Народная) - 1 пар | 44: Парина - 1 пар",3,data\product_images\0cfaafa5cca4.png,0,0,0,0,2,0,0,1,0,0
Обувь,273164-BNBK,Кроссовки мужские Head Spint Pro 3.5 Clay - Banana/Black,Head,10868 ₽,https://saletennis.com/catalog/product/krossovki-muzhskiie-head-spint-pro-3-5-clay-banana-black-15652/,42: Парина - 1 пар | 43: Бисертская - 1 пар | Санкт-Петербург (Спортивная) - 2 пар,4,data\product_images\4b02e8750c31.png,0,2,0,0,1,1,0,0,0,0
Обувь,TSPINS2632OM,Кроссовки мужские Joma Spin Padel - White/Navy/Orange,Joma,7992 ₽,https://saletennis.com/catalog/product/krossovki-muzhskiie-joma-spin-padel-white-navy-orange-18730/,"42,5: Соболева - 1 пар | 43: Соболева - 1 пар | 44: Соболева - 1 пар",3,data\product_images\ddbb181ee168.png,0,0,0,3,0,0,0,0,0,0
Обувь,61GA247028,Кроссовки мужские Mizuno Wave Exceed Tour 6 AC - Mugen Blue,Mizuno,18490 ₽,https://saletennis.com/catalog/product/krossovki-muzhskiie-mizuno-wave-exceed-tour-6-ac-mugen-blue-16742/,43: Соболева - 1 пар,1,data\product_images\f26f436cc7c0.png,0,0,0,1,0,0,0,0,0,0
Обувь,274166-APVA,Кроссовки женские Head Sprint Pro 4.0 - Apricot/Vanilla,Head,12792 ₽,https://saletennis.com/catalog/product/krossovki-zhienskiie-head-sprint-pro-4-0-apricot-vanilla-18564/,"38: Тюмень (Народная) - 1 пар | Санкт-Петербург (Спортивная) - 1 пар | 38,5: Тюмень (Народная) - 1 пар | 39: Парина - 1 пар | 40,5: Санкт-Петербург (Спортивная) - 1 пар",5,data\product_images\e225b641532e.png,0,2,0,0,1,0,0,2,0,0
Обувь,275226-RDDR,Кроссовки детские Head Revolt Pro 5.0 - Red/Dark Red,Head,9990 ₽,https://saletennis.com/catalog/product/krossovki-dietskiie-head-revolt-pro-5-0-red-dark-red-18562/,"31,5: Тюмень (Народная) - 1 пар | 32: Санкт-Петербург (Спортивная) - 1 пар | Тюмень (Народная) - 1 пар | 33: Тюмень (Народная) - 1 пар | 36,5: Парина - 1 пар | 39: Соболева - 1 пар",6,data\product_images\4c2db7eefbf4.png,0,1,0,1,1,0,0,3,0,0
Обувь,FZ2155-102,Кроссовки мужские Nike Court Vapor Lite 3 HC - White/Midnight Navy,Nike,8393 ₽,https://saletennis.com/catalog/product/krossovki-muzhskiie-nike-court-vapor-lite-3-hc-white-midnight-navy-18436/,"43: Тюмень (Народная) - 1 пар | Уфа - 1 пар | 44: Тюмень (Народная) - 1 пар | 45,5: Парина - 1 пар",4,data\product_images\f0c52b18ba16.png,0,0,0,0,1,0,0,2,1,0
Обувь,273146-RDDR,Кроссовки мужские Head Spint Pro 4.0 - Red/Dark Red,Head,14990 ₽,https://saletennis.com/catalog/product/krossovki-muzhskiie-head-spint-pro-4-0-red-dark-red-18571/,"42,5: Санкт-Петербург (Спортивная) - 1 пар | 43: Тюмень (Народная) - 1 пар | Санкт-Петербург (Спортивная) - 1 пар | 44: Соболева - 1 пар",4,data\product_images\7bf958e46bcf.png,0,2,0,1,0,0,0,1,0,0
Обувь,KSL-313,Кроссовки детские 7/6 Leafy - Blue,7/6,5990 ₽,https://saletennis.com/catalog/product/krossovki-dietskiie-7-6-leafy-blue-18341/,35: Санкт-Петербург (Спортивная) - 1 пар | Санкт-Петербург (Ярослава Гашека) - 1 пар | Тюмень (Народная) - 1 пар | Ижевск - 1 пар | 36: Санкт-Петербург (Ярослава Гашека) - 1 пар | Санкт-Петербург (Спортивная) - 1 пар | Парина - 2 пар | Уфа - 1 пар | 37: Санкт-Петербург (Ярослава Гашека) - 1 пар | Санкт-Петербург (Спортивная) - 1 пар | Соболева - 1 пар | Парина - 1 пар | Ижевск - 1 пар | Бисертская - 1 пар | 38: Соболева - 1 пар | Парина - 1 пар | Санкт-Петербург (Ярослава Гашека) - 1 пар | Бисертская - 1 пар,19,data\product_images\0f1d7bb63de4.png,4,3,0,2,4,2,0,1,1,2
Обувь,TROLLS2532AC,Кроссовки женские Joma Roland Lady - White/Yellow/Mint,Joma,9992 ₽,https://saletennis.com/catalog/product/krossovki-zhienskiie-joma-roland-lady-white-yellow-mint-17554/,38: Соболева - 1 пар | Санкт-Петербург (Спортивная) - 1 пар,2,data\product_images\4d9efa8fcacc.png,0,1,0,1,0,0,0,0,0,0
Обувь,273245-DBRD,Кроссовки мужские Head Revolt Pro 4.5 - Dark Blue/Red,Head,12142 ₽,https://saletennis.com/catalog/product/krossovki-muzhskiie-head-revolt-pro-4-5-dark-blue-red-17423/,"44: Уфа - 1 пар | Парина - 1 пар | 44,5: Уфа - 1 пар",3,data\product_images\fa669858a40c.png,0,0,0,0,1,0,0,0,2,0
Обувь,275236-RDDR,Кроссовки детские Head Revolt Pro 5.0 Clay - Red/Dark Red,Head,9990 ₽,https://saletennis.com/catalog/product/krossovki-dietskiie-head-revolt-pro-5-0-clay-red-dark-red-18575/,"36,5: Тюмень (Народная) - 1 пар",1,data\product_images\3617d1e54ea3.png,0,0,0,0,0,0,0,1,0,0
Обувь,TSETW2501AC,Кроссовки мужские Joma T.Set - Black/Green,Joma,5993 ₽,https://saletennis.com/catalog/product/krossovki-muzhskiie-joma-t-set-black-green-18362/,"39: Санкт-Петербург (Спортивная) - 1 пар | 40,5: Тюмень (Народная) - 1 пар | Санкт-Петербург (Спортивная) - 1 пар | 41: Парина - 3 пар | Санкт-Петербург (Спортивная) - 1 пар | Уфа - 1 пар | 42: Парина - 7 пар | Уфа - 1 пар | 42,5: Уфа - 1 пар | Тюмень (Народная) - 1 пар | Ижевск - 1 пар | Парина - 1 пар | Соболева - 1 пар | 43: Уфа - 1 пар | Тюмень (Народная) - 1 пар | Ижевск - 1 пар | Парина - 4 пар | Соболева - 1 пар | 44: Санкт-Петербург (Спортивная) - 1 пар",30,data\product_images\8a317ca9f633.png,0,4,0,2,15,0,0,3,4,2
Обувь,273113-BKRD,Кроссовки мужские Head Spint Pro 3.5 Clay - Black/Red,Head,11592 ₽,https://saletennis.com/catalog/product/krossovki-muzhskiie-head-spint-pro-3-5-clay-black-red-14705/,42: Бисертская - 3 пар | 43: Бисертская - 2 пар,5,data\product_images\234bf2e3209a.png,0,0,0,0,0,5,0,0,0,0
Обувь,TSPINS2602OM,Кроссовки мужские Joma Spin Padel - White/Yellow,Joma,7992 ₽,https://saletennis.com/catalog/product/krossovki-muzhskiie-joma-spin-padel-white-yellow-18731/,44: Ижевск - 1 пар,1,data\product_images\97c5dc9de107.png,0,0,0,0,0,0,0,0,0,1
Обувь,FV5552-403,Кроссовки мужские Nike Court Air Zoom Vapor 12 HC - University Blue/Midnight Navy,Nike,20490 ₽,https://saletennis.com/catalog/product/krossovki-muzhskiie-nike-court-air-zoom-vapor-12-hc-university-blue-midnight-navy-19010/,"41: Парина - 1 пар | 43: Парина - 1 пар | Санкт-Петербург (Спортивная) - 1 пар | Ижевск - 1 пар | 44,5: Санкт-Петербург (Спортивная) - 1 пар | 45: Санкт-Петербург (Спортивная) - 1 пар",6,data\product_images\37963d85beea.png,0,3,0,0,2,0,0,0,0,1
Обувь,273405-DBRD,Кроссовки мужские Head Sprint Team 4.0 - Dark Blue/Red,Head,7693 ₽,https://saletennis.com/catalog/product/krossovki-muzhskiie-head-sprint-team-4-0-dark-blue-red-17431/,"42,5: Парина - 1 пар | 43: Санкт-Петербург (Спортивная) - 1 пар | 44,5: Санкт-Петербург (Спортивная) - 1 пар | Уфа - 1 пар",4,data\product_images\6753af484b0b.png,0,2,0,0,1,0,0,0,1,0
Обувь,TS76-WHBK,Кроссовки мужские 7/6 - Marble 2.0 - White/Black,7/6,5990 ₽,https://saletennis.com/catalog/product/krossovki-muzhskiie-7-6-marble-2-0-white-black-17064/,"42,5: Тюмень (Народная) - 2 пар | Бисертская - 1 пар | 43: Соболева - 1 пар | Парина - 1 пар | Уфа - 1 пар | Санкт-Петербург (Ярослава Гашека) - 1 пар | Бисертская - 1 пар | Ижевск - 1 пар | 43,5: Санкт-Петербург (Ярослава Гашека) - 2 пар | Тюмень (Народная) - 1 пар | Парина - 1 пар | Бисертская - 1 пар | Ижевск - 1 пар | 44: Ижевск - 1 пар",16,data\product_images\943bac15879a.png,3,0,0,1,2,3,0,3,1,3
Обувь,FV5552-400,Кроссовки мужские Nike Court Air Zoom Vapor 12 HC - Ashen Blue/Orange,Nike,14990 ₽,https://saletennis.com/catalog/product/krossovki-muzhskiie-nike-court-air-zoom-vapor-12-hc-ashen-blue-orange-17670/,42: Уфа - 1 пар,1,data\product_images\df9a2c170a12.png,0,0,0,0,0,0,0,0,1,0
Обувь,DV2018-401,Кроссовки мужские Nike Court Vapor Light 2 - Denim Turquoise,Nike,9093 ₽,https://saletennis.com/catalog/product/krossovki-muzhskiie-nike-court-vapor-light-2-denim-turquoise-16379/,44: Парина - 1 пар | Соболева - 1 пар,2,data\product_images\861e6eb4b61b.png,0,0,0,1,1,0,0,0,0,0
Обувь,DV2018-004,Кроссовки мужские Nike Court Vapor Light 2 - Black/Poison Green,Nike,8990 ₽,https://saletennis.com/catalog/product/krossovki-muzhskiie-nike-court-vapor-light-2-black-poison-green-15861/,"42: Парина - 1 пар | Тюмень (Народная) - 1 пар | 42,5: Парина - 2 пар | Тюмень (Народная) - 1 пар | 43: Парина - 1 пар | 44: Парина - 1 пар | Соболева - 1 пар | 44,5: Парина - 1 пар",9,data\product_images\bfa6b78581bc.png,0,0,0,1,6,0,0,2,0,0
Обувь,273235-NVLI,Кроссовки мужские Head Revolt Pro 4.5 Clay - Navy/Lime,Head,12142 ₽,https://saletennis.com/catalog/product/krossovki-muzhskiie-head-revolt-pro-4-5-clay-navy-lime-17426/,"42: Соболева - 1 пар | Бисертская - 2 пар | Парина - 1 пар | 42,5: Соболева - 2 пар | Парина - 1 пар | Бисертская - 1 пар | Санкт-Петербург (Спортивная) - 1 пар | 43: Соболева - 1 пар | Парина - 1 пар | Санкт-Петербург (Спортивная) - 1 пар | 44: Санкт-Петербург (Спортивная) - 1 пар | 44,5: Бисертская - 2 пар | Парина - 1 пар",16,data\product_images\2aab4d0e4c86.png,0,3,0,4,4,5,0,0,0,0
Обувь,273335-NVLI,Кроссовки мужские Head Revolt Evo 2.0 Clay - Navy/Lime,Head,9443 ₽,https://saletennis.com/catalog/product/krossovki-muzhskiie-head-revolt-evo-2-0-clay-navy-lime-16978/,"42,5: Бисертская - 1 пар | 43: Санкт-Петербург (Спортивная) - 1 пар | Парина - 1 пар | Бисертская - 1 пар | 44: Санкт-Петербург (Спортивная) - 1 пар | Бисертская - 1 пар | Парина - 1 пар",7,data\product_images\e3d24bcfe444.jpg,0,2,0,0,2,3,0,0,0,0
Обувь,HV1453-200,Кроссовки мужские Nike Vapor Pro 3 HC Premium - Light Violet Ore/Anthracite/Vast Grey/Barely,Nike,17990 ₽,https://saletennis.com/catalog/product/krossovki-muzhskiie-nike-vapor-pro-3-hc-premium-light-violet-ore-anthracite-vast-grey-barely-19230/,"41: Парина - 1 пар | 42,5: Уфа - 1 пар | Парина - 1 пар | 43: Уфа - 1 пар | 44: Уфа - 1 пар | Тюмень (Народная) - 1 пар | 44,5: Тюмень (Народная) - 1 пар | Парина - 1 пар | 45: Парина - 1 пар | 45,5: Парина - 1 пар",10,data\product_images\db6bb2fd9b1c.png,0,0,0,0,5,0,0,2,3,0
Обувь,TACES2504C,Кроссовки мужские Joma Ace Pro Clay - Royal Blue,Joma,9368 ₽,https://saletennis.com/catalog/product/krossovki-muzhskiie-joma-ace-pro-clay-royal-blue-17622/,"42,5: Бисертская - 1 пар | 43: Парина - 1 пар | 43,5: Тюмень (Народная) - 1 пар | Парина - 1 пар",4,data\product_images\71e2e9cc007c.png,0,0,0,0,2,1,0,1,0,0
Обувь,TROLLS2505AC,Кроссовки женские Joma Roland Lady - White/Mint,Joma,9992 ₽,https://saletennis.com/catalog/product/krossovki-zhienskiie-joma-roland-lady-white-mint-17623/,"40,5: Парина - 1 пар",1,data\product_images\2d44f8b2dfc1.png,0,0,0,0,1,0,0,0,0,0
Обувь,FV5554-001,Кроссовки женские Nike Court Air Zoom Vapor 12 HC - Black/White/Dark Smoke Grey,Nike,20490 ₽,https://saletennis.com/catalog/product/krossovki-zhienskiie-nike-court-air-zoom-vapor-12-hc-black-white-dark-smoke-grey-17347/,"38: Санкт-Петербург (Спортивная) - 1 пар | Бисертская - 1 пар | Тюмень (Народная) - 1 пар | 38,5: Тюмень (Народная) - 2 пар | 39: Тюмень (Народная) - 2 пар | Уфа - 1 пар | Парина - 1 пар | 40: Бисертская - 1 пар | Уфа - 1 пар | Тюмень (Народная) - 1 пар | Санкт-Петербург (Спортивная) - 1 пар | 41: Тюмень (Народная) - 1 пар | Бисертская - 1 пар",15,data\product_images\1b4c3d30975c.png,0,2,0,0,1,3,0,7,2,0
Обувь,IH1705-601,Кроссовки женские Nike Court Air Zoom Vapor 12 Clay - Pearl Pink/Chalk/Light Magenta,Nike,21490 ₽,https://saletennis.com/catalog/product/krossovki-zhienskiie-nike-court-air-zoom-vapor-12-clay-pearl-pink-chalk-light-magenta-19225/,"38: Парина - 1 пар | Санкт-Петербург (Спортивная) - 1 пар | 38,5: Парина - 1 пар | Санкт-Петербург (Спортивная) - 1 пар | 40,5: Парина - 1 пар",5,data\product_images\4c5a4420ecdc.png,0,2,0,0,3,0,0,0,0,0
Обувь,TACES2501AC,Кроссовки мужские Joma Ace Pro - Black/Orange/White,Joma,9490 ₽,https://saletennis.com/catalog/product/krossovki-muzhskiie-joma-ace-pro-black-orange-white-17619/,"42,5: Бисертская - 1 пар | Парина - 1 пар | Соболева - 1 пар | 43: Бисертская - 1 пар | Соболева - 1 пар | Парина - 1 пар | 43,5: Соболева - 1 пар",7,data\product_images\b63f47bcb380.png,0,0,0,3,2,2,0,0,0,0
Обувь,FZ2161-403,Кроссовки мужские Nike Vapor Pro 3 HC - University Blue/Midnight Navy/White,Nike,17490 ₽,https://saletennis.com/catalog/product/krossovki-muzhskiie-nike-vapor-pro-3-hc-university-blue-midnight-navy-white-19017/,"42: Ижевск - 1 пар | 42,5: Ижевск - 1 пар | Тюмень (Народная) - 1 пар | Парина - 1 пар | 43: Тюмень (Народная) - 1 пар | Ижевск - 1 пар | 44,5: Соболева - 1 пар | 45: Соболева - 1 пар | 45,5: Соболева - 1 пар",9,data\product_images\36685db74fa5.png,0,0,0,3,1,0,0,2,0,3
Обувь,273415-DBRD,Кроссовки мужские Head Sprint Team 4.0 Clay - Dark Blue/Red,Head,7693 ₽,https://saletennis.com/catalog/product/krossovki-muzhskiie-head-sprint-team-4-0-clay-dark-blue-red-17432/,"42: Парина - 1 пар | Бисертская - 2 пар | Соболева - 1 пар | 42,5: Парина - 1 пар | Бисертская - 1 пар | Санкт-Петербург (Спортивная) - 1 пар | 43: Парина - 1 пар | Санкт-Петербург (Спортивная) - 1 пар",9,data\product_images\e1db50c82ef0.png,0,2,0,1,3,3,0,0,0,0
Обувь,275414-BNBK,Кроссовки детские Head Sprint Velcro 3.0 - Banana/Black,Head,5824 ₽,https://saletennis.com/catalog/product/krossovki-dietskiie-head-sprint-velcro-3-0-banana-black-15598/,"27: Соболева - 1 пар | 27,5: Соболева - 1 пар",2,data\product_images\38971bde1e5e.png,0,0,0,2,0,0,0,0,0,0
Обувь,TS76-1264,Кроссовки мужские 7/6 Marble 2.0 - Orange Blossom,7/6,6990 ₽,https://saletennis.com/catalog/product/krossovki-muzhskiie-7-6-marble-2-0-orange-blossom-18250/,"41: Санкт-Петербург (Ярослава Гашека) - 1 пар | Санкт-Петербург (Спортивная) - 1 пар | 42: Бисертская - 1 пар | Тюмень (Народная) - 1 пар | Соболева - 1 пар | Елизаветенское шоссе - 1 пар | Ижевск - 1 пар | Уфа - 1 пар | Парина - 1 пар | Санкт-Петербург (Спортивная) - 1 пар | 42,5: Санкт-Петербург (Ярослава Гашека) - 1 пар | Елизаветенское шоссе - 1 пар | Ижевск - 1 пар | Санкт-Петербург (Спортивная) - 1 пар | Бисертская - 1 пар | Соболева - 1 пар | Парина - 1 пар | 43: Ижевск - 1 пар | Тюмень (Народная) - 1 пар | Соболева - 1 пар | Санкт-Петербург (Ярослава Гашека) - 1 пар | Парина - 1 пар | Елизаветенское шоссе - 1 пар | Санкт-Петербург (Спортивная) - 1 пар | Бисертская - 1 пар | Основной склад Екатеринбург - 1 пар | 43,5: Елизаветенское шоссе - 1 пар | Уфа - 1 пар | Ижевск - 1 пар | Бисертская - 1 пар | Тюмень (Народная) - 1 пар | Парина - 1 пар | Санкт-Петербург (Ярослава Гашека) - 1 пар | Соболева - 1 пар | Санкт-Петербург (Спортивная) - 2 пар | 44: Бисертская - 1 пар | Соболева - 1 пар | Елизаветенское шоссе - 1 пар | Тюмень (Народная) - 1 пар | Парина - 1 пар | Санкт-Петербург (Ярослава Гашека) - 1 пар | Санкт-Петербург (Спортивная) - 1 пар | Ижевск - 1 пар | 44,5: Парина - 1 пар | Санкт-Петербург (Ярослава Гашека) - 1 пар | Санкт-Петербург (Спортивная) - 1 пар | Бисертская - 1 пар | Тюмень (Народная) - 1 пар | Ижевск - 1 пар | Соболева - 1 пар | 45: Парина - 2 пар | Ижевск - 1 пар | Санкт-Петербург (Спортивная) - 1 пар | Соболева - 1 пар | Уфа - 1 пар | Елизаветенское шоссе - 1 пар",58,data\product_images\2c9bc84383af.png,6,9,1,7,8,6,6,5,3,7
Обувь,IB6550-700,Кроссовки женские Nike Vapor Pro 3 Premium HC - Light Lemon Twist,Nike,17990 ₽,https://saletennis.com/catalog/product/krossovki-zhienskiie-nike-vapor-pro-3-premium-hc-light-lemon-twist-19024/,"38,5: Ижевск - 1 пар | 39: Уфа - 1 пар",2,data\product_images\ea6d69a95e10.png,0,0,0,0,0,0,0,0,1,1
Обувь,HQ6027-003,Кроссовки женские Nike Court Air Zoom Vapor 12 Clay - Light Silver/Black/Steam,Nike,20490 ₽,https://saletennis.com/catalog/product/krossovki-zhienskiie-nike-court-air-zoom-vapor-12-clay-light-silver-black-steam-19202/,"38: Парина - 1 пар | Санкт-Петербург (Спортивная) - 1 пар | 38,5: Соболева - 1 пар | Парина - 1 пар | 39: Тюмень (Народная) - 1 пар | Парина - 1 пар | 40,5: Парина - 1 пар | Санкт-Петербург (Спортивная) - 1 пар | 41: Соболева - 1 пар | Санкт-Петербург (Спортивная) - 1 пар",10,data\product_images\524dab51a23d.png,0,3,0,2,4,0,0,1,0,0
Обувь,TS76-2124,Кроссовки женские 7/6 Marble 2.0 - Pink Blossom,7/6,6990 ₽,https://saletennis.com/catalog/product/krossovki-zhienskiie-7-6-marble-2-0-pink-blossom-18248/,35: Санкт-Петербург (Ярослава Гашека) - 1 пар | Елизаветенское шоссе - 1 пар | Парина - 1 пар | Ижевск - 1 пар | 41: Ижевск - 1 пар | Санкт-Петербург (Спортивная) - 1 пар | 42: Уфа - 1 пар | Соболева - 1 пар | Санкт-Петербург (Спортивная) - 1 пар | Парина - 1 пар | Бисертская - 1 пар | Санкт-Петербург (Ярослава Гашека) - 1 пар,12,data\product_images\74909524c1e6.png,2,2,0,1,2,1,1,0,1,2
Обувь,IB6555-100,Кроссовки мужские Nike Vapor 12 - Sail/Turf Orange/Blue Ribbon Heather/Black,Nike,21990 ₽,https://saletennis.com/catalog/product/krossovki-muzhskiie-nike-vapor-12-sail-turf-orange-blue-ribbon-heather-black-19026/,41: Соболева - 1 пар | 42: Тюмень (Народная) - 1 пар,2,data\product_images\d56ce3b543cb.png,0,0,0,1,0,0,0,1,0,0
Обувь,275516-RDDR,Кроссовки детские Head Sprint Velcro 4.0 - Red/Dark Red,Head,7490 ₽,https://saletennis.com/catalog/product/krossovki-dietskiie-head-sprint-velcro-4-0-red-dark-red-18578/,"27: Тюмень (Народная) - 1 пар | 27,5: Уфа - 1 пар | Тюмень (Народная) - 1 пар | 28: Уфа - 1 пар | 34,5: Парина - 1 пар | 35: Парина - 1 пар",6,data\product_images\a0144de5a8af.png,0,0,0,0,2,0,0,2,2,0
Обувь,FV5552-800,Кроссовки мужские Nike Court Air Zoom Vapor 12 HC - Apricot Agate,Nike,14990 ₽,https://saletennis.com/catalog/product/krossovki-muzhskiie-nike-court-air-zoom-vapor-12-hc-apricot-agate-17669/,43: Парина - 1 пар,1,data\product_images\3cb1ee56a2ad.png,0,0,0,0,1,0,0,0,0,0
Обувь,CD0440-105,Кроссовки детские Nike Junior Court Lite 2 - White/Metallic Silver,Nike,7490 ₽,https://saletennis.com/catalog/product/krossovki-dietskiie-nike-junior-court-lite-2-white-metallic-silver-18426/,"33,5: Уфа - 1 пар",1,data\product_images\52ac2cffcc55.png,0,0,0,0,0,0,0,0,1,0
Обувь,TSETW2432AC,Кроссовки мужские Joma T.Set - White/Black,Joma,5993 ₽,https://saletennis.com/catalog/product/krossovki-muzhskiie-joma-t-set-white-black-16518/,43: Парина - 1 пар,1,data\product_images\528d6ecf6d28.png,0,0,0,0,1,0,0,0,0,0
Обувь,TROLLS2501AC,Кроссовки женские Joma Roland Lady - Black/Mint,Joma,9992 ₽,https://saletennis.com/catalog/product/krossovki-zhienskiie-joma-roland-lady-black-mint-17618/,"38: Парина - 1 пар | Соболева - 1 пар | 39: Санкт-Петербург (Спортивная) - 1 пар | 40,5: Парина - 1 пар",4,data\product_images\ad344c327602.png,0,1,0,1,2,0,0,0,0,0
Обувь,1044A068-404,Кроссовки детские Asics Gel-Resolution 9 GS Clay - Mako Blue/Safety Yellow,Asics,9192 ₽,https://saletennis.com/catalog/product/krossovki-dietskiie-asics-gel-resolution-9-gs-clay-mako-blue-safety-yellow-16889/,"32,5: Соболева - 2 пар",2,data\product_images\8d368f6ac380.png,0,0,0,2,0,0,0,0,0,0
Обувь,TACLS2515AC,Кроссовки женские Joma Ace Lady - Light Green,Joma,9368 ₽,https://saletennis.com/catalog/product/krossovki-zhienskiie-joma-ace-lady-light-green-17613/,"38: Ижевск - 1 пар | Парина - 1 пар | Санкт-Петербург (Спортивная) - 1 пар | 39: Санкт-Петербург (Спортивная) - 1 пар | Тюмень (Народная) - 1 пар | Ижевск - 1 пар | Соболева - 1 пар | Парина - 1 пар | 40,5: Парина - 1 пар",9,data\product_images\72ad67d83596.png,0,2,0,1,3,0,0,1,0,2
Обувь,FZ2155-401,Кроссовки мужские Nike Court Vapor Lite 3 HC - Racer Blue/Lightening/White/Black,Nike,8393 ₽,https://saletennis.com/catalog/product/krossovki-muzhskiie-nike-court-vapor-lite-3-hc-racer-blue-lightening-white-black-18097/,"42: Тюмень (Народная) - 1 пар | 42,5: Санкт-Петербург (Спортивная) - 1 пар | Соболева - 1 пар | Тюмень (Народная) - 1 пар | Ижевск - 1 пар | Парина - 1 пар | 43: Соболева - 1 пар | Тюмень (Народная) - 1 пар | Ижевск - 1 пар | 44: Соболева - 1 пар | Ижевск - 1 пар | Санкт-Петербург (Спортивная) - 1 пар | 44,5: Парина - 1 пар | Соболева - 1 пар | 45: Парина - 1 пар | Соболева - 1 пар",16,data\product_images\fb2417be95b5.png,0,2,0,5,3,0,0,3,0,3
Обувь,HQ6027-001,Кроссовки женские Nike Court Air Zoom Vapor 12 Clay - Black,Nike,21490 ₽,https://saletennis.com/catalog/product/krossovki-zhienskiie-nike-court-air-zoom-vapor-12-clay-black-17852/,39: Ижевск - 1 пар,1,data\product_images\2e13a1d5021a.png,0,0,0,0,0,0,0,0,0,1
Обувь,JMATW2613C,Кроссовки детские Joma Master 1000 Junior Clay - LIght Pink,Joma,3992 ₽,https://saletennis.com/catalog/product/krossovki-dietskiie-joma-master-1000-junior-clay-light-pink-19420/,37: Парина - 1 пар | 38: Санкт-Петербург (Спортивная) - 1 пар | Соболева - 1 пар | Парина - 1 пар | 39: Соболева - 1 пар | Тюмень (Народная) - 1 пар | Санкт-Петербург (Спортивная) - 1 пар,7,data\product_images\09efbb16d637.png,0,2,0,2,2,0,0,1,0,0
Обувь,TROLS2527AC,Кроссовки мужские Joma Roland - Petroleum,Joma,9368 ₽,https://saletennis.com/catalog/product/krossovki-muzhskiie-joma-roland-petroleum-17625/,"42,5: Соболева - 1 пар | Тюмень (Народная) - 1 пар | Парина - 1 пар | 43: Парина - 1 пар | Соболева - 1 пар | 43,5: Бисертская - 1 пар | Парина - 1 пар | Соболева - 1 пар | Тюмень (Народная) - 1 пар | 44: Парина - 1 пар | 44,5: Парина - 1 пар",11,data\product_images\06e2dc24b8f2.png,0,0,0,3,5,1,0,2,0,0
Обувь,275315-LINV,Кроссовки детские Head Sprint Pro 4.0 Junior - Lime/Navy,Head,6877 ₽,https://saletennis.com/catalog/product/krossovki-dietskiie-head-sprint-pro-4-0-junior-lime-navy-17413/,"33,5: Соболева - 1 пар | 39: Тюмень (Народная) - 1 пар | Уфа - 1 пар | 40: Соболева - 1 пар",4,data\product_images\b57d1ec32068.png,0,0,0,2,0,0,0,1,1,0
Обувь,IH1701-200,Кроссовки мужские Nike Vapor Pro 3 Clay - Light Violet Ore/Anthracite/Vast Grey,Nike,17990 ₽,https://saletennis.com/catalog/product/krossovki-muzhskiie-nike-vapor-pro-3-clay-light-violet-ore-anthracite-vast-grey-19229/,"41: Соболева - 1 пар | 42: Соболева - 1 пар | 42,5: Соболева - 1 пар | 43: Парина - 1 пар | Соболева - 1 пар | 44: Ижевск - 1 пар | 44,5: Санкт-Петербург (Спортивная) - 1 пар | 45: Соболева - 1 пар",8,data\product_images\3051773da159.png,0,1,0,5,1,0,0,0,0,1
Обувь,61GC247415,Кроссовки мужские Mizuno Wave Exceed Tour 6 CC - BellwetherBlue/White,Mizuno,14572 ₽,https://saletennis.com/catalog/product/krossovki-muzhskiie-mizuno-wave-exceed-tour-6-cc-bellwetherblue-white-17455/,44: Санкт-Петербург (Спортивная) - 1 пар,1,data\product_images\098ee7ea4614.jpg,0,1,0,0,0,0,0,0,0,0
Обувь,TS76-BKWH,Кроссовки мужские 7/6 - Marble 2.0 - Black/White,7/6,5990 ₽,https://saletennis.com/catalog/product/krossovki-muzhskiie-7-6-marble-2-0-black-white-17063/,"42,5: Санкт-Петербург (Ярослава Гашека) - 1 пар | Соболева - 1 пар | Ижевск - 1 пар | Санкт-Петербург (Спортивная) - 1 пар | 43: Ижевск - 1 пар | Санкт-Петербург (Ярослава Гашека) - 1 пар | Тюмень (Народная) - 1 пар | Парина - 1 пар | Соболева - 1 пар | Бисертская - 1 пар | 43,5: Соболева - 1 пар | Тюмень (Народная) - 1 пар | Бисертская - 1 пар | Парина - 1 пар | Ижевск - 1 пар | Санкт-Петербург (Ярослава Гашека) - 2 пар | Елизаветенское шоссе - 1 пар | 44: Бисертская - 1 пар",19,data\product_images\0f69738874af.png,4,1,0,3,2,3,1,2,0,3
Обувь,275235-RDDB,Кроссовки детские Head Revolt Pro 4.5 Clay Junior - Red/Dark Blue,Head,8092 ₽,https://saletennis.com/catalog/product/krossovki-dietskiie-head-revolt-pro-4-5-clay-junior-red-dark-blue-17407/,"36,5: Бисертская - 1 пар | Соболева - 1 пар",2,data\product_images\2802aa78204e.png,0,0,0,1,0,1,0,0,0,0
Обувь,274146-LBDB,Кроссовки женские Head Sprint Pro 4.0 - Light Blue/Dark Blue,Head,12792 ₽,https://saletennis.com/catalog/product/krossovki-zhienskiie-head-sprint-pro-4-0-light-blue-dark-blue-18565/,"38,5: Соболева - 1 пар",1,data\product_images\4f8329d7714e.png,0,0,0,1,0,0,0,0,0,0
Обувь,1042A279-500,Кроссовки женские Asics Gel-Resolution X - Ube/White,Asics,13993 ₽,https://saletennis.com/catalog/product/krossovki-zhienskiie-asics-gel-resolution-x-ube-white-17803/,40: Тюмень (Народная) - 1 пар,1,data\product_images\6382c133c31e.png,0,0,0,0,0,0,0,1,0,0
Обувь,TS76-1264,Кроссовки женские 7/6 Marble 2.0 - Orange Blossom,7/6,6990 ₽,https://saletennis.com/catalog/product/krossovki-zhienskiie-7-6-marble-2-0-orange-blossom-18247/,35: Санкт-Петербург (Спортивная) - 1 пар | Санкт-Петербург (Ярослава Гашека) - 1 пар | Тюмень (Народная) - 1 пар | Уфа - 1 пар | 36: Парина - 1 пар | Ижевск - 1 пар | Санкт-Петербург (Спортивная) - 1 пар | Санкт-Петербург (Ярослава Гашека) - 1 пар,8,data\product_images\0cb6ab90e8a9.png,2,2,0,0,1,0,0,1,1,1
Обувь,TSETS2531AC,Кроссовки мужские Joma T.Set - Black/Lemon,Joma,5618 ₽,https://saletennis.com/catalog/product/krossovki-muzhskiie-joma-t-set-black-lemon-16895/,43: Парина - 1 пар | Соболева - 1 пар | 44: Тюмень (Народная) - 1 пар,3,data\product_images\782a6f521ccc.png,0,0,0,1,1,0,0,1,0,0
Обувь,273114-DGBL,Кроссовки мужские Head Sprint Pro 3.5 Clay - Dark Grey/Blue,Head,11490 ₽,https://saletennis.com/catalog/product/krossovki-muzhskiie-head-sprint-pro-3-5-clay-dark-grey-blue-16545/,"44: Бисертская - 1 пар | 44,5: Бисертская - 1 пар",2,data\product_images\7176b4859531.png,0,0,0,0,0,2,0,0,0,0
Обувь,275205-NVLI,Кроссовки детские Head Revolt Pro 4.5 Junior - Navy/Lime,Head,8092 ₽,https://saletennis.com/catalog/product/krossovki-dietskiie-head-revolt-pro-4-5-junior-navy-lime-17408/,"33: Парина - 1 пар | 33,5: Парина - 1 пар | Санкт-Петербург (Спортивная) - 1 пар | 36,5: Тюмень (Народная) - 1 пар | Парина - 1 пар | 38,5: Парина - 1 пар",6,data\product_images\5e0d73da1ea2.png,0,1,0,0,4,0,0,1,0,0
Обувь,KSB-001,Кроссовки детские 7/6 Bimby – White,7/6,3990 ₽,https://saletennis.com/catalog/product/krossovki-dietskiie-7-6-bimby-white-18381/,26: Соболева - 1 пар | Парина - 1 пар | Бисертская - 1 пар | Санкт-Петербург (Спортивная) - 1 пар | Ижевск - 1 пар | 27: Уфа - 1 пар | Бисертская - 1 пар | Санкт-Петербург (Спортивная) - 1 пар | 28: Парина - 1 пар | Санкт-Петербург (Ярослава Гашека) - 1 пар | Санкт-Петербург (Спортивная) - 1 пар | Уфа - 1 пар | Ижевск - 1 пар | 29: Санкт-Петербург (Ярослава Гашека) - 1 пар | Тюмень (Народная) - 1 пар | 31: Уфа - 1 пар | Тюмень (Народная) - 1 пар | 33: Соболева - 1 пар | Ижевск - 1 пар | 34: Санкт-Петербург (Спортивная) - 1 пар | Санкт-Петербург (Ярослава Гашека) - 1 пар | 35: Санкт-Петербург (Спортивная) - 1 пар | Парина - 1 пар | Санкт-Петербург (Ярослава Гашека) - 1 пар | Уфа - 1 пар | Соболева - 1 пар | 36: Ижевск - 1 пар | Санкт-Петербург (Спортивная) - 1 пар | Парина - 1 пар | Соболева - 1 пар,30,data\product_images\edbe4a2f2acf.png,4,6,0,4,4,2,0,2,4,4
Обувь,275506-BBTE,Кроссовки детские Head Sprint Velcro 4.0 - Blueberry/Teal,Head,7490 ₽,https://saletennis.com/catalog/product/krossovki-dietskiie-head-sprint-velcro-4-0-blueberry-teal-18577/,"27: Парина - 1 пар | Соболева - 1 пар | 27,5: Соболева - 1 пар | Парина - 1 пар | 28: Соболева - 1 пар | Санкт-Петербург (Спортивная) - 1 пар | Парина - 1 пар | 31,5: Тюмень (Народная) - 1 пар | 33: Санкт-Петербург (Спортивная) - 1 пар | 33,5: Парина - 1 пар | Тюмень (Народная) - 1 пар",11,data\product_images\ddf239682893.png,0,2,0,3,4,0,0,2,0,0
Обувь,273014-BKFG,Кроссовки мужские Head Sprint Pro 3.5 SF Clay - Black/Forest Green,Head,13192 ₽,https://saletennis.com/catalog/product/krossovki-muzhskiie-head-sprint-pro-3-5-sf-clay-black-forest-green-15655/,43: Бисертская - 1 пар,1,data\product_images\c05dc2d81791.png,0,0,0,0,0,1,0,0,0,0
Обувь,273133-FGLN,Кроссовки мужские Head Spint Pro 3.5 - Forest Green/Light Green,Head,10868 ₽,https://saletennis.com/catalog/product/krossovki-muzhskiie-head-spint-pro-3-5-forest-green-light-green-14410/,43: Тюмень (Народная) - 1 пар | 44: Бисертская - 1 пар,2,data\product_images\bd63573c69fe.png,0,0,0,0,0,1,0,1,0,0
Обувь,IQ5181-300,Кроссовки мужские Nike Zoom GP Challenge 1.5 HC - Saffron Quartz/Olive Flak/Sail/Black,Nike,20490 ₽,https://saletennis.com/catalog/product/krossovki-muzhskiie-nike-zoom-gp-challenge-1-5-hc-saffron-quartz-olive-flak-sail-black-19040/,"41: Парина - 1 пар | 42: Парина - 1 пар | 42,5: Тюмень (Народная) - 1 пар | 43: Тюмень (Народная) - 1 пар | 44,5: Тюмень (Народная) - 1 пар",5,data\product_images\d56748c25987.png,0,0,0,0,2,0,0,3,0,0
Обувь,HV1469-200,Кроссовки мужские Nike Vapor 12 Clay Premium - Light Violet Ore/Anthracite/Vast Grey,Nike,21490 ₽,https://saletennis.com/catalog/product/krossovki-muzhskiie-nike-vapor-12-clay-premium-light-violet-ore-anthracite-vast-grey-19227/,"41: Соболева - 1 пар | 42: Ижевск - 1 пар | Санкт-Петербург (Спортивная) - 1 пар | 42,5: Ижевск - 1 пар | Соболева - 1 пар | Санкт-Петербург (Спортивная) - 1 пар | 43: Ижевск - 1 пар | Санкт-Петербург (Спортивная) - 1 пар | Соболева - 1 пар | Парина - 1 пар | 44: Соболева - 1 пар | Ижевск - 1 пар | 44,5: Соболева - 1 пар | Санкт-Петербург (Спортивная) - 1 пар | 45: Санкт-Петербург (Спортивная) - 1 пар | 45,5: Соболева - 1 пар | 46: Соболева - 1 пар",17,data\product_images\174b3d3edf60.png,0,5,0,7,1,0,0,0,0,4
Обувь,TACES2501C,Кроссовки мужские Joma Ace Pro Clay - Black/Orange/White,Joma,9490 ₽,https://saletennis.com/catalog/product/krossovki-muzhskiie-joma-ace-pro-clay-black-orange-white-17620/,"43: Соболева - 1 пар | Ижевск - 1 пар | Парина - 1 пар | 43,5: Ижевск - 1 пар",4,data\product_images\f4d798831d2b.png,0,0,0,1,1,0,0,0,0,2
Обувь,HQ6026-401,Кроссовки мужские Nike Court Air Zoom Vapor 12 Clay - Racer Blue/Lightening/Deep Royal Blue,Nike,15490 ₽,https://saletennis.com/catalog/product/krossovki-muzhskiie-nike-court-air-zoom-vapor-12-clay-racer-blue-lightening-deep-royal-blue-18107/,42: Бисертская - 1 пар,1,data\product_images\e259c196c796.png,0,0,0,0,0,1,0,0,0,0
Обувь,FZ2161-401,Кроссовки мужские Nike Vapor Pro 3 HC - Psychic Blue/Black,Nike,13490 ₽,https://saletennis.com/catalog/product/krossovki-muzhskiie-nike-vapor-pro-3-hc-psychic-blue-black-18438/,"42,5: Парина - 1 пар | Ижевск - 1 пар | 43: Уфа - 1 пар | Тюмень (Народная) - 1 пар | 44,5: Ижевск - 1 пар",5,data\product_images\dae9f0d8b543.png,0,0,0,0,1,0,0,1,1,2
Обувь,273125-DBRD,Кроссовки мужские Head Spint Pro 4.0 - Dark Blue/Red,Head,10493 ₽,https://saletennis.com/catalog/product/krossovki-muzhskiie-head-spint-pro-4-0-dark-blue-red-16979/,"42,5: Парина - 1 пар",1,data\product_images\6a742eaa3517.jpg,0,0,0,0,1,0,0,0,0,0
Обувь,HQ6030-501,Кроссовки женские Nike Vapor Pro 3 Clay - Light Thistle/Black/Sapphire,Nike,16990 ₽,https://saletennis.com/catalog/product/krossovki-zhienskiie-nike-vapor-pro-3-clay-light-thistle-black-sapphire-19023/,41: Ижевск - 1 пар,1,data\product_images\689199503595.png,0,0,0,0,0,0,0,0,0,1
Обувь,TS76-0201,Кроссовки мужские 7/6 Marble 2.0 - Dark Grey,7/6,11990 ₽,https://saletennis.com/catalog/product/krossovki-muzhskiie-7-6-marble-2-0-dark-grey-18734/,"41: Елизаветенское шоссе - 1 пар | Парина - 1 пар | Соболева - 1 пар | Санкт-Петербург (Ярослава Гашека) - 1 пар | Санкт-Петербург (Спортивная) - 1 пар | Ижевск - 1 пар | 42: Санкт-Петербург (Ярослава Гашека) - 1 пар | Тюмень (Народная) - 1 пар | Ижевск - 1 пар | Уфа - 1 пар | Парина - 1 пар | Санкт-Петербург (Спортивная) - 1 пар | Бисертская - 1 пар | Елизаветенское шоссе - 1 пар | 42,5: Парина - 2 пар | Елизаветенское шоссе - 1 пар | Санкт-Петербург (Спортивная) - 1 пар | Бисертская - 1 пар | Соболева - 1 пар | Тюмень (Народная) - 1 пар | Санкт-Петербург (Ярослава Гашека) - 1 пар | 43: Бисертская - 1 пар | Ижевск - 1 пар | Елизаветенское шоссе - 1 пар | Основной склад Екатеринбург - 2 пар | Санкт-Петербург (Спортивная) - 2 пар | Тюмень (Народная) - 1 пар | Парина - 1 пар | Уфа - 1 пар | Санкт-Петербург (Ярослава Гашека) - 1 пар | Соболева - 1 пар | Тюмень - 1 пар | 43,5: Уфа - 1 пар | Санкт-Петербург (Спортивная) - 1 пар | Тюмень (Народная) - 1 пар | Основной склад Екатеринбург - 2 пар | Ижевск - 1 пар | Бисертская - 1 пар | Соболева - 1 пар | Тюмень - 1 пар | Парина - 1 пар | Санкт-Петербург (Ярослава Гашека) - 1 пар | Елизаветенское шоссе - 2 пар | 44: Уфа - 1 пар | Санкт-Петербург (Ярослава Гашека) - 1 пар | Бисертская - 1 пар | Елизаветенское шоссе - 1 пар | Тюмень - 1 пар | Соболева - 1 пар | Ижевск - 1 пар | Тюмень (Народная) - 1 пар | Парина - 1 пар | Основной склад Екатеринбург - 3 пар | Санкт-Петербург (Спортивная) - 1 пар | 44,5: Уфа - 1 пар | Санкт-Петербург (Спортивная) - 1 пар | Ижевск - 1 пар | Соболева - 1 пар | Основной склад Екатеринбург - 1 пар | Санкт-Петербург (Ярослава Гашека) - 1 пар | Елизаветенское шоссе - 1 пар | Тюмень (Народная) - 1 пар | Парина - 1 пар | Бисертская - 1 пар | 45: Бисертская - 1 пар | Елизаветенское шоссе - 1 пар | Парина - 1 пар | Тюмень - 1 пар | Ижевск - 1 пар | Санкт-Петербург (Ярослава Гашека) - 1 пар | Тюмень (Народная) - 1 пар | Уфа - 1 пар | Санкт-Петербург (Спортивная) - 1 пар | 47: Тюмень (Народная) - 1 пар | Бисертская - 1 пар | Санкт-Петербург (Спортивная) - 1 пар",83,data\product_images\b9f7140e00f6.png,8,10,8,6,9,8,9,12,6,7
Обувь,274405-TBCW,Кроссовки женские Head Sprint Team 4.0 - Twilight Blue/Chalk White,Head,8902 ₽,https://saletennis.com/catalog/product/krossovki-zhienskiie-head-sprint-team-4-0-twilight-blue-chalk-white-17420/,"38,5: Парина - 1 пар | Бисертская - 1 пар | Соболева - 1 пар",3,data\product_images\5ccab15a675f.png,0,0,0,1,1,1,0,0,0,0
Обувь,273145-LINV,Кроссовки мужские Head Spint Pro 4.0 - Lime/Navy,Head,9490 ₽,https://saletennis.com/catalog/product/krossovki-muzhskiie-head-spint-pro-4-0-lime-navy-16980/,"42,5: Соболева - 1 пар | Бисертская - 1 пар | Санкт-Петербург (Спортивная) - 2 пар | 43: Бисертская - 2 пар | Санкт-Петербург (Спортивная) - 1 пар | Соболева - 1 пар | Парина - 2 пар | 46,5: Парина - 1 пар",11,data\product_images\cfc461638d4e.jpg,0,3,0,2,3,3,0,0,0,0
Обувь,61GA231828,Кроссовки мужские Mizuno Wave Exceed Light 2 AC - Mugen Blue,Mizuno,11618 ₽,https://saletennis.com/catalog/product/krossovki-muzhskiie-mizuno-wave-exceed-light-2-ac-mugen-blue-16741/,43: Парина - 1 пар,1,data\product_images\9fd7707f4b33.png,0,0,0,0,1,0,0,0,0,0
Обувь,IB6554-001,Кроссовки женские Nike Vapor 12 Premium HC - Black/Light Lemon Twist,Nike,21990 ₽,https://saletennis.com/catalog/product/krossovki-zhienskiie-nike-vapor-12-premium-hc-black-light-lemon-twist-19022/,"38,5: Ижевск - 1 пар | Санкт-Петербург (Спортивная) - 1 пар | Соболева - 1 пар | 39: Ижевск - 1 пар | Тюмень (Народная) - 1 пар | 40,5: Парина - 1 пар | Ижевск - 1 пар | Санкт-Петербург (Спортивная) - 1 пар | 41: Парина - 1 пар | Санкт-Петербург (Спортивная) - 1 пар",10,data\product_images\33ad46a1d857.png,0,3,0,1,2,0,0,1,0,3
Обувь,61GA227025,Кроссовки мужские Mizuno Wave Exceed Tour 5AC - Jetblue,Mizuno,13990 ₽,https://saletennis.com/catalog/product/krossovki-muzhskiie-mizuno-wave-exceed-tour-5ac-jetblue-15254/,43: Парина - 1 пар,1,data\product_images\86136956d8b3.png,0,0,0,0,1,0,0,0,0,0
Обувь,TS76-0201,Кроссовки женские 7/6 Marble 2.0 - Dark Grey,7/6,11990 ₽,https://saletennis.com/catalog/product/krossovki-zhienskiie-7-6-marble-2-0-dark-grey-18732/,35: Елизаветенское шоссе - 1 пар | Санкт-Петербург (Ярослава Гашека) - 1 пар | Санкт-Петербург (Спортивная) - 1 пар | Соболева - 1 пар | Ижевск - 1 пар | 36: Бисертская - 1 пар | Санкт-Петербург (Спортивная) - 1 пар | Ижевск - 1 пар | Соболева - 1 пар | Санкт-Петербург (Ярослава Гашека) - 1 пар | Уфа - 1 пар | Парина - 1 пар | Елизаветенское шоссе - 1 пар | 37: Уфа - 1 пар | Тюмень (Народная) - 1 пар | Санкт-Петербург (Ярослава Гашека) - 1 пар | Ижевск - 1 пар | Елизаветенское шоссе - 1 пар | Парина - 1 пар | Основной склад Екатеринбург - 1 пар | Бисертская - 1 пар | Санкт-Петербург (Спортивная) - 1 пар | Соболева - 1 пар | 38: Основной склад Екатеринбург - 1 пар | Санкт-Петербург (Ярослава Гашека) - 1 пар | Парина - 1 пар | Санкт-Петербург (Спортивная) - 1 пар | Бисертская - 1 пар | Елизаветенское шоссе - 1 пар | 39: Елизаветенское шоссе - 1 пар | Парина - 1 пар | Ижевск - 1 пар | Тюмень - 1 пар | Уфа - 1 пар | Санкт-Петербург (Ярослава Гашека) - 1 пар | Бисертская - 1 пар | Основной склад Екатеринбург - 1 пар | Санкт-Петербург (Спортивная) - 1 пар | Соболева - 1 пар | 40: Соболева - 1 пар | Санкт-Петербург (Ярослава Гашека) - 2 пар | Елизаветенское шоссе - 1 пар | Санкт-Петербург (Спортивная) - 1 пар | Уфа - 1 пар | Тюмень - 1 пар | Парина - 1 пар,47,data\product_images\f7488c2e052d.png,7,6,3,5,5,4,6,3,4,4
Обувь,IM4332-601,Кроссовки женские Nike Zoom GP Challenge Pro Clay - Pearl Pink/Pink Foam/Chalk/Light Magenta,Nike,14490 ₽,https://saletennis.com/catalog/product/krossovki-zhienskiie-nike-zoom-gp-challenge-pro-clay-pearl-pink-pink-foam-chalk-light-magenta-19253/,38: Ижевск - 1 пар,1,data\product_images\f06860fd43fa.png,0,0,0,0,0,0,0,0,0,1
Обувь,TSPILS2601OM,Кроссовки женские Joma Spin Lady - Black/Llime,Joma,7992 ₽,https://saletennis.com/catalog/product/krossovki-zhienskiie-joma-spin-lady-black-llime-18724/,"37,5: Ижевск - 1 пар | 38,5: Санкт-Петербург (Спортивная) - 1 пар | Соболева - 1 пар | Уфа - 1 пар | 39: Соболева - 1 пар | Ижевск - 1 пар | 39,5: Санкт-Петербург (Спортивная) - 1 пар",7,data\product_images\eb42b095916f.png,0,2,0,2,0,0,0,0,1,2
Обувь,TPOIS2531AC,Кроссовки мужские Joma T.Point - Black/Turquose,Joma,7868 ₽,https://saletennis.com/catalog/product/krossovki-muzhskiie-joma-t-point-black-turquose-17501/,"43,5: Тюмень - 1 пар | Парина - 1 пар | 44: Тюмень - 1 пар",3,data\product_images\5044a6b73f11.png,0,0,0,0,1,0,0,2,0,0
Обувь,TS76-4300,Кроссовки женские 7/6 Marble 2.0 - Light Grey,7/6,11990 ₽,https://saletennis.com/catalog/product/krossovki-zhienskiie-7-6-marble-2-0-light-grey-18733/,35: Тюмень (Народная) - 1 пар | Санкт-Петербург (Спортивная) - 1 пар | Санкт-Петербург (Ярослава Гашека) - 1 пар | Елизаветенское шоссе - 1 пар | Соболева - 1 пар | Основной склад Екатеринбург - 3 пар | Ижевск - 1 пар | Бисертская - 1 пар | Парина - 1 пар | 36: Санкт-Петербург (Ярослава Гашека) - 1 пар | Тюмень (Народная) - 1 пар | Бисертская - 1 пар | Ижевск - 1 пар | Санкт-Петербург (Спортивная) - 1 пар | Соболева - 1 пар | Парина - 1 пар | Елизаветенское шоссе - 1 пар | 37: Ижевск - 1 пар | Соболева - 1 пар | Парина - 1 пар | Елизаветенское шоссе - 1 пар | Санкт-Петербург (Спортивная) - 1 пар | Бисертская - 1 пар | Уфа - 1 пар | Тюмень (Народная) - 1 пар | 38: Елизаветенское шоссе - 2 пар | Санкт-Петербург (Спортивная) - 1 пар | Бисертская - 1 пар | Соболева - 1 пар | Парина - 1 пар | 39: Бисертская - 1 пар | Санкт-Петербург (Спортивная) - 1 пар | Санкт-Петербург (Ярослава Гашека) - 1 пар | Парина - 1 пар | Елизаветенское шоссе - 1 пар | Соболева - 1 пар | Тюмень (Народная) - 1 пар | 40: Санкт-Петербург (Ярослава Гашека) - 1 пар | Санкт-Петербург (Спортивная) - 1 пар | Елизаветенское шоссе - 1 пар,43,data\product_images\ee6abe1ee1e6.png,4,6,3,5,5,5,7,4,1,3
Обувь,FZ2158-001,Кроссовки женские Nike Vapor Pro 3 HC - Black/White,Nike,17990 ₽,https://saletennis.com/catalog/product/krossovki-zhienskiie-nike-vapor-pro-3-hc-black-white-17681/,"38: Ижевск - 1 пар | Уфа - 1 пар | 38,5: Уфа - 1 пар | 39: Бисертская - 1 пар | Ижевск - 1 пар | Тюмень (Народная) - 1 пар | 40: Уфа - 1 пар | Соболева - 1 пар | 40,5: Уфа - 2 пар | Соболева - 2 пар | Бисертская - 1 пар | Парина - 1 пар | 41: Тюмень (Народная) - 1 пар | Уфа - 1 пар | Парина - 1 пар | Соболева - 2 пар | 42: Парина - 1 пар | Тюмень (Народная) - 1 пар | 42,5: Санкт-Петербург (Спортивная) - 1 пар | Парина - 1 пар | 43: Санкт-Петербург (Спортивная) - 1 пар",24,data\product_images\f874339dbda9.png,0,2,0,5,4,2,0,3,6,2
Обувь,275225-RDDB,Кроссовки детские Head Revolt Pro 4.5 Junior - Red/Dark Blue,Head,8092 ₽,https://saletennis.com/catalog/product/krossovki-dietskiie-head-revolt-pro-4-5-junior-red-dark-blue-17409/,"38,5: Уфа - 1 пар",1,data\product_images\280b4fe4f499.png,0,0,0,0,0,0,0,0,1,0
Обувь,61GA227038,Кроссовки мужские Mizuno Wave Exceed Tour 5 AC - Black,Mizuno,13990 ₽,https://saletennis.com/catalog/product/krossovki-muzhskiie-mizuno-wave-exceed-tour-5-ac-black-15074/,44: Парина - 1 пар,1,data\product_images\c2fedae4e194.png,0,0,0,0,1,0,0,0,0,0
Обувь,61GA247060,Кроссовки мужские Mizuno Wave Exceed Tour 6 AC - White/Fiery Coral/Citrus,Mizuno,18490 ₽,https://saletennis.com/catalog/product/krossovki-muzhskiie-mizuno-wave-exceed-tour-6-ac-white-fiery-coral-citrus-18040/,41: Парина - 1 пар | 43: Парина - 1 пар,2,data\product_images\1f149d275132.png,0,0,0,0,2,0,0,0,0,0
Обувь,FZ2161-402,Кроссовки мужские Nike Vapor Pro 3 HC - Racer Blue/Black/White/Lightening,Nike,13490 ₽,https://saletennis.com/catalog/product/krossovki-muzhskiie-nike-vapor-pro-3-hc-racer-blue-black-white-lightening-18101/,"42: Санкт-Петербург (Спортивная) - 1 пар | 42,5: Санкт-Петербург (Спортивная) - 1 пар | Соболева - 1 пар | 43: Санкт-Петербург (Спортивная) - 1 пар | 44,5: Тюмень (Народная) - 1 пар | Санкт-Петербург (Спортивная) - 1 пар | 45: Санкт-Петербург (Спортивная) - 1 пар | Тюмень (Народная) - 1 пар | Уфа - 1 пар",9,data\product_images\8e49e5c6e11a.png,0,5,0,1,0,0,0,2,1,0
Обувь,FV5552-402,Кроссовки мужские Nike Court Air Zoom Vapor 12 HC - Midnight Navy/White,Nike,14490 ₽,https://saletennis.com/catalog/product/krossovki-muzhskiie-nike-court-air-zoom-vapor-12-hc-midnight-navy-white-18433/,43: Парина - 1 пар | Уфа - 1 пар,2,data\product_images\fda4a44c2de5.png,0,0,0,0,1,0,0,0,1,0
Обувь,273226-RDDR,Кроссовки мужские Head Revolt Pro 5.0 - Red/Dark Red,Head,14990 ₽,https://saletennis.com/catalog/product/krossovki-muzhskiie-head-revolt-pro-5-0-red-dark-red-18569/,42: Санкт-Петербург (Спортивная) - 1 пар,1,data\product_images\c98a839dd5fb.png,0,1,0,0,0,0,0,0,0,0
Обувь,AR8851-302,Кроссовки детские Nike Vapor X Junior - Ghost Green/Barley Volt,Nike,11990 ₽,https://saletennis.com/catalog/product/krossovki-dietskiie-nike-vapor-x-junior-ghost-green-barley-volt-10198/,"32: Уфа - 1 пар | 33,5: Уфа - 1 пар | 38: Соболева - 1 пар | 38,5: Соболева - 1 пар | Парина - 1 пар",5,data\product_images\787f61d4b906.jpg,0,0,0,2,1,0,0,0,2,0
Обувь,FV5554-106,Кроссовки женские Nike Court Air Zoom Vapor 12 HC - White/Cannon,Nike,20990 ₽,https://saletennis.com/catalog/product/krossovki-zhienskiie-nike-court-air-zoom-vapor-12-hc-white-cannon-18292/,"40,5: Парина - 1 пар",1,data\product_images\554ee965cfa0.png,0,0,0,0,1,0,0,0,0,0
Обувь,1042A220-500,Кроссовки женские Asics Court FF 3 - Indigo Fog/White,Asics,12920 ₽,https://saletennis.com/catalog/product/krossovki-zhienskiie-asics-court-ff-3-indigo-fog-white-17802/,"40,5: Санкт-Петербург (Спортивная) - 1 пар",1,data\product_images\a1439854b4f4.png,0,1,0,0,0,0,0,0,0,0
Обувь,TACEW2409AC,Кроссовки мужские Joma Ace Pro - Lemon Fluor,Joma,8993 ₽,https://saletennis.com/catalog/product/krossovki-muzhskiie-joma-ace-pro-lemon-fluor-16676/,"42,5: Тюмень - 1 пар | 44: Тюмень - 1 пар",2,data\product_images\9a78fba5f252.png,0,0,0,0,0,0,0,2,0,0
Обувь,CD0440-177,Кроссовки детские Nike Junior Court Lite 2 - White/University Red,Nike,7490 ₽,https://saletennis.com/catalog/product/krossovki-dietskiie-nike-junior-court-lite-2-white-university-red-18427/,"37,5: Санкт-Петербург (Спортивная) - 1 пар",1,data\product_images\5dac7011a1e8.png,0,1,0,0,0,0,0,0,0,0
Обувь,FZ2161-108,Кроссовки мужские Nike Vapor Pro 3 HC - White/Dark Raisin/Volt Tint,Nike,17490 ₽,https://saletennis.com/catalog/product/krossovki-muzhskiie-nike-vapor-pro-3-hc-white-dark-raisin-volt-tint-19018/,"42: Ижевск - 1 пар | 42,5: Парина - 2 пар | 44: Парина - 1 пар | 45: Парина - 1 пар",5,data\product_images\d855f85b693d.png,0,0,0,0,4,0,0,0,0,1
Обувь,IQ6076-601,Кроссовки женские Nike Zoom GP Challenge 1.5 Premium HC - Pearl Pink/Chalk/Light Magenta,Nike,20490 ₽,https://saletennis.com/catalog/product/krossovki-zhienskiie-nike-zoom-gp-challenge-1-5-premium-hc-pearl-pink-chalk-light-magenta-19252/,39: Ижевск - 1 пар,1,data\product_images\6aa5cebfee16.png,0,0,0,0,0,0,0,0,0,1
Обувь,273404-BBWH,Кроссовки мужские Head Sprint Team 3.5 - Blueberry/White,Head,7493 ₽,https://saletennis.com/catalog/product/krossovki-muzhskiie-head-sprint-team-3-5-blueberry-white-15656/,"43: Парина - 1 пар | Бисертская - 1 пар | 44,5: Уфа - 1 пар",3,data\product_images\2ad3a52661a0.png,0,0,0,0,1,1,0,0,1,0
Обувь,HV1488-100,Кроссовки мужские Nike Court Vapor 12 Hypersmash HC - White/Metallic Gold/Pure Platinum,Nike,15594 ₽,https://saletennis.com/catalog/product/krossovki-muzhskiie-nike-court-vapor-12-hypersmash-hc-white-metallic-gold-pure-platinum-18435/,"42,5: Тюмень (Народная) - 1 пар | Парина - 1 пар | Санкт-Петербург (Спортивная) - 1 пар | 43: Ижевск - 1 пар | 44: Санкт-Петербург (Спортивная) - 1 пар",5,data\product_images\d5632c3b59a8.png,0,2,0,0,1,0,0,1,0,1
Обувь,HQ5292-401,Кроссовки мужские Nike Vapor Lite 3 Clay - Racer Blue/Lightening/White/Black,Nike,8993 ₽,https://saletennis.com/catalog/product/krossovki-muzhskiie-nike-vapor-lite-3-clay-racer-blue-lightening-white-black-18108/,"42,5: Ижевск - 1 пар | 43: Санкт-Петербург (Спортивная) - 1 пар",2,data\product_images\c4a6b1bc43dd.png,0,1,0,0,0,0,0,0,0,1
Обувь,FB3147-104,Кроссовки мужские Nike Zoom GP Challenge 1 HC - White/Radiant Emerald,Nike,13990 ₽,https://saletennis.com/catalog/product/krossovki-muzhskiie-nike-zoom-gp-challenge-1-hc-white-radiant-emerald-18296/,"45,5: Бисертская - 1 пар",1,data\product_images\42fa73c088dd.png,0,0,0,0,0,1,0,0,0,0
Обувь,HV1486-100,Кроссовки мужские Nike Court Air Zoom Vapor 12 Magnolia - White/Metallic Gold/Pure Platinum,Nike,15990 ₽,https://saletennis.com/catalog/product/krossovki-muzhskiie-nike-court-air-zoom-vapor-12-magnolia-white-metallic-gold-pure-platinum-18434/,"42,5: Парина - 1 пар",1,data\product_images\1e3f157274d8.png,0,0,0,0,1,0,0,0,0,0
Обувь,TSW101001-WHBK,Кроссовки Seven Six Sprint W - White/Black,Seven Six,3990 ₽,https://saletennis.com/catalog/product/krossovki-seven-six-sprint-w-white-black-15544/,36: Санкт-Петербург (Спортивная) - 1 пар | Тюмень (Народная) - 1 пар,2,data\product_images\915e23b2c59a.png,0,1,0,0,0,0,0,1,0,0
Обувь,273163-FCBB,Кроссовки мужские Head Spint Pro 3.5 Clay - Fiery Coral/Blueberry,Head,11592 ₽,https://saletennis.com/catalog/product/krossovki-muzhskiie-head-spint-pro-3-5-clay-fiery-coral-blueberry-14706/,"44,5: Бисертская - 1 пар",1,data\product_images\31a4c8170ff2.png,0,0,0,0,0,1,0,0,0,0
Обувь,FV5552-001,Кроссовки мужские Nike Court Air Zoom Vapor 12 HC - Black/Dark Smoke Grey/White,Nike,17192 ₽,https://saletennis.com/catalog/product/krossovki-muzhskiie-nike-court-air-zoom-vapor-12-hc-black-dark-smoke-grey-white-17351/,"41: Санкт-Петербург (Спортивная) - 1 пар | 42: Тюмень (Народная) - 1 пар | Санкт-Петербург (Спортивная) - 1 пар | Уфа - 1 пар | 42,5: Санкт-Петербург (Спортивная) - 2 пар | Бисертская - 1 пар | Ижевск - 2 пар | Парина - 1 пар | Тюмень (Народная) - 1 пар | 43: Ижевск - 2 пар | Соболева - 1 пар | Парина - 1 пар | Уфа - 2 пар | Бисертская - 1 пар | 44: Тюмень (Народная) - 1 пар | Уфа - 1 пар | Ижевск - 1 пар | 44,5: Ижевск - 1 пар | Санкт-Петербург (Спортивная) - 1 пар | 45: Ижевск - 1 пар | 45,5: Парина - 1 пар",25,data\product_images\dfd75909801a.png,0,5,0,1,3,2,0,3,4,7
Обувь,TSMAS2527C,Кроссовки мужские Joma Smash Clay - Turquoise,Joma,8618 ₽,https://saletennis.com/catalog/product/krossovki-muzhskiie-joma-smash-clay-turquoise-17626/,"43,5: Ижевск - 1 пар",1,data\product_images\584343f00fc5.png,0,0,0,0,0,0,0,0,0,1
Обувь,275415-LINV,Кроссовки детские Head Sprint Court 4.0 Junior - Lime/Navy,Head,5824 ₽,https://saletennis.com/catalog/product/krossovki-dietskiie-head-sprint-court-4-0-junior-lime-navy-17410/,40: Парина - 1 пар,1,data\product_images\e9819999c0ab.png,0,0,0,0,1,0,0,0,0,0
Обувь,IB6560-700,Кроссовки женские Nike Zoom GP Challenge Pro HC - Volt Tint/Lab Green/White/Sapphire,Nike,13490 ₽,https://saletennis.com/catalog/product/krossovki-zhienskiie-nike-zoom-gp-challenge-pro-hc-volt-tint-lab-green-white-sapphire-19025/,41: Уфа - 1 пар,1,data\product_images\8ad6908e2c52.png,0,0,0,0,0,0,0,0,1,0
Обувь,275305-DBRD,Кроссовки детские Head Sprint Pro 4.0 Junior - Dark Blue/Red,Head,6877 ₽,https://saletennis.com/catalog/product/krossovki-dietskiie-head-sprint-pro-4-0-junior-dark-blue-red-17412/,"33,5: Парина - 1 пар | 36: Тюмень (Народная) - 1 пар | 38,5: Парина - 1 пар",3,data\product_images\08196f2e0d59.png,0,0,0,0,2,0,0,1,0,0
Обувь,HQ5292-001,Кроссовки мужские Nike Vapor Lite 3 Clay - Black/White,Nike,8993 ₽,https://saletennis.com/catalog/product/krossovki-muzhskiie-nike-vapor-lite-3-clay-black-white-18437/,"42: Ижевск - 1 пар | Бисертская - 1 пар | 42,5: Ижевск - 1 пар | Санкт-Петербург (Спортивная) - 1 пар | Бисертская - 1 пар | 43: Санкт-Петербург (Спортивная) - 1 пар | Ижевск - 1 пар",7,data\product_images\6c8ec8302650.png,0,2,0,0,0,2,0,0,0,3
Обувь,61GA243237,Кроссовки мужские Mizuno Wave Enforce Court AC - White/Neo Mint,Mizuno,12142 ₽,https://saletennis.com/catalog/product/krossovki-muzhskiie-mizuno-wave-enforce-court-ac-white-neo-mint-17604/,"42,5: Санкт-Петербург (Спортивная) - 1 пар | Парина - 1 пар | 44: Тюмень (Народная) - 1 пар | 44,5: Соболева - 1 пар",4,data\product_images\705d96702335.png,0,1,0,1,1,0,0,1,0,0
Обувь,275404-ORDR,Кроссовки детские Head Sprint Velcro 3.0 - Orange/Dark Red,Head,2990 ₽,https://saletennis.com/catalog/product/krossovki-dietskiie-head-sprint-velcro-3-0-orange-dark-red-15599/,27: Парина - 1 пар | Тюмень (Народная) - 1 пар,2,data\product_images\30fb07bcf0b9.png,0,0,0,0,1,0,0,1,0,0
Обувь,IB6558-100,Кроссовки мужские Nike Vapor Pro 3 Premium HC - Sail/Turf Orange/Blue Ribbon Heather/Black,Nike,17990 ₽,https://saletennis.com/catalog/product/krossovki-muzhskiie-nike-vapor-pro-3-premium-hc-sail-turf-orange-blue-ribbon-heather-black-19028/,"42,5: Санкт-Петербург (Спортивная) - 1 пар",1,data\product_images\cf4f99bff995.png,0,1,0,0,0,0,0,0,0,0
Обувь,273325-NVLI,Кроссовки мужские Head Revolt Evo 2.0 - Navy/Lime,Head,9990 ₽,https://saletennis.com/catalog/product/krossovki-muzhskiie-head-revolt-evo-2-0-navy-lime-16977/,"42,5: Тюмень (Народная) - 1 пар | 43: Парина - 1 пар",2,data\product_images\ea34b41393d0.jpg,0,0,0,0,1,0,0,1,0,0
Обувь,HQ6034-003,Кроссовки мужские Nike Vapor Pro 3 Clay - Light Silver/Black,Nike,16990 ₽,https://saletennis.com/catalog/product/krossovki-muzhskiie-nike-vapor-pro-3-clay-light-silver-black-19228/,"42: Ижевск - 1 пар | Бисертская - 1 пар | 42,5: Ижевск - 1 пар | 43: Бисертская - 1 пар | 44: Ижевск - 2 пар | Бисертская - 1 пар | 44,5: Ижевск - 1 пар | 45: Ижевск - 1 пар",9,data\product_images\04bbe5c04f34.png,0,0,0,0,0,3,0,0,0,6
Обувь,FZ2155-800,Кроссовки мужские Nike Court Vapor Lite 3 HC - Apricot Agate,Nike,7990 ₽,https://saletennis.com/catalog/product/krossovki-muzhskiie-nike-court-vapor-lite-3-hc-apricot-agate-17671/,"42: Тюмень (Народная) - 1 пар | Парина - 1 пар | Соболева - 1 пар | 42,5: Тюмень (Народная) - 1 пар | 43: Тюмень (Народная) - 1 пар | Уфа - 1 пар | 44,5: Парина - 1 пар",7,data\product_images\2e8dc605755d.png,0,0,0,1,2,0,0,3,1,0
Обувь,273225-NVLI,Кроссовки мужские Head Revolt Pro 4.5 - Navy/Lime,Head,12142 ₽,https://saletennis.com/catalog/product/krossovki-muzhskiie-head-revolt-pro-4-5-navy-lime-17424/,"41: Уфа - 1 пар | 42,5: Санкт-Петербург (Спортивная) - 1 пар",2,data\product_images\fdd03a499b47.png,0,1,0,0,0,0,0,0,1,0
Обувь,IQ5175-001,Кроссовки женские Nike Zoom GP Challenge 1.5 Premium HC - Black/Light Lemon Twist/White,Nike,20490 ₽,https://saletennis.com/catalog/product/krossovki-zhienskiie-nike-zoom-gp-challenge-1-5-premium-hc-black-light-lemon-twist-white-19035/,"38,5: Санкт-Петербург (Спортивная) - 1 пар | Парина - 1 пар | 39: Санкт-Петербург (Спортивная) - 1 пар | Тюмень (Народная) - 1 пар | 41: Парина - 1 пар",5,data\product_images\6e9a3c400eb7.png,0,2,0,0,2,0,0,1,0,0
Обувь,AR8851-009,Кроссовки детские Nike Vapor X Junior - Black/Volt/White,Nike,11990 ₽,https://saletennis.com/catalog/product/krossovki-dietskiie-nike-vapor-x-junior-black-volt-white-9751/,"32: Парина - 1 пар | 33: Ижевск - 1 пар | Парина - 1 пар | Соболева - 1 пар | 33,5: Ижевск - 1 пар | Санкт-Петербург (Спортивная) - 1 пар | 34: Парина - 1 пар | 35: Тюмень (Народная) - 1 пар | Санкт-Петербург (Спортивная) - 2 пар | Уфа - 1 пар | 35,5: Санкт-Петербург (Спортивная) - 1 пар | Соболева - 1 пар | 36: Санкт-Петербург (Спортивная) - 1 пар | 36,5: Санкт-Петербург (Спортивная) - 1 пар | Тюмень (Народная) - 1 пар | 37,5: Тюмень (Народная) - 1 пар | Соболева - 1 пар | Парина - 1 пар | Бисертская - 1 пар | 38: Тюмень (Народная) - 1 пар | Санкт-Петербург (Спортивная) - 1 пар | Ижевск - 1 пар | Уфа - 1 пар | Парина - 1 пар | 38,5: Уфа - 1 пар | Тюмень (Народная) - 1 пар",27,data\product_images\4e198bf06f35.jpg,0,7,0,3,5,1,0,5,3,3
Обувь,275314-BNBK,Кроссовки детские Head Sprint 3.5 Junior - Banana/Black,Head,6877 ₽,https://saletennis.com/catalog/product/krossovki-dietskiie-head-sprint-3-5-junior-banana-black-15595/,"38: Санкт-Петербург (Спортивная) - 1 пар | Уфа - 1 пар | 38,5: Тюмень (Народная) - 1 пар | Парина - 1 пар | 40: Ижевск - 1 пар",5,data\product_images\b120b5818e31.png,0,1,0,0,1,0,0,1,1,1
Обувь,FZ2155-402,Кроссовки мужские Nike Court Vapor Lite 3 HC - Hydrogen Blue/Midnight Navy/Hot Lava,Nike,10090 ₽,https://saletennis.com/catalog/product/krossovki-muzhskiie-nike-court-vapor-lite-3-hc-hydrogen-blue-midnight-navy-hot-lava-19016/,"44: Ижевск - 1 пар | Уфа - 1 пар | 44,5: Уфа - 1 пар",3,data\product_images\00ccb82c22a3.png,0,0,0,0,0,0,0,0,2,1
Обувь,FZ2155-400,Кроссовки мужские Nike Court Vapor Lite 3 HC - Thunder Blue,Nike,8618 ₽,https://saletennis.com/catalog/product/krossovki-muzhskiie-nike-court-vapor-lite-3-hc-thunder-blue-17672/,"42: Тюмень (Народная) - 1 пар | 42,5: Тюмень (Народная) - 1 пар | 43: Санкт-Петербург (Спортивная) - 1 пар | Ижевск - 1 пар | 45: Соболева - 1 пар",5,data\product_images\23e61f71247d.png,0,1,0,1,0,0,0,2,0,1
Обувь,273115-BKWH,Кроссовки мужские Head Sprint Pro 4.0 SF Clay - Black/White,Head,14167 ₽,https://saletennis.com/catalog/product/krossovki-muzhskiie-head-sprint-pro-4-0-sf-clay-black-white-17430/,"42: Бисертская - 2 пар | 42,5: Парина - 1 пар | Соболева - 1 пар | Бисертская - 1 пар | 43: Тюмень - 1 пар | Бисертская - 1 пар | Санкт-Петербург (Спортивная) - 1 пар | Парина - 1 пар | 44,5: Санкт-Петербург (Спортивная) - 1 пар | Тюмень (Народная) - 1 пар",11,data\product_images\a99fc486c6b4.png,0,2,0,1,2,4,0,2,0,0
Обувь,TS76-0116,Кроссовки женские 7/6 Marble 2.0 - Green Blossom,7/6,6990 ₽,https://saletennis.com/catalog/product/krossovki-zhienskiie-7-6-marble-2-0-green-blossom-18240/,35: Санкт-Петербург (Спортивная) - 1 пар | Парина - 1 пар | Уфа - 1 пар | 36: Ижевск - 1 пар,4,data\product_images\6a450ac36bad.png,0,1,0,0,1,0,0,0,1,1
Обувь,HQ6034-001,Кроссовки мужские Nike Vapor Pro 3 Clay - Black/White,Nike,17490 ₽,https://saletennis.com/catalog/product/krossovki-muzhskiie-nike-vapor-pro-3-clay-black-white-18109/,"42,5: Санкт-Петербург (Спортивная) - 1 пар | Уфа - 1 пар",2,data\product_images\e12ff9992aa8.png,0,1,0,0,0,0,0,0,1,0
Обувь,273144-DROR,Кроссовки мужские Head Spint Pro 3.5 Clay - Dark Red/Orange,Head,11592 ₽,https://saletennis.com/catalog/product/krossovki-muzhskiie-head-spint-pro-3-5-clay-dark-red-orange-15653/,43: Бисертская - 1 пар | Санкт-Петербург (Спортивная) - 1 пар,2,data\product_images\908d8096319a.png,0,1,0,0,0,1,0,0,0,0
Обувь,273436-NVCG,Кроссовки мужские Head Sprint Team 4.0 Clay - Navy/Cantaloupe Green,Head,8902 ₽,https://saletennis.com/catalog/product/krossovki-muzhskiie-head-sprint-team-4-0-clay-navy-cantaloupe-green-18654/,"42: Бисертская - 1 пар | 42,5: Бисертская - 1 пар | 43: Бисертская - 1 пар | Соболева - 1 пар | 44: Санкт-Петербург (Спортивная) - 1 пар | Парина - 1 пар",6,data\product_images\706dcb704298.png,0,1,0,1,1,3,0,0,0,0
Теннисные струны,WRZ906600,"Теннисная струна Wilson Revolve White 1,25 12 метров",Wilson,1774 ₽,https://saletennis.com/catalog/product/tiennisnaia-struna-wilson-revolve-white-1-25-12-mietrov-6660/,Соболева: 16 шт | Тюмень: 5 шт | Уфа: 4 шт | Парина: 2 шт | Тюмень (Народная): 9 шт,36,data\product_images\da4a23757d59.jpg,0,0,0,16,2,0,0,14,4,0
Теннисные струны,06GXON118O,"Струна для сквоша X-ONE Orange 1,18 200 метров",Не определен,25994 ₽,https://saletennis.com/catalog/product/struna-dlia-skvosha-x-one-orange-1-18-200-mietrov-15094/,Основной склад Екатеринбург: 1 шт | Парина: 1 шт,2,data\product_images\3216904ede2e.png,0,0,1,0,1,0,0,0,0,0
Теннисные струны,WRZ990142,"Теннисная струна Luxilon 4G 1,30 200 метров",Luxilon,36792 ₽,https://saletennis.com/catalog/product/tennisnaya-struna-luxilon-4g-130-200-metrov-3642-3642/,Уфа: 1 шт,1,data\product_images\07dcbc7da120.jpg,0,0,0,0,0,0,0,0,1,0
Теннисные струны,WR8310601125,"Теннисная струна Luxilon Eco Spin Black 1,25 12 метров",Luxilon,2190 ₽,https://saletennis.com/catalog/product/tiennisnaia-struna-luxilon-eco-spin-black-1-25-12-mietrov-16572/,Ижевск: 1 шт,1,data\product_images\675d44428866.png,0,0,0,0,0,0,0,0,0,1
Теннисные струны,1920079,"Теннисная струна Solinco Tour Bite Diamond Rough 1,25 12 метров",Solinco,1290 ₽,https://saletennis.com/catalog/product/tiennisnaia-struna-solinco-tour-bite-diamond-rough-1-25-12-mietrov-1-4976/,Ижевск: 7 шт | Бисертская: 5 шт | Тюмень (Народная): 5 шт | Парина: 13 шт | Санкт-Петербург (Спортивная): 5 шт | Санкт-Петербург (Ярослава Гашека): 15 шт | Уфа: 5 шт | Тюмень: 4 шт | Соболева: 10 шт,69,data\product_images\a1eb54c5aaab.png,15,5,0,10,13,5,0,9,5,7
Теннисные струны,WR8302001115,"Теннисная струна Luxilon Alu Power 1,15 12 метров",Luxilon,3490 ₽,https://saletennis.com/catalog/product/tiennisnaia-struna-luxilon-alu-power-1-15-12-mietrov-11208/,Ижевск: 1 шт | Парина: 5 шт | Тюмень (Народная): 1 шт | Соболева: 3 шт | Санкт-Петербург (Спортивная): 3 шт | Уфа: 3 шт,16,data\product_images\d5d43d5840ee.png,0,3,0,3,5,0,0,1,3,1
Теннисные струны,WRZ907800,"Теннисная струна Wilson Revolve Spin Green 1,30 200 метров",Wilson,18193 ₽,https://saletennis.com/catalog/product/tiennisnaia-struna-wilson-revolve-spin-green-1-30-200-mietrov-6082/,Бисертская: 1 шт | Тюмень (Народная): 1 шт | Санкт-Петербург (Спортивная): 1 шт | Соболева: 1 шт | Уфа: 1 шт | Парина: 1 шт | Ижевск: 1 шт,7,data\product_images\4658f9556fd9.jpg,0,1,0,1,1,1,0,1,1,1
Теннисные струны,243146,"Теннисная струна Babolat RPM Soft 1,30 200 метров",Babolat,14245 ₽,https://saletennis.com/catalog/product/tiennisnaia-struna-babolat-rpm-soft-1-30-200-mietrov-12698/,Парина: 1 шт,1,data\product_images\56ff8e4de75f.png,0,0,0,0,1,0,0,0,0,0
Теннисные струны,241101,"Теннисная струна Babolat RPM Blast 1,30 12 метров",Babolat,2090 ₽,https://saletennis.com/catalog/product/tennisnaya-struna-babolat-rpm-blast-12-m130-748-748/,Ижевск: 1 шт | Соболева: 13 шт | Тюмень (Народная): 5 шт | Парина: 11 шт | Тюмень: 13 шт | Санкт-Петербург (Спортивная): 5 шт,48,data\product_images\0d9ae8c3c114.png,0,5,0,13,11,0,0,18,0,1
Теннисные струны,281065-BL,"Теннисная струна Head Synthetic Gut PPS Blue - 1,24 12 метров",Head,802 ₽,https://saletennis.com/catalog/product/tiennisnaia-struna-head-synthetic-gut-pps-blue-1-24-12-mietrov-16738/,Санкт-Петербург (Спортивная): 5 шт | Санкт-Петербург (Ярослава Гашека): 2 шт,7,data\product_images\2db05d8ba7a1.png,2,5,0,0,0,0,0,0,0,0
Теннисные струны,1920067,"Теннисная струна Solinco Tour Bite Soft 1,20 200 метров",Solinco,14990 ₽,https://saletennis.com/catalog/product/tiennisnaia-struna-solinco-tour-bite-soft-1-20-200-mietrov-14009/,Парина: 1 шт,1,data\product_images\bf0af7795899.png,0,0,0,0,1,0,0,0,0,0
Теннисные струны,1920043,"Теннисная струна Solinco Vanqush 1,30 12 метров",Solinco,1390 ₽,https://saletennis.com/catalog/product/tiennisnaia-struna-solinco-vanqush-1-30-12-mietrov-10109/,Соболева: 7 шт | Бисертская: 4 шт | Санкт-Петербург (Спортивная): 5 шт | Ижевск: 3 шт | Тюмень (Народная): 1 шт | Парина: 5 шт,25,data\product_images\212d6c24fa10.png,0,5,0,7,5,4,0,1,0,3
Теннисные струны,243140,"Теннисная струна Babolat RPM Blast Rough Yellow 1,30 200 метров",Babolat,19992 ₽,https://saletennis.com/catalog/product/tiennisnaia-struna-babolat-rpm-blast-rough-yellow-1-30-200-mietrov-6853/,Соболева: 1 шт | Ижевск: 1 шт | Парина: 1 шт | Санкт-Петербург (Спортивная): 1 шт,4,data\product_images\502aa3bc8576.jpg,0,1,0,1,1,0,0,0,0,1
Теннисные струны,WR830000116,"Теннисная струна Wilson Revolve Twist - Grey 1,30 12 метров",Wilson,1207 ₽,https://saletennis.com/catalog/product/tiennisnaia-struna-wilson-revolve-twist-grey-1-30-12-mietrov-8964/,Ижевск: 5 шт,5,data\product_images\3b26dbb52e2a.jpg,0,0,0,0,0,0,0,0,0,5
Теннисные струны,04GRA130XU,"Теннисная струна Tecnifibre Razor Code Blue 1,30 12 метров",Tecnifibre,1890 ₽,https://saletennis.com/catalog/product/tiennisnaia-struna-tecnifibre-razor-code-blue-1-30-12-mietrov-13665/,Ижевск: 2 шт | Санкт-Петербург (Спортивная): 1 шт,3,data\product_images\9044e307c432.png,0,1,0,0,0,0,0,0,0,2
Теннисные струны,WRZ941900,"Теннисная струна Wilson NXT Control 1,32 12 метров",Wilson,3637 ₽,https://saletennis.com/catalog/product/tiennisnaia-struna-wilson-nxt-control-1-32-12-mietrov-8281/,Бисертская: 5 шт | Парина: 5 шт | Ижевск: 6 шт | Санкт-Петербург (Спортивная): 5 шт | Соболева: 5 шт | Тюмень (Народная): 6 шт,32,data\product_images\b7bc458a447a.jpg,0,5,0,5,5,5,0,6,0,6
Теннисные струны,WRZ906400,"Теннисная струна Wilson Revolve White 1,35 200 метров",Wilson,15743 ₽,https://saletennis.com/catalog/product/tiennisnaia-struna-wilson-revolve-white-1-35-200-mietrov-19074/,Санкт-Петербург (Спортивная): 1 шт | Соболева: 1 шт | Парина: 1 шт | Бисертская: 1 шт,4,data\product_images\74ffa1ea4a42.png,0,1,0,1,1,1,0,0,0,0
Теннисные струны,281032-PT,"Теннисная струна Head Hawk Power 1,25 200 метров",Head,20242 ₽,https://saletennis.com/catalog/product/tiennisnaia-struna-head-hawk-power-1-25-200-mietrov-18231/,Санкт-Петербург (Спортивная): 1 шт,1,data\product_images\4102f99ce173.png,0,1,0,0,0,0,0,0,0,0
Теннисные струны,241136,"Теннисная струна Babolat RPM Blast Rough Yellow 1,30 12 метров",Babolat,2290 ₽,https://saletennis.com/catalog/product/tiennisnaia-struna-babolat-rpm-blast-rough-yellow-1-30-12-mietrov-5642/,Парина: 12 шт | Санкт-Петербург (Спортивная): 5 шт | Бисертская: 1 шт | Уфа: 5 шт | Соболева: 3 шт,26,data\product_images\94ea005e561d.png,0,5,0,3,12,1,0,0,5,0
Теннисные струны,WR8302801130,"Теннисная струна Luxilon Alu Power Rough 1,30 12 метров",Luxilon,3490 ₽,https://saletennis.com/catalog/product/tiennisnaia-struna-luxilon-alu-power-rough-1-30-12-mietrov-10510/,Бисертская: 5 шт | Уфа: 1 шт | Ижевск: 1 шт | Санкт-Петербург (Спортивная): 14 шт,21,data\product_images\4e8fc470bf85.png,0,14,0,0,0,5,0,0,1,1
Теннисные струны,281799-BK,"Теннисная струна Head LYNX Tour Black 1,30 12 метров",Head,1207 ₽,https://saletennis.com/catalog/product/tiennisnaia-struna-head-lynx-tour-black-1-30-12-mietrov-15461/,Тюмень: 11 шт | Бисертская: 11 шт | Уфа: 4 шт | Ижевск: 5 шт | Санкт-Петербург (Спортивная): 5 шт | Соболева: 26 шт | Парина: 22 шт,84,data\product_images\f66bc2f41ca3.png,0,5,0,26,22,11,0,11,4,5
Теннисные струны,WRZ990111,"Теннисная струна Luxilon Element 1,30 200 метров",Luxilon,27192 ₽,https://saletennis.com/catalog/product/tiennisnaia-struna-luxilon-element-1-30-200-mietrov-4579/,Парина: 1 шт,1,data\product_images\1887efe58de1.jpg,0,0,0,0,1,0,0,0,0,0
Теннисные струны,04GRA125XW,"Теннисная струна Tecnifibre Razor Code White 1,30 12 метров",Tecnifibre,2490 ₽,https://saletennis.com/catalog/product/tiennisnaia-struna-tecnifibre-razor-code-white-1-30-12-mietrov-14565/,Соболева: 6 шт | Санкт-Петербург (Спортивная): 1 шт | Тюмень (Народная): 3 шт,10,data\product_images\5c53a23662fa.png,0,1,0,6,0,0,0,3,0,0
Теннисные струны,281033-15LSI,"Теннисная струна Head Master Silver 1,40 200 метров",Head,4666 ₽,https://saletennis.com/catalog/product/tiennisnaia-struna-head-master-silver-1-40-200-mietrov-10091/,Ижевск: 1 шт | Уфа: 1 шт,2,data\product_images\dc922c5b577d.png,0,0,0,0,0,0,0,0,1,1
Теннисные струны,WR8310401125,"Теннисная струна Luxilon Lxn Eco Rouge 1,25 12 метров",Luxilon,2990 ₽,https://saletennis.com/catalog/product/tiennisnaia-struna-luxilon-lxn-eco-rouge-1-25-12-mietrov-16574/,Санкт-Петербург (Ярослава Гашека): 15 шт | Парина: 1 шт | Санкт-Петербург (Спортивная): 5 шт | Ижевск: 1 шт,22,data\product_images\6f9bd821029b.png,15,5,0,0,1,0,0,0,0,1
Теннисные струны,WRZ907600,"Теннисная струна Wilson Revolve Spin Black 1,30 12 метров",Wilson,1774 ₽,https://saletennis.com/catalog/product/tiennisnaia-struna-wilson-revolve-spin-black-1-30-12-mietrov-10569/,Уфа: 3 шт | Тюмень: 3 шт | Парина: 3 шт | Ижевск: 2 шт,11,data\product_images\81efd4db9867.png,0,0,0,0,3,0,0,3,3,2
Теннисные струны,04GBL128XV,"Теннисная струна Tecnifibre Black Code Lime 1,28 12 метров",Tecnifibre,2190 ₽,https://saletennis.com/catalog/product/tiennisnaia-struna-tecnifibre-black-code-lime-1-28-12-mietrov-16269/,Уфа: 5 шт | Бисертская: 10 шт | Санкт-Петербург (Ярослава Гашека): 3 шт | Ижевск: 9 шт | Санкт-Петербург (Спортивная): 2 шт,29,data\product_images\4e9e3f85bb42.png,3,2,0,0,0,10,0,0,5,9
Теннисные струны,281111-PK,"Теннисная струна Head Synthetic Gut - Pink 1,30 12 метров",Head,802 ₽,https://saletennis.com/catalog/product/tiennisnaia-struna-head-synthetic-gut-pink-1-30-12-mietrov-18375/,Тюмень (Народная): 1 шт | Санкт-Петербург (Спортивная): 11 шт,12,data\product_images\c26a1d4953d4.png,0,11,0,0,0,0,0,1,0,0
Теннисные струны,281404-YW,"Теннисная струна Head Velocity MLT - Yellow 1,35 12 метров",Head,1207 ₽,https://saletennis.com/catalog/product/tiennisnaia-struna-head-velocity-mlt-yellow-1-35-12-mietrov-18153/,Санкт-Петербург (Спортивная): 6 шт | Уфа: 1 шт | Соболева: 2 шт | Тюмень (Народная): 4 шт | Парина: 4 шт,17,data\product_images\be6b032ea136.png,0,6,0,2,4,0,0,4,1,0
Теннисные струны,1920011,"Теннисная струна Solinco Outlast 1,30 12 метров",Solinco,890 ₽,https://saletennis.com/catalog/product/tiennisnaia-struna-solinco-outlast-1-30-12-mietrov-6543/,Санкт-Петербург (Спортивная): 10 шт | Бисертская: 18 шт | Основной склад Екатеринбург: 24 шт | Ижевск: 5 шт | Уфа: 2 шт | Санкт-Петербург (Ярослава Гашека): 14 шт | Соболева: 15 шт | Парина: 14 шт | Тюмень (Народная): 13 шт,115,data\product_images\1e7a1d7d9cd5.png,14,10,24,15,14,18,0,13,2,5
Теннисные струны,1920230,"Теннисная струна Solinco X-Natural 1,20 12 метров",Solinco,1490 ₽,https://saletennis.com/catalog/product/tiennisnaia-struna-solinco-x-natural-1-20-12-mietrov-14010/,Соболева: 4 шт | Парина: 3 шт,7,data\product_images\c0b74e41be1b.png,0,0,0,4,3,0,0,0,0,0
Теннисные струны,RH-12BK,"Теннисная струна 7/6 Rhina - Black 1,22 200 метров",7/6,9990 ₽,https://saletennis.com/catalog/product/tiennisnaia-struna-7-6-rhina-black-1-22-200-mietrov-15072/,Парина: 1 шт,1,data\product_images\2cac818adad2.png,0,0,0,0,1,0,0,0,0,0
Теннисные струны,281103-WH,"Теннисная струна Head Hawk - White 1,20 12 метров",Head,1612 ₽,https://saletennis.com/catalog/product/tiennisnaia-struna-head-hawk-white-1-20-12-mietrov-1-18007/,Бисертская: 6 шт | Ижевск: 1 шт | Санкт-Петербург (Спортивная): 6 шт | Соболева: 5 шт | Тюмень (Народная): 5 шт | Парина: 5 шт | Санкт-Петербург (Ярослава Гашека): 2 шт,30,data\product_images\a4d9422b1c45.png,2,6,0,5,5,6,0,5,0,1
Теннисные струны,281099,"Теннисная струна Head Rip Control 1,20 12 метров",Head,1612 ₽,https://saletennis.com/catalog/product/tennisnaya-struna-head-rip-control-12m120-3872-3872/,Соболева: 1 шт | Ижевск: 2 шт,3,data\product_images\4990d28949d3.png,0,0,0,1,0,0,0,0,0,2
Теннисные струны,281304-NT,"Теннисная струна Head Reflex MLT Natural 1,25 12 метров",Head,1612 ₽,https://saletennis.com/catalog/product/tiennisnaia-struna-head-reflex-mlt-natural-1-25-12-mietrov-19103/,Парина: 6 шт | Санкт-Петербург (Спортивная): 2 шт,8,data\product_images\a3343676bcc9.png,0,2,0,0,6,0,0,0,0,0
Теннисные струны,281033-16LSI,"Теннисная струна Head Master Silver 1,30 200 метров",Head,4666 ₽,https://saletennis.com/catalog/product/tiennisnaia-struna-head-master-silver-1-30-200-mietrov-10090/,Санкт-Петербург (Спортивная): 1 шт | Соболева: 1 шт,2,data\product_images\4853e715140d.png,0,1,0,1,0,0,0,0,0,0
Теннисные струны,1920048,"Теннисная струна Solinco Barb Wire 1,25 200 метров",Solinco,14990 ₽,https://saletennis.com/catalog/product/tiennisnaia-struna-solinco-barb-wire-1-25-200-mietrov-5842/,Тюмень (Народная): 2 шт | Уфа: 1 шт | Парина: 1 шт | Санкт-Петербург (Спортивная): 1 шт,5,data\product_images\9a6effc3df9a.png,0,1,0,0,1,0,0,2,1,0
Теннисные струны,02RMU130XB,"Теннисная струна Tecnifibre Multifeel Black 1,30 12 метров",Tecnifibre,1190 ₽,https://saletennis.com/catalog/product/tiennisnaia-struna-tecnifibre-multifeel-black-1-30-12-mietrov-15629/,Санкт-Петербург (Спортивная): 5 шт,5,data\product_images\937992492e19.jpg,0,5,0,0,0,0,0,0,0,0
Теннисные струны,1920067,"Теннисная струна Solinco Mach-10 1,30 200 метров",Solinco,15990 ₽,https://saletennis.com/catalog/product/tiennisnaia-struna-solinco-mach-10-1-30-200-mietrov-18171/,Соболева: 1 шт | Парина: 1 шт | Бисертская: 1 шт | Уфа: 1 шт | Основной склад Екатеринбург: 2 шт | Ижевск: 1 шт | Санкт-Петербург (Спортивная): 1 шт | Тюмень (Народная): 2 шт,10,data\product_images\aae2c18efbd4.png,0,1,2,1,1,1,0,2,1,1
Теннисные струны,281794-17YW,"Теннисная струна Head LYNX Yellow 1,25 200 метров",Head,15382 ₽,https://saletennis.com/catalog/product/tiennisnaia-struna-head-lynx-yellow-1-25-200-mietrov-5935/,Парина: 1 шт | Уфа: 1 шт | Тюмень (Народная): 1 шт,3,data\product_images\a279b2f30626.png,0,0,0,0,1,0,0,1,1,0
Теннисные струны,1920033,"Теннисная струна Solinco Revolution Blue 1,30 200 метров",Solinco,12990 ₽,https://saletennis.com/catalog/product/tiennisnaia-struna-solinco-revolution-blue-1-30-200-mietrov-6545/,Уфа: 1 шт | Санкт-Петербург (Спортивная): 1 шт | Бисертская: 1 шт | Ижевск: 1 шт | Основной склад Екатеринбург: 4 шт | Соболева: 2 шт | Парина: 1 шт,11,data\product_images\5572c2529a17.png,0,1,4,2,1,1,0,0,1,1
Теннисные струны,281128-16WH,"Теннисная струна Head Sonic Pro White 1,30 200 метров",Head,10117 ₽,https://saletennis.com/catalog/product/tiennisnaia-struna-head-sonic-pro-white-1-30-200-mietrov-14472/,Бисертская: 1 шт | Соболева: 1 шт | Тюмень (Народная): 1 шт | Парина: 1 шт,4,data\product_images\d3b5966af623.png,0,0,0,1,1,1,0,1,0,0
Теннисные струны,02GDU130XB,"Теннисная струна Tecnifibre Duramix HD Black 1,30 12 метров",Tecnifibre,2490 ₽,https://saletennis.com/catalog/product/tiennisnaia-struna-tecnifibre-duramix-hd-black-1-30-12-mietrov-17632/,Соболева: 4 шт | Санкт-Петербург (Спортивная): 6 шт,10,data\product_images\8d7b48fd54d4.png,0,6,0,4,0,0,0,0,0,0
Теннисные струны,04RRA125XU,"Теннисная струна Tecnifibre Razor Code Blue 1,25 12 метров",Tecnifibre,1890 ₽,https://saletennis.com/catalog/product/tiennisnaia-struna-tecnifibre-razor-code-blue-1-25-12-mietrov-13914/,Ижевск: 2 шт | Бисертская: 6 шт,8,data\product_images\9fcb97e70a02.png,0,0,0,0,0,6,0,0,0,2
Теннисные струны,243144-156,"Теннисная струна Babolat Syn Gut - Pink 1,30 12 метров",Babolat,890 ₽,https://saletennis.com/catalog/product/tiennisnaia-struna-babolat-syn-gut-pink-1-30-12-mietrov-12138/,Соболева: 1 шт,1,data\product_images\6ae16fc83ccc.png,0,0,0,1,0,0,0,0,0,0
Теннисные струны,1920000,"Теннисная струна Solinco Tour Bite 1,15 12 метров",Solinco,1290 ₽,https://saletennis.com/catalog/product/tiennisnaia-struna-solinco-tour-bite-1-15-12-mietrov-4970/,Тюмень (Народная): 3 шт | Ижевск: 5 шт | Парина: 1 шт,9,data\product_images\7b7d87bedacc.png,0,0,0,0,1,0,0,3,0,5
Теннисные струны,281799-CP,"Теннисная струна Head LYNX Tour Champagne 1,25 12 метров",Head,1207 ₽,https://saletennis.com/catalog/product/tiennisnaia-struna-head-lynx-tour-champagne-1-25-12-mietrov-11893/,Тюмень (Народная): 7 шт | Ижевск: 4 шт | Соболева: 1 шт | Уфа: 5 шт,17,data\product_images\031ba4a4717d.png,0,0,0,1,0,0,0,7,5,4
Теннисные струны,WRZ998400,"Теннисная струна Luxilon Alu Power Spin 1,27 12 метров",Luxilon,3490 ₽,https://saletennis.com/catalog/product/tennisnaya-struna-luxilon-alu-power-spin-127-12-m-s-bobiny-774-774/,Парина: 5 шт | Санкт-Петербург (Спортивная): 13 шт | Соболева: 5 шт,23,data\product_images\302c7ad43527.png,0,13,0,5,5,0,0,0,0,0
Теннисные струны,281414-PK,"Теннисная струна Head Velocity MLT Pink 1,30 12 метров",Head,1207 ₽,https://saletennis.com/catalog/product/tiennisnaia-struna-head-velocity-mlt-pink-1-30-12-mietrov-10821/,Соболева: 5 шт | Тюмень (Народная): 2 шт | Парина: 3 шт | Санкт-Петербург (Спортивная): 16 шт,26,data\product_images\6f972f16eed8.png,0,16,0,5,3,0,0,2,0,0
Теннисные струны,281799-CP,"Теннисная струна Head LYNX Tour Champagne 1,30 12 метров",Head,1207 ₽,https://saletennis.com/catalog/product/tiennisnaia-struna-head-lynx-tour-champagne-1-30-12-mietrov-11182/,Парина: 14 шт | Бисертская: 5 шт | Тюмень (Народная): 12 шт | Соболева: 4 шт | Ижевск: 6 шт | Санкт-Петербург (Ярослава Гашека): 10 шт | Уфа: 13 шт | Санкт-Петербург (Спортивная): 13 шт,77,data\product_images\e554e304dea5.png,10,13,0,4,14,5,0,12,13,6
Теннисные струны,WR8310001125,"Теннисная струна Luxilon Eco Power 1,25 200 метров",Luxilon,20792 ₽,https://saletennis.com/catalog/product/tiennisnaia-struna-luxilon-eco-power-1-25-200-mietrov-18260/,Ижевск: 1 шт,1,data\product_images\3278f86510b6.png,0,0,0,0,0,0,0,0,0,1
Теннисные струны,241146,"Теннисная струна Babolat RPM Soft 1,25 12 метров",Babolat,1365 ₽,https://saletennis.com/catalog/product/tiennisnaia-struna-babolat-rpm-soft-1-25-12-mietrov-12695/,Ижевск: 7 шт | Тюмень (Народная): 3 шт | Парина: 1 шт | Санкт-Петербург (Спортивная): 7 шт,18,data\product_images\89279de39a56.png,0,7,0,0,1,0,0,3,0,7
Теннисные струны,281099,"Теннисная струна Head Rip Control 1,30 12 метров",Head,1612 ₽,https://saletennis.com/catalog/product/tennisnaya-struna-head-pwr-fusion-12m130-764-764/,Ижевск: 6 шт | Санкт-Петербург (Спортивная): 2 шт | Парина: 3 шт | Соболева: 2 шт | Бисертская: 3 шт,16,data\product_images\452caa3c6628.jpg,0,2,0,2,3,3,0,0,0,6
Теннисные струны,RH12-BL,"Теннисная струна 7/6 Rhino - Blue 1,27 12 метров",7/6,890 ₽,https://saletennis.com/catalog/product/tiennisnaia-struna-7-6-rhino-blue-1-27-12-mietrov-15062/,Тюмень: 4 шт | Санкт-Петербург (Спортивная): 13 шт | Парина: 12 шт,29,data\product_images\020f6057ee66.png,0,13,0,0,12,0,0,4,0,0
Теннисные струны,241108,"Теннисная струна Babolat RPM Team Black 1,30 12 метров",Babolat,1850 ₽,https://saletennis.com/catalog/product/tiennisnaia-struna-babolat-rpm-team-black-1-30-12-mietrov-6721/,Парина: 5 шт | Ижевск: 4 шт | Тюмень (Народная): 5 шт | Бисертская: 5 шт,19,data\product_images\88f3db0805ef.png,0,0,0,0,5,5,0,5,0,4
Теннисные струны,281404-BK,"Теннисная струна Head Velocity MLT Black 1,25 12 метров",Head,1207 ₽,https://saletennis.com/catalog/product/tiennisnaia-struna-head-velocity-mlt-black-1-25-12-mietrov-19106/,Санкт-Петербург (Спортивная): 1 шт,1,data\product_images\1da2e74b2f23.png,0,1,0,0,0,0,0,0,0,0
Теннисные струны,281794-16YW,"Теннисная струна Head LYNX Yellow 1,30 12 метров",Head,1207 ₽,https://saletennis.com/catalog/product/tiennisnaia-struna-head-lynx-yellow-1-30-12-mietrov-13520/,Ижевск: 4 шт | Уфа: 7 шт | Тюмень (Народная): 12 шт | Санкт-Петербург (Спортивная): 5 шт | Бисертская: 16 шт,44,data\product_images\cb14601e9a43.png,0,5,0,0,0,16,0,12,7,4
Теннисные струны,1920230,"Теннисная струна Solinco X-Natural 1,30 200 метров",Solinco,16490 ₽,https://saletennis.com/catalog/product/tiennisnaia-struna-solinco-x-natural-1-30-200-mietrov-14272/,Парина: 1 шт | Санкт-Петербург (Спортивная): 1 шт,2,data\product_images\88ce9c9864b6.png,0,1,0,0,1,0,0,0,0,0
Теннисные струны,WRZ906700,"Теннисная струна Wilson Revolve Black 1,35 12 метров",Wilson,1207 ₽,https://saletennis.com/catalog/product/tiennisnaia-struna-wilson-revolve-black-1-35-12-mietrov-7163/,Парина: 6 шт,6,data\product_images\a381cc5d63a9.jpg,0,0,0,0,6,0,0,0,0,0
Теннисные струны,01GHD130XN,"Теннисная струна Tecnifibre HDMX 1,25 12 метров",Tecnifibre,2990 ₽,https://saletennis.com/catalog/product/tiennisnaia-struna-tecnifibre-hdmx-1-25-12-mietrov-17633/,Парина: 4 шт | Санкт-Петербург (Спортивная): 5 шт,9,data\product_images\d6e00664e7d7.png,0,5,0,0,4,0,0,0,0,0
Теннисные струны,281784-YW,"Теннисная струна Head LYNX (желтый) 1,30 12 метров",Head,1207 ₽,https://saletennis.com/catalog/product/tiennisnaia-struna-head-lynx-zhieltyi-1-30-12-mietrov-16621/,Ижевск: 3 шт | Бисертская: 3 шт | Тюмень (Народная): 3 шт | Санкт-Петербург (Спортивная): 7 шт | Уфа: 3 шт | Парина: 6 шт | Соболева: 7 шт,32,data\product_images\4dfd670df54d.png,0,7,0,7,6,3,0,3,3,3
Теннисные струны,RH12-BL,"Теннисная струна 7/6 Rhino - Blue 1,22 200 метров",7/6,9990 ₽,https://saletennis.com/catalog/product/tiennisnaia-struna-7-6-rhino-blue-1-22-200-mietrov-15043/,Бисертская: 1 шт | Соболева: 1 шт | Санкт-Петербург (Спортивная): 2 шт | Ижевск: 1 шт | Парина: 1 шт,6,data\product_images\dca4f357038d.png,0,2,0,1,1,1,0,0,0,1
Теннисные струны,RH12-BK,"Теннисная струна 7/6 Rhino - Black 1,22 200 метров",7/6,9990 ₽,https://saletennis.com/catalog/product/tiennisnaia-struna-7-6-rhino-black-1-22-200-mietrov-15064/,Санкт-Петербург (Спортивная): 1 шт | Парина: 1 шт,2,data\product_images\a6f66ce305d9.png,0,1,0,0,1,0,0,0,0,0
Теннисные струны,281033-15LYW,"Теннисная струна Head Master Yellow 1,30 12 метров",Head,446 ₽,https://saletennis.com/catalog/product/tiennisnaia-struna-head-master-yellow-1-30-12-mietrov-16624/,Уфа: 11 шт | Соболева: 12 шт,23,data\product_images\9ac1a93eca45.png,0,0,0,12,0,0,0,0,11,0
Теннисные струны,1920547,"Теннисная струна Solinco Hyper-G Round 1,30 200 метров",Solinco,14990 ₽,https://saletennis.com/catalog/product/tiennisnaia-struna-solinco-hyper-g-round-1-30-200-mietrov-16965/,Парина: 2 шт | Ижевск: 1 шт | Основной склад Екатеринбург: 8 шт | Тюмень: 1 шт | Тюмень (Народная): 1 шт | Бисертская: 1 шт | Соболева: 1 шт | Санкт-Петербург (Спортивная): 1 шт,16,data\product_images\882421aff889.png,0,1,8,1,2,1,0,2,0,1
Теннисные струны,281404-YW,"Теннисная струна Head Velocity MLT Yellow - 1,30 12 метров",Head,1207 ₽,https://saletennis.com/catalog/product/tiennisnaia-struna-head-velocity-mlt-yellow-1-30-12-mietrov-14106/,Парина: 4 шт | Санкт-Петербург (Спортивная): 12 шт | Соболева: 6 шт,22,data\product_images\a469f26cba93.png,0,12,0,6,4,0,0,0,0,0
Теннисные струны,281784,"Теннисная струна Head LYNX (желтый) 1,20 12 метров",Head,1207 ₽,https://saletennis.com/catalog/product/tiennisnaia-struna-head-lynx-zhieltyi-1-20-12-mietrov-18013/,Соболева: 2 шт,2,data\product_images\8139d66caea5.png,0,0,0,2,0,0,0,0,0,0
Теннисные струны,1920003,"Теннисная струна Solinco Tour Bite 1,30 12 метров",Solinco,1290 ₽,https://saletennis.com/catalog/product/tiennisnaia-struna-solinco-tour-bite-1-30-12-mietrov-4973/,Бисертская: 10 шт | Санкт-Петербург (Спортивная): 17 шт | Парина: 29 шт | Соболева: 10 шт | Тюмень (Народная): 3 шт | Уфа: 3 шт,72,data\product_images\6af6f9f4c769.png,0,17,0,10,29,10,0,3,3,0
Теннисные струны,281404-BK,"Теннисная струна Head Velocity MLT Black - 1,35 12 метров",Head,1207 ₽,https://saletennis.com/catalog/product/tiennisnaia-struna-head-velocity-mlt-black-1-35-12-mietrov-1-17978/,Соболева: 6 шт | Санкт-Петербург (Спортивная): 8 шт,14,data\product_images\b496a48729ee.png,0,8,0,6,0,0,0,0,0,0
Теннисные струны,04RRA130XC,"Теннисная струна Tecnifibre Razor Code Carbon 1,30 200 метров",Tecnifibre,14990 ₽,https://saletennis.com/catalog/product/tiennisnaia-struna-tecnifibre-razor-code-carbon-1-30-200-mietrov-13668/,Тюмень (Народная): 1 шт | Санкт-Петербург (Спортивная): 1 шт,2,data\product_images\198d09752c86.png,0,1,0,0,0,0,0,1,0,0
Теннисные струны,19200100,"Теннисная струна Solinco Outlast 1,25 12 метров",Solinco,890 ₽,https://saletennis.com/catalog/product/tiennisnaia-struna-solinco-outlast-1-25-12-mietrov-6542/,Соболева: 17 шт | Основной склад Екатеринбург: 6 шт | Тюмень (Народная): 5 шт | Ижевск: 5 шт | Санкт-Петербург (Спортивная): 16 шт | Уфа: 5 шт | Парина: 4 шт | Бисертская: 2 шт,60,data\product_images\23b510f98d7b.png,0,16,6,17,4,2,0,5,5,5
Теннисные струны,19200100,"Теннисная струна Solinco Outlast 1,20 200 метров",Solinco,10490 ₽,https://saletennis.com/catalog/product/tiennisnaia-struna-solinco-outlast-1-20-200-mietrov-15895/,Санкт-Петербург (Спортивная): 1 шт | Парина: 1 шт,2,data\product_images\35da218be86d.png,0,1,0,0,1,0,0,0,0,0
Теннисные струны,01GXO130XN,"Теннисная струна Tecnifibre X-ONE Biphase 1,30 12 метров",Tecnifibre,3490 ₽,https://saletennis.com/catalog/product/tiennisnaia-struna-tecnifibre-x-one-biphase-1-30-12-mietrov-13671/,Ижевск: 5 шт,5,data\product_images\697378b17481.png,0,0,0,0,0,0,0,0,0,5
Теннисные струны,1920029,"Теннисная струна Solinco Tour Bite 1,30 200 метров",Solinco,14990 ₽,https://saletennis.com/catalog/product/tiennisnaia-struna-solinco-tour-bite-1-30-200-mietrov-4974/,Тюмень (Народная): 1 шт | Ижевск: 1 шт | Бисертская: 1 шт | Уфа: 1 шт | Санкт-Петербург (Спортивная): 2 шт | Соболева: 1 шт | Парина: 1 шт,8,data\product_images\651f02b390ca.png,0,2,0,1,1,1,0,1,1,1
Теннисные струны,04RRAS125N,"Теннисная струна Tecnifibre Razor Soft 1,25 12 метров",Tecnifibre,1868 ₽,https://saletennis.com/catalog/product/tiennisnaia-struna-tecnifibre-razor-soft-1-25-12-mietrov-14577/,Ижевск: 1 шт | Бисертская: 5 шт | Тюмень (Народная): 5 шт | Уфа: 8 шт | Парина: 3 шт | Санкт-Петербург (Спортивная): 15 шт | Соболева: 2 шт,39,data\product_images\6400aaf905ff.png,0,15,0,2,3,5,0,5,8,1
Теннисные струны,WRZ906800,"Теннисная струна Wilson Revolve Black 1,30 200 метров",Wilson,17992 ₽,https://saletennis.com/catalog/product/tiennisnaia-struna-wilson-revolve-black-1-30-200-mietrov-9529/,Тюмень (Народная): 1 шт | Соболева: 1 шт | Санкт-Петербург (Спортивная): 1 шт | Уфа: 1 шт | Парина: 1 шт | Бисертская: 1 шт,6,data\product_images\4372362710af.png,0,1,0,1,1,1,0,1,1,0
Теннисные струны,1920001,"Теннисная струна Solinco Tour Bite 1,20 12 метров",Solinco,1290 ₽,https://saletennis.com/catalog/product/tiennisnaia-struna-solinco-tour-bite-1-20-12-mietrov-1-4971/,Бисертская: 4 шт | Уфа: 5 шт | Тюмень (Народная): 10 шт | Санкт-Петербург (Спортивная): 1 шт | Соболева: 8 шт | Парина: 23 шт,51,data\product_images\9e1a5e5e7e29.png,0,1,0,8,23,4,0,10,5,0
Теннисные струны,281794-16YW,"Теннисная струна Head LYNX Yellow 1,30 200 метров",Head,15382 ₽,https://saletennis.com/catalog/product/tiennisnaia-struna-head-lynx-yellow-1-30-200-mietrov-12258/,Санкт-Петербург (Спортивная): 1 шт,1,data\product_images\336bedb572b1.png,0,1,0,0,0,0,0,0,0,0
Теннисные струны,LNP12-BK,"Теннисная струна 7/6 Lion Pro - Black 1,24 12 метров",7/6,950 ₽,https://saletennis.com/catalog/product/tiennisnaia-struna-7-6-lion-pro-black-1-24-12-mietrov-15076/,Тюмень: 2 шт | Тюмень (Народная): 15 шт | Санкт-Петербург (Спортивная): 10 шт | Парина: 5 шт,32,data\product_images\44c7cc98f983.png,0,10,0,0,5,0,0,17,0,0
Теннисные струны,06R305110G,"Струна для сквоша 305 SQUASH 1,10 9 метров",Не определен,1500 ₽,https://saletennis.com/catalog/product/struna-dlia-skvosha-305-squash-1-10-9-mietrov-13963/,Парина: 7 шт,7,data\product_images\ac9c914a1c24.png,0,0,0,0,7,0,0,0,0,0
Теннисные струны,1920057,"Теннисная струна Solinco Tour Bite Soft 1,20 12,2 метров",Solinco,1290 ₽,https://saletennis.com/catalog/product/tiennisnaia-struna-solinco-tour-bite-soft-1-20-12-2-mietrov-9819/,Бисертская: 1 шт | Соболева: 3 шт | Санкт-Петербург (Спортивная): 14 шт | Парина: 5 шт,23,data\product_images\1201954cf0df.jpg,0,14,0,3,5,1,0,0,0,0
Теннисные струны,1920206,"Теннисная струна Solinco Confidential 1,20 12,2 метров",Solinco,1290 ₽,https://saletennis.com/catalog/product/tiennisnaia-struna-solinco-confidential-1-20-12-2-mietrov-10711/,Парина: 5 шт | Тюмень (Народная): 15 шт | Санкт-Петербург (Спортивная): 28 шт | Соболева: 19 шт | Санкт-Петербург (Ярослава Гашека): 11 шт | Бисертская: 5 шт,83,data\product_images\426bf8da4e6b.png,11,28,0,19,5,5,0,15,0,0
Теннисные струны,281784-AN,"Теннисная струна Head LYNX (Серый) 1,25 12 метров",Head,1207 ₽,https://saletennis.com/catalog/product/tiennisnaia-struna-head-lynx-sieryi-1-25-12-mietrov-6670/,Соболева: 6 шт | Тюмень: 1 шт | Парина: 6 шт | Санкт-Петербург (Спортивная): 11 шт,24,data\product_images\b469dc87a82b.png,0,11,0,6,6,0,0,1,0,0
Теннисные струны,281113-WH,"Теннисная струна Head Hawk White 1,20 200 метров",Head,20242 ₽,https://saletennis.com/catalog/product/tiennisnaia-struna-head-hawk-white-1-20-200-mietrov-10628/,Санкт-Петербург (Спортивная): 1 шт,1,data\product_images\26a906486633.jpg,0,1,0,0,0,0,0,0,0,0
Теннисные струны,01GXO124XB,"Теннисная струна Tecnifibre X-ONE Biphase Black 1,24 12 метров",Tecnifibre,3490 ₽,https://saletennis.com/catalog/product/tiennisnaia-struna-tecnifibre-x-one-biphase-black-1-24-12-mietrov-17635/,Соболева: 1 шт | Бисертская: 5 шт,6,data\product_images\b318b2b368a6.png,0,0,0,1,0,5,0,0,0,0
Теннисные струны,281794-AN,"Теннисная струна Head LYNX (антрацит) 1,20 200 метров",Head,15382 ₽,https://saletennis.com/catalog/product/tiennisnaia-struna-head-lynx-antratsit-1-20-200-mietrov-18665/,Санкт-Петербург (Спортивная): 1 шт,1,data\product_images\6997e3cb0109.png,0,1,0,0,0,0,0,0,0,0
Теннисные струны,RH12-BK,"Теннисная струна 7/6 Rhino - Black 1,22 12 метров",7/6,890 ₽,https://saletennis.com/catalog/product/tiennisnaia-struna-7-6-rhino-black-1-22-12-mietrov-15083/,Тюмень: 5 шт | Уфа: 5 шт | Санкт-Петербург (Ярослава Гашека): 5 шт | Бисертская: 5 шт | Тюмень (Народная): 7 шт | Соболева: 13 шт | Санкт-Петербург (Спортивная): 34 шт | Парина: 5 шт,79,data\product_images\b0e46fd89625.png,5,34,0,13,5,5,0,12,5,0
Теннисные струны,04GBL124XR,"Теннисная струна Tecnifibre Black Code Fire 1,24 12 метров",Tecnifibre,2190 ₽,https://saletennis.com/catalog/product/tiennisnaia-struna-tecnifibre-black-code-fire-1-24-12-mietrov-13830/,Санкт-Петербург (Спортивная): 2 шт | Тюмень (Народная): 5 шт | Соболева: 4 шт | Ижевск: 14 шт,25,data\product_images\8b6da817f123.png,0,2,0,4,0,0,0,5,0,14
Теннисные струны,WR8302301130,"Теннисная струна Luxilon Alu Power 1,30 12 метров",Luxilon,3490 ₽,https://saletennis.com/catalog/product/tiennisnaia-struna-luxilon-alu-power-1-30-12-mietrov-11428/,Санкт-Петербург (Ярослава Гашека): 14 шт | Бисертская: 5 шт | Тюмень (Народная): 16 шт | Парина: 5 шт | Соболева: 2 шт | Санкт-Петербург (Спортивная): 14 шт,56,data\product_images\8a3073e312a7.png,14,14,0,2,5,5,0,16,0,0
Теннисные струны,281099-17OR,"Теннисная струна Head Rip Control - Orange 1,25 12 метров",Head,1612 ₽,https://saletennis.com/catalog/product/tiennisnaia-struna-head-rip-control-orange-1-25-12-mietrov-14471/,Соболева: 5 шт | Парина: 9 шт | Санкт-Петербург (Спортивная): 5 шт | Ижевск: 3 шт,22,data\product_images\b4627c82616c.png,0,5,0,5,9,0,0,0,0,3
Теннисные струны,WRZ956900,"Теннисная струна Wilson Revolve Spin Green 1,25 12 метров",Wilson,1774 ₽,https://saletennis.com/catalog/product/tiennisnaia-struna-wilson-revolve-spin-green-1-25-12-mietrov-6080/,Бисертская: 15 шт | Соболева: 2 шт | Тюмень (Народная): 15 шт | Парина: 16 шт | Санкт-Петербург (Спортивная): 2 шт,50,data\product_images\05c63c77ab9d.png,0,2,0,2,16,15,0,15,0,0
Теннисные струны,SH12-RD,"Теннисная струна 7/6 Shark - Red 1,25 12 метров",7/6,990 ₽,https://saletennis.com/catalog/product/tiennisnaia-struna-7-6-shark-red-1-25-12-mietrov-15045/,Санкт-Петербург (Спортивная): 5 шт | Бисертская: 19 шт | Парина: 5 шт | Тюмень (Народная): 11 шт | Уфа: 2 шт | Ижевск: 5 шт | Тюмень: 16 шт | Санкт-Петербург (Ярослава Гашека): 16 шт | Соболева: 5 шт,84,data\product_images\779ef2b8d1dc.png,16,5,0,5,5,19,0,27,2,5
Теннисные струны,281111-WH,"Теннисная струна Head Synthetic Gut - White 1,30 12 метров",Head,721 ₽,https://saletennis.com/catalog/product/tiennisnaia-struna-head-synthetic-gut-white-1-30-12-mietrov-16193/,Уфа: 5 шт | Бисертская: 1 шт,6,data\product_images\ed9539c512de.png,0,0,0,0,0,1,0,0,5,0
Теннисные струны,281022-PT,"Теннисная струна Head Hawk Power - Petrol 1,30 12 метров",Head,1612 ₽,https://saletennis.com/catalog/product/tiennisnaia-struna-head-hawk-power-petrol-1-30-12-mietrov-18150/,Парина: 15 шт | Ижевск: 5 шт | Санкт-Петербург (Ярослава Гашека): 16 шт | Соболева: 5 шт | Бисертская: 2 шт | Санкт-Петербург (Спортивная): 18 шт | Тюмень (Народная): 2 шт,63,data\product_images\87069bcd7ab8.png,16,18,0,5,15,2,0,2,0,5
Теннисные струны,241139-336,"Теннисная струна Babolat RPM Power Brown 1,25 12 метров",Babolat,1950 ₽,https://saletennis.com/catalog/product/tiennisnaia-struna-babolat-rpm-power-brown-1-25-12-mietrov-9835/,Парина: 8 шт | Соболева: 1 шт | Бисертская: 3 шт | Ижевск: 5 шт,17,data\product_images\fdda395c4111.jpg,0,0,0,1,8,3,0,0,0,5
Теннисные струны,PTF-12RD,"Теннисная струна Yonex Polytour Force Bright Red 1,25 12 метров",Yonex,2290 ₽,https://saletennis.com/catalog/product/tiennisnaia-struna-yonex-polytour-force-bright-red-1-25-12-mietrov-19519/,Санкт-Петербург (Спортивная): 13 шт,13,data\product_images\ded59213fe19.png,0,13,0,0,0,0,0,0,0,0
Теннисные струны,281204,"Теннисная струна Head Hawk Touch 1,25 12 метров",Head,1612 ₽,https://saletennis.com/catalog/product/tennisnaya-struna-head-hawk-touch-125mm12m-3586-3586/,Парина: 5 шт,5,data\product_images\acce4de85041.jpg,0,0,0,0,5,0,0,0,0,0
Теннисные струны,281052,Теннисная струна Head Lynx Touch - Smoky 1.25 12м,Head,1207 ₽,https://saletennis.com/catalog/product/tiennisnaia-struna-head-lynx-touch-smoky-1-25-12m-14014/,Парина: 5 шт | Санкт-Петербург (Спортивная): 5 шт,10,data\product_images\f6fd40fe6ce7.png,0,5,0,0,5,0,0,0,0,0
Теннисные струны,WRZ997111,"Теннисная струна Luxilon 4G Soft 1,25 12 метров",Luxilon,3490 ₽,https://saletennis.com/catalog/product/tennisnaya-struna-luxilon-4g-soft-125-12-metrov-3646-3646/,Соболева: 2 шт | Санкт-Петербург (Спортивная): 2 шт | Парина: 3 шт,7,data\product_images\811e1c9ee89b.png,0,2,0,2,3,0,0,0,0,0
Теннисные струны,WR830170116,"Теннисная струна Wilson Sensation Green 1,30 12 метров",Wilson,1207 ₽,https://saletennis.com/catalog/product/tiennisnaia-struna-wilson-sensation-green-1-30-12-mietrov-9419/,Тюмень (Народная): 3 шт,3,data\product_images\b06de96149fe.jpg,0,0,0,0,0,0,0,3,0,0
Теннисные струны,WRZ906800,"Теннисная струна Wilson Revolve Black 1,30 12 метров",Wilson,1774 ₽,https://saletennis.com/catalog/product/tiennisnaia-struna-wilson-revolve-black-1-30-12-mietrov-5720/,Санкт-Петербург (Спортивная): 2 шт | Парина: 5 шт | Бисертская: 15 шт | Соболева: 5 шт | Тюмень: 5 шт | Уфа: 9 шт,41,data\product_images\e72fbbf3fba7.jpg,0,2,0,5,5,15,0,5,9,0
Теннисные струны,241136-113,"Теннисная струна Babolat RPM Blast Rough Yellow 1,35 12 метров",Babolat,2290 ₽,https://saletennis.com/catalog/product/tiennisnaia-struna-babolat-rpm-blast-rough-yellow-1-35-12-mietrov-6872/,Бисертская: 3 шт | Тюмень (Народная): 3 шт | Парина: 3 шт,9,data\product_images\7c546b6f4fb8.png,0,0,0,0,3,3,0,3,0,0
Теннисные струны,1920052,"Теннисная струна Solinco Barb Wire 1,30 200 метров",Solinco,14990 ₽,https://saletennis.com/catalog/product/tiennisnaia-struna-solinco-barb-wire-1-30-200-mietrov-1-4964/,Тюмень (Народная): 1 шт | Ижевск: 1 шт | Основной склад Екатеринбург: 7 шт | Уфа: 1 шт | Соболева: 1 шт | Парина: 1 шт | Санкт-Петербург (Спортивная): 2 шт,14,data\product_images\24893fa9a6aa.png,0,2,7,1,1,0,0,1,1,1
Теннисные струны,WRZ941700,"Теннисная струна Wilson NXT Power 1,25 12 метров",Wilson,3637 ₽,https://saletennis.com/catalog/product/tiennisnaia-struna-wilson-nxt-power-1-25-12-mietrov-9851/,Санкт-Петербург (Спортивная): 2 шт | Соболева: 2 шт | Уфа: 3 шт | Парина: 3 шт,10,data\product_images\6ce003a02e0b.jpg,0,2,0,2,3,0,0,0,3,0
Теннисные струны,04RRA130XC,"Теннисная струна Tecnifibre Razor Code Carbon 1,30 12 метров",Tecnifibre,2490 ₽,https://saletennis.com/catalog/product/tiennisnaia-struna-tecnifibre-razor-code-carbon-1-30-12-mietrov-13915/,Тюмень (Народная): 1 шт | Бисертская: 13 шт | Парина: 10 шт | Санкт-Петербург (Спортивная): 4 шт,28,data\product_images\171f5da72f3e.png,0,4,0,0,10,13,0,1,0,0
Теннисные струны,7060ST-12TB,"Теннисная струна 7/6 Comfort - Black 1,25 12 метров",7/6,790 ₽,https://saletennis.com/catalog/product/tiennisnaia-struna-7-6-comfort-black-1-25-12-mietrov-13128/,Основной склад Екатеринбург: 11 шт,11,data\product_images\12e4340b664c.png,0,0,11,0,0,0,0,0,0,0
Теннисные струны,1920049,"Теннисная струна Solinco Barb Wire 1,20 12 метров",Solinco,1290 ₽,https://saletennis.com/catalog/product/tiennisnaia-struna-solinco-barb-wire-1-20-12-mietrov-1-4961/,Тюмень (Народная): 1 шт | Парина: 19 шт | Санкт-Петербург (Спортивная): 4 шт | Ижевск: 14 шт | Бисертская: 6 шт | Соболева: 11 шт | Уфа: 1 шт,56,data\product_images\68a0d4eaee94.png,0,4,0,11,19,6,0,1,1,14
Теннисные струны,281032-PT,"Теннисная струна Head Hawk Power 1,30 200 метров",Head,20242 ₽,https://saletennis.com/catalog/product/tiennisnaia-struna-head-hawk-power-1-30-200-mietrov-18232/,Санкт-Петербург (Спортивная): 1 шт | Парина: 1 шт | Соболева: 1 шт,3,data\product_images\05b09c055a68.png,0,1,0,1,1,0,0,0,0,0
Теннисные струны,281204-17AN,"Теннисная струна Head Hawk Touch Antracite 1,25 12 метров",Head,1612 ₽,https://saletennis.com/catalog/product/tiennisnaia-struna-head-hawk-touch-antracite-1-25-12-mietrov-7403/,Бисертская: 4 шт | Санкт-Петербург (Спортивная): 11 шт | Соболева: 1 шт,16,data\product_images\aa2d23b833a0.png,0,11,0,1,0,4,0,0,0,0
Теннисные струны,1920067,"Теннисная струна Solinco Tour Bite Soft 1,30 200 метров",Solinco,14990 ₽,https://saletennis.com/catalog/product/tiennisnaia-struna-solinco-tour-bite-soft-1-30-200-mietrov-9068/,Санкт-Петербург (Спортивная): 2 шт | Основной склад Екатеринбург: 1 шт | Соболева: 1 шт | Тюмень: 1 шт | Тюмень (Народная): 1 шт | Уфа: 1 шт | Бисертская: 1 шт | Ижевск: 1 шт | Парина: 1 шт,10,data\product_images\91a2c6188ff2.png,0,2,1,1,1,1,0,2,1,1
Теннисные струны,281799-BK,"Теннисная струна Head LYNX Tour Black 1,30 200 метров",Head,15382 ₽,https://saletennis.com/catalog/product/tiennisnaia-struna-head-lynx-tour-black-1-30-200-mietrov-15496/,Санкт-Петербург (Спортивная): 1 шт,1,data\product_images\865636827156.png,0,1,0,0,0,0,0,0,0,0
Теннисные струны,243142,"Теннисная струна Babolat PRO LAST - Grey 1,25 12 м",Babolat,690 ₽,https://saletennis.com/catalog/product/tiennisnaia-struna-babolat-pro-last-grey-1-25-12-m-11996/,Бисертская: 15 шт,15,data\product_images\be524bd795db.png,0,0,0,0,0,15,0,0,0,0
Теннисные струны,WR8310701125,"Теннисная струна Luxilon ECO Spin 1,25 200 метров",Luxilon,24792 ₽,https://saletennis.com/catalog/product/tiennisnaia-struna-luxilon-eco-spin-1-25-200-mietrov-16056/,Ижевск: 1 шт,1,data\product_images\3131ac0c2ac6.png,0,0,0,0,0,0,0,0,0,1
Теннисные струны,WRZ990105,"Теннисная струна Luxilon Element 1,25 12 метров",Luxilon,2990 ₽,https://saletennis.com/catalog/product/tiennisnaia-struna-luxilon-element-1-25-12-mietrov-4576/,Санкт-Петербург (Ярослава Гашека): 16 шт | Парина: 14 шт | Тюмень (Народная): 12 шт | Санкт-Петербург (Спортивная): 16 шт,58,data\product_images\f0a05484b4d0.jpg,16,16,0,0,14,0,0,12,0,0
Теннисные струны,281311-BK,"Теннисная струна Head Synthetic Gut - Black 1,30 12 метров",Head,721 ₽,https://saletennis.com/catalog/product/tiennisnaia-struna-head-synthetic-gut-black-1-30-12-mietrov-16191/,Санкт-Петербург (Спортивная): 7 шт,7,data\product_images\877e47012e09.png,0,7,0,0,0,0,0,0,0,0
Теннисные струны,WRZ908100,"Теннисная струна Wilson Revolve Spin Black 1,25 200 метров",Wilson,21052 ₽,https://saletennis.com/catalog/product/tiennisnaia-struna-wilson-revolve-spin-black-1-25-200-mietrov-10325/,Уфа: 1 шт | Санкт-Петербург (Спортивная): 1 шт,2,data\product_images\0220e7568d84.png,0,1,0,0,0,0,0,0,1,0
Теннисные струны,243144,"Теннисная струна Babolat Syn Gut - Black 1,30 12 метров",Babolat,890 ₽,https://saletennis.com/catalog/product/tiennisnaia-struna-babolat-syn-gut-black-1-30-12-mietrov-14843/,Санкт-Петербург (Спортивная): 16 шт,16,data\product_images\892aa44dae2c.png,0,16,0,0,0,0,0,0,0,0
Теннисные струны,1920006,"Теннисная струна Solinco Revolution Blue 1,25 12 метров",Solinco,990 ₽,https://saletennis.com/catalog/product/tiennisnaia-struna-solinco-revolution-blue-1-25-12-mietrov-1-4968/,Ижевск: 14 шт | Уфа: 4 шт | Тюмень (Народная): 4 шт | Парина: 14 шт | Основной склад Екатеринбург: 6 шт | Санкт-Петербург (Спортивная): 11 шт | Бисертская: 18 шт | Соболева: 19 шт,90,data\product_images\4de7e6a80b13.png,0,11,6,19,14,18,0,4,4,14
Теннисные струны,WR8309701125DB,"Теннисная струна Luxilon 4G Desert Bronze 1,25 12 метров",Luxilon,3490 ₽,https://saletennis.com/catalog/product/tiennisnaia-struna-luxilon-4g-desert-bronze-1-25-12-mietrov-15831/,Ижевск: 3 шт | Тюмень (Народная): 10 шт | Санкт-Петербург (Спортивная): 8 шт | Уфа: 1 шт | Соболева: 5 шт | Бисертская: 2 шт | Парина: 2 шт,31,data\product_images\94dc1d0e36d8.png,0,8,0,5,2,2,0,10,1,3
Теннисные струны,241136,"Теннисная струна Babolat RPM Blast Rough Yellow 1,25 12 метров",Babolat,2290 ₽,https://saletennis.com/catalog/product/tiennisnaia-struna-babolat-rpm-blast-rough-yellow-1-25-12-mietrov-5641/,Санкт-Петербург (Спортивная): 12 шт,12,data\product_images\3a8b0aed8eeb.png,0,12,0,0,0,0,0,0,0,0
Теннисные струны,LN12-BK,"Теннисная струна 7/6 Lion - Black 1,25 12 метров",7/6,950 ₽,https://saletennis.com/catalog/product/tiennisnaia-struna-7-6-lion-black-1-25-12-mietrov-15065/,Соболева: 19 шт | Бисертская: 3 шт | Парина: 19 шт | Уфа: 6 шт | Тюмень: 13 шт | Тюмень (Народная): 7 шт | Санкт-Петербург (Спортивная): 5 шт,72,data\product_images\7d5e5660dee8.png,0,5,0,19,19,3,0,20,6,0
Теннисные струны,281794,"Теннисная струна Head LYNX Green 1,25 200 метров",Head,15382 ₽,https://saletennis.com/catalog/product/tiennisnaia-struna-head-lynx-green-1-25-200-mietrov-12256/,Парина: 1 шт | Бисертская: 1 шт,2,data\product_images\eaa57b7843d9.png,0,0,0,0,1,1,0,0,0,0
Теннисные струны,1920007,"Теннисная струна Solinco Revolution Blue 1,30 12 метров",Solinco,990 ₽,https://saletennis.com/catalog/product/tiennisnaia-struna-solinco-revolution-blue-1-30-12-mietrov-1-4969/,Тюмень: 16 шт | Соболева: 26 шт | Парина: 6 шт | Санкт-Петербург (Спортивная): 22 шт | Уфа: 21 шт | Тюмень (Народная): 20 шт | Ижевск: 10 шт | Бисертская: 4 шт | Основной склад Екатеринбург: 36 шт,161,data\product_images\fa7062a9111d.png,0,22,36,26,6,4,0,36,21,10
Теннисные струны,281304,"Теннисная струна Head Reflex MLT - Natural 1,35 12 метров",Head,1612 ₽,https://saletennis.com/catalog/product/tiennisnaia-struna-head-reflex-mlt-natural-1-35-12-mietrov-18151/,Соболева: 2 шт | Санкт-Петербург (Спортивная): 2 шт | Парина: 2 шт,6,data\product_images\2353c26fedcf.png,0,2,0,2,2,0,0,0,0,0
Теннисные струны,LNP12-FY,"Теннисная струна 7/6 Lion Pro - Yellow 1,24 12 метров",7/6,950 ₽,https://saletennis.com/catalog/product/tiennisnaia-struna-7-6-lion-pro-yellow-1-24-12-mietrov-15077/,Уфа: 1 шт | Бисертская: 5 шт | Тюмень: 14 шт | Тюмень (Народная): 5 шт,25,data\product_images\62bee37d4799.png,0,0,0,0,0,5,0,19,1,0
Теннисные струны,281794-17AN,"Теннисная струна Head LYNX (антрацит) 1,25 200 метров",Head,16192 ₽,https://saletennis.com/catalog/product/tiennisnaia-struna-head-lynx-antratsit-1-25-200-mietrov-8793/,Бисертская: 1 шт | Парина: 1 шт | Уфа: 1 шт | Санкт-Петербург (Спортивная): 1 шт,4,data\product_images\d2b0e290bfb6.png,0,1,0,0,1,1,0,0,1,0
Теннисные струны,1920078,"Теннисная струна Solinco Tour Bite Diamond Rough 1,25 200 метров",Solinco,14990 ₽,https://saletennis.com/catalog/product/tiennisnaia-struna-solinco-tour-bite-diamond-rough-1-25-200-mietrov-1-4977/,Соболева: 1 шт | Уфа: 1 шт,2,data\product_images\486a065aac04.png,0,0,0,1,0,0,0,0,1,0
Теннисные струны,WRZ949710,Теннисная струна Wilson Duo - Alu Power 1.25 & NXT Power 1.30 12 метров,Wilson,3637 ₽,https://saletennis.com/catalog/product/tiennisnaia-struna-wilson-duo-alu-power-1-25-nxt-power-1-30-12-mietrov-18174/,Соболева: 1 шт | Санкт-Петербург (Спортивная): 2 шт,3,data\product_images\cbac887afc2d.png,0,2,0,1,0,0,0,0,0,0
Теннисные струны,04GBL124XV,"Теннисная струна Tecnifibre Black Code Lime 1,24 12 метров",Tecnifibre,2190 ₽,https://saletennis.com/catalog/product/tiennisnaia-struna-tecnifibre-black-code-lime-1-24-12-mietrov-13480/,Уфа: 5 шт | Соболева: 11 шт | Бисертская: 7 шт | Ижевск: 8 шт | Тюмень (Народная): 1 шт,32,data\product_images\7c8582a77d4b.png,0,0,0,11,0,7,0,1,5,8
Теннисные струны,04RRAS130N,"Теннисная струна Tecnifibre Razor Soft 1,30 12 метров",Tecnifibre,1868 ₽,https://saletennis.com/catalog/product/tiennisnaia-struna-tecnifibre-razor-soft-1-30-12-mietrov-14578/,Бисертская: 5 шт | Парина: 7 шт | Санкт-Петербург (Спортивная): 5 шт | Ижевск: 9 шт | Тюмень (Народная): 6 шт | Уфа: 6 шт | Соболева: 5 шт,43,data\product_images\aa93d63008ed.png,0,5,0,5,7,5,0,6,6,9
Теннисные струны,281103-BK,"Теннисная струна Head HAWK Black 1,30 12 метров",Head,1612 ₽,https://saletennis.com/catalog/product/tiennisnaia-struna-head-hawk-black-1-30-12-mietrov-19101/,Соболева: 3 шт | Санкт-Петербург (Спортивная): 11 шт | Парина: 3 шт | Ижевск: 17 шт | Бисертская: 3 шт | Тюмень: 5 шт,42,data\product_images\b0357ec77387.png,0,11,0,3,3,3,0,5,0,17
Теннисные струны,281033,"Теннисная струна Head Master Yellow 1,40 200 метров",Head,4666 ₽,https://saletennis.com/catalog/product/tiennisnaia-struna-head-master-yellow-1-40-200-mietrov-15486/,Парина: 1 шт | Ижевск: 1 шт | Тюмень (Народная): 1 шт,3,data\product_images\d4691cd6a51a.png,0,0,0,0,1,0,0,1,0,1
Теннисные струны,WR830020116,"Теннисная струна Wilson Sensation Plus Black 1,34 12 метров",Wilson,1043 ₽,https://saletennis.com/catalog/product/tiennisnaia-struna-wilson-sensation-plus-black-1-34-12-mietrov-8381/,Санкт-Петербург (Спортивная): 4 шт,4,data\product_images\1b4e1bc09711.jpg,0,4,0,0,0,0,0,0,0,0
Теннисные струны,1920032,"Теннисная струна Solinco Revolution Blue 1,25 200 метров",Solinco,12990 ₽,https://saletennis.com/catalog/product/tiennisnaia-struna-solinco-revolution-blue-1-25-200-mietrov-1-6544/,Тюмень (Народная): 1 шт | Соболева: 1 шт | Санкт-Петербург (Спортивная): 1 шт | Парина: 1 шт,4,data\product_images\a28cd2f3f9af.png,0,1,0,1,1,0,0,1,0,0
Теннисные струны,281404-PK,"Теннисная струна Head Velocity MLT Pink 1,25 12 метров",Head,1207 ₽,https://saletennis.com/catalog/product/tiennisnaia-struna-head-velocity-mlt-pink-1-25-12-mietrov-15060/,Санкт-Петербург (Спортивная): 5 шт | Тюмень (Народная): 2 шт | Основной склад Екатеринбург: 6 шт | Санкт-Петербург (Ярослава Гашека): 9 шт | Парина: 3 шт,25,data\product_images\2528b2f3862b.png,9,5,6,0,3,0,0,2,0,0
Теннисные струны,281204-16AN,"Теннисная струна Head Hawk Touch Antracite 1,30 12 метров",Head,1612 ₽,https://saletennis.com/catalog/product/tiennisnaia-struna-head-hawk-touch-antracite-1-30-12-mietrov-12951/,Тюмень: 13 шт | Парина: 13 шт | Тюмень (Народная): 5 шт | Соболева: 13 шт | Ижевск: 6 шт | Уфа: 9 шт | Санкт-Петербург (Спортивная): 8 шт,67,data\product_images\12356f93daff.png,0,8,0,13,13,0,0,18,9,6
Теннисные струны,WRZ990144,"Теннисная струна Luxilon 4G Rough 1,25 12 метров",Luxilon,3490 ₽,https://saletennis.com/catalog/product/tiennisnaia-struna-luxilon-4g-rough-1-25-12-mietrov-8278/,Санкт-Петербург (Ярослава Гашека): 16 шт | Соболева: 2 шт | Парина: 2 шт | Санкт-Петербург (Спортивная): 3 шт | Тюмень (Народная): 2 шт,25,data\product_images\531d0fa754c4.png,16,3,0,2,2,0,0,2,0,0
Теннисные струны,281794-16g-BL,"Теннисная струна Head LYNX (Голубой) 1,30 200 метров",Head,15382 ₽,https://saletennis.com/catalog/product/tiennisnaia-struna-head-lynx-goluboi-1-30-200-mietrov-12286/,Санкт-Петербург (Спортивная): 1 шт | Парина: 1 шт,2,data\product_images\a8d5651e92f5.png,0,1,0,0,1,0,0,0,0,0
Теннисные струны,1920003,"Теннисная струна Solinco Hyper-G 1,30 12,2 метров",Solinco,1290 ₽,https://saletennis.com/catalog/product/tiennisnaia-struna-solinco-hyper-g-1-30-12-2-mietrov-4966/,Тюмень: 15 шт | Санкт-Петербург (Ярослава Гашека): 13 шт | Санкт-Петербург (Спортивная): 10 шт | Парина: 11 шт | Тюмень (Народная): 8 шт | Уфа: 5 шт | Бисертская: 10 шт | Ижевск: 4 шт | Соболева: 20 шт,96,data\product_images\6a59949e569d.png,13,10,0,20,11,10,0,23,5,4
Теннисные струны,281784,"Теннисная струна Head LYNX (Зеленый) 1,25 12 метров",Head,1369 ₽,https://saletennis.com/catalog/product/tiennisnaia-struna-head-lynx-zielienyi-1-25-12-mietrov-10789/,Тюмень: 1 шт | Соболева: 2 шт | Тюмень (Народная): 1 шт,4,data\product_images\de0cad0ea211.png,0,0,0,2,0,0,0,2,0,0
Теннисные струны,RH12-BL,"Теннисная струна 7/6 Rhino - Blue 1,22 12 метров",7/6,890 ₽,https://saletennis.com/catalog/product/tiennisnaia-struna-7-6-rhino-blue-1-22-12-mietrov-15042/,Тюмень: 5 шт | Уфа: 10 шт | Парина: 19 шт | Санкт-Петербург (Спортивная): 20 шт | Бисертская: 13 шт | Санкт-Петербург (Ярослава Гашека): 14 шт | Тюмень (Народная): 5 шт | Основной склад Екатеринбург: 1 шт | Соболева: 10 шт,97,data\product_images\1371247839ff.png,14,20,1,10,19,13,0,10,10,0
Теннисные струны,1920036,"Теннисная струна Solinco Outlast 1,25 200 метров",Solinco,10490 ₽,https://saletennis.com/catalog/product/tiennisnaia-struna-solinco-outlast-1-25-200-mietrov-6965/,Ижевск: 1 шт | Тюмень (Народная): 2 шт | Парина: 1 шт | Уфа: 1 шт | Бисертская: 1 шт | Соболева: 2 шт | Основной склад Екатеринбург: 4 шт | Санкт-Петербург (Спортивная): 1 шт,13,data\product_images\713dc5a093a4.png,0,1,4,2,1,1,0,2,1,1
Теннисные струны,281128-BK,"Теннисная струна Head Sonic Pro Black 1,25 12 метров",Head,1190 ₽,https://saletennis.com/catalog/product/tiennisnaia-struna-head-sonic-pro-black-1-25-12-mietrov-19533/,Соболева: 6 шт | Ижевск: 6 шт | Парина: 4 шт | Санкт-Петербург (Спортивная): 8 шт | Тюмень (Народная): 12 шт | Уфа: 5 шт,41,data\product_images\ea3380965f42.png,0,8,0,6,4,0,0,12,5,6
Теннисные струны,281799-CP,"Теннисная струна Head LYNX Tour Champagne 1,25 200 метров",Head,13643 ₽,https://saletennis.com/catalog/product/tiennisnaia-struna-head-lynx-tour-champagne-1-25-200-mietrov-11894/,Санкт-Петербург (Спортивная): 1 шт | Соболева: 1 шт | Парина: 1 шт,3,data\product_images\a4ca32c1ecd6.png,0,1,0,1,1,0,0,0,0,0
Теннисные струны,1920067,"Теннисная струна Solinco Mach-10 1,25 12,2 метров",Solinco,1290 ₽,https://saletennis.com/catalog/product/tiennisnaia-struna-solinco-mach-10-1-25-12-2-mietrov-18169/,Соболева: 5 шт | Ижевск: 10 шт | Парина: 6 шт | Уфа: 8 шт | Санкт-Петербург (Ярослава Гашека): 5 шт | Санкт-Петербург (Спортивная): 5 шт | Тюмень: 14 шт | Тюмень (Народная): 6 шт,59,data\product_images\1f0de28b7f90.png,5,5,0,5,6,0,0,20,8,10
Теннисные струны,1920210,"Теннисная струна Solinco Confidential 1,25 200 метров",Solinco,14990 ₽,https://saletennis.com/catalog/product/tiennisnaia-struna-solinco-confidential-1-25-200-mietrov-10699/,Тюмень: 1 шт | Санкт-Петербург (Спортивная): 2 шт,3,data\product_images\355ca2e5ea7f.png,0,2,0,0,0,0,0,1,0,0
Теннисные струны,04GRAS125L,"Теннисная струна Tecnifibre Razor Soft Lime 1,30 12 метров",Tecnifibre,1868 ₽,https://saletennis.com/catalog/product/tiennisnaia-struna-tecnifibre-razor-soft-lime-1-30-12-mietrov-16279/,Парина: 1 шт | Санкт-Петербург (Спортивная): 6 шт | Ижевск: 3 шт | Тюмень (Народная): 1 шт,11,data\product_images\8207a52ce0a1.png,0,6,0,0,1,0,0,1,0,3
Теннисные струны,281794-16GE,"Теннисная струна Head LYNX Green 1,30 200 метров",Head,16192 ₽,https://saletennis.com/catalog/product/tiennisnaia-struna-head-lynx-green-1-30-200-mietrov-12257/,Санкт-Петербург (Спортивная): 1 шт | Ижевск: 1 шт,2,data\product_images\96f4d76e6bce.png,0,1,0,0,0,0,0,0,0,1
Теннисные струны,281799-OR,"Теннисная струна Head LYNX Tour Orange 1,30 200 метров",Head,15787 ₽,https://saletennis.com/catalog/product/tiennisnaia-struna-head-lynx-tour-orange-1-30-200-mietrov-11170/,Соболева: 1 шт | Ижевск: 1 шт | Санкт-Петербург (Спортивная): 1 шт | Парина: 2 шт | Бисертская: 1 шт | Уфа: 1 шт,7,data\product_images\f98cf0c23422.png,0,1,0,1,2,1,0,0,1,1
Теннисные струны,281113-BK,"Теннисная струна Head HAWK - Black 1,25 200 метров",Head,18622 ₽,https://saletennis.com/catalog/product/tiennisnaia-struna-head-hawk-black-1-25-200-mietrov-17977/,Ижевск: 1 шт | Соболева: 1 шт | Парина: 1 шт | Санкт-Петербург (Спортивная): 1 шт,4,data\product_images\faee11ed9ec4.png,0,1,0,1,1,0,0,0,0,1
Теннисные струны,WRZ906600,"Теннисная струна Wilson Revolve White 1,25 200 метров",Wilson,17992 ₽,https://saletennis.com/catalog/product/tiennisnaia-struna-wilson-revolve-white-1-25-200-mietrov-12528/,Санкт-Петербург (Спортивная): 1 шт | Бисертская: 1 шт | Парина: 1 шт,3,data\product_images\1f445a66de46.png,0,1,0,0,1,1,0,0,0,0
Теннисные струны,281799-BK,"Теннисная струна Head LYNX Tour Black 1,25 200 метров",Head,12990 ₽,https://saletennis.com/catalog/product/tiennisnaia-struna-head-lynx-tour-black-1-25-200-mietrov-14132/,Парина: 1 шт | Уфа: 1 шт | Соболева: 1 шт | Ижевск: 1 шт | Санкт-Петербург (Спортивная): 1 шт,5,data\product_images\38b8b5831834.png,0,1,0,1,1,0,0,0,1,1
Теннисные струны,281103-WH,"Теннисная струна Head Hawk White 1,30 12 метров",Head,1612 ₽,https://saletennis.com/catalog/product/tiennisnaia-struna-head-hawk-white-1-30-12-mietrov-12954/,Бисертская: 5 шт | Санкт-Петербург (Спортивная): 10 шт | Санкт-Петербург (Ярослава Гашека): 2 шт | Парина: 6 шт | Соболева: 3 шт | Тюмень (Народная): 1 шт,27,data\product_images\34cbd0fd7cff.png,2,10,0,3,6,5,0,1,0,0
Теннисные струны,1920547,"Теннисная струна Solinco Hyper-G Round 1,20 12 метров",Solinco,1290 ₽,https://saletennis.com/catalog/product/tiennisnaia-struna-solinco-hyper-g-round-1-20-12-mietrov-19130/,Соболева: 5 шт | Бисертская: 3 шт | Парина: 5 шт,13,data\product_images\686f52a6f9a0.png,0,0,0,5,5,3,0,0,0,0
Теннисные струны,LP13-BK,"Теннисная струна 7/6 Lion Pro - Black 1,29 12 метров",7/6,950 ₽,https://saletennis.com/catalog/product/tiennisnaia-struna-7-6-lion-pro-black-1-29-12-mietrov-15034/,Соболева: 10 шт | Санкт-Петербург (Спортивная): 5 шт | Бисертская: 1 шт | Парина: 26 шт | Тюмень: 1 шт | Уфа: 7 шт,50,data\product_images\c8323ae30f50.png,0,5,0,10,26,1,0,1,7,0
Теннисные струны,281006-16NT,"Теннисная струна Head FXP Natural 1,30 12 метров",Head,1369 ₽,https://saletennis.com/catalog/product/tiennisnaia-struna-head-fxp-natural-1-30-12-mietrov-9064/,Санкт-Петербург (Спортивная): 1 шт,1,data\product_images\f792a7a6d3ab.png,0,1,0,0,0,0,0,0,0,0
Теннисные струны,1920206,"Теннисная струна Solinco Confidential 1,20 200 метров",Solinco,14990 ₽,https://saletennis.com/catalog/product/tiennisnaia-struna-solinco-confidential-1-20-200-mietrov-13101/,Парина: 1 шт | Ижевск: 1 шт | Уфа: 1 шт,3,data\product_images\8134509d3dca.jpg,0,0,0,0,1,0,0,0,1,1
Теннисные струны,241101,"Теннисная струна Babolat RPM Blast 1,25 12 метров",Babolat,2090 ₽,https://saletennis.com/catalog/product/tennisnaya-struna-babolat-rpm-blast-12-m125-747-747/,Парина: 2 шт | Бисертская: 5 шт | Ижевск: 1 шт | Тюмень (Народная): 5 шт | Санкт-Петербург (Спортивная): 7 шт | Соболева: 5 шт | Уфа: 5 шт,30,data\product_images\44c9a0c29031.png,0,7,0,5,2,5,0,5,5,1
Теннисные струны,WR8313701130,"Теннисная струна Luxilon ECO Power - Green 1,30 12 метров",Luxilon,2190 ₽,https://saletennis.com/catalog/product/tiennisnaia-struna-luxilon-eco-power-green-1-30-12-mietrov-18924/,Бисертская: 13 шт | Парина: 6 шт,19,data\product_images\da7d36cbdaf1.png,0,0,0,0,6,13,0,0,0,0
Теннисные струны,281799-BK,"Теннисная струна Head LYNX Tour Black 1,25 12 метров",Head,1207 ₽,https://saletennis.com/catalog/product/tiennisnaia-struna-head-lynx-tour-black-1-25-12-mietrov-14131/,Парина: 6 шт | Санкт-Петербург (Спортивная): 6 шт,12,data\product_images\60fd0adda384.png,0,6,0,0,6,0,0,0,0,0
Теннисные струны,04G4S125XB,"Теннисная струна Tecnifibre 4S 1,25 12 метров",Tecnifibre,2490 ₽,https://saletennis.com/catalog/product/tiennisnaia-struna-tecnifibre-4s-1-25-12-mietrov-13240/,Парина: 6 шт | Санкт-Петербург (Спортивная): 2 шт,8,data\product_images\63e8e22de903.png,0,2,0,0,6,0,0,0,0,0
Теннисные струны,WRZ956800,"Теннисная струна Wilson Revolve Spin Green 1,30 12 метров",Wilson,1774 ₽,https://saletennis.com/catalog/product/tiennisnaia-struna-wilson-revolve-spin-green-1-30-12-mietrov-6081/,Уфа: 10 шт | Санкт-Петербург (Спортивная): 3 шт | Тюмень: 4 шт | Ижевск: 2 шт | Соболева: 2 шт | Парина: 3 шт | Тюмень (Народная): 8 шт | Бисертская: 12 шт,44,data\product_images\43a2429c169b.png,0,3,0,2,3,12,0,12,10,2
Теннисные струны,1920067,"Теннисная струна Solinco Tour Bite Soft 1,25 200 метров",Solinco,14990 ₽,https://saletennis.com/catalog/product/tiennisnaia-struna-solinco-tour-bite-soft-1-25-200-mietrov-9067/,Санкт-Петербург (Спортивная): 1 шт,1,data\product_images\b53d238e61a2.png,0,1,0,0,0,0,0,0,0,0
Теннисные струны,WRZ906500,"Теннисная струна Wilson Revolve White 1,30 12 метров",Wilson,1774 ₽,https://saletennis.com/catalog/product/tiennisnaia-struna-wilson-revolve-white-1-30-12-mietrov-5082/,Уфа: 3 шт | Тюмень (Народная): 2 шт | Парина: 2 шт | Санкт-Петербург (Спортивная): 6 шт | Бисертская: 6 шт | Ижевск: 2 шт | Соболева: 15 шт | Тюмень: 14 шт,50,data\product_images\ef19a78f212f.png,0,6,0,15,2,6,0,16,3,2
Теннисные струны,281103,"Теннисная струна Head HAWK 1,20 12 метров",Head,1296 ₽,https://saletennis.com/catalog/product/tennisnaya-struna-head-hawk-12m120-3245-3245/,Парина: 9 шт,9,data\product_images\cfe4b64dadaa.png,0,0,0,0,9,0,0,0,0,0
Теннисные струны,WRZ946300,"Теннисная струна Wilson Revolve Orange 1,25 12 метров",Wilson,1207 ₽,https://saletennis.com/catalog/product/tiennisnaia-struna-wilson-revolve-orange-1-25-12-mietrov-4580/,Санкт-Петербург (Спортивная): 14 шт,14,data\product_images\3c7e3052b6d2.jpg,0,14,0,0,0,0,0,0,0,0
Теннисные струны,281304-NT,"Теннисная струна Head Reflex MLT Natural 1,30 12 метров",Head,1612 ₽,https://saletennis.com/catalog/product/tiennisnaia-struna-head-reflex-mlt-natural-1-30-12-mietrov-19104/,Санкт-Петербург (Ярослава Гашека): 1 шт | Парина: 5 шт,6,data\product_images\0a98f328857a.png,1,0,0,0,5,0,0,0,0,0
Теннисные струны,192065,"Теннисная струна Solinco Confidential Soft Pink 1,25 12 метров",Solinco,1290 ₽,https://saletennis.com/catalog/product/tiennisnaia-struna-solinco-confidential-soft-pink-1-25-12-mietrov-19126/,Соболева: 6 шт | Ижевск: 2 шт | Тюмень (Народная): 5 шт | Уфа: 13 шт | Парина: 14 шт,40,data\product_images\2c0aa6121a7b.png,0,0,0,6,14,0,0,5,13,2
Теннисные струны,241143,Теннисная струна Babolat Addixion 1.25 12 метров,Babolat,1690 ₽,https://saletennis.com/catalog/product/tiennisnaia-struna-babolat-addixion-1-25-12-mietrov-13497/,Парина: 8 шт | Ижевск: 1 шт,9,data\product_images\b5468ce7f6c0.png,0,0,0,0,8,0,0,0,0,1
Теннисные струны,281799-OR,"Теннисная струна Head LYNX Tour Orange 1,25 200 метров",Head,15382 ₽,https://saletennis.com/catalog/product/tiennisnaia-struna-head-lynx-tour-orange-1-25-200-mietrov-11061/,Санкт-Петербург (Спортивная): 1 шт,1,data\product_images\2ef692fb1b5d.jpg,0,1,0,0,0,0,0,0,0,0
Теннисные струны,WRZ996200AMB,"Теннисная струна Luxilon Original 1,30 12 метров",Luxilon,2990 ₽,https://saletennis.com/catalog/product/tiennisnaia-struna-luxilon-original-1-30-12-mietrov-11356/,Соболева: 1 шт | Тюмень: 5 шт | Ижевск: 7 шт | Тюмень (Народная): 20 шт,33,data\product_images\c893f6ab6aca.png,0,0,0,1,0,0,0,25,0,7
Теннисные струны,1920043,"Теннисная струна Solinco Vanqush 1,35 12 метров",Solinco,1390 ₽,https://saletennis.com/catalog/product/tiennisnaia-struna-solinco-vanqush-1-35-12-mietrov-10110/,Ижевск: 3 шт | Бисертская: 8 шт | Тюмень (Народная): 1 шт | Парина: 14 шт | Соболева: 5 шт,31,data\product_images\1f85bf9e6b98.png,0,0,0,5,14,8,0,1,0,3
Теннисные струны,243140,"Теннисная струна Babolat RPM Blast Rough Red 1,25 200 метров",Babolat,19992 ₽,https://saletennis.com/catalog/product/tiennisnaia-struna-babolat-rpm-blast-rough-red-1-25-200-mietrov-5948/,Парина: 1 шт,1,data\product_images\d619a58aba50.png,0,0,0,0,1,0,0,0,0,0
Теннисные струны,WRZ908100,"Теннисная струна Wilson Revolve Spin Black 1,25 12 метров",Wilson,1774 ₽,https://saletennis.com/catalog/product/tiennisnaia-struna-wilson-revolve-spin-black-1-25-12-mietrov-10568/,Ижевск: 2 шт | Парина: 2 шт | Бисертская: 15 шт | Соболева: 14 шт | Тюмень (Народная): 14 шт,47,data\product_images\dcba3cd371f2.png,0,0,0,14,2,15,0,14,0,2
Теннисные струны,WRZ906200,"Теннисная струна Wilson Revolve Orange 1,30 200 метров",Wilson,15743 ₽,https://saletennis.com/catalog/product/tiennisnaia-struna-wilson-revolve-orange-1-30-200-mietrov-4583/,Санкт-Петербург (Спортивная): 1 шт | Парина: 1 шт,2,data\product_images\a47e24ad3b09.jpg,0,1,0,0,1,0,0,0,0,0
Теннисные струны,1920230,"Теннисная струна Solinco X-Natural 1,30 12 метров",Solinco,1490 ₽,https://saletennis.com/catalog/product/tiennisnaia-struna-solinco-x-natural-1-30-12-mietrov-13190/,Ижевск: 17 шт | Соболева: 20 шт | Основной склад Екатеринбург: 6 шт | Тюмень (Народная): 14 шт | Парина: 6 шт | Уфа: 16 шт | Бисертская: 1 шт,80,data\product_images\4b6705addaae.png,0,0,6,20,6,1,0,14,16,17
Теннисные струны,1920003,"Теннисная струна Solinco Hyper-G 1,20 12,2 метров",Solinco,1290 ₽,https://saletennis.com/catalog/product/tiennisnaia-struna-solinco-hyper-g-1-20-12-2-mietrov-4965/,Бисертская: 4 шт | Парина: 22 шт | Тюмень (Народная): 5 шт | Соболева: 9 шт,40,data\product_images\1e9d68198b8e.png,0,0,0,9,22,4,0,5,0,0
Теннисные струны,04GBL124XB,"Теннисная струна Tecnifibre Black Code 1,24 12 метров",Tecnifibre,2190 ₽,https://saletennis.com/catalog/product/tiennisnaia-struna-tecnifibre-black-code-1-24-12-mietrov-13659/,Бисертская: 5 шт | Соболева: 6 шт | Санкт-Петербург (Спортивная): 3 шт | Ижевск: 1 шт | Парина: 1 шт,16,data\product_images\037b1347e089.jpg,0,3,0,6,1,5,0,0,0,1
Теннисные струны,04GRE130XR,"Теннисная струна Tecnifibre RedCode 1,30 12 метров",Tecnifibre,1190 ₽,https://saletennis.com/catalog/product/tiennisnaia-struna-tecnifibre-redcode-1-30-12-mietrov-13832/,Бисертская: 10 шт,10,data\product_images\c24e313759cf.png,0,0,0,0,0,10,0,0,0,0
Теннисные струны,241139-336,"Теннисная струна Babolat RPM Power Brown 1,30 12 метров",Babolat,1950 ₽,https://saletennis.com/catalog/product/tiennisnaia-struna-babolat-rpm-power-brown-1-30-12-mietrov-9836/,Парина: 1 шт | Санкт-Петербург (Спортивная): 4 шт,5,data\product_images\1c263527b958.png,0,4,0,0,1,0,0,0,0,0
Теннисные струны,281113-WH,"Теннисная струна Head Hawk White 1,25 200 метров",Head,18622 ₽,https://saletennis.com/catalog/product/tiennisnaia-struna-head-hawk-white-1-25-200-mietrov-16710/,Санкт-Петербург (Спортивная): 1 шт | Ижевск: 1 шт | Парина: 1 шт,3,data\product_images\5d37af910a6a.jpg,0,1,0,0,1,0,0,0,0,1
Теннисные струны,04RRAS125W,"Теннисная струна Tecnifibre Razor Soft White 1,25 12 метров",Tecnifibre,2290 ₽,https://saletennis.com/catalog/product/tiennisnaia-struna-tecnifibre-razor-soft-white-1-25-12-mietrov-17324/,Бисертская: 7 шт | Соболева: 5 шт | Тюмень (Народная): 12 шт | Уфа: 5 шт | Ижевск: 14 шт,43,data\product_images\1ec1c94dca09.png,0,0,0,5,0,7,0,12,5,14
Теннисные струны,LP12-BK,"Теннисная струна 7/6 Lion Pro - Black 1,24 200 метров",7/6,10490 ₽,https://saletennis.com/catalog/product/tiennisnaia-struna-7-6-lion-pro-black-1-24-200-mietrov-15033/,Бисертская: 1 шт,1,data\product_images\50f43f7541f5.png,0,0,0,0,0,1,0,0,0,0
Теннисные струны,WRZ904600,"Теннисная струна Wilson Poly Pro Silver 1,30 200 метров",Wilson,7992 ₽,https://saletennis.com/catalog/product/tiennisnaia-struna-wilson-poly-pro-silver-1-30-200-mietrov-18263/,Парина: 1 шт | Ижевск: 1 шт | Санкт-Петербург (Спортивная): 1 шт,3,data\product_images\3320aeac59b3.png,0,1,0,0,1,0,0,0,0,1
Теннисные струны,243141-113,"Теннисная струна Babolat RPM Hurricane - Yellow 1,35 12 метров",Babolat,1590 ₽,https://saletennis.com/catalog/product/tiennisnaia-struna-babolat-rpm-hurricane-yellow-1-35-12-mietrov-12676/,Санкт-Петербург (Спортивная): 16 шт,16,data\product_images\b11e958652a1.png,0,16,0,0,0,0,0,0,0,0
Теннисные струны,WRZ997112,"Теннисная струна Luxilon 4G 1,30 12 метров",Luxilon,3490 ₽,https://saletennis.com/catalog/product/tiennisnaia-struna-luxilon-4g-1-30-12-mietrov-2-4959/,Парина: 2 шт | Соболева: 5 шт | Санкт-Петербург (Спортивная): 9 шт | Уфа: 1 шт | Ижевск: 1 шт | Тюмень (Народная): 2 шт,20,data\product_images\d2c38f86df02.png,0,9,0,5,2,0,0,2,1,1
Теннисные струны,04RRA120XC,"Теннисная струна Tecnifibre Razor Code Carbon 1,20 12 метров",Tecnifibre,1890 ₽,https://saletennis.com/catalog/product/tiennisnaia-struna-tecnifibre-razor-code-carbon-1-20-12-mietrov-13283/,Бисертская: 5 шт | Санкт-Петербург (Спортивная): 1 шт,6,data\product_images\de52f337a6ee.png,0,1,0,0,0,5,0,0,0,0
Теннисные струны,281784,"Теннисная струна Head LYNX Blue 1,30 12 метров",Head,1207 ₽,https://saletennis.com/catalog/product/tiennisnaia-struna-head-lynx-blue-1-30-12-mietrov-16622/,Бисертская: 2 шт | Тюмень (Народная): 2 шт | Ижевск: 3 шт | Тюмень: 2 шт | Парина: 6 шт | Соболева: 8 шт | Санкт-Петербург (Спортивная): 13 шт,36,data\product_images\c2d7eb796290.png,0,13,0,8,6,2,0,4,0,3
Теннисные струны,WRZ997900,Теннисная струна Wilson Champion's Choice Duo 12 метров,Wilson,7493 ₽,https://saletennis.com/catalog/product/tiennisnaia-struna-wilson-champion-s-choice-duo-12-mietrov-5081/,Парина: 6 шт | Ижевск: 3 шт | Уфа: 3 шт | Санкт-Петербург (Спортивная): 6 шт | Соболева: 3 шт | Тюмень (Народная): 3 шт,24,data\product_images\2a4144556cd3.jpg,0,6,0,3,6,0,0,3,3,3
Теннисные струны,01GXO124XN,"Теннисная струна Tecnifibre X-ONE Biphase 1,24 12 метров",Tecnifibre,3490 ₽,https://saletennis.com/catalog/product/tiennisnaia-struna-tecnifibre-x-one-biphase-1-24-12-mietrov-17634/,Парина: 1 шт,1,data\product_images\c33cfa7ffa7d.png,0,0,0,0,1,0,0,0,0,0
Теннисные струны,04GBL132XB,"Теннисная струна Tecnifibre Black Code 1,32 12 метров",Tecnifibre,1690 ₽,https://saletennis.com/catalog/product/tiennisnaia-struna-tecnifibre-black-code-1-32-12-mietrov-13840/,Санкт-Петербург (Спортивная): 15 шт | Ижевск: 2 шт | Тюмень (Народная): 12 шт,29,data\product_images\114a4939fa6d.png,0,15,0,0,0,0,0,12,0,2
Теннисные струны,243141,"Теннисная струна Babolat RPM Hurricane - Yellow 1,30 12 метров",Babolat,1590 ₽,https://saletennis.com/catalog/product/tiennisnaia-struna-babolat-rpm-hurricane-yellow-1-30-12-mietrov-10293/,Тюмень (Народная): 16 шт | Уфа: 12 шт | Соболева: 4 шт | Парина: 10 шт,42,data\product_images\30fb19a3b91a.jpg,0,0,0,4,10,0,0,16,12,0
Теннисные струны,1920658,"Теннисная струна Solinco Confidential Soft Pink 1,30 200 метров",Solinco,14990 ₽,https://saletennis.com/catalog/product/tiennisnaia-struna-solinco-confidential-soft-pink-1-30-200-mietrov-19129/,Парина: 1 шт | Ижевск: 1 шт,2,data\product_images\d7a7196c2b0e.png,0,0,0,0,1,0,0,0,0,1
Теннисные струны,1920547,"Теннисная струна Solinco Hyper-G Round 1,25 200 метров",Solinco,14990 ₽,https://saletennis.com/catalog/product/tiennisnaia-struna-solinco-hyper-g-round-1-25-200-mietrov-16963/,Бисертская: 2 шт | Уфа: 2 шт | Парина: 2 шт | Тюмень (Народная): 1 шт | Ижевск: 2 шт | Санкт-Петербург (Спортивная): 1 шт | Основной склад Екатеринбург: 9 шт | Соболева: 2 шт,21,data\product_images\0f97314771be.png,0,1,9,2,2,2,0,1,2,2
Теннисные струны,04GRAS125L,"Теннисная струна Tecnifibre Razor Soft Lime 1,25 12 метров",Tecnifibre,1868 ₽,https://saletennis.com/catalog/product/tiennisnaia-struna-tecnifibre-razor-soft-lime-1-25-12-mietrov-16278/,Санкт-Петербург (Спортивная): 3 шт,3,data\product_images\dfb297a5624b.png,0,3,0,0,0,0,0,0,0,0
Теннисные струны,04G4S130XB,"Теннисная струна Tecnifibre 4S 1,30 12 метров",Tecnifibre,2490 ₽,https://saletennis.com/catalog/product/tiennisnaia-struna-tecnifibre-4s-1-30-12-mietrov-13241/,Санкт-Петербург (Спортивная): 8 шт | Парина: 15 шт | Соболева: 16 шт,39,data\product_images\2f1701820c31.png,0,8,0,16,15,0,0,0,0,0
Теннисные струны,281099-NT,"Теннисная струна Head Rip Control - Natural 1,30 12 метров",Head,1612 ₽,https://saletennis.com/catalog/product/tiennisnaia-struna-head-rip-control-natural-1-30-12-mietrov-17593/,Санкт-Петербург (Спортивная): 2 шт | Тюмень (Народная): 1 шт | Соболева: 1 шт,4,data\product_images\0d12bfb88c61.png,0,2,0,1,0,0,0,1,0,0
Теннисные струны,281794-16RD,"Теннисная струна Head LYNX (красный) 1,30 12 метров",Head,1207 ₽,https://saletennis.com/catalog/product/tiennisnaia-struna-head-lynx-krasnyi-1-30-12-mietrov-8269/,Ижевск: 1 шт | Тюмень (Народная): 5 шт | Парина: 16 шт | Санкт-Петербург (Спортивная): 5 шт,27,data\product_images\c857b455d3f3.png,0,5,0,0,16,0,0,5,0,1
Теннисные струны,241115,Теннисная струна Babolat Addiction 1.30 12 метров,Babolat,1690 ₽,https://saletennis.com/catalog/product/tennisnaya-struna-babolat-addiction-130-12-metrov-4065-4065/,Парина: 11 шт,11,data\product_images\45a5b8d57843.png,0,0,0,0,11,0,0,0,0,0
Теннисные струны,WR8310701125,"Теннисная струна Luxilon ECO Spin 1,25 12 метров",Luxilon,2190 ₽,https://saletennis.com/catalog/product/tiennisnaia-struna-luxilon-eco-spin-1-25-12-mietrov-16626/,Санкт-Петербург (Спортивная): 11 шт | Тюмень (Народная): 7 шт | Уфа: 6 шт,24,data\product_images\93d2da6eef20.png,0,11,0,0,0,0,0,7,6,0
Теннисные струны,1920067,"Теннисная струна Solinco Mach-10 1,25 200 метров",Solinco,15990 ₽,https://saletennis.com/catalog/product/tiennisnaia-struna-solinco-mach-10-1-25-200-mietrov-18170/,Тюмень (Народная): 1 шт | Уфа: 1 шт,2,data\product_images\23ce902e78fc.png,0,0,0,0,0,0,0,1,1,0
Теннисные струны,WRZ904700,"Теннисная струна Wilson Poly Pro Silver 1,25 12 метров",Wilson,640 ₽,https://saletennis.com/catalog/product/tiennisnaia-struna-wilson-poly-pro-silver-1-25-12-mietrov-19176/,Тюмень (Народная): 12 шт,12,data\product_images\b57eb6dda3fe.png,0,0,0,0,0,0,0,12,0,0
Теннисные струны,243140,"Теннисная струна Babolat RPM Blast Rough Red 1,30 200 метров",Babolat,19992 ₽,https://saletennis.com/catalog/product/tiennisnaia-struna-babolat-rpm-blast-rough-red-1-30-200-mietrov-6852/,Тюмень: 1 шт | Санкт-Петербург (Спортивная): 1 шт,2,data\product_images\0e4e3a17ddab.jpg,0,1,0,0,0,0,0,1,0,0
Теннисные струны,192065,"Теннисная струна Solinco Confidential Soft Pink 1,20 12 метров",Solinco,1290 ₽,https://saletennis.com/catalog/product/tiennisnaia-struna-solinco-confidential-soft-pink-1-20-12-mietrov-19124/,Парина: 15 шт | Санкт-Петербург (Спортивная): 16 шт | Соболева: 1 шт,32,data\product_images\dba526f9e8f3.png,0,16,0,1,15,0,0,0,0,0
Теннисные струны,WR8308201125BK,"Теннисная струна Luxilon 4G Black 1,25 12 метров",Luxilon,3290 ₽,https://saletennis.com/catalog/product/tiennisnaia-struna-luxilon-4g-black-1-25-12-mietrov-15830/,Уфа: 12 шт | Санкт-Петербург (Спортивная): 5 шт,17,data\product_images\86bc2097ad51.png,0,5,0,0,0,0,0,0,12,0
Теннисные струны,1920600,"Теннисная струна Solinco Mach-10 1,20 12,2 метров",Solinco,1290 ₽,https://saletennis.com/catalog/product/tiennisnaia-struna-solinco-mach-10-1-20-12-2-mietrov-17601/,Бисертская: 3 шт | Соболева: 19 шт | Тюмень (Народная): 16 шт | Санкт-Петербург (Спортивная): 16 шт | Парина: 5 шт,59,data\product_images\10e14c4def90.png,0,16,0,19,5,3,0,16,0,0
Теннисные струны,281319-16WH,"Теннисная струна Head Master White 1,30 400 метров",Head,9712 ₽,https://saletennis.com/catalog/product/tiennisnaia-struna-head-master-white-1-30-400-mietrov-10462/,Соболева: 1 шт,1,data\product_images\07252c1ed3a4.png,0,0,0,1,0,0,0,0,0,0
Теннисные струны,281113-17WH,"Теннисная струна Head Hawk White 1,25 12 метров",Head,1288 ₽,https://saletennis.com/catalog/product/tiennisnaia-struna-head-hawk-white-1-25-12-mietrov-1-16709/,Бисертская: 12 шт | Парина: 14 шт,26,data\product_images\64533da11e6d.png,0,0,0,0,14,12,0,0,0,0
Теннисные струны,1920077,"Теннисная струна Solinco Tour Bite Diamond Rough 1,30 12 метров",Solinco,1290 ₽,https://saletennis.com/catalog/product/tiennisnaia-struna-solinco-tour-bite-diamond-rough-1-30-12-mietrov-4978/,Тюмень (Народная): 3 шт | Санкт-Петербург (Спортивная): 22 шт | Уфа: 15 шт | Парина: 14 шт | Тюмень: 5 шт | Соболева: 15 шт | Бисертская: 5 шт | Основной склад Екатеринбург: 48 шт | Ижевск: 12 шт,139,data\product_images\6a2cd6f1de28.png,0,22,48,15,14,5,0,8,15,12
Теннисные струны,1920100,"Теннисная струна Solinco Hyper-G Soft 1,25 12,2 метров",Solinco,1290 ₽,https://saletennis.com/catalog/product/tiennisnaia-struna-solinco-hyper-g-soft-1-25-12-2-mietrov-12119/,Ижевск: 1 шт | Тюмень (Народная): 5 шт | Бисертская: 5 шт | Соболева: 15 шт | Парина: 5 шт | Санкт-Петербург (Спортивная): 5 шт | Уфа: 13 шт | Основной склад Екатеринбург: 1 шт,50,data\product_images\f81302d13d8d.png,0,5,1,15,5,5,0,5,13,1
Теннисные струны,06GXON124O,"Струна для сквоша X-ONE Orange 1,24 200 метров",Не определен,39990 ₽,https://saletennis.com/catalog/product/struna-dlia-skvosha-x-one-orange-1-24-200-mietrov-17652/,Парина: 1 шт,1,data\product_images\2ccab6510b11.png,0,0,0,0,1,0,0,0,0,0
Теннисные струны,281128-BK,"Теннисная струна Head Sonic Pro Black 1,25 200 метров",Head,12490 ₽,https://saletennis.com/catalog/product/tiennisnaia-struna-head-sonic-pro-black-1-25-200-mietrov-18373/,Тюмень (Народная): 1 шт | Уфа: 1 шт | Соболева: 1 шт | Ижевск: 1 шт | Санкт-Петербург (Спортивная): 1 шт | Парина: 1 шт | Бисертская: 1 шт,7,data\product_images\87c4b657b114.png,0,1,0,1,1,1,0,1,1,1
Теннисные струны,04RIC130XW,"Теннисная струна Tecnifibre Ice Code 1,30 12 метров",Tecnifibre,1990 ₽,https://saletennis.com/catalog/product/tiennisnaia-struna-tecnifibre-ice-code-1-30-12-mietrov-14563/,Парина: 4 шт | Бисертская: 2 шт | Соболева: 5 шт,11,data\product_images\9d5c50131a49.png,0,0,0,5,4,2,0,0,0,0
Теннисные струны,281799-OR,"Теннисная струна Head LYNX Tour Orange 1,30 12 метров",Head,1118 ₽,https://saletennis.com/catalog/product/tiennisnaia-struna-head-lynx-tour-orange-1-30-12-mietrov-10819/,Ижевск: 7 шт | Парина: 6 шт | Санкт-Петербург (Спортивная): 19 шт | Тюмень (Народная): 7 шт | Соболева: 12 шт | Уфа: 2 шт,53,data\product_images\65b163da3640.png,0,19,0,12,6,0,0,7,2,7
Теннисные струны,1920547,"Теннисная струна Solinco Hyper-G Round 1,30 12 метров",Solinco,1290 ₽,https://saletennis.com/catalog/product/tiennisnaia-struna-solinco-hyper-g-round-1-30-12-mietrov-16964/,Санкт-Петербург (Спортивная): 5 шт | Бисертская: 12 шт | Основной склад Екатеринбург: 6 шт | Уфа: 15 шт | Тюмень (Народная): 5 шт | Парина: 5 шт | Соболева: 16 шт,64,data\product_images\791272543995.png,0,5,6,16,5,12,0,5,15,0
Теннисные струны,SH12-RD,"Теннисная струна 7/6 Shark - Red 1,25 200 метров",7/6,10490 ₽,https://saletennis.com/catalog/product/tiennisnaia-struna-7-6-shark-red-1-25-200-mietrov-15046/,Соболева: 1 шт | Санкт-Петербург (Ярослава Гашека): 1 шт | Уфа: 1 шт | Ижевск: 1 шт,4,data\product_images\5dcd13dc8c6f.png,1,0,0,1,0,0,0,0,1,1
Теннисные струны,WR8308301125,"Теннисная струна Luxilon 4G Black 1,25 200 метров",Luxilon,45990 ₽,https://saletennis.com/catalog/product/tiennisnaia-struna-luxilon-4g-black-1-25-200-mietrov-19080/,Парина: 1 шт,1,data\product_images\c52a71a38d1f.png,0,0,0,0,1,0,0,0,0,0
Теннисные струны,281103-WH,"Теннисная струна Head Hawk - White 1,25 12 метров",Head,1612 ₽,https://saletennis.com/catalog/product/tiennisnaia-struna-head-hawk-white-1-25-12-mietrov-2-18008/,Тюмень (Народная): 5 шт | Соболева: 5 шт | Уфа: 1 шт | Парина: 6 шт | Санкт-Петербург (Спортивная): 9 шт,26,data\product_images\ea5c70ccc7cb.png,0,9,0,5,6,0,0,5,1,0
Теннисные струны,WRZ997110,"Теннисная струна Luxilon 4G 1,25 12 метров",Luxilon,3490 ₽,https://saletennis.com/catalog/product/tiennisnaia-struna-luxilon-4g-1-25-12-mietrov-1-4958/,Уфа: 8 шт | Парина: 1 шт | Тюмень (Народная): 2 шт | Санкт-Петербург (Спортивная): 3 шт,14,data\product_images\1f5a1433b292.png,0,3,0,0,1,0,0,2,8,0
Теннисные струны,1920078,"Теннисная струна Solinco Tour Bite Diamond Rough 1,30 200 метров",Solinco,14990 ₽,https://saletennis.com/catalog/product/tiennisnaia-struna-solinco-tour-bite-diamond-rough-1-30-200-mietrov-1-4979/,Бисертская: 1 шт | Ижевск: 1 шт | Уфа: 1 шт | Основной склад Екатеринбург: 7 шт | Парина: 1 шт | Соболева: 1 шт | Тюмень (Народная): 1 шт | Санкт-Петербург (Спортивная): 1 шт,14,data\product_images\8c17f7362f3b.jpg,0,1,7,1,1,1,0,1,1,1
Теннисные струны,WR8314003125,"Теннисная струна Luxilon Element Infrared 1,25 12 метров",Luxilon,2690 ₽,https://saletennis.com/catalog/product/tiennisnaia-struna-luxilon-element-infrared-1-25-12-mietrov-19338/,Соболева: 4 шт | Парина: 5 шт,9,data\product_images\ca7f99c4d93b.png,0,0,0,4,5,0,0,0,0,0
Теннисные струны,281404-BK,"Теннисная струна Head Velocity MLT Black 1,30 12 метров",Head,1207 ₽,https://saletennis.com/catalog/product/tiennisnaia-struna-head-velocity-mlt-black-1-30-12-mietrov-10820/,Парина: 1 шт | Санкт-Петербург (Спортивная): 2 шт | Санкт-Петербург (Ярослава Гашека): 1 шт,4,data\product_images\a348eba450d8.png,1,2,0,0,1,0,0,0,0,0
Теннисные струны,WRZ942700,"Теннисная струна Wilson NXT 1,30 12 метров",Wilson,3637 ₽,https://saletennis.com/catalog/product/tiennisnaia-struna-wilson-nxt-1-30-12-mietrov-5990/,Тюмень (Народная): 1 шт | Ижевск: 1 шт,2,data\product_images\5b8e4c5f3536.jpg,0,0,0,0,0,0,0,1,0,1
Теннисные струны,WRZ906900,"Теннисная струна Wilson Revolve Black 1,25 200 метров",Wilson,17992 ₽,https://saletennis.com/catalog/product/tiennisnaia-struna-wilson-revolve-black-1-25-200-mietrov-9491/,Бисертская: 1 шт | Санкт-Петербург (Спортивная): 1 шт | Тюмень (Народная): 1 шт,3,data\product_images\107325dc2cc9.jpg,0,1,0,0,0,1,0,1,0,0
Теннисные струны,281790-GR,"Теннисная струна Head LYNX Tour Grey 1,25 12 метров",Head,1207 ₽,https://saletennis.com/catalog/product/tiennisnaia-struna-head-lynx-tour-grey-1-25-12-mietrov-12989/,Соболева: 2 шт | Парина: 4 шт,6,data\product_images\aa0d372f01a7.png,0,0,0,2,4,0,0,0,0,0
Теннисные струны,1920210,"Теннисная струна Solinco Confidential 1,30 200 метров",Solinco,14990 ₽,https://saletennis.com/catalog/product/tiennisnaia-struna-solinco-confidential-1-30-200-mietrov-10701/,Парина: 1 шт | Основной склад Екатеринбург: 4 шт | Бисертская: 1 шт | Ижевск: 1 шт | Уфа: 1 шт | Тюмень: 1 шт | Тюмень (Народная): 1 шт,10,data\product_images\b0e4af0762f7.png,0,0,4,0,1,1,0,2,1,1
Теннисные струны,1920003,"Теннисная струна Solinco Hyper-G 1,20 200 метров",Solinco,14990 ₽,https://saletennis.com/catalog/product/tiennisnaia-struna-solinco-hyper-g-1-20-200-mietrov-11067/,Уфа: 1 шт | Ижевск: 1 шт | Парина: 1 шт,3,data\product_images\1fc74b1f77dd.png,0,0,0,0,1,0,0,0,1,1
Теннисные струны,281234-AN,"Теннисная струна Head Hawk Touch Antracite 1,20 200 метров",Head,19027 ₽,https://saletennis.com/catalog/product/tiennisnaia-struna-head-hawk-touch-antracite-1-20-200-mietrov-10646/,Парина: 1 шт | Бисертская: 1 шт,2,data\product_images\d5424df9f591.png,0,0,0,0,1,1,0,0,0,0
Теннисные струны,281790-GR,"Теннисная струна Head LYNX Tour Grey 1,30 12 метров",Head,1207 ₽,https://saletennis.com/catalog/product/tiennisnaia-struna-head-lynx-tour-grey-1-30-12-mietrov-12990/,Санкт-Петербург (Спортивная): 5 шт | Соболева: 16 шт | Тюмень (Народная): 20 шт | Ижевск: 4 шт,45,data\product_images\ed576f79b6bf.png,0,5,0,16,0,0,0,20,0,4
Теннисные струны,WRZ907500,"Теннисная струна Wilson Revolve Spin Green 1,25 200 метров",Wilson,18193 ₽,https://saletennis.com/catalog/product/tiennisnaia-struna-wilson-revolve-spin-green-1-25-200-mietrov-6199/,Санкт-Петербург (Спортивная): 1 шт,1,data\product_images\f795e235b665.png,0,1,0,0,0,0,0,0,0,0
Теннисные струны,1920067,"Теннисная струна Solinco Tour Bite Soft 1,25 12,2 метров",Solinco,1290 ₽,https://saletennis.com/catalog/product/tiennisnaia-struna-solinco-tour-bite-soft-1-25-12-2-mietrov-4980/,Тюмень: 5 шт | Бисертская: 12 шт | Основной склад Екатеринбург: 1 шт | Ижевск: 8 шт | Парина: 15 шт | Тюмень (Народная): 15 шт | Уфа: 5 шт | Соболева: 5 шт,66,data\product_images\09c88f8465f1.png,0,0,1,5,15,12,0,20,5,8
Теннисные струны,1920206,"Теннисная струна Solinco Confidential 1,25 12,2 метров",Solinco,1290 ₽,https://saletennis.com/catalog/product/tiennisnaia-struna-solinco-confidential-1-25-12-2-mietrov-10698/,Основной склад Екатеринбург: 5 шт | Соболева: 3 шт | Парина: 5 шт | Уфа: 5 шт | Ижевск: 6 шт | Тюмень (Народная): 5 шт | Санкт-Петербург (Спортивная): 5 шт | Тюмень: 5 шт | Бисертская: 5 шт,44,data\product_images\6c2a8c9fe22e.jpg,0,5,5,3,5,5,0,10,5,6
Теннисные струны,281404-YW,"Теннисная струна Head Velocity MLT Yellow - 1,25 12 метров",Head,1207 ₽,https://saletennis.com/catalog/product/tiennisnaia-struna-head-velocity-mlt-yellow-1-25-12-mietrov-14105/,Санкт-Петербург (Ярослава Гашека): 2 шт | Парина: 4 шт | Санкт-Петербург (Спортивная): 3 шт,9,data\product_images\0767cfb911bc.png,2,3,0,0,4,0,0,0,0,0
Теннисные струны,281128-17WH,"Теннисная струна Head Sonic Pro White 1,25 200 метров",Head,10117 ₽,https://saletennis.com/catalog/product/tiennisnaia-struna-head-sonic-pro-white-1-25-200-mietrov-12309/,Бисертская: 1 шт | Парина: 1 шт | Санкт-Петербург (Спортивная): 1 шт | Соболева: 1 шт,4,data\product_images\792d0d7cddd8.png,0,1,0,1,1,1,0,0,0,0
Теннисные струны,1920547,"Теннисная струна Solinco Hyper-G Round 1,25 12 метров",Solinco,1290 ₽,https://saletennis.com/catalog/product/tiennisnaia-struna-solinco-hyper-g-round-1-25-12-mietrov-16962/,Ижевск: 2 шт | Санкт-Петербург (Спортивная): 5 шт | Уфа: 3 шт | Бисертская: 13 шт | Тюмень (Народная): 8 шт | Парина: 5 шт | Соболева: 5 шт | Основной склад Екатеринбург: 6 шт | Тюмень: 16 шт,63,data\product_images\754e707072ae.png,0,5,6,5,5,13,0,24,3,2
Теннисные струны,1920003,"Теннисная струна Solinco Tour Bite 1,35 12 метров",Solinco,1290 ₽,https://saletennis.com/catalog/product/tiennisnaia-struna-solinco-tour-bite-1-35-12-mietrov-15415/,Парина: 9 шт | Ижевск: 1 шт | Тюмень (Народная): 2 шт | Бисертская: 6 шт | Соболева: 4 шт,22,data\product_images\a1c184a4cfbd.png,0,0,0,4,9,6,0,2,0,1
Теннисные струны,243144,"Теннисная струна Babolat Syn Gut - Black 1,25 12 метров",Babolat,890 ₽,https://saletennis.com/catalog/product/tiennisnaia-struna-babolat-syn-gut-black-1-25-12-mietrov-14825/,Санкт-Петербург (Ярослава Гашека): 2 шт | Санкт-Петербург (Спортивная): 5 шт | Парина: 13 шт,20,data\product_images\ba47e3f48a2b.png,2,5,0,0,13,0,0,0,0,0
Теннисные струны,WR8310801128,Теннисная струна Luxilon Alu Power RG Blue 1.28 12 метров,Luxilon,3490 ₽,https://saletennis.com/catalog/product/tiennisnaia-struna-luxilon-alu-power-rg-blue-1-28-12-mietrov-17300/,Санкт-Петербург (Спортивная): 1 шт,1,data\product_images\fc559b49eda3.png,0,1,0,0,0,0,0,0,0,0
Теннисные струны,1920051,"Теннисная струна Solinco Barb Wire 1,30 12 метров",Solinco,1290 ₽,https://saletennis.com/catalog/product/tiennisnaia-struna-solinco-barb-wire-1-30-12-mietrov-1-4963/,Ижевск: 11 шт | Уфа: 16 шт | Парина: 17 шт | Тюмень (Народная): 5 шт | Основной склад Екатеринбург: 13 шт | Бисертская: 17 шт | Соболева: 26 шт | Санкт-Петербург (Спортивная): 17 шт | Тюмень: 7 шт,129,data\product_images\e2a9b84a105a.png,0,17,13,26,17,17,0,12,16,11
Теннисные струны,281794-set-BL,"Теннисная струна Head LYNX (Голубой) 1,30 12 метров",Head,1183 ₽,https://saletennis.com/catalog/product/tiennisnaia-struna-head-lynx-goluboi-1-30-12-mietrov-12285/,Ижевск: 6 шт | Соболева: 8 шт | Санкт-Петербург (Спортивная): 16 шт | Уфа: 5 шт | Бисертская: 15 шт,50,data\product_images\e6763dd4b577.jpg,0,16,0,8,0,15,0,0,5,6
Теннисные струны,281033,"Теннисная струна Head Master White 1,30 200 метров",Head,4666 ₽,https://saletennis.com/catalog/product/tiennisnaia-struna-head-master-white-1-30-200-mietrov-14134/,Парина: 1 шт | Ижевск: 1 шт | Соболева: 1 шт,3,data\product_images\ed8857f74ff1.png,0,0,0,1,1,0,0,0,0,1
Теннисные струны,WRZ990144,"Теннисная струна Luxilon 4G Rough 1,25 200 метров",Luxilon,36792 ₽,https://saletennis.com/catalog/product/tiennisnaia-struna-luxilon-4g-rough-1-25-200-mietrov-9205/,Соболева: 1 шт,1,data\product_images\954af4b94cdd.png,0,0,0,1,0,0,0,0,0,0
Теннисные струны,WR830000316,"Теннисная струна Wilson Revolve Twist - Grey 1,30 200 метров",Wilson,18193 ₽,https://saletennis.com/catalog/product/tiennisnaia-struna-wilson-revolve-twist-grey-1-30-200-mietrov-8965/,Санкт-Петербург (Спортивная): 1 шт | Парина: 1 шт,2,data\product_images\a893c7b5bde1.jpg,0,1,0,0,1,0,0,0,0,0
Теннисные струны,WRZ990109,"Теннисная струна Luxilon Element 1,30 12 метров",Luxilon,2990 ₽,https://saletennis.com/catalog/product/tiennisnaia-struna-luxilon-element-1-30-12-mietrov-4578/,Соболева: 15 шт | Санкт-Петербург (Спортивная): 1 шт,16,data\product_images\0acf62a3f150.png,0,1,0,15,0,0,0,0,0,0
Теннисные струны,OC12-SL,"Теннисная струна 7/6 Octopus - Silver 1,25 12 метров",7/6,1090 ₽,https://saletennis.com/catalog/product/tiennisnaia-struna-7-6-octopus-silver-1-25-12-mietrov-15039/,Парина: 22 шт | Тюмень (Народная): 11 шт | Бисертская: 11 шт | Соболева: 1 шт | Уфа: 10 шт | Основной склад Екатеринбург: 4 шт | Санкт-Петербург (Спортивная): 5 шт | Тюмень: 15 шт,79,data\product_images\d4a9ef0d14d3.png,0,5,4,1,22,11,0,26,10,0
Теннисные струны,192065,"Теннисная струна Solinco Confidential Soft Pink 1,30 12 метров",Solinco,1290 ₽,https://saletennis.com/catalog/product/tiennisnaia-struna-solinco-confidential-soft-pink-1-30-12-mietrov-19128/,Парина: 5 шт | Основной склад Екатеринбург: 3 шт | Бисертская: 4 шт | Соболева: 5 шт | Тюмень (Народная): 10 шт,27,data\product_images\4c0ec821b992.png,0,0,3,5,5,4,0,10,0,0
Теннисные струны,1920028,"Теннисная струна Solinco Tour Bite 1,25 200 метров",Solinco,14990 ₽,https://saletennis.com/catalog/product/tiennisnaia-struna-solinco-tour-bite-1-25-200-mietrov-5845/,Санкт-Петербург (Спортивная): 2 шт | Уфа: 1 шт,3,data\product_images\f140c24c8db3.png,0,2,0,0,0,0,0,0,1,0
Теннисные струны,285513,"Теннисная струна Head Sonic Pro Edge 1,30 12 метров",Head,964 ₽,https://saletennis.com/catalog/product/tennisnaya-struna-haed-sonic-pro-edge-16-130-12-m-1364-1364/,Парина: 1 шт,1,data\product_images\d8fb62f4eb00.png,0,0,0,0,1,0,0,0,0,0
Теннисные струны,PTGF-12RD,"Теннисная струна Yonex Polytour Fire Red 1,25 12 метров",Yonex,1990 ₽,https://saletennis.com/catalog/product/tiennisnaia-struna-yonex-polytour-fire-red-1-25-12-mietrov-19472/,Санкт-Петербург (Ярослава Гашека): 14 шт,14,data\product_images\ccef5b4da03b.png,14,0,0,0,0,0,0,0,0,0
Теннисные струны,281042,"Теннисная струна Head Lynx Touch - Smoky 1,30 12м",Head,1207 ₽,https://saletennis.com/catalog/product/tiennisnaia-struna-head-lynx-touch-smoky-1-30-12m-19102/,Парина: 6 шт | Тюмень (Народная): 7 шт | Санкт-Петербург (Спортивная): 5 шт,18,data\product_images\9fa44d2b8c90.png,0,5,0,0,6,0,0,7,0,0
Теннисные струны,281799-GR,"Теннисная струна Head LYNX Tour Anthracite 1,30 12 метров",Head,1207 ₽,https://saletennis.com/catalog/product/tiennisnaia-struna-head-lynx-tour-anthracite-1-30-12-mietrov-17722/,Уфа: 6 шт | Соболева: 5 шт | Парина: 17 шт,28,data\product_images\694d52e0a268.png,0,0,0,5,17,0,0,0,6,0
Теннисные струны,281799-CP,"Теннисная струна Head LYNX Tour Champagne 1,30 200 метров",Head,16192 ₽,https://saletennis.com/catalog/product/tiennisnaia-struna-head-lynx-tour-champagne-1-30-200-mietrov-11183/,Бисертская: 1 шт | Уфа: 1 шт | Соболева: 1 шт | Тюмень (Народная): 1 шт | Санкт-Петербург (Спортивная): 1 шт | Основной склад Екатеринбург: 1 шт | Парина: 1 шт | Ижевск: 1 шт,8,data\product_images\c1643efa77dd.png,0,1,1,1,1,1,0,1,1,1
Теннисные струны,281799-CP,"Теннисная струна Head LYNX Tour - Champagne 1,20 12 метров",Head,1207 ₽,https://saletennis.com/catalog/product/tiennisnaia-struna-head-lynx-tour-champagne-1-20-12-mietrov-17549/,Парина: 2 шт | Соболева: 5 шт | Санкт-Петербург (Ярослава Гашека): 9 шт,16,data\product_images\2801a8684640.png,9,0,0,5,2,0,0,0,0,0
Теннисные струны,281794-BL,"Теннисная струна Head LYNX (Голубой) 1,25 12 метров",Head,1207 ₽,https://saletennis.com/catalog/product/tiennisnaia-struna-head-lynx-goluboi-1-25-12-mietrov-12283/,Тюмень: 5 шт | Соболева: 3 шт | Уфа: 14 шт | Парина: 15 шт,37,data\product_images\24d7c9c9c806.png,0,0,0,3,15,0,0,5,14,0
Теннисные струны,1920100,"Теннисная струна Solinco Hyper-G 1,25 12,2 метров",Solinco,1290 ₽,https://saletennis.com/catalog/product/tiennisnaia-struna-solinco-hyper-g-1-25-12-2-mietrov-5843/,Парина: 16 шт | Тюмень: 5 шт | Бисертская: 4 шт | Ижевск: 5 шт | Уфа: 6 шт | Соболева: 6 шт | Санкт-Петербург (Ярослава Гашека): 10 шт,52,data\product_images\a572867da370.jpg,10,0,0,6,16,4,0,5,6,5
Теннисные струны,281784,"Теннисная струна Head LYNX (Зеленый) 1,30 12 метров",Head,1183 ₽,https://saletennis.com/catalog/product/tiennisnaia-struna-head-lynx-zielienyi-1-30-12-mietrov-15082/,Ижевск: 14 шт | Санкт-Петербург (Спортивная): 6 шт | Соболева: 13 шт | Бисертская: 11 шт | Тюмень (Народная): 2 шт,46,data\product_images\31dcafb21fd4.png,0,6,0,13,0,11,0,2,0,14
Теннисные струны,281028-WH,"Теннисная струна Head Sonic Pro White 1,25 12 метров",Head,893 ₽,https://saletennis.com/catalog/product/tiennisnaia-struna-head-sonic-pro-white-1-25-12-mietrov-12308/,Тюмень (Народная): 4 шт | Соболева: 4 шт | Уфа: 5 шт | Санкт-Петербург (Спортивная): 5 шт | Парина: 4 шт,22,data\product_images\0a21c4b645c9.png,0,5,0,4,4,0,0,4,5,0
Теннисные струны,WRZ946900,"Теннисная струна Wilson Revolve Black 1,25 12 метров",Wilson,1774 ₽,https://saletennis.com/catalog/product/tiennisnaia-struna-wilson-revolve-black-1-25-12-mietrov-5236/,Парина: 5 шт | Санкт-Петербург (Спортивная): 5 шт | Тюмень: 2 шт | Тюмень (Народная): 5 шт | Бисертская: 13 шт | Соболева: 14 шт,44,data\product_images\5aeda471f693.jpg,0,5,0,14,5,13,0,7,0,0
Теннисные струны,281099-17BK,"Теннисная струна Head Rip Control 17BK 1,25 12 метров",Head,1612 ₽,https://saletennis.com/catalog/product/tiennisnaia-struna-head-rip-control-17bk-1-25-12-mietrov-7601/,Ижевск: 3 шт | Санкт-Петербург (Спортивная): 2 шт | Парина: 4 шт,9,data\product_images\d06d55aa9a77.jpg,0,2,0,0,4,0,0,0,0,3
Теннисные струны,1920002,"Теннисная струна Solinco Tour Bite 1,25 12 метров",Solinco,1290 ₽,https://saletennis.com/catalog/product/tiennisnaia-struna-solinco-tour-bite-1-25-12-mietrov-1-4972/,Бисертская: 11 шт | Санкт-Петербург (Спортивная): 5 шт | Тюмень (Народная): 4 шт | Парина: 5 шт | Уфа: 2 шт | Тюмень: 13 шт | Соболева: 5 шт | Ижевск: 16 шт,61,data\product_images\6982d27859b2.png,0,5,0,5,5,11,0,17,2,16
Теннисные струны,04GIC125XW,"Теннисная струна Tecnifibre Ice Code 1,25 12 метров",Tecnifibre,1990 ₽,https://saletennis.com/catalog/product/tiennisnaia-struna-tecnifibre-ice-code-1-25-12-mietrov-13655/,Уфа: 5 шт | Соболева: 2 шт | Тюмень (Народная): 9 шт | Парина: 1 шт,17,data\product_images\bba4fe222479.png,0,0,0,2,1,0,0,9,5,0
Теннисные струны,06GXON124O,"Струна для сквоша X-ONE Orange 1,24 12 метров",Не определен,2590 ₽,https://saletennis.com/catalog/product/struna-dlia-skvosha-x-one-orange-1-24-12-mietrov-17651/,Парина: 19 шт,19,data\product_images\f8c7f7209f37.png,0,0,0,0,19,0,0,0,0,0
Теннисные струны,7060ST-120TB,"Теннисная струна 7/6 Tour - Black 1,25 12 метров",7/6,790 ₽,https://saletennis.com/catalog/product/tiennisnaia-struna-7-6-tour-black-1-25-12-mietrov-13151/,Тюмень: 9 шт | Санкт-Петербург (Спортивная): 3 шт | Санкт-Петербург (Ярослава Гашека): 3 шт | Основной склад Екатеринбург: 6 шт,21,data\product_images\dbb341f0cf27.png,3,3,6,0,0,0,0,9,0,0
Теннисные струны,281794-16AN,"Теннисная струна Head LYNX (антрацит) 1,30 200 метров",Head,15382 ₽,https://saletennis.com/catalog/product/tiennisnaia-struna-head-lynx-antratsit-1-30-200-mietrov-13011/,Парина: 1 шт | Санкт-Петербург (Спортивная): 1 шт | Ижевск: 1 шт | Уфа: 1 шт,4,data\product_images\fbfd9e5970a3.png,0,1,0,0,1,0,0,0,1,1
Теннисные струны,AN12-FY,"Теннисная струна 7/6 Antelope - Yellow 1,25 12 метров",7/6,1090 ₽,https://saletennis.com/catalog/product/tiennisnaia-struna-7-6-antelope-yellow-1-25-12-mietrov-15068/,Соболева: 23 шт | Тюмень (Народная): 5 шт | Уфа: 8 шт | Санкт-Петербург (Ярослава Гашека): 14 шт | Тюмень: 13 шт | Парина: 1 шт | Бисертская: 5 шт | Санкт-Петербург (Спортивная): 5 шт,74,data\product_images\d880f1874dba.png,14,5,0,23,1,5,0,18,8,0
Теннисные струны,WRZ995200,"Теннисная струна Luxilon Alu Power Rough 1,25 12 метров",Luxilon,3490 ₽,https://saletennis.com/catalog/product/tiennisnaia-struna-luxilon-alu-power-rough-1-25-12-mietrov-4573/,Санкт-Петербург (Спортивная): 10 шт | Бисертская: 5 шт,15,data\product_images\abe24c402a88.png,0,10,0,0,0,5,0,0,0,0
Теннисные струны,281794-17RD,"Теннисная струна Head LYNX (красный) 1,25 200 метров",Head,15382 ₽,https://saletennis.com/catalog/product/tiennisnaia-struna-head-lynx-krasnyi-1-25-200-mietrov-8268/,Бисертская: 1 шт,1,data\product_images\967a01c92f5b.jpg,0,0,0,0,0,1,0,0,0,0
Теннисные струны,281794-16AN,"Теннисная струна Head LYNX (антрацит) 1,30 12 метров",Head,1207 ₽,https://saletennis.com/catalog/product/tiennisnaia-struna-head-lynx-antratsit-1-30-12-mietrov-14129/,Уфа: 12 шт | Ижевск: 21 шт | Бисертская: 5 шт | Соболева: 5 шт | Санкт-Петербург (Спортивная): 5 шт | Парина: 7 шт,55,data\product_images\87dd70005d42.png,0,5,0,5,7,5,0,0,12,21
Теннисные струны,LN12-BK,"Теннисная струна 7/6 Lion - Black 1,25 200 метров",7/6,10990 ₽,https://saletennis.com/catalog/product/tiennisnaia-struna-7-6-lion-black-1-25-200-mietrov-15032/,Соболева: 1 шт | Санкт-Петербург (Спортивная): 1 шт | Парина: 1 шт,3,data\product_images\c8c949385fee.png,0,1,0,1,1,0,0,0,0,0
Теннисные струны,281784,"Теннисная струна Head LYNX 1,20 12 метров",Head,1369 ₽,https://saletennis.com/catalog/product/tennisnaya-struna-head-lynx-12m120-3249-3249/,Парина: 4 шт,4,data\product_images\67690935bdba.png,0,0,0,0,4,0,0,0,0,0
Теннисные струны,241110,"Теннисная струна Babolat Xcel 1,30 12 метров",Babolat,2890 ₽,https://saletennis.com/catalog/product/tiennisnaia-struna-babolat-xcel-1-30-12-mietrov-4940/,Парина: 5 шт,5,data\product_images\d841ec93bd70.png,0,0,0,0,5,0,0,0,0,0
Теннисные струны,1920206,"Теннисная струна Solinco Confidential 1,30 12,2 метров",Solinco,1290 ₽,https://saletennis.com/catalog/product/tiennisnaia-struna-solinco-confidential-1-30-12-2-mietrov-10700/,Тюмень (Народная): 13 шт | Соболева: 32 шт | Основной склад Екатеринбург: 6 шт | Тюмень: 2 шт | Санкт-Петербург (Спортивная): 4 шт | Бисертская: 11 шт | Парина: 12 шт | Санкт-Петербург (Ярослава Гашека): 16 шт,96,data\product_images\ca1851ccb777.png,16,4,6,32,12,11,0,15,0,0
Теннисные струны,LP129-FY,"Теннисная струна 7/6 Lion Pro - Yellow 1,29 12 метров",7/6,950 ₽,https://saletennis.com/catalog/product/tiennisnaia-struna-7-6-lion-pro-yellow-1-29-12-mietrov-15078/,Уфа: 11 шт | Санкт-Петербург (Спортивная): 6 шт | Тюмень: 5 шт,22,data\product_images\5163dad48bf5.png,0,6,0,0,0,0,0,5,11,0
Теннисные струны,PTGSPN-12BK,"Теннисная струна Yonex Polytour Spin Black 1,20 12 метров",Yonex,1990 ₽,https://saletennis.com/catalog/product/tiennisnaia-struna-yonex-polytour-spin-black-1-20-12-mietrov-19476/,Санкт-Петербург (Спортивная): 13 шт | Санкт-Петербург (Ярослава Гашека): 13 шт,26,data\product_images\e367a0e2deaf.png,13,13,0,0,0,0,0,0,0,0
Теннисные струны,281204-18AN,"Теннисная струна Head Hawk Touch Antracite 1,20 12 метров",Head,1612 ₽,https://saletennis.com/catalog/product/tiennisnaia-struna-head-hawk-touch-antracite-1-20-12-mietrov-12950/,Парина: 12 шт | Ижевск: 2 шт | Бисертская: 1 шт | Санкт-Петербург (Спортивная): 8 шт | Тюмень (Народная): 4 шт | Соболева: 1 шт | Уфа: 2 шт,30,data\product_images\3f03adebed7c.png,0,8,0,1,12,1,0,4,2,2
Теннисные струны,281784-BL,"Теннисная струна Head LYNX Blue 1,25 12 метров",Head,1207 ₽,https://saletennis.com/catalog/product/tiennisnaia-struna-head-lynx-blue-1-25-12-mietrov-15843/,Санкт-Петербург (Спортивная): 6 шт | Бисертская: 4 шт | Ижевск: 2 шт | Парина: 5 шт | Соболева: 6 шт,23,data\product_images\32d35b70ef78.png,0,6,0,6,5,4,0,0,0,2
Теннисные струны,1920600,"Теннисная струна Solinco Mach-10 1,30 12,2 метров",Solinco,1290 ₽,https://saletennis.com/catalog/product/tiennisnaia-struna-solinco-mach-10-1-30-12-2-mietrov-17602/,Парина: 17 шт | Санкт-Петербург (Спортивная): 7 шт | Бисертская: 11 шт | Ижевск: 23 шт | Санкт-Петербург (Ярослава Гашека): 16 шт | Тюмень (Народная): 5 шт | Соболева: 1 шт,80,data\product_images\3b64bb4cae7d.png,16,7,0,1,17,11,0,5,0,23
Теннисные струны,281784-YW,"Теннисная струна Head LYNX (желтый) 1,25 12 метров",Head,1207 ₽,https://saletennis.com/catalog/product/tiennisnaia-struna-head-lynx-zhieltyi-1-25-12-mietrov-9066/,Парина: 5 шт | Соболева: 4 шт | Тюмень: 1 шт | Бисертская: 5 шт | Ижевск: 6 шт | Санкт-Петербург (Спортивная): 3 шт | Тюмень (Народная): 1 шт,25,data\product_images\ea7bc5cb0f9c.jpg,0,3,0,4,5,5,0,2,0,6
Теннисные струны,281113,"Теннисная струна Head HAWK 1,20 200 метров",Head,20242 ₽,https://saletennis.com/catalog/product/tiennisnaia-struna-head-hawk-1-20-200-mietrov-17592/,Санкт-Петербург (Спортивная): 1 шт,1,data\product_images\dc0c7d2e648e.png,0,1,0,0,0,0,0,0,0,0
Теннисные струны,AN12-BK,"Теннисная струна 7/6 Antelope - Black 1,25 12 метров",7/6,1090 ₽,https://saletennis.com/catalog/product/tiennisnaia-struna-7-6-antelope-black-1-25-12-mietrov-15066/,Парина: 9 шт | Уфа: 2 шт | Соболева: 3 шт | Санкт-Петербург (Спортивная): 22 шт | Тюмень (Народная): 5 шт | Тюмень: 5 шт | Бисертская: 5 шт,51,data\product_images\c6f685454cb6.png,0,22,0,3,9,5,0,10,2,0
Теннисные струны,241136-201,"Теннисная струна Babolat RPM Blast Rough Red 1,35 12 метров",Babolat,2290 ₽,https://saletennis.com/catalog/product/tiennisnaia-struna-babolat-rpm-blast-rough-red-1-35-12-mietrov-6871/,Санкт-Петербург (Спортивная): 5 шт | Ижевск: 6 шт,11,data\product_images\845bcde2d5e7.png,0,5,0,0,0,0,0,0,0,6
Теннисные струны,WRZ904600,"Теннисная струна Wilson Poly Pro Silver 1,30 12 метров",Wilson,640 ₽,https://saletennis.com/catalog/product/tiennisnaia-struna-wilson-poly-pro-silver-1-30-12-mietrov-18808/,Парина: 12 шт | Тюмень (Народная): 16 шт,28,data\product_images\2d98d1752fee.png,0,0,0,0,12,0,0,16,0,0
Теннисные струны,281794,"Теннисная струна Head LYNX 1,25 (антрацит) 12 метров",Head,1207 ₽,https://saletennis.com/catalog/product/tiennisnaia-struna-head-lynx-1-25-antratsit-12-mietrov-4278/,Бисертская: 28 шт | Соболева: 5 шт | Парина: 12 шт | Тюмень (Народная): 5 шт | Санкт-Петербург (Спортивная): 5 шт,55,data\product_images\e2cd56a32368.png,0,5,0,5,12,28,0,5,0,0
Теннисные струны,241136,"Теннисная струна Babolat RPM Blast Rough Red 1,30 12 метров",Babolat,2290 ₽,https://saletennis.com/catalog/product/tiennisnaia-struna-babolat-rpm-blast-rough-red-1-30-12-mietrov-5640/,Соболева: 5 шт | Тюмень (Народная): 11 шт,16,data\product_images\39dfb8e4ffaa.png,0,0,0,5,0,0,0,11,0,0
Теннисные струны,01GHD130XN,"Теннисная струна Tecnifibre HDMX 1,30 12 метров",Tecnifibre,2990 ₽,https://saletennis.com/catalog/product/tiennisnaia-struna-tecnifibre-hdmx-1-30-12-mietrov-13243/,Парина: 4 шт | Санкт-Петербург (Спортивная): 4 шт,8,data\product_images\3fec67d5d749.png,0,4,0,0,4,0,0,0,0,0
Теннисные струны,EG12-NL,"Теннисная струна 7/6 Eagle - Natural 1,25 12 метров",7/6,1990 ₽,https://saletennis.com/catalog/product/tiennisnaia-struna-7-6-eagle-natural-1-25-12-mietrov-15070/,Соболева: 3 шт | Тюмень: 2 шт | Бисертская: 5 шт | Санкт-Петербург (Спортивная): 9 шт | Основной склад Екатеринбург: 1 шт | Санкт-Петербург (Ярослава Гашека): 5 шт | Парина: 5 шт | Уфа: 4 шт | Тюмень (Народная): 2 шт | Ижевск: 3 шт,39,data\product_images\fc74af1d0d36.png,5,9,1,3,5,5,0,4,4,3
Теннисные струны,281028-BK,"Теннисная струна Head Sonic Pro Black 1,30 12 метров",Head,893 ₽,https://saletennis.com/catalog/product/tiennisnaia-struna-head-sonic-pro-black-1-30-12-mietrov-19105/,Соболева: 5 шт | Уфа: 10 шт | Бисертская: 5 шт | Парина: 20 шт | Санкт-Петербург (Спортивная): 5 шт | Тюмень: 9 шт,54,data\product_images\5f294f82aa11.png,0,5,0,5,20,5,0,9,10,0
Теннисные струны,04RRAS125W,"Теннисная струна Tecnifibre Razor Soft White 1,30 12 метров",Tecnifibre,1743 ₽,https://saletennis.com/catalog/product/tiennisnaia-struna-tecnifibre-razor-soft-white-1-30-12-mietrov-17325/,Санкт-Петербург (Спортивная): 6 шт,6,data\product_images\37b5377c1db5.png,0,6,0,0,0,0,0,0,0,0
Теннисные струны,WRZ904700,"Теннисная струна Wilson Poly Pro Silver 1,25 200 метров",Wilson,7992 ₽,https://saletennis.com/catalog/product/tiennisnaia-struna-wilson-poly-pro-silver-1-25-200-mietrov-18262/,Уфа: 1 шт | Тюмень: 1 шт | Ижевск: 1 шт | Бисертская: 1 шт | Парина: 1 шт | Соболева: 1 шт,6,data\product_images\369d7e58945c.png,0,0,0,1,1,1,0,1,1,1
Теннисные струны,281794-17YW,"Теннисная струна Head LYNX Yellow 1,25 12 метров",Head,1369 ₽,https://saletennis.com/catalog/product/tiennisnaia-struna-head-lynx-yellow-1-25-12-mietrov-6496/,Парина: 5 шт | Соболева: 10 шт | Ижевск: 13 шт | Тюмень: 5 шт | Уфа: 2 шт | Санкт-Петербург (Ярослава Гашека): 14 шт,49,data\product_images\de838316f797.png,14,0,0,10,5,0,0,5,2,13
Теннисные струны,192099,"Теннисная струна Solinco Hyper-G 1,30 200 метров",Solinco,14990 ₽,https://saletennis.com/catalog/product/tiennisnaia-struna-solinco-hyper-g-1-30-200-mietrov-6964/,Ижевск: 1 шт | Тюмень (Народная): 1 шт | Уфа: 1 шт | Парина: 1 шт | Соболева: 1 шт,5,data\product_images\903b74355eb6.png,0,0,0,1,1,0,0,1,1,1
Теннисные струны,281033-16LNT,"Теннисная струна Head Master Natural 1,30 12 метров",Head,397 ₽,https://saletennis.com/catalog/product/tiennisnaia-struna-head-master-natural-1-30-12-mietrov-7890/,Тюмень (Народная): 5 шт | Соболева: 4 шт | Бисертская: 4 шт,13,data\product_images\566fce4b5789.jpg,0,0,0,4,0,4,0,5,0,0
Теннисные струны,04GBL128XR,"Теннисная струна Tecnifibre Black Code Fire 1,28 12 метров",Tecnifibre,2190 ₽,https://saletennis.com/catalog/product/tiennisnaia-struna-tecnifibre-black-code-fire-1-28-12-mietrov-15089/,Тюмень (Народная): 6 шт,6,data\product_images\a4290651b405.png,0,0,0,0,0,0,0,6,0,0
Теннисные струны,1920048,"Теннисная струна Solinco Barb Wire 1,25 12 метров",Solinco,1290 ₽,https://saletennis.com/catalog/product/tiennisnaia-struna-solinco-barb-wire-1-25-12-mietrov-1-4962/,Основной склад Екатеринбург: 6 шт | Уфа: 15 шт | Соболева: 8 шт | Ижевск: 7 шт | Санкт-Петербург (Спортивная): 1 шт | Парина: 4 шт | Бисертская: 5 шт,46,data\product_images\ff5b2a3dbd4c.png,0,1,6,8,4,5,0,0,15,7
Теннисные струны,1920029,"Теннисная струна Solinco Tour Bite 1,35 200 метров",Solinco,14990 ₽,https://saletennis.com/catalog/product/tiennisnaia-struna-solinco-tour-bite-1-35-200-mietrov-15416/,Тюмень (Народная): 1 шт | Парина: 1 шт | Соболева: 1 шт,3,data\product_images\44e10c8c2aa6.png,0,0,0,1,1,0,0,1,0,0
Теннисные струны,1920037,"Теннисная струна Solinco Outlast 1,30 200 метров",Solinco,10490 ₽,https://saletennis.com/catalog/product/tiennisnaia-struna-solinco-outlast-1-30-200-mietrov-6966/,Тюмень (Народная): 1 шт | Основной склад Екатеринбург: 6 шт | Соболева: 1 шт | Уфа: 1 шт | Парина: 1 шт | Бисертская: 1 шт | Ижевск: 1 шт,12,data\product_images\2f2bf6a97dac.png,0,0,6,1,1,1,0,1,1,1
Теннисные струны,281023-16LSI,"Теннисная струна Head Master Silver 1,30 12 метров",Head,397 ₽,https://saletennis.com/catalog/product/tiennisnaia-struna-head-master-silver-1-30-12-mietrov-8073/,Ижевск: 12 шт | Тюмень: 4 шт | Тюмень (Народная): 3 шт,19,data\product_images\239e71a2b8ca.png,0,0,0,0,0,0,0,7,0,12
Теннисные струны,WRZ907600,"Теннисная струна Wilson Revolve Spin Black 1,30 200 метров",Wilson,18193 ₽,https://saletennis.com/catalog/product/tiennisnaia-struna-wilson-revolve-spin-black-1-30-200-mietrov-10326/,Тюмень (Народная): 1 шт | Уфа: 1 шт | Санкт-Петербург (Спортивная): 1 шт | Парина: 1 шт | Соболева: 1 шт | Ижевск: 1 шт,6,data\product_images\179f7d03d7c4.png,0,1,0,1,1,0,0,1,1,1
Теннисные струны,281002-NT,"Теннисная струна Head IntelliTour 1,30 12 метров",Head,1369 ₽,https://saletennis.com/catalog/product/tiennisnaia-struna-head-intellitour-1-30-12-mietrov-19100/,Санкт-Петербург (Ярослава Гашека): 15 шт | Санкт-Петербург (Спортивная): 6 шт | Парина: 6 шт,27,data\product_images\d8b5b8a8017b.png,15,6,0,0,6,0,0,0,0,0
Теннисные струны,04RIC130XW,"Теннисная струна Tecnifibre Ice Code 1,30 200 метров",Tecnifibre,11893 ₽,https://saletennis.com/catalog/product/tiennisnaia-struna-tecnifibre-ice-code-1-30-200-mietrov-14564/,Санкт-Петербург (Спортивная): 1 шт,1,data\product_images\395f2bef3cba.png,0,1,0,0,0,0,0,0,0,0
Теннисные струны,281128-BK,"Теннисная струна Head Sonic Pro Black 1,30 200 метров",Head,10117 ₽,https://saletennis.com/catalog/product/tiennisnaia-struna-head-sonic-pro-black-1-30-200-mietrov-18374/,Санкт-Петербург (Спортивная): 2 шт | Парина: 1 шт | Уфа: 1 шт | Ижевск: 1 шт | Бисертская: 2 шт,7,data\product_images\c6988fefd8b6.png,0,2,0,0,1,2,0,0,1,1
Теннисные струны,241146,"Теннисная струна Babolat RPM Soft 1,30 12 метров",Babolat,975 ₽,https://saletennis.com/catalog/product/tiennisnaia-struna-babolat-rpm-soft-1-30-12-mietrov-12697/,Парина: 13 шт | Ижевск: 5 шт | Тюмень (Народная): 15 шт | Санкт-Петербург (Спортивная): 10 шт | Уфа: 12 шт | Соболева: 1 шт | Бисертская: 15 шт | Санкт-Петербург (Ярослава Гашека): 5 шт,76,data\product_images\43eea15441df.png,5,10,0,1,13,15,0,15,12,5
Теннисные струны,WRZ906700,"Теннисная струна Wilson Revolve Black 1,35 200 метров",Wilson,16868 ₽,https://saletennis.com/catalog/product/tiennisnaia-struna-wilson-revolve-black-1-35-200-mietrov-12527/,Бисертская: 1 шт | Тюмень (Народная): 1 шт | Ижевск: 1 шт | Уфа: 1 шт,4,data\product_images\45fb6a9715b2.png,0,0,0,0,0,1,0,1,1,1
Теннисные струны,1920206,"Теннисная струна Solinco Confidential 1,15 12 метров",Solinco,1490 ₽,https://saletennis.com/catalog/product/tiennisnaia-struna-solinco-confidential-1-15-12-mietrov-15414/,Тюмень (Народная): 4 шт | Санкт-Петербург (Спортивная): 4 шт,8,data\product_images\e8e8486ad3c3.png,0,4,0,0,0,0,0,4,0,0
Теннисные струны,281033,"Теннисная струна Head Master Yellow 1,30 200 метров",Head,4666 ₽,https://saletennis.com/catalog/product/tiennisnaia-struna-head-master-yellow-1-30-200-mietrov-14135/,Ижевск: 1 шт | Соболева: 1 шт,2,data\product_images\998c5924efcc.png,0,0,0,1,0,0,0,0,0,1
Теннисные струны,243144,"Теннисная струна Babolat SYNTHETIC GUT White 1,25 12 метров",Babolat,890 ₽,https://saletennis.com/catalog/product/tiennisnaia-struna-babolat-synthetic-gut-white-1-25-12-mietrov-11024/,Тюмень (Народная): 5 шт | Санкт-Петербург (Спортивная): 1 шт,6,data\product_images\ddb47731f6a9.png,0,1,0,0,0,0,0,5,0,0
Теннисные струны,281022-PT,"Теннисная струна Head Hawk Power - Petrol 1,25 12 метров",Head,1612 ₽,https://saletennis.com/catalog/product/tiennisnaia-struna-head-hawk-power-petrol-1-25-12-mietrov-17548/,Санкт-Петербург (Ярослава Гашека): 13 шт | Ижевск: 5 шт | Парина: 5 шт | Соболева: 5 шт | Санкт-Петербург (Спортивная): 5 шт,33,data\product_images\894c78857840.png,13,5,0,5,5,0,0,0,0,5
Теннисные струны,241139,"Теннисная струна Babolat RPM Power - Electric Blue 1,30 12 метров",Babolat,1950 ₽,https://saletennis.com/catalog/product/tiennisnaia-struna-babolat-rpm-power-electric-blue-1-30-12-mietrov-10497/,Соболева: 1 шт | Бисертская: 5 шт | Санкт-Петербург (Спортивная): 1 шт,7,data\product_images\589d1a30674f.png,0,1,0,1,0,5,0,0,0,0
Теннисные струны,281234-AN,"Теннисная струна Head Hawk Touch Antracite 1,30 200 метров",Head,18622 ₽,https://saletennis.com/catalog/product/tiennisnaia-struna-head-hawk-touch-antracite-1-30-200-mietrov-12952/,Ижевск: 1 шт | Парина: 1 шт | Основной склад Екатеринбург: 1 шт,3,data\product_images\0f7c5ade14ac.jpg,0,0,1,0,1,0,0,0,0,1
Теннисные струны,243141,"Теннисная струна Babolat RPM Hurricane - Yellow 1,25 12 метров",Babolat,1590 ₽,https://saletennis.com/catalog/product/tiennisnaia-struna-babolat-rpm-hurricane-yellow-1-25-12-mietrov-15855/,Санкт-Петербург (Спортивная): 5 шт | Уфа: 6 шт | Ижевск: 15 шт | Тюмень (Народная): 5 шт,31,data\product_images\c30dc9bfbfd3.png,0,5,0,0,0,0,0,5,6,15
Теннисные струны,WRZ941600,"Теннисная струна Wilson NXT Power 1,30 12 метров",Wilson,3637 ₽,https://saletennis.com/catalog/product/tiennisnaia-struna-wilson-nxt-power-1-30-12-mietrov-8282/,Санкт-Петербург (Спортивная): 6 шт | Парина: 3 шт | Бисертская: 2 шт | Соболева: 4 шт | Уфа: 2 шт,17,data\product_images\447ee38f87b8.jpg,0,6,0,4,3,2,0,0,2,0
Теннисные струны,WRZ995100SI,"Теннисная струна Luxilon Alu Power Silver 1,25 12 метров",Luxilon,3490 ₽,https://saletennis.com/catalog/product/tiennisnaia-struna-luxilon-alu-power-silver-1-25-12-mietrov-15833/,Санкт-Петербург (Спортивная): 15 шт | Ижевск: 1 шт | Парина: 5 шт,21,data\product_images\4367179a2483.png,0,15,0,0,5,0,0,0,0,1
Теннисные струны,OC12-SL,"Теннисная струна 7/6 Octopus - Silver 1,25 200 метров",7/6,11990 ₽,https://saletennis.com/catalog/product/tiennisnaia-struna-7-6-octopus-silver-1-25-200-mietrov-15040/,Соболева: 1 шт | Санкт-Петербург (Спортивная): 1 шт | Парина: 1 шт,3,data\product_images\ed195537446a.png,0,1,0,1,1,0,0,0,0,0
Теннисные струны,281103,"Теннисная струна Head HAWK 1,25 12 метров",Head,1612 ₽,https://saletennis.com/catalog/product/tennisnaya-struna-head-hawk-12m125-3247-3247/,Уфа: 13 шт | Санкт-Петербург (Спортивная): 2 шт | Парина: 6 шт | Соболева: 4 шт | Тюмень (Народная): 2 шт,27,data\product_images\cff1cd36cbec.png,0,2,0,4,6,0,0,2,13,0
Теннисные струны,281404-PK,"Теннисная струна Head Velocity MLT - Pink 1,35 12 метров",Head,1207 ₽,https://saletennis.com/catalog/product/tiennisnaia-struna-head-velocity-mlt-pink-1-35-12-mietrov-18152/,Соболева: 1 шт | Санкт-Петербург (Спортивная): 7 шт | Тюмень (Народная): 2 шт,10,data\product_images\4fa5d42a2fd1.png,0,7,0,1,0,0,0,2,0,0
Теннисные струны,WRZ998800,"Теннисная струна Luxilon Alu Power Feel 1,20 12 метров",Luxilon,3490 ₽,https://saletennis.com/catalog/product/tiennisnaia-struna-luxilon-alu-power-feel-1-20-12-mietrov-5988/,Тюмень (Народная): 13 шт | Санкт-Петербург (Спортивная): 1 шт | Соболева: 1 шт,15,data\product_images\ec4a4c925bd2.jpg,0,1,0,1,0,0,0,13,0,0
Теннисные струны,281128-16WH,"Теннисная струна Head Sonic Pro White 1,30 12 метров",Head,893 ₽,https://saletennis.com/catalog/product/tiennisnaia-struna-head-sonic-pro-white-1-30-12-mietrov-8082/,Тюмень: 5 шт | Ижевск: 18 шт | Санкт-Петербург (Спортивная): 5 шт | Санкт-Петербург (Ярослава Гашека): 3 шт | Соболева: 6 шт | Парина: 20 шт | Уфа: 18 шт,75,data\product_images\b81881fa2e4f.png,3,5,0,6,20,0,0,5,18,18
Теннисные струны,02GDU125XB,"Теннисная струна Tecnifibre Duramix HD Black 1,25 12 метров",Tecnifibre,2490 ₽,https://saletennis.com/catalog/product/tiennisnaia-struna-tecnifibre-duramix-hd-black-1-25-12-mietrov-17631/,Санкт-Петербург (Спортивная): 3 шт | Соболева: 5 шт,8,data\product_images\9022fe038b5f.png,0,3,0,5,0,0,0,0,0,0
Теннисные струны,1920057,"Теннисная струна Solinco Tour Bite Soft 1,30 12,2 метров",Solinco,1290 ₽,https://saletennis.com/catalog/product/tiennisnaia-struna-solinco-tour-bite-soft-1-30-12-2-mietrov-5846/,Бисертская: 1 шт | Уфа: 21 шт | Тюмень: 7 шт | Тюмень (Народная): 7 шт | Ижевск: 33 шт | Парина: 24 шт | Санкт-Петербург (Спортивная): 1 шт | Соболева: 5 шт | Основной склад Екатеринбург: 3 шт,102,data\product_images\472624a57ec7.jpg,0,1,3,5,24,1,0,14,21,33
Теннисные струны,1920049,"Теннисная струна Solinco Barb Wire 1,20 200 метров",Solinco,14990 ₽,https://saletennis.com/catalog/product/tiennisnaia-struna-solinco-barb-wire-1-20-200-mietrov-10108/,Бисертская: 1 шт | Ижевск: 1 шт | Уфа: 1 шт | Санкт-Петербург (Спортивная): 1 шт | Тюмень (Народная): 1 шт | Соболева: 1 шт,6,data\product_images\0b12e06ffbce.png,0,1,0,1,0,1,0,1,1,1
Теннисные струны,WRZ906500,"Теннисная струна Wilson Revolve White 1,30 200 метров",Wilson,15743 ₽,https://saletennis.com/catalog/product/tiennisnaia-struna-wilson-revolve-white-1-30-200-mietrov-5083/,Санкт-Петербург (Спортивная): 1 шт | Парина: 1 шт | Ижевск: 1 шт,3,data\product_images\040e99b2f579.png,0,1,0,0,1,0,0,0,0,1
Теннисные струны,06G305120G,"Струна для сквоша 305 SQUASH 1,20 9 метров",Не определен,2490 ₽,https://saletennis.com/catalog/product/struna-dlia-skvosha-305-squash-1-20-9-mietrov-17650/,Парина: 1 шт,1,data\product_images\6b7f78c8975b.png,0,0,0,0,1,0,0,0,0,0
Теннисные струны,1920547,"Теннисная струна Solinco Hyper-G Round 1,20 200 метров",Solinco,14990 ₽,https://saletennis.com/catalog/product/tiennisnaia-struna-solinco-hyper-g-round-1-20-200-mietrov-17606/,Ижевск: 1 шт | Бисертская: 1 шт | Соболева: 1 шт | Санкт-Петербург (Спортивная): 1 шт | Тюмень (Народная): 1 шт,5,data\product_images\e00ee569fe7a.png,0,1,0,1,0,1,0,1,0,1
Теннисные струны,281784-17RD,"Теннисная струна Head LYNX (красный) 1,25 12 метров",Head,1369 ₽,https://saletennis.com/catalog/product/tiennisnaia-struna-head-lynx-krasnyi-1-25-12-mietrov-8388/,Парина: 5 шт | Тюмень (Народная): 10 шт,15,data\product_images\e86f980825fe.jpg,0,0,0,0,5,0,0,10,0,0
Теннисные струны,243141-101,"Теннисная струна Babolat RPM Hurricane - White 1,25 12 метров",Babolat,1390 ₽,https://saletennis.com/catalog/product/tiennisnaia-struna-babolat-rpm-hurricane-white-1-25-12-mietrov-15797/,Ижевск: 3 шт | Тюмень (Народная): 5 шт,8,data\product_images\6d8cc421921f.png,0,0,0,0,0,0,0,5,0,3
Теннисные струны,281799-OR,"Теннисная струна Head LYNX Tour Orange 1,25 12 метров",Head,1118 ₽,https://saletennis.com/catalog/product/tiennisnaia-struna-head-lynx-tour-orange-1-25-12-mietrov-10818/,Тюмень (Народная): 1 шт | Ижевск: 6 шт | Бисертская: 5 шт | Парина: 1 шт | Соболева: 2 шт,15,data\product_images\c9e280d4ae7d.png,0,0,0,2,1,5,0,1,0,6
Теннисные струны,241145,"Теннисная струна Babolat SYNTHETIC GUT FORCE Natural 1,30 12 метров",Babolat,890 ₽,https://saletennis.com/catalog/product/tiennisnaia-struna-babolat-synthetic-gut-force-natural-1-30-12-mietrov-11201/,Санкт-Петербург (Ярослава Гашека): 16 шт | Уфа: 1 шт | Парина: 2 шт,19,data\product_images\3c9daaf4b9fa.png,16,0,0,0,2,0,0,0,1,0
Теннисные струны,1920100,"Теннисная струна Solinco Hyper-G Soft 1,30 12,2 метров",Solinco,1290 ₽,https://saletennis.com/catalog/product/tiennisnaia-struna-solinco-hyper-g-soft-1-30-12-2-mietrov-12121/,Основной склад Екатеринбург: 36 шт | Ижевск: 10 шт | Санкт-Петербург (Спортивная): 5 шт | Тюмень: 15 шт | Уфа: 17 шт | Соболева: 25 шт | Парина: 11 шт | Тюмень (Народная): 6 шт,125,data\product_images\45a98b887fee.png,0,5,36,25,11,0,0,21,17,10
Теннисные струны,04GBL128XB,"Теннисная струна Tecnifibre Black Code 1,28 12 метров",Tecnifibre,2190 ₽,https://saletennis.com/catalog/product/tiennisnaia-struna-tecnifibre-black-code-1-28-12-mietrov-13661/,Тюмень (Народная): 2 шт | Парина: 1 шт | Ижевск: 1 шт | Бисертская: 7 шт,11,data\product_images\d39763d880d4.jpg,0,0,0,0,1,7,0,2,0,1
Теннисные струны,241136,"Теннисная струна Babolat RPM Blast Rough Red 1,25 12 метров",Babolat,2290 ₽,https://saletennis.com/catalog/product/tiennisnaia-struna-babolat-rpm-blast-rough-red-1-25-12-mietrov-5639/,Санкт-Петербург (Спортивная): 12 шт | Парина: 1 шт,13,data\product_images\abed7dc175fb.png,0,12,0,0,1,0,0,0,0,0
Теннисные струны,04RRAS120N,"Теннисная струна Tecnifibre Razor Soft 1,20 12 метров",Tecnifibre,2290 ₽,https://saletennis.com/catalog/product/tiennisnaia-struna-tecnifibre-razor-soft-1-20-12-mietrov-16276/,Парина: 5 шт | Тюмень (Народная): 4 шт,9,data\product_images\a30891a7d4da.png,0,0,0,0,5,0,0,4,0,0
Теннисные струны,281052,Теннисная струна Head Lynx Touch - Smoky 1.30 200м,Head,15787 ₽,https://saletennis.com/catalog/product/tiennisnaia-struna-head-lynx-touch-smoky-1-30-200m-13013/,Санкт-Петербург (Спортивная): 1 шт | Парина: 1 шт,2,data\product_images\4bc09d507d29.jpg,0,1,0,0,1,0,0,0,0,0
Теннисные струны,EG12-NL,"Теннисная струна 7/6 Eagle - Natural 1,30 12 метров",7/6,1990 ₽,https://saletennis.com/catalog/product/tiennisnaia-struna-7-6-eagle-natural-1-30-12-mietrov-15071/,Санкт-Петербург (Спортивная): 6 шт | Парина: 10 шт | Основной склад Екатеринбург: 1 шт | Уфа: 5 шт | Тюмень: 2 шт | Соболева: 11 шт | Ижевск: 5 шт | Санкт-Петербург (Ярослава Гашека): 5 шт | Бисертская: 6 шт | Тюмень (Народная): 7 шт,58,data\product_images\d78872ab4f1e.png,5,6,1,11,10,6,0,9,5,5
Теннисные струны,243144-104,"Теннисная струна Babolat Syn Gut - Red 1,30 12 метров",Babolat,890 ₽,https://saletennis.com/catalog/product/tiennisnaia-struna-babolat-syn-gut-red-1-30-12-mietrov-12892/,Санкт-Петербург (Спортивная): 3 шт,3,data\product_images\d15cf569fdd1.png,0,3,0,0,0,0,0,0,0,0
Теннисные струны,1920099,"Теннисная струна Solinco Hyper-G 1,25 200 метров",Solinco,14990 ₽,https://saletennis.com/catalog/product/tiennisnaia-struna-solinco-hyper-g-1-25-200-mietrov-6963/,Соболева: 1 шт | Уфа: 1 шт | Парина: 1 шт | Тюмень: 1 шт,4,data\product_images\67b191737761.png,0,0,0,1,1,0,0,1,1,0
