Категория,Артикул,Название,Бренд,Цена,Ссылка,Размеры и наличие,Всего,Фото,Санкт-Петербург (Ярослава Гашека),Санкт-Петербург (Спортивная),Екатеринбург (Основной склад),Екатеринбург (Соболева),Екатеринбург (Парина),Екатеринбург (Бисертская),Екатеринбург (Елизаветинское шоссе),Тюмень (Народная),Уфа,Ижевск
Сумки и чехлы,260125-BKDG,Рюкзак Head Pro X Backpack 30L - Black/Dark Grey,Head,11332 ₽,https://saletennis.com/catalog/product/riukzak-head-pro-x-backpack-30l-black-dark-grey-18645,Санкт-Петербург (Спортивная): 1 сет | Ижевск: 1 сет | Соболева: 1 сет | Тюмень (Народная): 1 сет | Парина: 1 сет | Бисертская: 1 сет | Уфа: 1 сет | Тюмень: 1 сет,8.0,data\product_images\fb7ded1fe06d.png,0.0,1.0,0.0,1.0,1.0,1.0,0.0,2.0,1.0,1.0
Сумки и чехлы,260914-CCTE,Сумка Head Tour Racquet Bag XL - Ceramic/Teal,Head,9743 ₽,https://saletennis.com/catalog/product/sumka-head-tour-racquet-bag-xl-ceramic-teal-17054,Парина: 1 сет | Тюмень (Народная): 1 сет,2.0,data\product_images\92d897ac9e1c.png,0.0,0.0,0.0,0.0,1.0,0.0,0.0,1.0,0.0,0.0
Сумки и чехлы,TB76-1559,Сумка 7/6 Tournament Bag - Red,7/6,4995 ₽,https://saletennis.com/catalog/product/sumka-7-6-tournament-bag-red-16794,Уфа: 2 сет | Санкт-Петербург (Ярослава Гашека): 1 сет | Парина: 3 сет | Тюмень (Народная): 1 сет | Основной склад Екатеринбург: 4 сет | Соболева: 2 сет,13.0,data\product_images\d40bd02f8432.png,1.0,0.0,4.0,2.0,3.0,0.0,0.0,1.0,2.0,0.0
Сумки и чехлы,40TOURIG12,Сумка Tecnifibre Tour Endurance 12R - Orange,Tecnifibre,13592 ₽,https://saletennis.com/catalog/product/sumka-tecnifibre-tour-endurance-12r-orange-19082,Соболева: 1 сет | Тюмень (Народная): 1 сет | Санкт-Петербург (Спортивная): 1 сет,3.0,data\product_images\384981417f76.png,0.0,1.0,0.0,1.0,0.0,0.0,0.0,1.0,0.0,0.0
Сумки и чехлы,WR8024201001,Рюкзак Wilson Tour Backpack - Ultra Blue,Wilson,11192 ₽,https://saletennis.com/catalog/product/riukzak-wilson-tour-backpack-ultra-blue-16060,Тюмень: 1 сет,1.0,data\product_images\0f5324b265e4.png,0.0,0.0,0.0,0.0,0.0,0.0,0.0,1.0,0.0,0.0
Сумки и чехлы,260216-BK,Сумка Head Tour Racquet Bag L - Black,Head,8902 ₽,https://saletennis.com/catalog/product/sumka-head-tour-racquet-bag-l-black-19449,Тюмень (Народная): 1 сет | Ижевск: 1 сет | Основной склад Екатеринбург: 1 сет | Санкт-Петербург (Спортивная): 1 сет | Парина: 1 сет | Соболева: 1 сет,6.0,data\product_images\f0ead59b1625.png,0.0,1.0,1.0,1.0,1.0,0.0,0.0,1.0,0.0,1.0
Сумки и чехлы,1920194,Сумка Solinco Travel Roller Bag - Black,Solinco,25990 ₽,https://saletennis.com/catalog/product/sumka-solinco-travel-roller-bag-black-19136,Основной склад Екатеринбург: 2 сет,2.0,data\product_images\7e42cff162f4.png,0.0,0.0,2.0,0.0,0.0,0.0,0.0,0.0,0.0,0.0
Сумки и чехлы,260035-BK,Рюкзак Head Pro X Backpack 25L - Black,Head,7493 ₽,https://saletennis.com/catalog/product/riukzak-head-pro-x-backpack-25l-black-18644,Ижевск: 1 сет | Уфа: 2 сет | Парина: 1 сет | Санкт-Петербург (Спортивная): 3 сет | Бисертская: 1 сет | Соболева: 2 сет | Тюмень (Народная): 2 сет,12.0,data\product_images\fcba2c8e52ff.png,0.0,3.0,0.0,2.0,1.0,1.0,0.0,2.0,2.0,1.0
Сумки и чехлы,1920565,Рюкзак Solinco Tour Team Camo - White/Grey,Solinco,6990 ₽,https://saletennis.com/catalog/product/riukzak-solinco-tour-team-camo-white-grey-16722,Парина: 1 сет | Уфа: 1 сет | Соболева: 2 сет | Тюмень (Народная): 1 сет | Ижевск: 1 сет | Бисертская: 1 сет,7.0,data\product_images\4a951899ae76.png,0.0,0.0,0.0,2.0,1.0,1.0,0.0,1.0,1.0,1.0
Сумки и чехлы,WR8030201001,Сумка Wilson Shift Super Tour Duffle Artic Ice,Wilson,7992 ₽,https://saletennis.com/catalog/product/sumka-wilson-shift-super-tour-duffle-artic-ice-18974,Парина: 1 сет,1.0,data\product_images\06288043090c.png,0.0,0.0,0.0,0.0,1.0,0.0,0.0,0.0,0.0,0.0
Сумки и чехлы,260306-OR,Сумка Head Tour Racquet Bag XL - Orange,Head,10117 ₽,https://saletennis.com/catalog/product/sumka-head-tour-racquet-bag-xl-orange-19454,Санкт-Петербург (Спортивная): 1 сет | Соболева: 1 сет,2.0,data\product_images\b0947c24e739.png,0.0,1.0,0.0,1.0,0.0,0.0,0.0,0.0,0.0,0.0
Сумки и чехлы,753118-100,Рюкзак Babolat Pure Strike 2026,Babolat,11992 ₽,https://saletennis.com/catalog/product/riukzak-babolat-pure-strike-2026-18749,Парина: 1 сет,1.0,data\product_images\67d5dc34695a.png,0.0,0.0,0.0,0.0,1.0,0.0,0.0,0.0,0.0,0.0
Сумки и чехлы,40TOUNAVBP,Рюкзак Tecnifibre Tour Endurance - Navy,Tecnifibre,9992 ₽,https://saletennis.com/catalog/product/riukzak-tecnifibre-tour-endurance-navy-16910,Бисертская: 1 сет,1.0,data\product_images\6c4508a25046.png,0.0,0.0,0.0,0.0,0.0,1.0,0.0,0.0,0.0,0.0
Сумки и чехлы,260414-LLAN,Сумка Head Pro Duffle Bag M - Liquid Lime/Anthracite,Head,10493 ₽,https://saletennis.com/catalog/product/sumka-head-pro-duffle-bag-m-liquid-lime-anthracite-18648,Уфа: 1 сет | Тюмень (Народная): 1 сет | Соболева: 1 сет | Парина: 2 сет | Санкт-Петербург (Спортивная): 2 сет,7.0,data\product_images\70cb1c9c7a30.png,0.0,2.0,0.0,1.0,2.0,0.0,0.0,1.0,1.0,0.0
Сумки и чехлы,TB76-BKGR,Сумка 7/6 Tournament Bag - Black/Grey,7/6,9990 ₽,https://saletennis.com/catalog/product/sumka-7-6-tournament-bag-black-grey-18657,Санкт-Петербург (Спортивная): 2 сет | Соболева: 1 сет | Ижевск: 1 сет | Тюмень (Народная): 1 сет | Основной склад Екатеринбург: 1 сет | Уфа: 2 сет,8.0,data\product_images\b7d4eee256b6.png,0.0,2.0,1.0,1.0,0.0,0.0,0.0,1.0,2.0,1.0
Сумки и чехлы,WR8031801001,Сумка Wilson Blade Super Tour 15PK V9.0,Wilson,16490 ₽,https://saletennis.com/catalog/product/sumka-wilson-blade-super-tour-15pk-v9-0-15814,Соболева: 1 сет,1.0,data\product_images\24e8ef94ce2f.png,0.0,0.0,0.0,1.0,0.0,0.0,0.0,0.0,0.0,0.0
Сумки и чехлы,260316-OR,Сумка Head Tour Racquet Bag L - Orange,Head,8902 ₽,https://saletennis.com/catalog/product/sumka-head-tour-racquet-bag-l-orange-19450,Тюмень (Народная): 1 сет | Парина: 1 сет | Санкт-Петербург (Спортивная): 1 сет | Уфа: 1 сет | Ижевск: 1 сет,5.0,data\product_images\8e6f5b99b4ce.png,0.0,1.0,0.0,0.0,1.0,0.0,0.0,1.0,1.0,1.0
Сумки и чехлы,WR8058101001,Сумка Wilson Defyer V1 9PK Red,Wilson,16792 ₽,https://saletennis.com/catalog/product/sumka-wilson-defyer-v1-9pk-red-19351,Ижевск: 1 сет | Бисертская: 1 сет | Парина: 1 сет,3.0,data\product_images\f53242ec1cb3.png,0.0,0.0,0.0,0.0,1.0,1.0,0.0,0.0,0.0,1.0
Сумки и чехлы,KB276-PK,Детский рюкзак 7/6 Kids Backpack 2.0 - Pink,7/6,4990 ₽,https://saletennis.com/catalog/product/dietskii-riukzak-7-6-kids-backpack-2-0-pink-18815,Санкт-Петербург (Ярослава Гашека): 3 сет | Ижевск: 1 сет | Санкт-Петербург (Спортивная): 5 сет | Парина: 1 сет | Тюмень (Народная): 1 сет | Бисертская: 2 сет,13.0,data\product_images\4caa53cbfd43.png,3.0,5.0,0.0,0.0,1.0,2.0,0.0,1.0,0.0,1.0
Сумки и чехлы,WR8037201001,Сумка Wilson Super Tour Travel Bag 2025,Wilson,19390 ₽,https://saletennis.com/catalog/product/sumka-wilson-super-tour-travel-bag-2025-17143,Основной склад Екатеринбург: 1 сет | Санкт-Петербург (Спортивная): 1 сет | Тюмень (Народная): 1 сет | Соболева: 1 сет,4.0,data\product_images\9aee051362b8.png,0.0,1.0,1.0,1.0,0.0,0.0,0.0,1.0,0.0,0.0
Сумки и чехлы,261036-PK,Рюкзак Head Base Backpack 17L - Pink,Head,3637 ₽,https://saletennis.com/catalog/product/riukzak-head-base-backpack-17l-pink-19310,Бисертская: 1 сет | Парина: 1 сет,2.0,data\product_images\9c8b1850b836.png,0.0,0.0,0.0,0.0,1.0,1.0,0.0,0.0,0.0,0.0
Сумки и чехлы,261016-PK,Сумка Head Base Racquet Bag M - Pink,Head,5257 ₽,https://saletennis.com/catalog/product/sumka-head-base-racquet-bag-m-pink-19328,Соболева: 1 сет | Тюмень (Народная): 1 сет | Бисертская: 2 сет | Санкт-Петербург (Спортивная): 2 сет,6.0,data\product_images\313ed0dab005.png,0.0,2.0,0.0,1.0,0.0,2.0,0.0,1.0,0.0,0.0
Сумки и чехлы,260426-PK,Сумка Head Tour Racquet Bag S - Pink,Head,5662 ₽,https://saletennis.com/catalog/product/sumka-head-tour-racquet-bag-s-pink-19349,Парина: 1 сет | Соболева: 1 сет,2.0,data\product_images\6f9f77d77976.png,0.0,0.0,0.0,1.0,1.0,0.0,0.0,0.0,0.0,0.0
Сумки и чехлы,40TOUKHABA,Рюкзак Tecnifibre Tour Endurance Khaki - Green/Black,Tecnifibre,8392 ₽,https://saletennis.com/catalog/product/riukzak-tecnifibre-tour-endurance-khaki-green-black-16912,Санкт-Петербург (Спортивная): 1 сет,1.0,data\product_images\b15a2b2597c6.png,0.0,1.0,0.0,0.0,0.0,0.0,0.0,0.0,0.0,0.0
Сумки и чехлы,261315-NV,Сумка Head Base Racquet Bag M - Navy,Head,5257 ₽,https://saletennis.com/catalog/product/sumka-head-base-racquet-bag-m-navy-18140,Бисертская: 1 сет,1.0,data\product_images\132a0b9b7236.png,0.0,0.0,0.0,0.0,0.0,1.0,0.0,0.0,0.0,0.0
Сумки и чехлы,260416-PK,Сумка Head Tour Racquet Bag L - Pink,Head,8902 ₽,https://saletennis.com/catalog/product/sumka-head-tour-racquet-bag-l-pink-19320,Санкт-Петербург (Спортивная): 1 сет,1.0,data\product_images\868ea12d819b.png,0.0,1.0,0.0,0.0,0.0,0.0,0.0,0.0,0.0,0.0
Сумки и чехлы,260326-OR,Сумка Head Tour Racquet Bag S - Orange,Head,5662 ₽,https://saletennis.com/catalog/product/sumka-head-tour-racquet-bag-s-orange-19321,Парина: 1 сет | Санкт-Петербург (Спортивная): 1 сет | Соболева: 1 сет | Тюмень (Народная): 1 сет,4.0,data\product_images\7bce77cfc32e.png,0.0,1.0,0.0,1.0,1.0,0.0,0.0,1.0,0.0,0.0
Сумки и чехлы,260956-BK,Сумка Head Tour Travel Bag - Black,Head,16111 ₽,https://saletennis.com/catalog/product/sumka-head-tour-travel-bag-black-19455,Санкт-Петербург (Спортивная): 1 сет | Основной склад Екатеринбург: 3 сет,4.0,data\product_images\da3e5291cd06.png,0.0,1.0,3.0,0.0,0.0,0.0,0.0,0.0,0.0,0.0
Сумки и чехлы,40TOUW2512,Сумка Tecnifibre Tour Endurance 12R 2025 - White,Tecnifibre,14792 ₽,https://saletennis.com/catalog/product/sumka-tecnifibre-tour-endurance-12r-2025-white-17087,Тюмень (Народная): 1 сет,1.0,data\product_images\5fe50967a03e.png,0.0,0.0,0.0,0.0,0.0,0.0,0.0,1.0,0.0,0.0
Сумки и чехлы,shoebag1,Мешок для обуви Saletennis,Saletennis,490 ₽,https://saletennis.com/catalog/product/mieshok-dlia-obuvi-saletennis-14405,Соболева: 2 сет | Парина: 1 сет | Тюмень: 3 сет | Санкт-Петербург (Ярослава Гашека): 8 сет | Бисертская: 3 сет | Основной склад Екатеринбург: 123 сет | Тюмень (Народная): 15 сет | Санкт-Петербург (Спортивная): 11 сет,166.0,data\product_images\347fb1659e19.png,8.0,11.0,123.0,2.0,1.0,3.0,0.0,18.0,0.0,0.0
Сумки и чехлы,WR8037401001,Рюкзак Wilson Tour Backpack 2025 Black,Wilson,9992 ₽,https://saletennis.com/catalog/product/riukzak-wilson-tour-backpack-2025-black-18264,Бисертская: 1 сет | Ижевск: 1 сет | Уфа: 1 сет | Тюмень: 1 сет | Парина: 1 сет,5.0,data\product_images\c0e6d62e8888.png,0.0,0.0,0.0,0.0,1.0,1.0,0.0,1.0,1.0,1.0
Сумки и чехлы,1920568,Рюкзак Solinco Tour Team Camo - Black/Grey,Solinco,6990 ₽,https://saletennis.com/catalog/product/riukzak-solinco-tour-team-camo-black-grey-16721,Ижевск: 1 сет | Санкт-Петербург (Спортивная): 1 сет | Парина: 2 сет | Соболева: 1 сет | Тюмень: 1 сет | Уфа: 1 сет | Тюмень (Народная): 1 сет | Бисертская: 1 сет,9.0,data\product_images\29cde0394370.png,0.0,1.0,0.0,1.0,2.0,1.0,0.0,2.0,1.0,1.0
Сумки и чехлы,261105-CP,Сумка Head Tour Racqpack - Champagne,Head,9743 ₽,https://saletennis.com/catalog/product/sumka-head-tour-racqpack-champagne-18641,Соболева: 1 сет | Тюмень (Народная): 2 сет,3.0,data\product_images\ae48940d7e18.png,0.0,0.0,0.0,1.0,0.0,0.0,0.0,2.0,0.0,0.0
Сумки и чехлы,WR8010501001,Сумка Wilson Super Tour 9PK - Red,Wilson,19493 ₽,https://saletennis.com/catalog/product/sumka-wilson-super-tour-9pk-red-16065,Бисертская: 1 сет,1.0,data\product_images\5e5d07032833.png,0.0,0.0,0.0,0.0,0.0,1.0,0.0,0.0,0.0,0.0
Сумки и чехлы,40TOUKHA12,Сумка Tecnifibre Tour Endurance Khaki 12R - Green/Black,Tecnifibre,14392 ₽,https://saletennis.com/catalog/product/sumka-tecnifibre-tour-endurance-khaki-12r-green-black-16917,Санкт-Петербург (Спортивная): 1 сет | Тюмень: 1 сет | Соболева: 1 сет,3.0,data\product_images\ae6042828bcd.png,0.0,1.0,0.0,1.0,0.0,0.0,0.0,1.0,0.0,0.0
Сумки и чехлы,261225-BK,Сумка Head Base Racquet Bag S - Black,Head,4042 ₽,https://saletennis.com/catalog/product/sumka-head-base-racquet-bag-s-black-19312,Парина: 1 сет,1.0,data\product_images\7bf524d54e43.png,0.0,0.0,0.0,0.0,1.0,0.0,0.0,0.0,0.0,0.0
Сумки и чехлы,260905-SG,Сумка Head Tour Racquet Bag XL - Sage,Head,9743 ₽,https://saletennis.com/catalog/product/sumka-head-tour-racquet-bag-xl-sage-18651,Соболева: 1 сет | Санкт-Петербург (Спортивная): 1 сет,2.0,data\product_images\74c2e73026c9.png,0.0,1.0,0.0,1.0,0.0,0.0,0.0,0.0,0.0,0.0
Сумки и чехлы,751233-136,Сумка Babolat Pure Drive 12 Pack 2025,Babolat,15992 ₽,https://saletennis.com/catalog/product/sumka-babolat-pure-drive-12-pack-2025-17509,Парина: 1 сет,1.0,data\product_images\0291743e559b.png,0.0,0.0,0.0,0.0,1.0,0.0,0.0,0.0,0.0,0.0
Сумки и чехлы,CB76-BK,Сумка 7/6 Club Bag - Black,7/6,7990 ₽,https://saletennis.com/catalog/product/sumka-7-6-club-bag-black-18656,Ижевск: 1 сет | Санкт-Петербург (Спортивная): 3 сет | Санкт-Петербург (Ярослава Гашека): 2 сет | Елизаветенское шоссе: 1 сет,7.0,data\product_images\367f76e52bd5.png,2.0,3.0,0.0,0.0,0.0,0.0,1.0,0.0,0.0,1.0
Сумки и чехлы,260814-FO,Сумка Head Tour Racquet Bag XL - Fluo/Orange,Head,10522 ₽,https://saletennis.com/catalog/product/sumka-head-tour-racquet-bag-xl-fluo-orange-17055,Ижевск: 1 сет,1.0,data\product_images\24e91c93e717.png,0.0,0.0,0.0,0.0,0.0,0.0,0.0,0.0,0.0,1.0
Сумки и чехлы,DB76-BK,Сумка 7/6 Tennis Duffle Bag - Black,7/6,8990 ₽,https://saletennis.com/catalog/product/sumka-7-6-tennis-duffle-bag-black-18816,Санкт-Петербург (Спортивная): 1 сет | Тюмень (Народная): 2 сет | Соболева: 1 сет | Бисертская: 1 сет | Елизаветенское шоссе: 2 сет | Ижевск: 1 сет | Уфа: 1 сет | Парина: 1 сет | Санкт-Петербург (Ярослава Гашека): 2 сет,12.0,data\product_images\70c3cb998e30.png,2.0,1.0,0.0,1.0,1.0,1.0,2.0,2.0,1.0,1.0
Сумки и чехлы,261235-BK,Рюкзак Head Base Backpack 17L - Black,Head,3637 ₽,https://saletennis.com/catalog/product/riukzak-head-base-backpack-17l-black-18136,Санкт-Петербург (Спортивная): 1 сет | Соболева: 1 сет | Парина: 2 сет,4.0,data\product_images\922db7a08a8b.png,0.0,1.0,0.0,1.0,2.0,0.0,0.0,0.0,0.0,0.0
Сумки и чехлы,WR8037501001,Сумка Wilson Tour Racket Bag 6 Pack 2025,Wilson,10792 ₽,https://saletennis.com/catalog/product/sumka-wilson-tour-racket-bag-6-pack-2025-18052,Соболева: 1 сет,1.0,data\product_images\3f689f4ae160.png,0.0,0.0,0.0,1.0,0.0,0.0,0.0,0.0,0.0,0.0
Сумки и чехлы,260115-BKDG,Сумка Head Pro X Duffle L - Black/Dark Grey,Head,13293 ₽,https://saletennis.com/catalog/product/sumka-head-pro-x-duffle-l-black-dark-grey-18639,Тюмень (Народная): 1 сет | Бисертская: 1 сет | Парина: 1 сет | Соболева: 1 сет | Уфа: 1 сет | Санкт-Петербург (Спортивная): 2 сет | Основной склад Екатеринбург: 1 сет,8.0,data\product_images\d49949d09218.png,0.0,2.0,1.0,1.0,1.0,1.0,0.0,1.0,1.0,0.0
Сумки и чехлы,TB76-GR,Рюкзак 7/6 Tennis Backpack 2.0 - Grey,7/6,9990 ₽,https://saletennis.com/catalog/product/riukzak-7-6-tennis-backpack-2-0-grey-18655,Уфа: 1 сет | Тюмень (Народная): 1 сет | Елизаветенское шоссе: 1 сет | Бисертская: 1 сет | Ижевск: 1 сет | Парина: 2 сет | Соболева: 2 сет,9.0,data\product_images\a11be874aa07.png,0.0,0.0,0.0,2.0,2.0,1.0,1.0,1.0,1.0,1.0
Сумки и чехлы,260015-BK,Сумка Head Pro X Racquet Bag L - Black,Head,12952 ₽,https://saletennis.com/catalog/product/sumka-head-pro-x-racquet-bag-l-black-18222,Бисертская: 1 сет,1.0,data\product_images\4e2b7662dee9.png,0.0,0.0,0.0,0.0,0.0,1.0,0.0,0.0,0.0,0.0
Сумки и чехлы,260406-PK,Сумка Head Pro Duffle Bag XL - Pink,Head,10522 ₽,https://saletennis.com/catalog/product/sumka-head-pro-duffle-bag-xl-pink-19348,Соболева: 1 сет,1.0,data\product_images\c181064e7407.png,0.0,0.0,0.0,1.0,0.0,0.0,0.0,0.0,0.0,0.0
Сумки и чехлы,260226-BK,Сумка Head Tour Racquet Bag M - Black,Head,7687 ₽,https://saletennis.com/catalog/product/sumka-head-tour-racquet-bag-m-black-19451,Парина: 1 сет,1.0,data\product_images\30170b9ff594.png,0.0,0.0,0.0,0.0,1.0,0.0,0.0,0.0,0.0,0.0
Сумки и чехлы,262244-BKCC,Рюкзак Head Team Backpack 21L - Black/Ceramic,Head,4790 ₽,https://saletennis.com/catalog/product/riukzak-head-team-backpack-21l-black-ceramic-18033,Тюмень: 1 сет | Санкт-Петербург (Спортивная): 1 сет,2.0,data\product_images\96c57c5ab59c.png,0.0,1.0,0.0,0.0,0.0,0.0,0.0,1.0,0.0,0.0
Сумки и чехлы,1920564,Сумка Solinco Tour Team Camo 6 pk - White/Grey,Solinco,10990 ₽,https://saletennis.com/catalog/product/sumka-solinco-tour-team-camo-6-pk-white-grey-16725,Парина: 1 сет | Основной склад Екатеринбург: 3 сет | Ижевск: 1 сет | Санкт-Петербург (Спортивная): 1 сет | Соболева: 1 сет | Тюмень (Народная): 1 сет | Уфа: 1 сет | Бисертская: 1 сет | Тюмень: 1 сет,11.0,data\product_images\5becc1b85136.png,0.0,1.0,3.0,1.0,1.0,1.0,0.0,2.0,1.0,1.0
Сумки и чехлы,TB76-BL,Рюкзак 7/6 Tennis Backpack 2.0 - Blue,7/6,6990 ₽,https://saletennis.com/catalog/product/riukzak-7-6-tennis-backpack-2-0-blue-16789,Санкт-Петербург (Ярослава Гашека): 2 сет | Бисертская: 1 сет | Санкт-Петербург (Спортивная): 3 сет | Уфа: 1 сет | Ижевск: 1 сет | Соболева: 1 сет,9.0,data\product_images\6d2ba3f79c64.png,2.0,3.0,0.0,1.0,0.0,1.0,0.0,0.0,1.0,1.0
Сумки и чехлы,1920226,Рюкзак Solinco Tour Team - Black/Green,Solinco,10490 ₽,https://saletennis.com/catalog/product/riukzak-solinco-tour-team-black-green-13191,Парина: 1 сет | Тюмень (Народная): 1 сет | Соболева: 1 сет | Санкт-Петербург (Спортивная): 1 сет,4.0,data\product_images\1bffda4d8302.png,0.0,1.0,0.0,1.0,1.0,0.0,0.0,1.0,0.0,0.0
Сумки и чехлы,260636-BL,Рюкзак Head Tour Backpack 25L - Blue,Head,8092 ₽,https://saletennis.com/catalog/product/riukzak-head-tour-backpack-25l-blue-19325,Уфа: 1 сет | Тюмень (Народная): 1 сет | Соболева: 1 сет | Парина: 1 сет | Санкт-Петербург (Спортивная): 1 сет | Ижевск: 1 сет,6.0,data\product_images\b0dacfc3fb11.png,0.0,1.0,0.0,1.0,1.0,0.0,0.0,1.0,1.0,1.0
Сумки и чехлы,260213,Сумка Head Pro Racquet Bag L - Dark Cyan/Fluo Orange,Head,9368 ₽,https://saletennis.com/catalog/product/sumka-head-pro-racquet-bag-l-dark-cyan-fluo-orange-15481,Соболева: 1 сет | Парина: 1 сет,2.0,data\product_images\cc19e6a519c5.png,0.0,0.0,0.0,1.0,1.0,0.0,0.0,0.0,0.0,0.0
Сумки и чехлы,260246-BK,Рюкзак Head Tour Backpack 25L - Black,Head,6472 ₽,https://saletennis.com/catalog/product/riukzak-head-tour-backpack-25l-black-19446,Уфа: 1 сет | Ижевск: 1 сет | Санкт-Петербург (Спортивная): 1 сет,3.0,data\product_images\cbaff5680d51.png,0.0,1.0,0.0,0.0,0.0,0.0,0.0,0.0,1.0,1.0
Сумки и чехлы,261205-BK,Сумка Head Base Racquet Bag L - Black,Head,6472 ₽,https://saletennis.com/catalog/product/sumka-head-base-racquet-bag-l-black-19362,Ижевск: 1 сет | Парина: 1 сет | Соболева: 1 сет,3.0,data\product_images\30f718dad342.png,0.0,0.0,0.0,1.0,1.0,0.0,0.0,0.0,0.0,1.0
Сумки и чехлы,262605-BL,Рюкзак Head Paw Patrol - Blue,Head,4042 ₽,https://saletennis.com/catalog/product/riukzak-head-paw-patrol-blue-18554,Бисертская: 1 сет | Соболева: 1 сет,2.0,data\product_images\b6ab9432bdc5.png,0.0,0.0,0.0,1.0,0.0,1.0,0.0,0.0,0.0,0.0
Сумки и чехлы,262006-PU,Сумка Head Tour Racquet Bag XL - Purple,Head,10522 ₽,https://saletennis.com/catalog/product/sumka-head-tour-racquet-bag-xl-purple-19337,Бисертская: 1 сет | Санкт-Петербург (Спортивная): 1 сет,2.0,data\product_images\6aee88f4c523.png,0.0,1.0,0.0,0.0,0.0,1.0,0.0,0.0,0.0,0.0
Сумки и чехлы,1920675,Сумка Solinco Tech Duffle Bag,Solinco,8990 ₽,https://saletennis.com/catalog/product/sumka-solinco-tech-duffle-bag-19135,Санкт-Петербург (Спортивная): 1 сет | Тюмень (Народная): 1 сет | Соболева: 1 сет | Парина: 1 сет,4.0,data\product_images\d7a129e81749.png,0.0,1.0,0.0,1.0,1.0,0.0,0.0,1.0,0.0,0.0
Сумки и чехлы,753095-342,Рюкзак Babolat Classic Black/Beige,Babolat,3990 ₽,https://saletennis.com/catalog/product/riukzak-babolat-classic-black-beige-11421,Тюмень: 1 сет | Тюмень (Народная): 1 сет,2.0,data\product_images\a432a3b550ba.png,0.0,0.0,0.0,0.0,0.0,0.0,0.0,2.0,0.0,0.0
Сумки и чехлы,WR8044501001,Рюкзак Wilson Ultra Tour Backpack V5 - Electric Indigo,Wilson,10392 ₽,https://saletennis.com/catalog/product/riukzak-wilson-ultra-tour-backpack-v5-electric-indigo-18049,Тюмень (Народная): 1 сет | Парина: 1 сет | Санкт-Петербург (Спортивная): 1 сет,3.0,data\product_images\e69d82bb326e.png,0.0,1.0,0.0,0.0,1.0,0.0,0.0,1.0,0.0,0.0
Сумки и чехлы,260915-SG,Сумка Head Tour Racquet Bag L - Sage,Head,8243 ₽,https://saletennis.com/catalog/product/sumka-head-tour-racquet-bag-l-sage-18649,Санкт-Петербург (Спортивная): 1 сет | Парина: 1 сет | Тюмень (Народная): 1 сет,3.0,data\product_images\59272bac190b.png,0.0,1.0,0.0,0.0,1.0,0.0,0.0,1.0,0.0,0.0
Сумки и чехлы,260764-BKWH,Рюкзак Head Tour Backpack 14L - Black/White,Head,3490 ₽,https://saletennis.com/catalog/product/riukzak-head-tour-backpack-14l-black-white-16850,Уфа: 2 сет | Ижевск: 2 сет | Тюмень (Народная): 2 сет | Бисертская: 1 сет | Соболева: 2 сет,9.0,data\product_images\0289ee2eab8a.png,0.0,0.0,0.0,2.0,0.0,1.0,0.0,2.0,2.0,2.0
Сумки и чехлы,260774-MONSTER,Рюкзак Head Tour Backpack 14L - Monster,Head,2990 ₽,https://saletennis.com/catalog/product/riukzak-head-tour-backpack-14l-monster-16851,Соболева: 1 сет | Парина: 1 сет | Основной склад Екатеринбург: 12 сет | Бисертская: 1 сет | Тюмень (Народная): 2 сет | Уфа: 2 сет | Санкт-Петербург (Спортивная): 1 сет,20.0,data\product_images\68f13881acf4.png,0.0,1.0,12.0,1.0,1.0,1.0,0.0,2.0,2.0,0.0
Сумки и чехлы,DB76-WH,Сумка 7/6 Tennis Duffle Bag - White,7/6,8990 ₽,https://saletennis.com/catalog/product/sumka-7-6-tennis-duffle-bag-white-18817,Елизаветенское шоссе: 1 сет | Парина: 1 сет | Санкт-Петербург (Ярослава Гашека): 1 сет | Санкт-Петербург (Спортивная): 1 сет | Ижевск: 1 сет,5.0,data\product_images\c7364155942d.png,1.0,1.0,0.0,0.0,1.0,0.0,1.0,0.0,0.0,1.0
Сумки и чехлы,261915,Рюкзак Head Tour Backpack 30L - Alternate Edition,Head,6993 ₽,https://saletennis.com/catalog/product/riukzak-head-tour-backpack-30l-alternate-edition-18221,Уфа: 1 сет,1.0,data\product_images\dd8021dbb135.png,0.0,0.0,0.0,0.0,0.0,0.0,0.0,0.0,1.0,0.0
Сумки и чехлы,260064-TYBK,Рюкзак Head Pro X Backpack 28L - Thyme/Black,Head,7493 ₽,https://saletennis.com/catalog/product/riukzak-head-pro-x-backpack-28l-thyme-black-16849,Санкт-Петербург (Спортивная): 1 сет | Уфа: 2 сет | Ижевск: 1 сет | Парина: 1 сет,5.0,data\product_images\e56216afa58e.png,0.0,1.0,0.0,0.0,1.0,0.0,0.0,0.0,2.0,1.0
Сумки и чехлы,WR8023801001,Рюкзак Wilson Junior Tennis Backpack - Light Grey/Red Blue,Wilson,5592 ₽,https://saletennis.com/catalog/product/riukzak-wilson-junior-tennis-backpack-light-grey-red-blue-15130,Бисертская: 1 сет | Уфа: 1 сет | Тюмень (Народная): 1 сет,3.0,data\product_images\78189dd97875.png,0.0,0.0,0.0,0.0,0.0,1.0,0.0,1.0,1.0,0.0
Сумки и чехлы,262016-PU,Сумка Head Tour Racquet Bag L - Purple,Head,8902 ₽,https://saletennis.com/catalog/product/sumka-head-tour-racquet-bag-l-purple-19331,Парина: 1 сет,1.0,data\product_images\f27e665ea559.png,0.0,0.0,0.0,0.0,1.0,0.0,0.0,0.0,0.0,0.0
Сумки и чехлы,260824-FO,Сумка Head Tour Racquet Bag L - Fluo/Orange,Head,7493 ₽,https://saletennis.com/catalog/product/sumka-head-tour-racquet-bag-l-fluo-orange-18022,Парина: 1 сет,1.0,data\product_images\f7352f5fc0e0.png,0.0,0.0,0.0,0.0,1.0,0.0,0.0,0.0,0.0,0.0
Сумки и чехлы,WR8023802001,Рюкзак Wilson Junior Tennis Backpack - Blue/Orange,Wilson,4990 ₽,https://saletennis.com/catalog/product/riukzak-wilson-junior-tennis-backpack-blue-orange-15129,Соболева: 2 сет | Уфа: 2 сет | Парина: 1 сет | Бисертская: 1 сет | Ижевск: 1 сет | Тюмень (Народная): 1 сет,8.0,data\product_images\538fc6f6939a.png,0.0,0.0,0.0,2.0,1.0,1.0,0.0,1.0,2.0,1.0
Сумки и чехлы,751249-100,Сумка Babolat Pure Strike 6 Pack 2026,Babolat,15992 ₽,https://saletennis.com/catalog/product/sumka-babolat-pure-strike-6-pack-2026-18752,Санкт-Петербург (Спортивная): 1 сет,1.0,data\product_images\fcd3051b6e09.png,0.0,1.0,0.0,0.0,0.0,0.0,0.0,0.0,0.0,0.0
Сумки и чехлы,261335-NV,Рюкзак Head Base Backpack 17L - Navy,Head,3637 ₽,https://saletennis.com/catalog/product/riukzak-head-base-backpack-17l-navy-18138,Ижевск: 1 сет | Парина: 1 сет | Соболева: 1 сет | Тюмень (Народная): 1 сет | Санкт-Петербург (Спортивная): 1 сет | Уфа: 2 сет,7.0,data\product_images\fd68bf621708.png,0.0,1.0,0.0,1.0,1.0,0.0,0.0,1.0,2.0,1.0
Сумки и чехлы,260436-PK,Рюкзак Head Tour Backpack 25L - Pink,Head,8092 ₽,https://saletennis.com/catalog/product/riukzak-head-tour-backpack-25l-pink-19319,Санкт-Петербург (Спортивная): 1 сет,1.0,data\product_images\eeeb50781477.png,0.0,1.0,0.0,0.0,0.0,0.0,0.0,0.0,0.0,0.0
Сумки и чехлы,260156-NV,Рюкзак Head Pro Backpack 28L - Navy,Head,6877 ₽,https://saletennis.com/catalog/product/riukzak-head-pro-backpack-28l-navy-19445,Тюмень (Народная): 1 сет | Санкт-Петербург (Спортивная): 2 сет | Парина: 1 сет | Ижевск: 1 сет,5.0,data\product_images\794a2079779a.png,0.0,2.0,0.0,0.0,1.0,0.0,0.0,1.0,0.0,1.0
Сумки и чехлы,260845,Рюкзак Head Tour Backpack 25L - Navy,Head,7493 ₽,https://saletennis.com/catalog/product/riukzak-head-tour-backpack-25l-navy-18021,Ижевск: 1 сет,1.0,data\product_images\25f9d78acd99.png,0.0,0.0,0.0,0.0,0.0,0.0,0.0,0.0,0.0,1.0
Сумки и чехлы,260606-BL,Сумка Head Tour Racquet Bag XL - Blue,Head,10522 ₽,https://saletennis.com/catalog/product/sumka-head-tour-racquet-bag-xl-blue-19335,Санкт-Петербург (Спортивная): 1 сет,1.0,data\product_images\e0d0c0c510e1.png,0.0,1.0,0.0,0.0,0.0,0.0,0.0,0.0,0.0,0.0
Сумки и чехлы,261945,Сумка Head Tour Racquet Bag XL Neon 2025,Head,10868 ₽,https://saletennis.com/catalog/product/sumka-head-tour-racquet-bag-xl-neon-2025-18225,Бисертская: 1 сет | Соболева: 2 сет | Основной склад Екатеринбург: 1 сет,4.0,data\product_images\6481247a01ba.png,0.0,0.0,1.0,2.0,0.0,1.0,0.0,0.0,0.0,0.0
Сумки и чехлы,751248-100,Сумка Babolat Pure Strike 9 Pack 2026,Babolat,15192 ₽,https://saletennis.com/catalog/product/sumka-babolat-pure-strike-9-pack-2026-18753,Парина: 2 сет,2.0,data\product_images\d1237ffc4730.png,0.0,0.0,0.0,0.0,2.0,0.0,0.0,0.0,0.0,0.0
Сумки и чехлы,WR8051901001,Рюкзак Wilson Pro Staff Classic Backpack,Wilson,11192 ₽,https://saletennis.com/catalog/product/riukzak-wilson-pro-staff-classic-backpack-18705,Бисертская: 1 сет,1.0,data\product_images\2479c45d32c3.png,0.0,0.0,0.0,0.0,0.0,1.0,0.0,0.0,0.0,0.0
Сумки и чехлы,260536-GE,Рюкзак Head Tour Backpack 25L - Green,Head,8092 ₽,https://saletennis.com/catalog/product/riukzak-head-tour-backpack-25l-green-19326,Тюмень (Народная): 1 сет | Санкт-Петербург (Спортивная): 1 сет | Парина: 1 сет | Уфа: 1 сет,4.0,data\product_images\897d2a61746e.png,0.0,1.0,0.0,0.0,1.0,0.0,0.0,1.0,1.0,0.0
Сумки и чехлы,ORS-1632,Чехол для ракетки 7/6 One Racket - Shell Pink,7/6,4990 ₽,https://saletennis.com/catalog/product/chiekhol-dlia-rakietki-7-6-one-racket-shell-pink-19471,Уфа: 4 сет | Санкт-Петербург (Спортивная): 8 сет | Тюмень (Народная): 2 сет | Ижевск: 4 сет | Парина: 5 сет | Соболева: 4 сет | Санкт-Петербург (Ярослава Гашека): 3 сет | Бисертская: 2 сет,32.0,data\product_images\337bcdd06d11.png,3.0,8.0,0.0,4.0,5.0,2.0,0.0,2.0,4.0,4.0
Сумки и чехлы,260835,Сумка Head Tour Racquet Bag S - Navy,Head,5843 ₽,https://saletennis.com/catalog/product/sumka-head-tour-racquet-bag-s-navy-18024,Соболева: 1 сет | Парина: 1 сет,2.0,data\product_images\fdba23e5a556.png,0.0,0.0,0.0,1.0,1.0,0.0,0.0,0.0,0.0,0.0
Сумки и чехлы,260236-BK,Сумка Head Tour Racquet Bag S - Black,Head,5419 ₽,https://saletennis.com/catalog/product/sumka-head-tour-racquet-bag-s-black-19452,Санкт-Петербург (Спортивная): 1 сет,1.0,data\product_images\11df3c3b324a.png,0.0,1.0,0.0,0.0,0.0,0.0,0.0,0.0,0.0,0.0
Сумки и чехлы,WR8012201001,Сумка Wilson Super Tour Travel Bag - Red,Wilson,25992 ₽,https://saletennis.com/catalog/product/sumka-wilson-super-tour-travel-bag-red-11235,Соболева: 1 сет,1.0,data\product_images\90bb2e06836e.png,0.0,0.0,0.0,1.0,0.0,0.0,0.0,0.0,0.0,0.0
Сумки и чехлы,260005-BK,Сумка Head Pro X Racquet Bag XL - Black,Head,14167 ₽,https://saletennis.com/catalog/product/sumka-head-pro-x-racquet-bag-xl-black-18223,Соболева: 1 сет | Парина: 1 сет,2.0,data\product_images\bc78cea14445.png,0.0,0.0,0.0,1.0,1.0,0.0,0.0,0.0,0.0,0.0
Сумки и чехлы,260206-BK,Сумка Head Tour Racquet Bag XL - Black,Head,10117 ₽,https://saletennis.com/catalog/product/sumka-head-tour-racquet-bag-xl-black-19453,Парина: 1 сет,1.0,data\product_images\c43a01436b16.png,0.0,0.0,0.0,0.0,1.0,0.0,0.0,0.0,0.0,0.0
Сумки и чехлы,261325-NV,Сумка Head Base Racquet Bag S - Navy,Head,4042 ₽,https://saletennis.com/catalog/product/sumka-head-base-racquet-bag-s-navy-19363,Санкт-Петербург (Спортивная): 1 сет | Парина: 1 сет,2.0,data\product_images\4e24ec86de26.png,0.0,1.0,0.0,0.0,1.0,0.0,0.0,0.0,0.0,0.0
Сумки и чехлы,TB76-RD,Рюкзак 7/6 Tennis Backpack 2.0 - Red,7/6,6990 ₽,https://saletennis.com/catalog/product/riukzak-7-6-tennis-backpack-2-0-red-16790,Парина: 1 сет | Ижевск: 2 сет | Тюмень (Народная): 1 сет | Тюмень: 1 сет | Санкт-Петербург (Ярослава Гашека): 2 сет | Санкт-Петербург (Спортивная): 1 сет | Соболева: 1 сет | Уфа: 2 сет | Бисертская: 1 сет,12.0,data\product_images\14b03627fb25.png,2.0,1.0,0.0,1.0,1.0,1.0,0.0,2.0,2.0,2.0
Сумки и чехлы,WR8030101001,Сумка Wilson Shift Super Tour 9PK V1.0,Wilson,14993 ₽,https://saletennis.com/catalog/product/sumka-wilson-shift-super-tour-9pk-v1-0-15838,Тюмень (Народная): 1 сет | Уфа: 1 сет | Бисертская: 2 сет | Ижевск: 1 сет | Парина: 1 сет | Санкт-Петербург (Спортивная): 1 сет,7.0,data\product_images\974b3bd1e77f.png,0.0,1.0,0.0,0.0,1.0,2.0,0.0,1.0,1.0,1.0
Сумки и чехлы,260336-OR,Рюкзак Head Tour Backpack 25L - Orange,Head,8092 ₽,https://saletennis.com/catalog/product/riukzak-head-tour-backpack-25l-orange-19318,Ижевск: 1 сет | Уфа: 1 сет | Тюмень (Народная): 1 сет | Санкт-Петербург (Спортивная): 1 сет | Парина: 1 сет,5.0,data\product_images\a539c0ec4071.png,0.0,1.0,0.0,0.0,1.0,0.0,0.0,1.0,1.0,1.0
Сумки и чехлы,260404-LLAN,Сумка Head Pro Duffle Bag L - Liquid Lime/Anthracite,Head,11993 ₽,https://saletennis.com/catalog/product/sumka-head-pro-duffle-bag-l-liquid-lime-anthracite-18647,Тюмень (Народная): 1 сет | Парина: 1 сет | Соболева: 1 сет | Санкт-Петербург (Спортивная): 1 сет,4.0,data\product_images\dbb8cef9a6b4.png,0.0,1.0,0.0,1.0,1.0,0.0,0.0,1.0,0.0,0.0
Сумки и чехлы,260616-BL,Сумка Head Tour Racquet Bag L - Blue,Head,8902 ₽,https://saletennis.com/catalog/product/sumka-head-tour-racquet-bag-l-blue-19329,Парина: 1 сет | Тюмень (Народная): 1 сет | Санкт-Петербург (Спортивная): 1 сет | Уфа: 1 сет,4.0,data\product_images\37903c00ae99.png,0.0,1.0,0.0,0.0,1.0,0.0,0.0,1.0,1.0,0.0
Сумки и чехлы,BA5451-PL,Сумка 7/6 Racket Holder 6 Rackets - Purple,7/6,5990 ₽,https://saletennis.com/catalog/product/sumka-7-6-racket-holder-6-rackets-purple-16792,Бисертская: 1 сет | Основной склад Екатеринбург: 1 сет | Соболева: 1 сет | Парина: 1 сет | Санкт-Петербург (Ярослава Гашека): 1 сет | Санкт-Петербург (Спортивная): 2 сет | Уфа: 1 сет,8.0,data\product_images\5c97accfbeec.png,1.0,2.0,1.0,1.0,1.0,1.0,0.0,0.0,1.0,0.0
Сумки и чехлы,WR8054701001,Рюкзак Wilson Ultra Tour Junior Backpack V5 - Electric Indigo,Wilson,4792 ₽,https://saletennis.com/catalog/product/riukzak-wilson-ultra-tour-junior-backpack-v5-electric-indigo-18050,Ижевск: 1 сет | Соболева: 1 сет | Тюмень (Народная): 1 сет,3.0,data\product_images\bd7c6374c2c7.png,0.0,0.0,0.0,1.0,0.0,0.0,0.0,1.0,0.0,1.0
Сумки и чехлы,262026-PU,Сумка Head Tour Racquet Bag S - Purple,Head,5662 ₽,https://saletennis.com/catalog/product/sumka-head-tour-racquet-bag-s-purple-19334,Санкт-Петербург (Спортивная): 1 сет,1.0,data\product_images\f7e9b1e07d0e.png,0.0,1.0,0.0,0.0,0.0,0.0,0.0,0.0,0.0,0.0
Сумки и чехлы,BA5451-BL,Сумка 7/6 Racket Holder 6 Rackets - Blue,7/6,5990 ₽,https://saletennis.com/catalog/product/sumka-7-6-racket-holder-6-rackets-blue-16791,Соболева: 1 сет | Парина: 1 сет | Санкт-Петербург (Ярослава Гашека): 1 сет | Основной склад Екатеринбург: 1 сет | Бисертская: 1 сет,5.0,data\product_images\e9948c6777f7.png,1.0,0.0,1.0,1.0,1.0,1.0,0.0,0.0,0.0,0.0
Сумки и чехлы,WR8023001001,Рюкзак Wilson Team Backpack Heather - Green,Wilson,7992 ₽,https://saletennis.com/catalog/product/riukzak-wilson-team-backpack-heather-green-1-16059,Соболева: 1 сет,1.0,data\product_images\80af458cf742.png,0.0,0.0,0.0,1.0,0.0,0.0,0.0,0.0,0.0,0.0
Сумки и чехлы,260744-BKWH,Рюкзак Head Tour Backpack 20L - Black/White,Head,4490 ₽,https://saletennis.com/catalog/product/riukzak-head-tour-backpack-20l-black-white-16853,Ижевск: 1 сет | Тюмень (Народная): 1 сет | Парина: 1 сет | Уфа: 1 сет | Основной склад Екатеринбург: 5 сет | Соболева: 1 сет,10.0,data\product_images\8cc5addc9c33.png,0.0,0.0,5.0,1.0,1.0,0.0,0.0,1.0,1.0,1.0
Сумки и чехлы,262036-PU,Рюкзак Head Tour Backpack 25L - Purple,Head,8092 ₽,https://saletennis.com/catalog/product/riukzak-head-tour-backpack-25l-purple-19327,Ижевск: 1 сет | Парина: 1 сет,2.0,data\product_images\6ea7a2e46cdd.png,0.0,0.0,0.0,0.0,1.0,0.0,0.0,0.0,0.0,1.0
Сумки и чехлы,1920567,Сумка Solinco Tour Team Camo 6 pk - Black/Grey,Solinco,10990 ₽,https://saletennis.com/catalog/product/sumka-solinco-tour-team-camo-6-pk-black-grey-16724,Парина: 1 сет | Уфа: 1 сет | Соболева: 1 сет | Бисертская: 1 сет | Тюмень (Народная): 1 сет | Ижевск: 1 сет | Основной склад Екатеринбург: 5 сет | Санкт-Петербург (Спортивная): 1 сет,12.0,data\product_images\7ec1b0c4fe7c.png,0.0,1.0,5.0,1.0,1.0,1.0,0.0,1.0,1.0,1.0
Сумки и чехлы,WR8029901001,Сумка Wilson Super Tour 15 Pack Shift,Wilson,19032 ₽,https://saletennis.com/catalog/product/sumka-wilson-super-tour-15-pack-shift-15524,Тюмень (Народная): 1 сет,1.0,data\product_images\74dd81eeb5e2.png,0.0,0.0,0.0,0.0,0.0,0.0,0.0,1.0,0.0,0.0
Сумки и чехлы,260614-BKWH,Сумка Head Tour Racquet Bag XL - Black/White,Head,11737 ₽,https://saletennis.com/catalog/product/sumka-head-tour-racquet-bag-xl-black-white-18224,Соболева: 1 сет | Бисертская: 1 сет,2.0,data\product_images\d5fe3a123e6c.png,0.0,0.0,0.0,1.0,0.0,1.0,0.0,0.0,0.0,0.0
Сумки и чехлы,261305-NV,Сумка Head Base Racquet Bag L - Navy,Head,6472 ₽,https://saletennis.com/catalog/product/sumka-head-base-racquet-bag-l-navy-19311,Санкт-Петербург (Спортивная): 1 сет | Соболева: 1 сет | Тюмень (Народная): 1 сет | Ижевск: 1 сет,4.0,data\product_images\f158844ae727.png,0.0,1.0,0.0,1.0,0.0,0.0,0.0,1.0,0.0,1.0
Сумки и чехлы,260626-BL,Сумка Head Tour Racquet Bag S - Blue,Head,5662 ₽,https://saletennis.com/catalog/product/sumka-head-tour-racquet-bag-s-blue-19332,Ижевск: 1 сет | Санкт-Петербург (Спортивная): 1 сет,2.0,data\product_images\3af87537e0af.png,0.0,1.0,0.0,0.0,0.0,0.0,0.0,0.0,0.0,1.0
Сумки и чехлы,ORS-1215,Чехол для ракетки 7/6 One Racket - Brown,7/6,4990 ₽,https://saletennis.com/catalog/product/chiekhol-dlia-rakietki-7-6-one-racket-brown-19470,Тюмень (Народная): 1 сет | Бисертская: 2 сет | Ижевск: 3 сет | Парина: 4 сет | Санкт-Петербург (Ярослава Гашека): 3 сет | Уфа: 4 сет | Соболева: 3 сет | Санкт-Петербург (Спортивная): 8 сет,28.0,data\product_images\851669c4f129.png,3.0,8.0,0.0,3.0,4.0,2.0,0.0,1.0,4.0,3.0
Сумки и чехлы,WR8036701001,Сумка Wilson Super Tour 9R - Red,Wilson,15992 ₽,https://saletennis.com/catalog/product/sumka-wilson-super-tour-9r-red-17203,Соболева: 1 сет | Парина: 1 сет,2.0,data\product_images\45a5df0c251d.png,0.0,0.0,0.0,1.0,1.0,0.0,0.0,0.0,0.0,0.0
Сумки и чехлы,1920639,Сумка Solinco Gym Duffle,Solinco,7990 ₽,https://saletennis.com/catalog/product/sumka-solinco-gym-duffle-19134,Соболева: 1 сет | Санкт-Петербург (Спортивная): 1 сет | Парина: 1 сет,3.0,data\product_images\23c1f4b346e3.png,0.0,1.0,0.0,1.0,1.0,0.0,0.0,0.0,0.0,0.0
Сумки и чехлы,260116-NV,Сумка Head Pro Racquet Bag L - Navy,Head,10117 ₽,https://saletennis.com/catalog/product/sumka-head-pro-racquet-bag-l-navy-19447,Соболева: 1 сет | Парина: 1 сет | Основной склад Екатеринбург: 2 сет | Санкт-Петербург (Спортивная): 1 сет | Тюмень (Народная): 1 сет,6.0,data\product_images\893049a234f2.png,0.0,1.0,2.0,1.0,1.0,0.0,0.0,1.0,0.0,0.0
Сумки и чехлы,260155-BKDG,Сумка Head Pro X Sport Bag - Black/Dark Grey,Head,11592 ₽,https://saletennis.com/catalog/product/sumka-head-pro-x-sport-bag-black-dark-grey-18640,Тюмень (Народная): 1 сет | Соболева: 1 сет | Уфа: 1 сет,3.0,data\product_images\4a34a35f80bf.png,0.0,0.0,0.0,1.0,0.0,0.0,0.0,1.0,1.0,0.0
Сумки и чехлы,ORS-7601,Чехол для ракетки 7/6 One Racket - Black,7/6,4990 ₽,https://saletennis.com/catalog/product/chiekhol-dlia-rakietki-7-6-one-racket-black-19469,Соболева: 4 сет | Бисертская: 2 сет | Уфа: 3 сет | Ижевск: 4 сет | Тюмень (Народная): 3 сет | Санкт-Петербург (Спортивная): 8 сет | Санкт-Петербург (Ярослава Гашека): 2 сет | Парина: 5 сет,31.0,data\product_images\0a27ca9ccaa1.png,2.0,8.0,0.0,4.0,5.0,2.0,0.0,3.0,3.0,4.0
Сумки и чехлы,753110-136,Рюкзак Babolat Pure Drive 2025,Babolat,11992 ₽,https://saletennis.com/catalog/product/riukzak-babolat-pure-drive-2025-17508,Парина: 1 сет,1.0,data\product_images\3052fb1eb2df.png,0.0,0.0,0.0,0.0,1.0,0.0,0.0,0.0,0.0,0.0
Сумки и чехлы,WR8058001001,Сумка Wilson Defyer V1 15PK Red,Wilson,19992 ₽,https://saletennis.com/catalog/product/sumka-wilson-defyer-v1-15pk-red-19350,Санкт-Петербург (Спортивная): 1 сет | Парина: 1 сет,2.0,data\product_images\56230b40e78d.png,0.0,1.0,0.0,0.0,1.0,0.0,0.0,0.0,0.0,0.0
Сумки и чехлы,262344-BLBK,Рюкзак Head Team Backpack 21L - Blue/Black,Head,3799 ₽,https://saletennis.com/catalog/product/riukzak-head-team-backpack-21l-blue-black-17726,Парина: 1 сет,1.0,data\product_images\0f9225c72c9b.png,0.0,0.0,0.0,0.0,1.0,0.0,0.0,0.0,0.0,0.0
Сумки и чехлы,40TOURIGBP,Рюкзак Tecnifibre Tour Endurance IGA - Orange,Tecnifibre,8392 ₽,https://saletennis.com/catalog/product/riukzak-tecnifibre-tour-endurance-iga-orange-19081,Соболева: 1 сет | Уфа: 1 сет | Санкт-Петербург (Спортивная): 1 сет | Парина: 1 сет,4.0,data\product_images\c6833b87f332.png,0.0,1.0,0.0,1.0,1.0,0.0,0.0,0.0,1.0,0.0
Сумки и чехлы,260754-Monster,Сумка Head Tour Racquet Bag - Monster,Head,4447 ₽,https://saletennis.com/catalog/product/sumka-head-tour-racquet-bag-monster-16857,Парина: 1 сет | Бисертская: 1 сет,2.0,data\product_images\3bf75250239e.png,0.0,0.0,0.0,0.0,1.0,1.0,0.0,0.0,0.0,0.0
Сумки и чехлы,KB276-BL,Детский рюкзак 7/6 Kids Backpack 2.0 - Blue,7/6,4990 ₽,https://saletennis.com/catalog/product/dietskii-riukzak-7-6-kids-backpack-2-0-blue-18814,Парина: 2 сет | Санкт-Петербург (Спортивная): 2 сет | Бисертская: 1 сет | Ижевск: 2 сет | Тюмень (Народная): 1 сет | Санкт-Петербург (Ярослава Гашека): 3 сет | Соболева: 1 сет | Уфа: 1 сет,13.0,data\product_images\2954075e5767.png,3.0,2.0,0.0,1.0,2.0,1.0,0.0,1.0,1.0,2.0
Сумки и чехлы,261026-PK,Сумка Head Base Racquet Bag S - Pink,Head,4042 ₽,https://saletennis.com/catalog/product/sumka-head-base-racquet-bag-s-pink-19313,Санкт-Петербург (Спортивная): 1 сет,1.0,data\product_images\20e83ce20da8.png,0.0,1.0,0.0,0.0,0.0,0.0,0.0,0.0,0.0,0.0
Сумки и чехлы,260424-LLAN,Рюкзак Head Pro Backpack 30L - Liquid Lime/Anthracite,Head,8993 ₽,https://saletennis.com/catalog/product/riukzak-head-pro-backpack-30l-liquid-lime-anthracite-18643,Санкт-Петербург (Спортивная): 1 сет | Тюмень (Народная): 1 сет,2.0,data\product_images\6f31f573dea8.png,0.0,1.0,0.0,0.0,0.0,0.0,0.0,1.0,0.0,0.0
Сумки и чехлы,261115-DB,Сумка Head Tour Racqpack - Dark Blue,Head,10522 ₽,https://saletennis.com/catalog/product/sumka-head-tour-racqpack-dark-blue-18642,Уфа: 1 сет | Тюмень (Народная): 1 сет | Соболева: 1 сет | Парина: 1 сет,4.0,data\product_images\0950e78390fa.png,0.0,0.0,0.0,1.0,1.0,0.0,0.0,1.0,1.0,0.0
Сумки и чехлы,751234-136,Сумка Babolat Pure Drive 6 Pack 2025,Babolat,15992 ₽,https://saletennis.com/catalog/product/sumka-babolat-pure-drive-6-pack-2025-17510,Парина: 1 сет,1.0,data\product_images\3c95a1158b53.png,0.0,0.0,0.0,0.0,1.0,0.0,0.0,0.0,0.0,0.0
Сумки и чехлы,260104-BK,Рюкзак Head Pro X Racqpack - Black,Head,14993 ₽,https://saletennis.com/catalog/product/riukzak-head-pro-x-racqpack-black-18638,Санкт-Петербург (Спортивная): 1 сет | Парина: 1 сет,2.0,data\product_images\3de93772827a.png,0.0,1.0,0.0,0.0,1.0,0.0,0.0,0.0,0.0,0.0
Одежда,ND76-010,Платье женское 7/6 Nika Dress - Black,7/6,1990 ₽,https://saletennis.com/catalog/product/plat-ie-zhienskoie-7-6-nika-dress-black-17105,XXS: Уфа - 1 шт,1.0,data\product_images\3f451c7f0690.png,0.0,0.0,0.0,0.0,0.0,0.0,0.0,0.0,1.0,0.0
Одежда,62GAB501-53,Футболка мужская Mizuno Mugen Shadow Graphic - Salsa,Mizuno,3990 ₽,https://saletennis.com/catalog/product/futbolka-muzhskaia-mizuno-mugen-shadow-graphic-salsa-17447,S: Основной склад Екатеринбург - 1 шт | L: Основной склад Екатеринбург - 1 шт,2.0,data\product_images\2776122f5929.png,0.0,0.0,2.0,0.0,0.0,0.0,0.0,0.0,0.0,0.0
Одежда,W2300005-NYCY,Платье женское Bidi Badu Beach Spirit - Neon Yellow,Bidi Badu,2990 ₽,https://saletennis.com/catalog/product/plat-ie-zhienskoie-bidi-badu-beach-spirit-neon-yellow-15728,XS: Основной склад Екатеринбург - 1 шт | S: Основной склад Екатеринбург - 3 шт | Санкт-Петербург (Спортивная) - 1 шт | M: Санкт-Петербург (Спортивная) - 1 шт | Основной склад Екатеринбург - 1 шт,7.0,data\product_images\bc1f3d90c5f7.png,0.0,2.0,5.0,0.0,0.0,0.0,0.0,0.0,0.0,0.0
Одежда,G1390010-DBLMX,Юбка детская Bidi Badu Twiggy Printed - Blue/Mixed,Bidi Badu,2196 ₽,https://saletennis.com/catalog/product/iubka-dietskaia-bidi-badu-twiggy-printed-blue-mixed-16438,164: Основной склад Екатеринбург - 1 шт | Санкт-Петербург (Спортивная) - 1 шт,2.0,data\product_images\f6c236debe03.png,0.0,1.0,1.0,0.0,0.0,0.0,0.0,0.0,0.0,0.0
Одежда,W2580023-NYWAQ,Майка женская Bidi Badu Beach Spirit - Neon Yellow,Bidi Badu,1490 ₽,https://saletennis.com/catalog/product/maika-zhienskaia-bidi-badu-beach-spirit-neon-yellow-15731,XS: Основной склад Екатеринбург - 1 шт | S: Санкт-Петербург (Спортивная) - 1 шт | M: Основной склад Екатеринбург - 1 шт,3.0,data\product_images\bbd06ca999a0.png,0.0,1.0,2.0,0.0,0.0,0.0,0.0,0.0,0.0,0.0
Одежда,NT76-4109,Майка женская Nata Sleeveless T-shirt - Arona,Не определен,4990 ₽,https://saletennis.com/catalog/product/maika-zhienskaia-nata-sleeveless-t-shirt-arona-18587,XS: Соболева - 1 шт | Бисертская - 1 шт | Парина - 1 шт | Санкт-Петербург (Спортивная) - 1 шт | Уфа - 1 шт | S: Парина - 1 шт | Елизаветенское шоссе - 1 шт | Бисертская - 1 шт | Тюмень (Народная) - 1 шт | M: Бисертская - 2 шт | Тюмень (Народная) - 1 шт | L: Ижевск - 1 шт | XL: Санкт-Петербург (Спортивная) - 1 шт,14.0,data\product_images\92645316eeaa.png,0.0,2.0,0.0,1.0,2.0,4.0,1.0,2.0,1.0,1.0
Одежда,WJJ76-4109,Кофта женская 7/6 Jackie Jacket Women - Arona,7/6,10990 ₽,https://saletennis.com/catalog/product/kofta-zhienskaia-7-6-jackie-jacket-women-arona-18581,XS: Санкт-Петербург (Спортивная) - 1 шт | S: Санкт-Петербург (Спортивная) - 1 шт | Елизаветенское шоссе - 1 шт | M: Санкт-Петербург (Спортивная) - 1 шт | Тюмень (Народная) - 1 шт | L: Санкт-Петербург (Спортивная) - 1 шт | Елизаветенское шоссе - 1 шт | XL: Санкт-Петербург (Спортивная) - 1 шт,8.0,data\product_images\bc5c0cf82bea.png,0.0,5.0,0.0,0.0,0.0,0.0,2.0,1.0,0.0,0.0
Одежда,CV7575-515,Юбка детская Nike Court Victory Skirt - Hydrangeas,Nike,3894 ₽,https://saletennis.com/catalog/product/iubka-dietskaia-nike-court-victory-skirt-hydrangeas-16357,L: Уфа - 1 шт | XL: Тюмень (Народная) - 1 шт | Санкт-Петербург (Спортивная) - 1 шт,3.0,data\product_images\f669b230a3d4.png,0.0,1.0,0.0,0.0,0.0,0.0,0.0,1.0,1.0,0.0
Одежда,KT76-1120,Топ женский 7/6 Kris Top - Starfish,7/6,5990 ₽,https://saletennis.com/catalog/product/top-zhienskii-7-6-kris-top-starfish-19289,XXS: Санкт-Петербург (Спортивная) - 1 шт | Тюмень (Народная) - 1 шт | Санкт-Петербург (Ярослава Гашека) - 1 шт | XS: Санкт-Петербург (Спортивная) - 1 шт | Парина - 1 шт | Тюмень (Народная) - 1 шт | Санкт-Петербург (Ярослава Гашека) - 1 шт | Соболева - 1 шт | S: Тюмень (Народная) - 1 шт | Основной склад Екатеринбург - 1 шт | Елизаветенское шоссе - 2 шт | Санкт-Петербург (Ярослава Гашека) - 1 шт | Санкт-Петербург (Спортивная) - 1 шт | Уфа - 1 шт | Соболева - 1 шт | M: Основной склад Екатеринбург - 4 шт | Парина - 1 шт | Санкт-Петербург (Ярослава Гашека) - 1 шт | Бисертская - 1 шт | Санкт-Петербург (Спортивная) - 1 шт | Соболева - 1 шт | Уфа - 1 шт | Тюмень (Народная) - 1 шт | Елизаветенское шоссе - 1 шт | L: Санкт-Петербург (Ярослава Гашека) - 1 шт | Соболева - 1 шт | Санкт-Петербург (Спортивная) - 1 шт | Елизаветенское шоссе - 1 шт | Ижевск - 1 шт | XL: Санкт-Петербург (Спортивная) - 1 шт,34.0,data\product_images\bb7d53ced56d.png,5.0,6.0,5.0,4.0,2.0,1.0,4.0,4.0,2.0,1.0
Одежда,G1580023-TW,Майка детская Bidi Badu Twiggy Chill - Blue/Mixed,Bidi Badu,1596 ₽,https://saletennis.com/catalog/product/maika-dietskaia-bidi-badu-twiggy-chill-blue-mixed-16427,128: Основной склад Екатеринбург - 1 шт | 152: Санкт-Петербург (Спортивная) - 1 шт | Основной склад Екатеринбург - 1 шт | 164: Парина - 1 шт | Основной склад Екатеринбург - 1 шт,5.0,data\product_images\d4fb991d81dd.png,0.0,1.0,3.0,0.0,1.0,0.0,0.0,0.0,0.0,0.0
Одежда,MTL76-1264,Футболка мужская 7/6 Loddy T-Shirt 2.0 - Orange Blossom,7/6,2495 ₽,https://saletennis.com/catalog/product/futbolka-muzhskaia-7-6-loddy-t-shirt-2-0-orange-blossom-17876,S: Тюмень (Народная) - 1 шт | M: Санкт-Петербург (Спортивная) - 1 шт | Тюмень (Народная) - 1 шт | Основной склад Екатеринбург - 1 шт,4.0,data\product_images\3a0f0220d93f.png,0.0,1.0,1.0,0.0,0.0,0.0,0.0,2.0,0.0,0.0
Одежда,NS76-4405,Юбка женская 7/6 Nata Skirt - Grey Blossom/Pink,7/6,3495 ₽,https://saletennis.com/catalog/product/iubka-zhienskaia-7-6-nata-skirt-grey-blossom-pink-17939,XXS: Основной склад Екатеринбург - 2 шт | XS: Санкт-Петербург (Спортивная) - 1 шт | Основной склад Екатеринбург - 3 шт | M: Санкт-Петербург (Спортивная) - 1 шт | Основной склад Екатеринбург - 1 шт | L: Санкт-Петербург (Спортивная) - 1 шт | Основной склад Екатеринбург - 3 шт | XL: Санкт-Петербург (Спортивная) - 1 шт,13.0,data\product_images\e6d94520a873.png,0.0,4.0,9.0,0.0,0.0,0.0,0.0,0.0,0.0,0.0
Одежда,ML76-4718,Лонгслив женский 7/6 Maya Longsleeve - Hydro,7/6,5490 ₽,https://saletennis.com/catalog/product/longhsliv-zhienskii-7-6-maya-longsleeve-hydro-19374,XXS: Санкт-Петербург (Ярослава Гашека) - 1 шт | Бисертская - 1 шт | XS: Санкт-Петербург (Ярослава Гашека) - 1 шт | Соболева - 1 шт | Тюмень (Народная) - 2 шт | Парина - 1 шт | Санкт-Петербург (Спортивная) - 1 шт | S: Санкт-Петербург (Спортивная) - 1 шт | Санкт-Петербург (Ярослава Гашека) - 1 шт | M: Санкт-Петербург (Спортивная) - 1 шт | Санкт-Петербург (Ярослава Гашека) - 1 шт | L: Санкт-Петербург (Ярослава Гашека) - 1 шт | Санкт-Петербург (Спортивная) - 1 шт | XL: Санкт-Петербург (Спортивная) - 1 шт,15.0,data\product_images\e928f9796e82.png,5.0,5.0,0.0,1.0,1.0,1.0,0.0,2.0,0.0,0.0
Одежда,IB0201-133,Футболка мужская Nike Court Slam T-Shirt - Sail/Dark Hazel,Nike,9192 ₽,https://saletennis.com/catalog/product/futbolka-muzhskaia-nike-court-slam-t-shirt-sail-dark-hazel-19030,M: Уфа - 1 шт | Санкт-Петербург (Спортивная) - 1 шт | L: Уфа - 1 шт,3.0,data\product_images\fe48591fd688.jpg,0.0,1.0,0.0,0.0,0.0,0.0,0.0,0.0,2.0,0.0
Одежда,WT76-1264,Футболка женская 7/6 Alice T-shirt - Bright Orange,7/6,1995 ₽,https://saletennis.com/catalog/product/futbolka-zhienskaia-7-6-alice-t-shirt-bright-orange-17933,XXS: Основной склад Екатеринбург - 4 шт | Санкт-Петербург (Спортивная) - 1 шт | XS: Тюмень (Народная) - 1 шт | Санкт-Петербург (Спортивная) - 2 шт | Основной склад Екатеринбург - 4 шт | S: Санкт-Петербург (Спортивная) - 1 шт | Основной склад Екатеринбург - 2 шт | Тюмень (Народная) - 1 шт | L: Санкт-Петербург (Спортивная) - 1 шт | XL: Тюмень (Народная) - 1 шт,18.0,data\product_images\d12a2a509946.png,0.0,5.0,10.0,0.0,0.0,0.0,0.0,3.0,0.0,0.0
Одежда,ST76-0119,Майка женская 7/6 Leya Sleeveless T-shirt - Bough,7/6,290 ₽,https://saletennis.com/catalog/product/maika-zhienskaia-7-6-leya-sleeveless-t-shirt-bough-14303,XXS: Основной склад Екатеринбург - 2 шт,2.0,data\product_images\757a98e261d3.png,0.0,0.0,2.0,0.0,0.0,0.0,0.0,0.0,0.0,0.0
Одежда,W1580027-DBLMX,Майка женская Bidi Badu Twiggy - Blue/Mixed,Bidi Badu,1490 ₽,https://saletennis.com/catalog/product/maika-zhienskaia-bidi-badu-twiggy-blue-mixed-16443,XS: Санкт-Петербург (Спортивная) - 1 шт | S: Основной склад Екатеринбург - 4 шт | M: Основной склад Екатеринбург - 1 шт | Санкт-Петербург (Спортивная) - 1 шт,7.0,data\product_images\3f98c5d66c28.png,0.0,2.0,5.0,0.0,0.0,0.0,0.0,0.0,0.0,0.0
Одежда,62GAC701-71,Майка женская Mizuno Daybreakers Printed - White/Icelandic Blue,Mizuno,3143 ₽,https://saletennis.com/catalog/product/maika-zhienskaia-mizuno-daybreakers-printed-white-icelandic-blue-18413,XS: Основной склад Екатеринбург - 1 шт | M: Соболева - 1 шт,2.0,data\product_images\6cfd9ec712b4.png,0.0,0.0,1.0,1.0,0.0,0.0,0.0,0.0,0.0,0.0
Одежда,DTS76-4718,Футболка мужская 7/6 Den T-Shirt Sparkle Hydro Print,7/6,4990 ₽,https://saletennis.com/catalog/product/futbolka-muzhskaia-7-6-den-t-shirt-sparkle-hydro-print-19382,S: Санкт-Петербург (Спортивная) - 1 шт | Ижевск - 1 шт | Санкт-Петербург (Ярослава Гашека) - 1 шт | Тюмень (Народная) - 1 шт | M: Санкт-Петербург (Спортивная) - 1 шт | Ижевск - 1 шт | Бисертская - 1 шт | Уфа - 1 шт | Соболева - 1 шт | Тюмень (Народная) - 2 шт | Санкт-Петербург (Ярослава Гашека) - 1 шт | Парина - 1 шт | L: Санкт-Петербург (Ярослава Гашека) - 1 шт | Ижевск - 1 шт | Санкт-Петербург (Спортивная) - 1 шт | XL: Елизаветенское шоссе - 1 шт | Санкт-Петербург (Ярослава Гашека) - 1 шт | Санкт-Петербург (Спортивная) - 1 шт | Ижевск - 1 шт | Уфа - 1 шт | XXL: Санкт-Петербург (Спортивная) - 1 шт,22.0,data\product_images\3fcb50a9337a.png,4.0,5.0,0.0,1.0,1.0,1.0,1.0,3.0,2.0,4.0
Одежда,KSK76-1632,Юбка детская 7/6 Kristy Skirt - Shell Pink,7/6,3990 ₽,https://saletennis.com/catalog/product/iubka-dietskaia-7-6-kristy-skirt-shell-pink-19412,XS: Санкт-Петербург (Ярослава Гашека) - 1 шт | Тюмень (Народная) - 1 шт | Санкт-Петербург (Спортивная) - 1 шт | S: Соболева - 1 шт | Санкт-Петербург (Ярослава Гашека) - 1 шт | Тюмень (Народная) - 1 шт | Парина - 1 шт | Основной склад Екатеринбург - 1 шт | M: Тюмень (Народная) - 2 шт | Соболева - 1 шт | Парина - 1 шт | Санкт-Петербург (Спортивная) - 1 шт | Санкт-Петербург (Ярослава Гашека) - 1 шт | Основной склад Екатеринбург - 1 шт | Уфа - 1 шт | L: Тюмень (Народная) - 2 шт | Основной склад Екатеринбург - 2 шт | Санкт-Петербург (Спортивная) - 2 шт | Санкт-Петербург (Ярослава Гашека) - 1 шт | Соболева - 1 шт | Парина - 1 шт | Ижевск - 1 шт | Уфа - 1 шт | XL: Парина - 1 шт | Санкт-Петербург (Ярослава Гашека) - 1 шт | Санкт-Петербург (Спортивная) - 1 шт | Соболева - 1 шт | Основной склад Екатеринбург - 1 шт | Уфа - 1 шт,33.0,data\product_images\a8dfab0ac3d0.png,5.0,5.0,5.0,4.0,4.0,0.0,0.0,6.0,3.0,1.0
Одежда,KTS76-4109,Футболка женская 7/6 Kate T-shirt - Arona,7/6,3990 ₽,https://saletennis.com/catalog/product/futbolka-zhienskaia-7-6-kate-t-shirt-arona-18595,XXS: Санкт-Петербург (Спортивная) - 1 шт | XS: Уфа - 1 шт | Соболева - 1 шт | Санкт-Петербург (Спортивная) - 1 шт | S: Тюмень (Народная) - 1 шт | Санкт-Петербург (Спортивная) - 1 шт | Уфа - 1 шт | M: Парина - 1 шт | Основной склад Екатеринбург - 1 шт | Соболева - 1 шт | Уфа - 1 шт | L: Тюмень (Народная) - 1 шт | Санкт-Петербург (Спортивная) - 1 шт,13.0,data\product_images\66367a76873f.png,0.0,4.0,1.0,2.0,1.0,0.0,0.0,2.0,3.0,0.0
Одежда,FD5380-893,"Шорты мужские Nike Court Victory 7"" Short - Campfire Orange/White",Nike,4490 ₽,https://saletennis.com/catalog/product/shorty-muzhskiie-nike-court-victory-7-short-campfire-orange-white-18470,XL: Парина - 1 шт,1.0,data\product_images\10a31983e116.png,0.0,0.0,0.0,0.0,1.0,0.0,0.0,0.0,0.0,0.0
Одежда,W1390010-DBLMX,Юбка женская Bidi Badu Twiggy Printed - Blue/Mixed,Bidi Badu,2490 ₽,https://saletennis.com/catalog/product/iubka-zhienskaia-bidi-badu-twiggy-printed-blue-mixed-16448,S: Основной склад Екатеринбург - 2 шт | M: Основной склад Екатеринбург - 1 шт,3.0,data\product_images\b8c1f1ced7db.png,0.0,0.0,3.0,0.0,0.0,0.0,0.0,0.0,0.0,0.0
Одежда,MTL76-1632,Футболка мужская 7/6 Loddy T-Shirt 2.0 - Shell Pink,7/6,3990 ₽,https://saletennis.com/catalog/product/futbolka-muzhskaia-7-6-loddy-t-shirt-2-0-shell-pink-19302,S: Санкт-Петербург (Спортивная) - 1 шт | Соболева - 1 шт | Санкт-Петербург (Ярослава Гашека) - 1 шт | Уфа - 1 шт | M: Ижевск - 1 шт | Санкт-Петербург (Ярослава Гашека) - 1 шт | Бисертская - 1 шт | Санкт-Петербург (Спортивная) - 1 шт | Соболева - 1 шт | Парина - 1 шт | Уфа - 1 шт | Тюмень (Народная) - 1 шт | Елизаветенское шоссе - 2 шт | L: Санкт-Петербург (Ярослава Гашека) - 1 шт | Уфа - 1 шт | Ижевск - 1 шт | Санкт-Петербург (Спортивная) - 1 шт | Соболева - 1 шт | Парина - 1 шт | Тюмень (Народная) - 1 шт | Елизаветенское шоссе - 1 шт | Бисертская - 1 шт | XL: Основной склад Екатеринбург - 4 шт | Елизаветенское шоссе - 2 шт | Санкт-Петербург (Ярослава Гашека) - 1 шт | Тюмень (Народная) - 1 шт | Соболева - 1 шт | Ижевск - 1 шт | Уфа - 1 шт | Бисертская - 1 шт | XXL: Бисертская - 1 шт | Санкт-Петербург (Спортивная) - 1 шт | Ижевск - 1 шт | Соболева - 1 шт,39.0,data\product_images\f6046a5f37ad.png,4.0,4.0,4.0,5.0,2.0,4.0,5.0,3.0,4.0,4.0
Одежда,MD276-4718,Платье женское 7/6 Mari Dress 2.0 - Hydro,7/6,6990 ₽,https://saletennis.com/catalog/product/plat-ie-zhienskoie-7-6-mari-dress-2-0-hydro-19282,XXS: Санкт-Петербург (Спортивная) - 1 шт | XS: Елизаветенское шоссе - 1 шт | Санкт-Петербург (Ярослава Гашека) - 1 шт | Соболева - 1 шт | Тюмень (Народная) - 2 шт | Санкт-Петербург (Спортивная) - 1 шт | Основной склад Екатеринбург - 1 шт | Парина - 1 шт | S: Основной склад Екатеринбург - 1 шт | Парина - 1 шт | Санкт-Петербург (Спортивная) - 1 шт | Бисертская - 1 шт | Уфа - 1 шт | Елизаветенское шоссе - 1 шт | Тюмень (Народная) - 1 шт | Санкт-Петербург (Ярослава Гашека) - 1 шт | Соболева - 1 шт | M: Елизаветенское шоссе - 1 шт | Парина - 1 шт | Тюмень (Народная) - 2 шт | Бисертская - 1 шт | Санкт-Петербург (Спортивная) - 1 шт | Санкт-Петербург (Ярослава Гашека) - 1 шт | Соболева - 1 шт | Основной склад Екатеринбург - 1 шт | Ижевск - 1 шт | L: Санкт-Петербург (Спортивная) - 1 шт | XL: Санкт-Петербург (Спортивная) - 1 шт,30.0,data\product_images\b7011482e357.png,3.0,6.0,3.0,3.0,3.0,2.0,3.0,5.0,1.0,1.0
Одежда,62GAB500-09,Футболка мужская Mizuno Mugen Shadow - Black,Mizuno,3490 ₽,https://saletennis.com/catalog/product/futbolka-muzhskaia-mizuno-mugen-shadow-black-17440,S: Основной склад Екатеринбург - 1 шт,1.0,data\product_images\0e9976c434cc.jpg,0.0,0.0,1.0,0.0,0.0,0.0,0.0,0.0,0.0,0.0
Одежда,FZ6657-100,Майка женская Nike Court Advantage - White,Nike,7490 ₽,https://saletennis.com/catalog/product/maika-zhienskaia-nike-court-advantage-white-17847,S: Ижевск - 1 шт | M: Санкт-Петербург (Спортивная) - 1 шт | Парина - 1 шт,3.0,data\product_images\6010d7d58828.png,0.0,1.0,0.0,0.0,1.0,0.0,0.0,0.0,0.0,1.0
Одежда,62GAB500-53,Футболка мужская Mizuno Mugen Shadow - Salsa,Mizuno,3490 ₽,https://saletennis.com/catalog/product/futbolka-muzhskaia-mizuno-mugen-shadow-salsa-17443,S: Основной склад Екатеринбург - 1 шт | M: Основной склад Екатеринбург - 1 шт | L: Основной склад Екатеринбург - 1 шт,3.0,data\product_images\bdc28c59f03e.jpg,0.0,0.0,3.0,0.0,0.0,0.0,0.0,0.0,0.0,0.0
Одежда,W1300008,Платье женское Bidi Badu Spike - Lilac/Pink,Bidi Badu,3490 ₽,https://saletennis.com/catalog/product/plat-ie-zhienskoie-bidi-badu-spike-lilac-pink-16363,XS: Основной склад Екатеринбург - 2 шт | S: Основной склад Екатеринбург - 3 шт | M: Санкт-Петербург (Спортивная) - 1 шт | Основной склад Екатеринбург - 2 шт,8.0,data\product_images\dda976761055.png,0.0,1.0,7.0,0.0,0.0,0.0,0.0,0.0,0.0,0.0
Одежда,W2300008,Платье женское Bidi Badu Spike - Navy/Pink,Bidi Badu,3490 ₽,https://saletennis.com/catalog/product/plat-ie-zhienskoie-bidi-badu-spike-navy-pink-16364,XS: Санкт-Петербург (Спортивная) - 1 шт | Основной склад Екатеринбург - 1 шт | S: Санкт-Петербург (Спортивная) - 1 шт | Основной склад Екатеринбург - 4 шт | M: Основной склад Екатеринбург - 2 шт | Санкт-Петербург (Спортивная) - 1 шт,10.0,data\product_images\7754da89d090.png,0.0,3.0,7.0,0.0,0.0,0.0,0.0,0.0,0.0,0.0
Одежда,KTS76-0515,Футболка женская 7/6 Kate T-shirt - Lemon Icing,7/6,4490 ₽,https://saletennis.com/catalog/product/futbolka-zhienskaia-7-6-kate-t-shirt-lemon-icing-19393,XXS: Санкт-Петербург (Ярослава Гашека) - 1 шт | Санкт-Петербург (Спортивная) - 1 шт | Тюмень (Народная) - 1 шт | XS: Тюмень (Народная) - 2 шт | Санкт-Петербург (Спортивная) - 1 шт | Санкт-Петербург (Ярослава Гашека) - 1 шт | Соболева - 1 шт | S: Елизаветенское шоссе - 1 шт | Уфа - 1 шт | Парина - 1 шт | Санкт-Петербург (Спортивная) - 1 шт | Тюмень (Народная) - 1 шт | Санкт-Петербург (Ярослава Гашека) - 1 шт | M: Елизаветенское шоссе - 1 шт | Парина - 1 шт | Санкт-Петербург (Спортивная) - 1 шт | Основной склад Екатеринбург - 3 шт | Тюмень (Народная) - 1 шт | Соболева - 1 шт | Бисертская - 1 шт | Уфа - 1 шт | Санкт-Петербург (Ярослава Гашека) - 1 шт | L: Соболева - 1 шт | Уфа - 1 шт | Санкт-Петербург (Спортивная) - 1 шт | Тюмень (Народная) - 1 шт | Санкт-Петербург (Ярослава Гашека) - 1 шт | XL: Санкт-Петербург (Спортивная) - 1 шт,31.0,data\product_images\87ac5463325a.png,5.0,6.0,3.0,3.0,2.0,1.0,2.0,6.0,3.0,0.0
Одежда,FZ6512-323,Юбка женская Nike Court Ace Skirt - Fir,Nike,9990 ₽,https://saletennis.com/catalog/product/iubka-zhienskaia-nike-court-ace-skirt-fir-18854,XS: Тюмень (Народная) - 1 шт | M: Парина - 1 шт,2.0,data\product_images\68274758c6b9.png,0.0,0.0,0.0,0.0,1.0,0.0,0.0,1.0,0.0,0.0
Одежда,GT76-1632,Футболка для девочек 7/6 Mia T-shirt - Sparkle Pink Print,7/6,3490 ₽,https://saletennis.com/catalog/product/futbolka-dlia-dievochiek-7-6-mia-t-shirt-sparkle-pink-print-19322,XS: Ижевск - 1 шт | Санкт-Петербург (Ярослава Гашека) - 1 шт | Соболева - 1 шт | Тюмень (Народная) - 1 шт | S: Санкт-Петербург (Ярослава Гашека) - 1 шт | Соболева - 1 шт | Ижевск - 1 шт | Санкт-Петербург (Спортивная) - 2 шт | Основной склад Екатеринбург - 1 шт | Тюмень (Народная) - 2 шт | M: Основной склад Екатеринбург - 1 шт | Санкт-Петербург (Ярослава Гашека) - 1 шт | Парина - 1 шт | Уфа - 1 шт | Тюмень (Народная) - 2 шт | Соболева - 1 шт | Санкт-Петербург (Спортивная) - 1 шт | L: Санкт-Петербург (Спортивная) - 1 шт | Уфа - 1 шт | Тюмень (Народная) - 2 шт | Санкт-Петербург (Ярослава Гашека) - 1 шт | Ижевск - 1 шт | Основной склад Екатеринбург - 2 шт | XL: Соболева - 1 шт | Уфа - 1 шт | Санкт-Петербург (Ярослава Гашека) - 1 шт | Парина - 1 шт | Санкт-Петербург (Спортивная) - 1 шт | Основной склад Екатеринбург - 1 шт,34.0,data\product_images\f8b5e93f0c49.png,5.0,5.0,5.0,4.0,2.0,0.0,0.0,7.0,3.0,3.0
Одежда,62GAC00309,Футболка мужская Mizuno Frontier Shadow Graphic Tee - Black,Mizuno,3353 ₽,https://saletennis.com/catalog/product/futbolka-muzhskaia-mizuno-frontier-shadow-graphic-tee-black-18183,M: Санкт-Петербург (Спортивная) - 1 шт,1.0,data\product_images\7289ed814998.png,0.0,1.0,0.0,0.0,0.0,0.0,0.0,0.0,0.0,0.0
Одежда,DR10217995580013,Толстовка мужская Diadora Hoodie Core - Black/White,Не определен,3990 ₽,https://saletennis.com/catalog/product/tolstovka-muzhskaia-diadora-hoodie-core-black-white-15183,M: Основной склад Екатеринбург - 1 шт,1.0,data\product_images\a04c30a53bfc.png,0.0,0.0,1.0,0.0,0.0,0.0,0.0,0.0,0.0,0.0
Одежда,62GAB501-01,Футболка мужская Mizuno Mugen Shadow Graphic - White,Mizuno,3990 ₽,https://saletennis.com/catalog/product/futbolka-muzhskaia-mizuno-mugen-shadow-graphic-white-17448,M: Основной склад Екатеринбург - 1 шт,1.0,data\product_images\0fd5218e2a7e.png,0.0,0.0,1.0,0.0,0.0,0.0,0.0,0.0,0.0,0.0
Одежда,KJ76-BK,Кофта детская 7/6 Taylor Kids Jacket - Black,7/6,5990 ₽,https://saletennis.com/catalog/product/kofta-dietskaia-7-6-taylor-kids-jacket-black-17278,XS: Санкт-Петербург (Спортивная) - 1 шт | Санкт-Петербург (Ярослава Гашека) - 1 шт | Парина - 1 шт | S: Санкт-Петербург (Спортивная) - 1 шт | Санкт-Петербург (Ярослава Гашека) - 1 шт | Ижевск - 1 шт | M: Санкт-Петербург (Ярослава Гашека) - 1 шт | Санкт-Петербург (Спортивная) - 2 шт | L: Ижевск - 1 шт | Санкт-Петербург (Ярослава Гашека) - 1 шт | Санкт-Петербург (Спортивная) - 1 шт,12.0,data\product_images\658302ef3be6.png,4.0,5.0,0.0,0.0,1.0,0.0,0.0,0.0,0.0,2.0
Одежда,W214102221,Платье женское Bidi Badu Jala Tech - Red/Blue,Bidi Badu,3490 ₽,https://saletennis.com/catalog/product/plat-ie-zhienskoie-bidi-badu-jala-tech-red-blue-14350,XS: Основной склад Екатеринбург - 1 шт | M: Санкт-Петербург (Спортивная) - 1 шт,2.0,data\product_images\d8d9ed6cbb3e.png,0.0,1.0,1.0,0.0,0.0,0.0,0.0,0.0,0.0,0.0
Одежда,MTL76-4405,Футболка мужская 7/6 Loddy T-Shirt 2.0 - Grey Blossom,7/6,2495 ₽,https://saletennis.com/catalog/product/futbolka-muzhskaia-7-6-loddy-t-shirt-2-0-grey-blossom-17873,M: Основной склад Екатеринбург - 1 шт | Тюмень (Народная) - 1 шт,2.0,data\product_images\216e0ebc3482.png,0.0,0.0,1.0,0.0,0.0,0.0,0.0,1.0,0.0,0.0
Одежда,II3233-736,Юбка женская Nike Court Slam Tennis Skirt - Light Lemon Twist/Sapphire,Nike,11490 ₽,https://saletennis.com/catalog/product/iubka-zhienskaia-nike-court-slam-tennis-skirt-light-lemon-twist-sapphire-18855,M: Уфа - 1 шт,1.0,data\product_images\678443be7a7b.png,0.0,0.0,0.0,0.0,0.0,0.0,0.0,0.0,1.0,0.0
Одежда,SH7760-4109,Шорты мужские 7/6 Miran Shorts 7 - Arona,7/6,4490 ₽,https://saletennis.com/catalog/product/shorty-muzhskiie-7-6-miran-shorts-7-arona-18622,M: Санкт-Петербург (Спортивная) - 1 шт | Соболева - 1 шт | Тюмень (Народная) - 1 шт | L: Парина - 1 шт | Уфа - 1 шт | XL: Соболева - 1 шт | Уфа - 1 шт,7.0,data\product_images\88961df60a8c.png,0.0,1.0,0.0,2.0,1.0,0.0,0.0,1.0,2.0,0.0
Одежда,VT76-0205,Футболка мужская 7/6 Victory Cotton T-shirt - Cream,7/6,1995 ₽,https://saletennis.com/catalog/product/futbolka-muzhskaia-7-6-victory-cotton-t-shirt-cream-17878,S: Тюмень (Народная) - 1 шт | Санкт-Петербург (Спортивная) - 1 шт | Уфа - 1 шт | M: Санкт-Петербург (Спортивная) - 1 шт | Уфа - 1 шт | Основной склад Екатеринбург - 3 шт | Тюмень (Народная) - 1 шт | L: Тюмень (Народная) - 1 шт | Санкт-Петербург (Спортивная) - 1 шт | Уфа - 1 шт | Основной склад Екатеринбург - 3 шт | XL: Санкт-Петербург (Спортивная) - 1 шт | Уфа - 1 шт | Тюмень (Народная) - 1 шт | XXL: Уфа - 1 шт | Санкт-Петербург (Спортивная) - 1 шт | Основной склад Екатеринбург - 2 шт,22.0,data\product_images\9a3037bd2385.png,0.0,5.0,8.0,0.0,0.0,0.0,0.0,4.0,5.0,0.0
Одежда,W1580028,Майка женская Bidi Badu Spike - Lilac/Pink,Bidi Badu,1490 ₽,https://saletennis.com/catalog/product/maika-zhienskaia-bidi-badu-spike-lilac-pink-16366,XS: Санкт-Петербург (Спортивная) - 1 шт | Основной склад Екатеринбург - 1 шт | S: Основной склад Екатеринбург - 1 шт | Санкт-Петербург (Спортивная) - 1 шт | M: Основной склад Екатеринбург - 2 шт | Санкт-Петербург (Спортивная) - 1 шт,7.0,data\product_images\3429282b5858.png,0.0,3.0,4.0,0.0,0.0,0.0,0.0,0.0,0.0,0.0
Одежда,MTS76-4718,Футболка для мальчиков 7/6 Max T-shirt 2.0 - Hydro,7/6,2990 ₽,https://saletennis.com/catalog/product/futbolka-dlia-mal-chikov-7-6-max-t-shirt-2-0-hydro-19404,XS: Ижевск - 1 шт | Парина - 1 шт | Санкт-Петербург (Спортивная) - 1 шт | Санкт-Петербург (Ярослава Гашека) - 1 шт | Соболева - 1 шт | S: Соболева - 1 шт | Санкт-Петербург (Ярослава Гашека) - 1 шт | Санкт-Петербург (Спортивная) - 2 шт | Уфа - 1 шт | Ижевск - 1 шт | Тюмень (Народная) - 1 шт | Парина - 1 шт | M: Санкт-Петербург (Спортивная) - 1 шт | Санкт-Петербург (Ярослава Гашека) - 1 шт | Парина - 1 шт | Тюмень (Народная) - 1 шт | Основной склад Екатеринбург - 1 шт | Уфа - 1 шт | L: Санкт-Петербург (Ярослава Гашека) - 1 шт | Санкт-Петербург (Спортивная) - 2 шт | Соболева - 1 шт | Ижевск - 1 шт | Парина - 1 шт | Уфа - 1 шт | Основной склад Екатеринбург - 1 шт | Тюмень (Народная) - 1 шт | XL: Соболева - 1 шт | Основной склад Екатеринбург - 1 шт | Уфа - 1 шт | Санкт-Петербург (Ярослава Гашека) - 1 шт | Ижевск - 1 шт,33.0,data\product_images\3449881c165b.png,5.0,6.0,3.0,4.0,4.0,0.0,0.0,3.0,4.0,4.0
Одежда,62GBB701-16,Юбка женская Mizuno Mugen Flying Skirt - Estate Blue,Mizuno,3490 ₽,https://saletennis.com/catalog/product/iubka-zhienskaia-mizuno-mugen-flying-skirt-estate-blue-17466,XS: Санкт-Петербург (Спортивная) - 1 шт,1.0,data\product_images\b49e01ee1936.png,0.0,1.0,0.0,0.0,0.0,0.0,0.0,0.0,0.0,0.0
Одежда,62GAB703-16,Топ женский Mizuno Tennis Bra - Estate Blue,Mizuno,3490 ₽,https://saletennis.com/catalog/product/top-zhienskii-mizuno-tennis-bra-estate-blue-17457,XS: Соболева - 1 шт | Основной склад Екатеринбург - 1 шт | S: Основной склад Екатеринбург - 2 шт,4.0,data\product_images\56a56b60e77c.png,0.0,0.0,3.0,1.0,0.0,0.0,0.0,0.0,0.0,0.0
Одежда,62GBC20113,Юбка женская Mizuno Frontier Flying Skirt - Midnight Navy,Mizuno,3143 ₽,https://saletennis.com/catalog/product/iubka-zhienskaia-mizuno-frontier-flying-skirt-midnight-navy-18202,XS: Соболева - 1 шт | S: Соболева - 1 шт,2.0,data\product_images\c6b235ad6d56.png,0.0,0.0,0.0,2.0,0.0,0.0,0.0,0.0,0.0,0.0
Одежда,WJJ76-4802,Кофта женская 7/6 Jackie Jacket Women - Cerise,7/6,4995 ₽,https://saletennis.com/catalog/product/kofta-zhienskaia-7-6-jackie-jacket-women-cerise-17888,XXS: Санкт-Петербург (Спортивная) - 1 шт | Основной склад Екатеринбург - 2 шт | XS: Тюмень (Народная) - 1 шт | Санкт-Петербург (Спортивная) - 1 шт | Основной склад Екатеринбург - 5 шт | S: Основной склад Екатеринбург - 3 шт | Санкт-Петербург (Спортивная) - 1 шт | Соболева - 1 шт | Тюмень (Народная) - 1 шт | M: Основной склад Екатеринбург - 4 шт | Санкт-Петербург (Спортивная) - 1 шт | Тюмень (Народная) - 1 шт | L: Основной склад Екатеринбург - 2 шт | XL: Санкт-Петербург (Спортивная) - 2 шт,26.0,data\product_images\6725eb74a66f.png,0.0,6.0,16.0,1.0,0.0,0.0,0.0,3.0,0.0,0.0
Одежда,AD76-1265,Платье женское 7/6 Arina Dress - Bright Pink/Pink,7/6,1790 ₽,https://saletennis.com/catalog/product/plat-ie-zhienskoie-7-6-arina-dress-bright-pink-pink-17891,XXS: Санкт-Петербург (Спортивная) - 1 шт | Основной склад Екатеринбург - 4 шт | XS: Санкт-Петербург (Спортивная) - 1 шт | Основной склад Екатеринбург - 4 шт | S: Основной склад Екатеринбург - 5 шт | M: Основной склад Екатеринбург - 7 шт | L: Основной склад Екатеринбург - 2 шт | Санкт-Петербург (Спортивная) - 1 шт,25.0,data\product_images\c3e4fec201cb.png,0.0,3.0,22.0,0.0,0.0,0.0,0.0,0.0,0.0,0.0
Одежда,62GBC500-05,"Шорты мужские Mizuno Daybreakers 8"" - Odyssey Gray",Mizuno,3843 ₽,https://saletennis.com/catalog/product/shorty-muzhskiie-mizuno-daybreakers-8-odyssey-gray-18421,S: Основной склад Екатеринбург - 1 шт | Санкт-Петербург (Спортивная) - 1 шт | L: Основной склад Екатеринбург - 2 шт | Тюмень (Народная) - 1 шт | XXL: Основной склад Екатеринбург - 1 шт,6.0,data\product_images\0eaf115a0544.png,0.0,1.0,4.0,0.0,0.0,0.0,0.0,1.0,0.0,0.0
Одежда,62GBC500-93,"Шорты мужские Mizuno Daybreakers 8"" - Black/Grape Leaf",Mizuno,3843 ₽,https://saletennis.com/catalog/product/shorty-muzhskiie-mizuno-daybreakers-8-black-grape-leaf-18419,S: Основной склад Екатеринбург - 1 шт | XL: Тюмень (Народная) - 1 шт,2.0,data\product_images\a36cd2f0f023.png,0.0,0.0,1.0,0.0,0.0,0.0,0.0,1.0,0.0,0.0
Одежда,II3469-503,Юбка женская Nike Court Slam High-Waisted Skirt - Light Magenta,Nike,10990 ₽,https://saletennis.com/catalog/product/iubka-zhienskaia-nike-court-slam-high-waisted-skirt-light-magenta-19263,XS: Санкт-Петербург (Спортивная) - 1 шт | S: Тюмень (Народная) - 1 шт | M: Санкт-Петербург (Спортивная) - 1 шт,3.0,data\product_images\e4f683c57180.png,0.0,2.0,0.0,0.0,0.0,0.0,0.0,1.0,0.0,0.0
Одежда,ML76-0515,Лонгслив женский 7/6 Maya Longsleeve - Lemon Icing,7/6,5490 ₽,https://saletennis.com/catalog/product/longhsliv-zhienskii-7-6-maya-longsleeve-lemon-icing-19375,XXS: Санкт-Петербург (Ярослава Гашека) - 1 шт | Санкт-Петербург (Спортивная) - 1 шт | XS: Парина - 1 шт | Санкт-Петербург (Ярослава Гашека) - 1 шт | Уфа - 1 шт | Елизаветенское шоссе - 1 шт | Тюмень (Народная) - 2 шт | Санкт-Петербург (Спортивная) - 1 шт | Соболева - 1 шт | S: Тюмень (Народная) - 1 шт | Санкт-Петербург (Ярослава Гашека) - 1 шт | Санкт-Петербург (Спортивная) - 1 шт | Уфа - 1 шт | M: Санкт-Петербург (Спортивная) - 1 шт | Тюмень (Народная) - 1 шт | Санкт-Петербург (Ярослава Гашека) - 1 шт | L: Санкт-Петербург (Спортивная) - 1 шт | Санкт-Петербург (Ярослава Гашека) - 1 шт | Соболева - 1 шт | Парина - 1 шт | XL: Санкт-Петербург (Ярослава Гашека) - 1 шт | Санкт-Петербург (Спортивная) - 1 шт,23.0,data\product_images\86b32f7ca4d0.png,6.0,6.0,0.0,2.0,2.0,0.0,1.0,4.0,2.0,0.0
Одежда,W334129222,Майка женская Bidi Badu Yaka Tech - Navy/Turquoise,Bidi Badu,1990 ₽,https://saletennis.com/catalog/product/maika-zhienskaia-bidi-badu-yaka-tech-navy-turquoise-13931,XS: Основной склад Екатеринбург - 1 шт,1.0,data\product_images\c6371165dad4.png,0.0,0.0,1.0,0.0,0.0,0.0,0.0,0.0,0.0,0.0
Одежда,ND276-4405,Платье женское 7/6 Nika Dress 2.0 - Misty Blue,7/6,5490 ₽,https://saletennis.com/catalog/product/plat-ie-zhienskoie-7-6-nika-dress-2-0-misty-blue-19389,XXS: Санкт-Петербург (Спортивная) - 1 шт | XS: Парина - 1 шт | Ижевск - 1 шт | Соболева - 1 шт | Санкт-Петербург (Ярослава Гашека) - 1 шт | Санкт-Петербург (Спортивная) - 1 шт | Уфа - 1 шт | S: Тюмень (Народная) - 2 шт | Соболева - 1 шт | Уфа - 1 шт | Санкт-Петербург (Спортивная) - 1 шт | Санкт-Петербург (Ярослава Гашека) - 1 шт | Парина - 1 шт | M: Ижевск - 1 шт | Тюмень (Народная) - 1 шт | Парина - 1 шт | Санкт-Петербург (Ярослава Гашека) - 1 шт | Санкт-Петербург (Спортивная) - 2 шт | Уфа - 1 шт | Соболева - 1 шт | L: Санкт-Петербург (Спортивная) - 1 шт | Парина - 1 шт | Соболева - 1 шт | XL: Санкт-Петербург (Спортивная) - 1 шт,26.0,data\product_images\5b0d1c822568.png,3.0,7.0,0.0,4.0,4.0,0.0,0.0,3.0,3.0,2.0
Одежда,KTS76-4405,Футболка женская 7/6 Kate T-shirt - Misty Blue,7/6,4490 ₽,https://saletennis.com/catalog/product/futbolka-zhienskaia-7-6-kate-t-shirt-misty-blue-19394,XXS: Тюмень (Народная) - 1 шт | Санкт-Петербург (Ярослава Гашека) - 1 шт | Санкт-Петербург (Спортивная) - 1 шт | XS: Парина - 1 шт | Тюмень (Народная) - 2 шт | Санкт-Петербург (Ярослава Гашека) - 1 шт | Соболева - 1 шт | Санкт-Петербург (Спортивная) - 1 шт | S: Соболева - 1 шт | Елизаветенское шоссе - 1 шт | Санкт-Петербург (Спортивная) - 2 шт | Ижевск - 1 шт | Парина - 1 шт | Основной склад Екатеринбург - 1 шт | Тюмень (Народная) - 2 шт | Бисертская - 1 шт | M: Санкт-Петербург (Ярослава Гашека) - 1 шт | Уфа - 1 шт | Ижевск - 1 шт | Санкт-Петербург (Спортивная) - 1 шт | Елизаветенское шоссе - 1 шт | Парина - 1 шт | Основной склад Екатеринбург - 3 шт | Бисертская - 1 шт | Тюмень (Народная) - 1 шт | L: Елизаветенское шоссе - 1 шт | Санкт-Петербург (Спортивная) - 1 шт | Санкт-Петербург (Ярослава Гашека) - 1 шт | Тюмень (Народная) - 1 шт | Ижевск - 1 шт | XL: Санкт-Петербург (Спортивная) - 1 шт,36.0,data\product_images\e0c3974161c4.png,4.0,7.0,4.0,2.0,3.0,2.0,3.0,7.0,1.0,3.0
Одежда,FZ6910-478,Футболка мужская Nike Court Advantage Top - Armory Navy/White,Nike,7990 ₽,https://saletennis.com/catalog/product/futbolka-muzhskaia-nike-court-advantage-top-armory-navy-white-19222,M: Ижевск - 1 шт | Парина - 1 шт | XL: Парина - 1 шт,3.0,data\product_images\5250b58f7be0.jpg,0.0,0.0,0.0,0.0,2.0,0.0,0.0,0.0,0.0,1.0
Одежда,PL7060-4718,Поло мужское 7/6 Ankl Polo 2.0 - Hydro,7/6,5990 ₽,https://saletennis.com/catalog/product/polo-muzhskoie-7-6-ankl-polo-2-0-hydro-19298,S: Санкт-Петербург (Спортивная) - 1 шт | Соболева - 1 шт | Парина - 1 шт | M: Санкт-Петербург (Спортивная) - 1 шт | Уфа - 1 шт | Ижевск - 1 шт | Соболева - 2 шт | Елизаветенское шоссе - 2 шт | Тюмень (Народная) - 1 шт | Парина - 2 шт | L: Санкт-Петербург (Ярослава Гашека) - 1 шт | Ижевск - 2 шт | Парина - 1 шт | Соболева - 1 шт | Елизаветенское шоссе - 1 шт | Уфа - 1 шт | XL: Соболева - 1 шт | Парина - 1 шт | Уфа - 1 шт | Санкт-Петербург (Ярослава Гашека) - 1 шт | Санкт-Петербург (Спортивная) - 1 шт | Ижевск - 1 шт | Бисертская - 1 шт | XXL: Бисертская - 1 шт | Санкт-Петербург (Спортивная) - 1 шт | Парина - 1 шт,30.0,data\product_images\d80fb7db8037.png,2.0,4.0,0.0,5.0,6.0,2.0,3.0,1.0,3.0,4.0
Одежда,IB1037-360,Шорты мужские Nike Court Slam 6in - Light Liquid Lime/Mean Green/Black,Nike,11990 ₽,https://saletennis.com/catalog/product/shorty-muzhskiie-nike-court-slam-6in-light-liquid-lime-mean-green-black-18835,L: Тюмень (Народная) - 1 шт | Санкт-Петербург (Спортивная) - 1 шт | Парина - 1 шт | Ижевск - 1 шт,4.0,data\product_images\40b6d81bca53.jpg,0.0,1.0,0.0,0.0,1.0,0.0,0.0,1.0,0.0,1.0
Одежда,FZ6677-533,Шорты женские под платье Nike Dri-Fit - Lilac Ice,Nike,5990 ₽,https://saletennis.com/catalog/product/shorty-zhienskiie-pod-plat-ie-nike-dri-fit-lilac-ice-17688,XS: Санкт-Петербург (Спортивная) - 1 шт,1.0,data\product_images\bc69700a995f.png,0.0,1.0,0.0,0.0,0.0,0.0,0.0,0.0,0.0,0.0
Одежда,MJJ76-4109,Кофта мужская 7/6 Jackie Jacket Men - Arona,7/6,10990 ₽,https://saletennis.com/catalog/product/kofta-muzhskaia-7-6-jackie-jacket-men-arona-18605,S: Санкт-Петербург (Спортивная) - 1 шт | M: Тюмень (Народная) - 1 шт | Санкт-Петербург (Спортивная) - 1 шт | L: Санкт-Петербург (Спортивная) - 1 шт | Елизаветенское шоссе - 1 шт | Парина - 1 шт | XL: Основной склад Екатеринбург - 1 шт | Тюмень (Народная) - 1 шт | Парина - 1 шт | Елизаветенское шоссе - 1 шт | XXL: Елизаветенское шоссе - 1 шт | Санкт-Петербург (Спортивная) - 1 шт,12.0,data\product_images\c93647780ec0.png,0.0,4.0,1.0,0.0,2.0,0.0,3.0,2.0,0.0,0.0
Одежда,62GFB50120,Спортивные штаны мужские Mizuno Mugen Pant - Blue Mirage,Mizuno,5490 ₽,https://saletennis.com/catalog/product/sportivnyie-shtany-muzhskiie-mizuno-mugen-pant-blue-mirage-16846,S: Соболева - 1 шт | M: Основной склад Екатеринбург - 2 шт | L: Соболева - 1 шт | Основной склад Екатеринбург - 3 шт,7.0,data\product_images\45b31952f1ac.png,0.0,0.0,5.0,2.0,0.0,0.0,0.0,0.0,0.0,0.0
Одежда,IB1071-365,Шорты мужские Nike Court Advantage 6in - Malachite/White,Nike,6792 ₽,https://saletennis.com/catalog/product/shorty-muzhskiie-nike-court-advantage-6in-malachite-white-19031,M: Санкт-Петербург (Спортивная) - 2 шт | Тюмень (Народная) - 1 шт | Ижевск - 2 шт | L: Уфа - 2 шт | Парина - 1 шт | Тюмень (Народная) - 2 шт | Ижевск - 1 шт | Санкт-Петербург (Спортивная) - 1 шт | XL: Санкт-Петербург (Спортивная) - 1 шт | Бисертская - 1 шт,14.0,data\product_images\22494bdc806f.jpg,0.0,4.0,0.0,0.0,1.0,1.0,0.0,3.0,2.0,3.0
Одежда,KJJ76-0116,Кофта детская 7/6 Jackie Jacket Kids - Light Green,7/6,4794 ₽,https://saletennis.com/catalog/product/kofta-dietskaia-7-6-jackie-jacket-kids-light-green-17908,XS: Санкт-Петербург (Спортивная) - 1 шт | Соболева - 1 шт | Санкт-Петербург (Ярослава Гашека) - 1 шт | S: Соболева - 1 шт | Санкт-Петербург (Спортивная) - 1 шт | Основной склад Екатеринбург - 1 шт | Санкт-Петербург (Ярослава Гашека) - 1 шт | M: Санкт-Петербург (Спортивная) - 1 шт | Санкт-Петербург (Ярослава Гашека) - 1 шт | Тюмень (Народная) - 1 шт | Основной склад Екатеринбург - 1 шт | L: Санкт-Петербург (Ярослава Гашека) - 1 шт | Санкт-Петербург (Спортивная) - 1 шт | XL: Санкт-Петербург (Ярослава Гашека) - 1 шт | Тюмень (Народная) - 1 шт | Санкт-Петербург (Спортивная) - 1 шт | Основной склад Екатеринбург - 2 шт | Соболева - 1 шт,19.0,data\product_images\6c0f077327f9.png,5.0,5.0,4.0,3.0,0.0,0.0,0.0,2.0,0.0,0.0
Одежда,PL76-0404,Поло мужское 7/6 Anlk Polo - Kambaba,7/6,990 ₽,https://saletennis.com/catalog/product/polo-muzhskoie-7-6-anlk-polo-kambaba-14313,S: Основной склад Екатеринбург - 1 шт,1.0,data\product_images\785af1d93a59.png,0.0,0.0,1.0,0.0,0.0,0.0,0.0,0.0,0.0,0.0
Одежда,IB0769-133,Шорты женские Nike Court Collection High Waist Short - Sail,Nike,11990 ₽,https://saletennis.com/catalog/product/shorty-zhienskiie-nike-court-collection-high-waist-short-sail-19182,XS: Ижевск - 1 шт | S: Соболева - 1 шт | Санкт-Петербург (Спортивная) - 1 шт | M: Санкт-Петербург (Спортивная) - 1 шт | Уфа - 1 шт | Парина - 1 шт,6.0,data\product_images\e04406fd2fba.png,0.0,2.0,0.0,1.0,1.0,0.0,0.0,0.0,1.0,1.0
Одежда,AS276-0205,Шорты под платье 7/6 Ana Shorts 2.0 - Cream,7/6,2392 ₽,https://saletennis.com/catalog/product/shorty-pod-plat-ie-7-6-ana-shorts-2-0-cream-17945,XXS: Основной склад Екатеринбург - 4 шт | XS: Санкт-Петербург (Спортивная) - 1 шт | Основной склад Екатеринбург - 4 шт | Тюмень (Народная) - 1 шт | S: Санкт-Петербург (Спортивная) - 1 шт | Основной склад Екатеринбург - 4 шт | M: Санкт-Петербург (Спортивная) - 1 шт | Основной склад Екатеринбург - 1 шт | L: Основной склад Екатеринбург - 1 шт | Санкт-Петербург (Спортивная) - 1 шт | XL: Санкт-Петербург (Спортивная) - 1 шт,20.0,data\product_images\9819ffe7b65e.png,0.0,5.0,14.0,0.0,0.0,0.0,0.0,1.0,0.0,0.0
Одежда,FZ6917-815,Шорты мужские Nike Court Victory 9in - Monarch,Nike,4490 ₽,https://saletennis.com/catalog/product/shorty-muzhskiie-nike-court-victory-9in-monarch-17695,L: Санкт-Петербург (Спортивная) - 1 шт | Уфа - 1 шт | XL: Санкт-Петербург (Спортивная) - 1 шт,3.0,data\product_images\571a2ef33979.png,0.0,2.0,0.0,0.0,0.0,0.0,0.0,0.0,1.0,0.0
Одежда,BTS76-1119,Футболка детская 7/6 Max T-Shirt - Taos Taupe,7/6,490 ₽,https://saletennis.com/catalog/product/futbolka-dietskaia-7-6-max-t-shirt-taos-taupe-15403,S: Основной склад Екатеринбург - 3 шт,3.0,data\product_images\6f7b64db8e98.png,0.0,0.0,3.0,0.0,0.0,0.0,0.0,0.0,0.0,0.0
Одежда,FB5598-353,Кепка Nike Dri-FIT ADV Club Cap - Mint Foam/Cannon,Nike,4490 ₽,https://saletennis.com/catalog/product/kiepka-nike-dri-fit-adv-club-cap-mint-foam-cannon-18452,M/L: Тюмень (Народная) - 1 шт,1.0,data\product_images\f55131449a38.png,0.0,0.0,0.0,0.0,0.0,0.0,0.0,1.0,0.0,0.0
Одежда,FD5584-666,Майка женская Nike Victory Tank - Rush Pink/White,Nike,5990 ₽,https://saletennis.com/catalog/product/maika-zhienskaia-nike-victory-tank-rush-pink-white-18445,XS: Тюмень (Народная) - 1 шт | Парина - 1 шт,2.0,data\product_images\8619d4543a32.png,0.0,0.0,0.0,0.0,1.0,0.0,0.0,1.0,0.0,0.0
Одежда,JP76-4104,Штаны мужские 7/6 Jackie Pants Men - Antarctica,7/6,5990 ₽,https://saletennis.com/catalog/product/shtany-muzhskiie-7-6-jackie-pants-men-antarctica-18627,M: Парина - 1 шт | Санкт-Петербург (Спортивная) - 1 шт | L: Ижевск - 1 шт | Санкт-Петербург (Спортивная) - 1 шт | Елизаветенское шоссе - 1 шт | XL: Елизаветенское шоссе - 1 шт | Санкт-Петербург (Спортивная) - 1 шт | XXL: Санкт-Петербург (Спортивная) - 1 шт | Елизаветенское шоссе - 1 шт,9.0,data\product_images\dc045efb734f.png,0.0,4.0,0.0,0.0,1.0,0.0,3.0,0.0,0.0,1.0
Одежда,II2602-007,Майка женская Nike Court Slam - Steam/Black Spruce/Black,Nike,8990 ₽,https://saletennis.com/catalog/product/maika-zhienskaia-nike-court-slam-steam-black-spruce-black-19232,XS: Соболева - 1 шт | Парина - 1 шт | Санкт-Петербург (Спортивная) - 1 шт | S: Ижевск - 1 шт | Парина - 1 шт | Уфа - 1 шт | M: Парина - 1 шт | Уфа - 1 шт | Тюмень (Народная) - 1 шт | Санкт-Петербург (Спортивная) - 1 шт | L: Парина - 1 шт,11.0,data\product_images\acca4dbb2313.png,0.0,2.0,0.0,1.0,4.0,0.0,0.0,1.0,2.0,1.0
Одежда,IO0475-897,Платье женское Nike Court Advantage Tennis Dress - Sea Coral,Nike,11490 ₽,https://saletennis.com/catalog/product/plat-ie-zhienskoie-nike-court-advantage-tennis-dress-sea-coral-18844,XS: Уфа - 1 шт,1.0,data\product_images\5505c86cac64.png,0.0,0.0,0.0,0.0,0.0,0.0,0.0,0.0,1.0,0.0
Одежда,W1580001-PL,Майка женская Bidi Badu Protected Leafs - Black/White,Bidi Badu,2490 ₽,https://saletennis.com/catalog/product/maika-zhienskaia-bidi-badu-protected-leafs-black-white-15265,XS: Основной склад Екатеринбург - 1 шт | S: Основной склад Екатеринбург - 1 шт,2.0,data\product_images\e396f5478853.png,0.0,0.0,2.0,0.0,0.0,0.0,0.0,0.0,0.0,0.0
Одежда,NT76-4313,Майка женская Nata Sleeveless T-shirt - Light Blue,Не определен,1995 ₽,https://saletennis.com/catalog/product/maika-zhienskaia-nata-sleeveless-t-shirt-light-blue-17902,XXS: Бисертская - 1 шт | Санкт-Петербург (Спортивная) - 1 шт | XS: Основной склад Екатеринбург - 1 шт | S: Уфа - 1 шт | L: Основной склад Екатеринбург - 2 шт | XL: Санкт-Петербург (Спортивная) - 1 шт,7.0,data\product_images\73d21359e38b.png,0.0,2.0,3.0,0.0,0.0,1.0,0.0,0.0,1.0,0.0
Одежда,W1580001-DBLMX,Майка женская Bidi Badu Grafic Illumination - Navy/Multicolor,Bidi Badu,2490 ₽,https://saletennis.com/catalog/product/maika-zhienskaia-bidi-badu-grafic-illumination-navy-multicolor-15264,S: Основной склад Екатеринбург - 2 шт,2.0,data\product_images\f333ea04f3be.png,0.0,0.0,2.0,0.0,0.0,0.0,0.0,0.0,0.0,0.0
Одежда,IF1199-133,Майка мужская Nike Court Slam Tennis Tank - Sail/Mean Green/Black,Nike,12392 ₽,https://saletennis.com/catalog/product/maika-muzhskaia-nike-court-slam-tennis-tank-sail-mean-green-black-19029,M: Ижевск - 1 шт | Санкт-Петербург (Спортивная) - 1 шт | L: Санкт-Петербург (Спортивная) - 1 шт | Бисертская - 1 шт | Ижевск - 1 шт,5.0,data\product_images\ec2d4314c851.jpg,0.0,2.0,0.0,0.0,0.0,1.0,0.0,0.0,0.0,2.0
Одежда,WJJ76-1264,Кофта женская 7/6 Jackie Jacket Women - Light Green,7/6,4995 ₽,https://saletennis.com/catalog/product/kofta-zhienskaia-7-6-jackie-jacket-women-light-green-17890,XXS: Основной склад Екатеринбург - 3 шт | Санкт-Петербург (Спортивная) - 1 шт | XS: Тюмень (Народная) - 1 шт | Основной склад Екатеринбург - 4 шт | Санкт-Петербург (Спортивная) - 1 шт | S: Санкт-Петербург (Спортивная) - 2 шт | Основной склад Екатеринбург - 4 шт | Тюмень (Народная) - 1 шт | M: Основной склад Екатеринбург - 3 шт | L: Основной склад Екатеринбург - 2 шт | Санкт-Петербург (Спортивная) - 1 шт | XL: Санкт-Петербург (Спортивная) - 1 шт,24.0,data\product_images\3de912527624.png,0.0,6.0,16.0,0.0,0.0,0.0,0.0,2.0,0.0,0.0
Одежда,MD76-4313,Платье женское 7/6 Mari Dress - Light Blue,7/6,2990 ₽,https://saletennis.com/catalog/product/plat-ie-zhienskoie-7-6-mari-dress-light-blue-17894,XXS: Основной склад Екатеринбург - 4 шт | XS: Основной склад Екатеринбург - 6 шт | S: Основной склад Екатеринбург - 4 шт | M: Основной склад Екатеринбург - 6 шт | Санкт-Петербург (Спортивная) - 1 шт | L: Основной склад Екатеринбург - 1 шт | XL: Санкт-Петербург (Спортивная) - 1 шт,23.0,data\product_images\2f47a0840e62.png,0.0,2.0,21.0,0.0,0.0,0.0,0.0,0.0,0.0,0.0
Одежда,SH76-1559,Шорты мужские 7/6 Miran Shorts - Red Alert,7/6,990 ₽,https://saletennis.com/catalog/product/shorty-muzhskiie-7-6-miran-shorts-red-alert-14323,XL: Санкт-Петербург (Спортивная) - 1 шт,1.0,data\product_images\9876e0afc05d.png,0.0,1.0,0.0,0.0,0.0,0.0,0.0,0.0,0.0,0.0
Одежда,FZ6951-110,Шорты мужские Court Heritage 6in Shorts - Pale Ivory/Deep Night,Не определен,5094 ₽,https://saletennis.com/catalog/product/shorty-muzhskiie-court-heritage-6in-shorts-pale-ivory-deep-night-17788,XL: Санкт-Петербург (Спортивная) - 1 шт,1.0,data\product_images\cbdcfbc9526f.png,0.0,1.0,0.0,0.0,0.0,0.0,0.0,0.0,0.0,0.0
Одежда,FB5598-226,Кепка Nike Dri-FIT ADV Club Cap - Light Violet Ore/White,Nike,3990 ₽,https://saletennis.com/catalog/product/kiepka-nike-dri-fit-adv-club-cap-light-violet-ore-white-19216,L/XL: Уфа - 1 шт | Тюмень (Народная) - 1 шт | Бисертская - 1 шт | Санкт-Петербург (Спортивная) - 1 шт | Парина - 1 шт | M/L: Парина - 1 шт | Соболева - 1 шт | Тюмень (Народная) - 1 шт | Уфа - 1 шт,9.0,data\product_images\e4b4463de39c.png,0.0,1.0,0.0,1.0,2.0,1.0,0.0,2.0,2.0,0.0
Одежда,MD276-1265,Платье женское 7/6 Mari Dress 2.0 - Bright Pink,7/6,2990 ₽,https://saletennis.com/catalog/product/plat-ie-zhienskoie-7-6-mari-dress-2-0-bright-pink-17895,XXS: Основной склад Екатеринбург - 5 шт | XS: Санкт-Петербург (Спортивная) - 1 шт | Основной склад Екатеринбург - 3 шт | S: Основной склад Екатеринбург - 6 шт | M: Санкт-Петербург (Спортивная) - 1 шт | Бисертская - 1 шт | Основной склад Екатеринбург - 3 шт | L: Основной склад Екатеринбург - 2 шт | XL: Санкт-Петербург (Спортивная) - 1 шт,23.0,data\product_images\89315efcfa33.png,0.0,3.0,19.0,0.0,0.0,1.0,0.0,0.0,0.0,0.0
Одежда,IB1020-842,Поло мужское Nike Court Slam Tennis Polo - Turf Orange/White,Nike,11192 ₽,https://saletennis.com/catalog/product/polo-muzhskoie-nike-court-slam-tennis-polo-turf-orange-white-18831,S: Бисертская - 1 шт | M: Уфа - 1 шт | L: Ижевск - 1 шт | Уфа - 1 шт | Санкт-Петербург (Спортивная) - 1 шт | Парина - 1 шт,6.0,data\product_images\0523e4ebc298.jpg,0.0,1.0,0.0,0.0,1.0,1.0,0.0,0.0,2.0,1.0
Одежда,AC-76BK,Кепка 7/6 Adults Cap - Black,7/6,2990 ₽,https://saletennis.com/catalog/product/kiepka-7-6-adults-cap-black-13212,Бисертская: 3 сет | Санкт-Петербург (Спортивная): 3 сет | Ижевск: 9 сет | Парина: 5 сет | Соболева: 6 сет | Елизаветенское шоссе: 5 сет | Санкт-Петербург (Ярослава Гашека): 2 сет | Уфа: 10 сет | Тюмень (Народная): 5 сет,48.0,data\product_images\11b14003594e.png,2.0,3.0,0.0,6.0,5.0,3.0,5.0,5.0,10.0,9.0
Одежда,HJ8990-010,Шорты женские Nike Court Heritage Mid-Rise Fleece - Black,Nike,8490 ₽,https://saletennis.com/catalog/product/shorty-zhienskiie-nike-court-heritage-mid-rise-fleece-black-18482,XS: Санкт-Петербург (Спортивная) - 1 шт | S: Парина - 1 шт | Тюмень (Народная) - 1 шт,3.0,data\product_images\85dc92465448.png,0.0,1.0,0.0,0.0,1.0,0.0,0.0,1.0,0.0,0.0
Одежда,BPL76-0406,Поло детское 7/6 Sasha Polo - Kambaba,7/6,490 ₽,https://saletennis.com/catalog/product/polo-dietskoie-7-6-sasha-polo-kambaba-15399,XS: Основной склад Екатеринбург - 1 шт | S: Основной склад Екатеринбург - 4 шт | M: Тюмень (Народная) - 1 шт | Бисертская - 1 шт,7.0,data\product_images\649f138c522e.png,0.0,0.0,5.0,0.0,0.0,1.0,0.0,1.0,0.0,0.0
Одежда,62GBC21866,"Шорты женские под платье Mizuno Pro 4"" Short - Fuchsia Purple",Mizuno,2653 ₽,https://saletennis.com/catalog/product/shorty-zhienskiie-pod-plat-ie-mizuno-pro-4-short-fuchsia-purple-1-18216,XS: Основной склад Екатеринбург - 1 шт | S: Основной склад Екатеринбург - 2 шт | M: Основной склад Екатеринбург - 1 шт,4.0,data\product_images\bc5c8cbd31c8.png,0.0,0.0,4.0,0.0,0.0,0.0,0.0,0.0,0.0,0.0
Одежда,G1390011-LIPK,Юбка детская Bidi Badu Spike Printed Wavy - Lilac/Pink,Bidi Badu,1996 ₽,https://saletennis.com/catalog/product/iubka-dietskaia-bidi-badu-spike-printed-wavy-lilac-pink-16420,164: Основной склад Екатеринбург - 1 шт | Санкт-Петербург (Спортивная) - 1 шт,2.0,data\product_images\28fbba76ae4d.png,0.0,1.0,1.0,0.0,0.0,0.0,0.0,0.0,0.0,0.0
Одежда,120052B_20_S/46,Футболка унисекс LOVE,Не определен,990 ₽,https://saletennis.com/catalog/product/futbolka-unisieks-love-15937,S: Бисертская - 2 шт | Тюмень (Народная) - 1 шт | Основной склад Екатеринбург - 15 шт | Соболева - 1 шт | M: Бисертская - 1 шт | Основной склад Екатеринбург - 22 шт | Соболева - 1 шт | L: Основной склад Екатеринбург - 2 шт | Бисертская - 1 шт | Соболева - 2 шт,48.0,data\product_images\5b2edb8ff5a4.png,0.0,0.0,39.0,4.0,0.0,4.0,0.0,1.0,0.0,0.0
Одежда,W2300005-DB,Платье женское Bidi Badu Beach Spirit - Darkblue,Bidi Badu,2990 ₽,https://saletennis.com/catalog/product/plat-ie-zhienskoie-bidi-badu-beach-spirit-darkblue-15727,XS: Санкт-Петербург (Спортивная) - 1 шт | S: Основной склад Екатеринбург - 1 шт | Санкт-Петербург (Спортивная) - 1 шт | M: Основной склад Екатеринбург - 1 шт | Санкт-Петербург (Спортивная) - 1 шт,5.0,data\product_images\4dd4d832dc22.png,0.0,3.0,2.0,0.0,0.0,0.0,0.0,0.0,0.0,0.0
Одежда,FZ6726-323,Юбка женская Nike Advantage Ace - Fir,Nike,9490 ₽,https://saletennis.com/catalog/product/iubka-zhienskaia-nike-advantage-ace-fir-18447,XS: Санкт-Петербург (Спортивная) - 1 шт,1.0,data\product_images\2fcf0217efd4.png,0.0,1.0,0.0,0.0,0.0,0.0,0.0,0.0,0.0,0.0
Одежда,IB1071-573,Шорты мужские Nike Court Advantage 6in - Dark Raisin/White,Nike,8490 ₽,https://saletennis.com/catalog/product/shorty-muzhskiie-nike-court-advantage-6in-dark-raisin-white-19245,S: Парина - 1 шт | Соболева - 1 шт | M: Уфа - 1 шт | Парина - 1 шт | L: Ижевск - 1 шт | Соболева - 1 шт | Уфа - 1 шт | Парина - 2 шт | Санкт-Петербург (Спортивная) - 2 шт | XL: Парина - 1 шт | Санкт-Петербург (Спортивная) - 1 шт | Соболева - 1 шт,14.0,data\product_images\6bf44070a15b.jpg,0.0,3.0,0.0,3.0,5.0,0.0,0.0,0.0,2.0,1.0
Одежда,62GFB70168,Спортивные штаны женские Mizuno Mugen Pant - Patrician Purple,Mizuno,4495 ₽,https://saletennis.com/catalog/product/sportivnyie-shtany-zhienskiie-mizuno-mugen-pant-patrician-purple-16844,XS: Санкт-Петербург (Спортивная) - 1 шт | Соболева - 1 шт | S: Тюмень (Народная) - 1 шт | Санкт-Петербург (Спортивная) - 1 шт | M: Санкт-Петербург (Спортивная) - 1 шт | Тюмень (Народная) - 1 шт,6.0,data\product_images\a1c13126fc57.png,0.0,3.0,0.0,1.0,0.0,0.0,0.0,2.0,0.0,0.0
Одежда,CV7575-376,Юбка детская Nike Court Victory Skirt - Vapor Green,Nike,3894 ₽,https://saletennis.com/catalog/product/iubka-dietskaia-nike-court-victory-skirt-vapor-green-16358,XL: Санкт-Петербург (Спортивная) - 1 шт | Уфа - 1 шт | Парина - 2 шт,4.0,data\product_images\cf5b3a44c798.png,0.0,1.0,0.0,0.0,2.0,0.0,0.0,0.0,1.0,0.0
Одежда,WSA76-010,Шорты женские 7/6 Alex Shorts - Black,7/6,4392 ₽,https://saletennis.com/catalog/product/shorty-zhienskiie-7-6-alex-shorts-black-17126,XXS: Санкт-Петербург (Спортивная) - 1 шт | Тюмень (Народная) - 1 шт | XS: Санкт-Петербург (Спортивная) - 1 шт | S: Санкт-Петербург (Спортивная) - 1 шт | M: Санкт-Петербург (Спортивная) - 1 шт | Тюмень (Народная) - 1 шт | L: Санкт-Петербург (Спортивная) - 1 шт | XL: Санкт-Петербург (Спортивная) - 1 шт | Тюмень (Народная) - 1 шт,9.0,data\product_images\12bdd5338dca.png,0.0,6.0,0.0,0.0,0.0,0.0,0.0,3.0,0.0,0.0
Одежда,NS76-1215,Юбка женская 7/6 Nata Skirt - Shaved Chocolate,7/6,5990 ₽,https://saletennis.com/catalog/product/iubka-zhienskaia-7-6-nata-skirt-shaved-chocolate-19295,XXS: Санкт-Петербург (Ярослава Гашека) - 1 шт | Тюмень (Народная) - 2 шт | Санкт-Петербург (Спортивная) - 1 шт | XS: Ижевск - 1 шт | Соболева - 1 шт | Елизаветенское шоссе - 1 шт | Санкт-Петербург (Спортивная) - 1 шт | Парина - 1 шт | Тюмень (Народная) - 2 шт | Санкт-Петербург (Ярослава Гашека) - 1 шт | Уфа - 1 шт | S: Уфа - 1 шт | Бисертская - 1 шт | Соболева - 1 шт | Санкт-Петербург (Спортивная) - 1 шт | Елизаветенское шоссе - 1 шт | Основной склад Екатеринбург - 2 шт | Тюмень (Народная) - 2 шт | Парина - 1 шт | M: Уфа - 1 шт | Бисертская - 1 шт | Парина - 1 шт | Соболева - 1 шт | Тюмень (Народная) - 1 шт | Елизаветенское шоссе - 1 шт | L: Елизаветенское шоссе - 1 шт | Санкт-Петербург (Спортивная) - 1 шт | Санкт-Петербург (Ярослава Гашека) - 1 шт | XL: Санкт-Петербург (Спортивная) - 1 шт,33.0,data\product_images\eea146367b87.png,3.0,5.0,2.0,3.0,3.0,2.0,4.0,7.0,3.0,1.0
Одежда,62GEB50120,Спортивная кофта мужская Mizuno Mugen Hooded Jacket - Blue Mirage,Mizuno,6990 ₽,https://saletennis.com/catalog/product/sportivnaia-kofta-muzhskaia-mizuno-mugen-hooded-jacket-blue-mirage-16841,M: Бисертская - 1 шт,1.0,data\product_images\95fd7a20f184.png,0.0,0.0,0.0,0.0,0.0,1.0,0.0,0.0,0.0,0.0
Одежда,WPT76-NV,Спортивные штаны женские 7/6 Woman Training Pants - Navy,7/6,1990 ₽,https://saletennis.com/catalog/product/sportivnyie-shtany-zhienskiie-7-6-woman-training-pants-navy-15250,XS: Ижевск - 1 шт | Парина - 1 шт | Основной склад Екатеринбург - 2 шт | Соболева - 1 шт | S: Санкт-Петербург (Спортивная) - 2 шт | Основной склад Екатеринбург - 5 шт | Тюмень (Народная) - 1 шт,13.0,data\product_images\8f2910e023b4.png,0.0,2.0,7.0,1.0,1.0,0.0,0.0,1.0,0.0,1.0
Одежда,VT76-4313,Футболка мужская 7/6 Victory Cotton T-shirt - Light Blue,7/6,1995 ₽,https://saletennis.com/catalog/product/futbolka-muzhskaia-7-6-victory-cotton-t-shirt-light-blue-17880,S: Основной склад Екатеринбург - 3 шт | Тюмень (Народная) - 1 шт | M: Основной склад Екатеринбург - 3 шт | Санкт-Петербург (Спортивная) - 1 шт | L: Основной склад Екатеринбург - 3 шт | Санкт-Петербург (Спортивная) - 1 шт | XL: Основной склад Екатеринбург - 1 шт | XXL: Санкт-Петербург (Спортивная) - 1 шт | Основной склад Екатеринбург - 1 шт | Тюмень (Народная) - 1 шт,16.0,data\product_images\e264653e7782.png,0.0,3.0,11.0,0.0,0.0,0.0,0.0,2.0,0.0,0.0
Одежда,MTL76-1913,Футболка мужская 7/6 Loddy T-Shirt 2.0 - Ebony/Antarctica,7/6,4490 ₽,https://saletennis.com/catalog/product/futbolka-muzhskaia-7-6-loddy-t-shirt-2-0-ebony-antarctica-18619,S: Тюмень (Народная) - 1 шт | M: Парина - 2 шт | Бисертская - 1 шт | L: Тюмень (Народная) - 1 шт,5.0,data\product_images\38a2c9b30bb6.png,0.0,0.0,0.0,0.0,2.0,1.0,0.0,2.0,0.0,0.0
Одежда,SH7760-4718,Шорты мужские 7/6 Miran Shorts 7 - Hydro,7/6,4490 ₽,https://saletennis.com/catalog/product/shorty-muzhskiie-7-6-miran-shorts-7-hydro-19303,S: Тюмень (Народная) - 1 шт | M: Ижевск - 1 шт | Уфа - 1 шт | Бисертская - 1 шт | Соболева - 1 шт | Елизаветенское шоссе - 2 шт | Санкт-Петербург (Спортивная) - 1 шт | Санкт-Петербург (Ярослава Гашека) - 1 шт | Парина - 1 шт | Тюмень (Народная) - 3 шт | L: Ижевск - 2 шт | Елизаветенское шоссе - 2 шт | Соболева - 2 шт | Тюмень (Народная) - 1 шт | Уфа - 2 шт | Санкт-Петербург (Спортивная) - 1 шт | Санкт-Петербург (Ярослава Гашека) - 1 шт | Парина - 2 шт | XL: Санкт-Петербург (Ярослава Гашека) - 1 шт | Соболева - 1 шт | Ижевск - 1 шт | Бисертская - 1 шт | Елизаветенское шоссе - 1 шт | Уфа - 1 шт | Тюмень (Народная) - 2 шт | Санкт-Петербург (Спортивная) - 1 шт | Основной склад Екатеринбург - 2 шт | XXL: Санкт-Петербург (Ярослава Гашека) - 1 шт | Уфа - 1 шт | Парина - 1 шт | Санкт-Петербург (Спортивная) - 1 шт | Елизаветенское шоссе - 1 шт,42.0,data\product_images\8a977423d53a.png,4.0,4.0,2.0,4.0,4.0,2.0,6.0,7.0,5.0,4.0
Одежда,FB6443-010,Козырек Nike ADV Ace Visor - Black,Nike,3490 ₽,https://saletennis.com/catalog/product/kozyriek-nike-adv-ace-visor-black-16374,S/M: Ижевск - 1 шт | Санкт-Петербург (Спортивная) - 1 шт | Бисертская - 2 шт | Соболева - 2 шт | Уфа - 1 шт | M/L: Уфа - 1 шт | Санкт-Петербург (Спортивная) - 1 шт | Тюмень (Народная) - 1 шт,10.0,data\product_images\8ac435735f3f.png,0.0,2.0,0.0,2.0,0.0,2.0,0.0,1.0,2.0,1.0
Одежда,ML76-3612,Лонгслив женский 7/6 Maya Longsleeve - Lavander Haze,7/6,3592 ₽,https://saletennis.com/catalog/product/longhsliv-zhienskii-7-6-maya-longsleeve-lavander-haze-17899,XXS: Санкт-Петербург (Спортивная) - 1 шт | Основной склад Екатеринбург - 1 шт | XS: Санкт-Петербург (Спортивная) - 2 шт | Основной склад Екатеринбург - 3 шт | S: Санкт-Петербург (Спортивная) - 2 шт | M: Основной склад Екатеринбург - 2 шт | Санкт-Петербург (Спортивная) - 1 шт | L: Основной склад Екатеринбург - 2 шт | Санкт-Петербург (Спортивная) - 2 шт | XL: Санкт-Петербург (Спортивная) - 2 шт | Основной склад Екатеринбург - 1 шт,19.0,data\product_images\a6df48e8ee5f.png,0.0,10.0,9.0,0.0,0.0,0.0,0.0,0.0,0.0,0.0
Одежда,KS76-4718,Юбка женская 7/6 Kris Skirt - Hydro,7/6,5990 ₽,https://saletennis.com/catalog/product/iubka-zhienskaia-7-6-kris-skirt-hydro-19290,XXS: Тюмень (Народная) - 2 шт | Санкт-Петербург (Спортивная) - 1 шт | Санкт-Петербург (Ярослава Гашека) - 1 шт | XS: Санкт-Петербург (Спортивная) - 1 шт | Парина - 1 шт | Санкт-Петербург (Ярослава Гашека) - 1 шт | Соболева - 1 шт | Ижевск - 1 шт | Тюмень (Народная) - 2 шт | S: Санкт-Петербург (Спортивная) - 1 шт | Соболева - 1 шт | Санкт-Петербург (Ярослава Гашека) - 1 шт | Тюмень (Народная) - 1 шт | Бисертская - 1 шт | Елизаветенское шоссе - 1 шт | Парина - 1 шт | Уфа - 1 шт | M: Тюмень (Народная) - 2 шт | Елизаветенское шоссе - 1 шт | Ижевск - 1 шт | Парина - 1 шт | Санкт-Петербург (Спортивная) - 1 шт | Бисертская - 1 шт | Уфа - 1 шт | Санкт-Петербург (Ярослава Гашека) - 1 шт | L: Санкт-Петербург (Ярослава Гашека) - 1 шт | Ижевск - 1 шт | Санкт-Петербург (Спортивная) - 1 шт | XL: Санкт-Петербург (Спортивная) - 1 шт,32.0,data\product_images\06d77033b2c4.png,5.0,6.0,0.0,2.0,3.0,2.0,2.0,7.0,2.0,3.0
Одежда,62GAB500-16,Футболка мужская Mizuno Mugen Shadow - Estate Blue,Mizuno,3490 ₽,https://saletennis.com/catalog/product/futbolka-muzhskaia-mizuno-mugen-shadow-estate-blue-17442,L: Основной склад Екатеринбург - 1 шт,1.0,data\product_images\18a75bbd18b0.png,0.0,0.0,1.0,0.0,0.0,0.0,0.0,0.0,0.0,0.0
Одежда,AS276-100,Шорты под платье 7/6 Ana Shorts 2.0 - White,7/6,2392 ₽,https://saletennis.com/catalog/product/shorty-pod-plat-ie-7-6-ana-shorts-2-0-white-17129,XXS: Санкт-Петербург (Спортивная) - 1 шт | Тюмень (Народная) - 2 шт | Ижевск - 1 шт | XS: Санкт-Петербург (Спортивная) - 1 шт | Тюмень (Народная) - 2 шт | Санкт-Петербург (Ярослава Гашека) - 2 шт | S: Тюмень (Народная) - 1 шт | Санкт-Петербург (Спортивная) - 1 шт | Санкт-Петербург (Ярослава Гашека) - 1 шт | M: Санкт-Петербург (Ярослава Гашека) - 1 шт | Санкт-Петербург (Спортивная) - 1 шт | L: Санкт-Петербург (Ярослава Гашека) - 1 шт | Санкт-Петербург (Спортивная) - 1 шт | XL: Санкт-Петербург (Спортивная) - 1 шт | Уфа - 1 шт,18.0,data\product_images\0f18214279a7.png,5.0,6.0,0.0,0.0,0.0,0.0,0.0,5.0,1.0,1.0
Одежда,FZ6509-323,Брюки женские Nike Court Heritage Windrunner - Fir,Nike,11490 ₽,https://saletennis.com/catalog/product/briuki-zhienskiie-nike-court-heritage-windrunner-fir-18472,XS: Санкт-Петербург (Спортивная) - 1 шт | M: Санкт-Петербург (Спортивная) - 1 шт,2.0,data\product_images\7419a0c8c5a6.png,0.0,2.0,0.0,0.0,0.0,0.0,0.0,0.0,0.0,0.0
Одежда,DR10217913035073,Футболка мужская Diadora SS Score T-Shirt - Lime/Black/White,Не определен,1490 ₽,https://saletennis.com/catalog/product/futbolka-muzhskaia-diadora-ss-score-t-shirt-lime-black-white-15187,S: Основной склад Екатеринбург - 1 шт | Санкт-Петербург (Спортивная) - 1 шт | M: Основной склад Екатеринбург - 1 шт | L: Основной склад Екатеринбург - 1 шт,4.0,data\product_images\15892a78d0c3.png,0.0,1.0,3.0,0.0,0.0,0.0,0.0,0.0,0.0,0.0
Одежда,FB5598-345,Кепка Nike Dri-FIT ADV Club Cap - Dusty Cactus,Nike,4490 ₽,https://saletennis.com/catalog/product/kiepka-nike-dri-fit-adv-club-cap-dusty-cactus-17663,L/XL: Соболева - 1 шт,1.0,data\product_images\7e4adcbf8d78.png,0.0,0.0,0.0,1.0,0.0,0.0,0.0,0.0,0.0,0.0
Одежда,GST76-4405,Майка детская 7/6 Polya Sleeveless T-shirt - Misty Blue,7/6,2490 ₽,https://saletennis.com/catalog/product/maika-dietskaia-7-6-polya-sleeveless-t-shirt-misty-blue-19401,XS: Уфа - 1 шт | Санкт-Петербург (Ярослава Гашека) - 1 шт | Ижевск - 1 шт | Соболева - 1 шт | Тюмень (Народная) - 2 шт | Санкт-Петербург (Спортивная) - 1 шт | S: Тюмень (Народная) - 2 шт | Уфа - 1 шт | Санкт-Петербург (Ярослава Гашека) - 1 шт | Санкт-Петербург (Спортивная) - 1 шт | Основной склад Екатеринбург - 1 шт | Парина - 1 шт | Соболева - 1 шт | M: Уфа - 1 шт | Ижевск - 1 шт | Санкт-Петербург (Ярослава Гашека) - 1 шт | Санкт-Петербург (Спортивная) - 1 шт | Основной склад Екатеринбург - 2 шт | Парина - 1 шт | L: Санкт-Петербург (Ярослава Гашека) - 1 шт | Уфа - 1 шт | Санкт-Петербург (Спортивная) - 1 шт | Ижевск - 1 шт | Соболева - 1 шт | Парина - 1 шт | Основной склад Екатеринбург - 2 шт | Тюмень (Народная) - 2 шт | XL: Санкт-Петербург (Спортивная) - 1 шт | Ижевск - 1 шт | Уфа - 1 шт | Парина - 1 шт | Санкт-Петербург (Ярослава Гашека) - 1 шт | Основной склад Екатеринбург - 1 шт,38.0,data\product_images\a7f3145d30da.png,5.0,5.0,6.0,3.0,4.0,0.0,0.0,6.0,5.0,4.0
Одежда,FZ6917-229,Шорты мужские Nike Court Victory 9in - Light Khaki,Nike,4490 ₽,https://saletennis.com/catalog/product/shorty-muzhskiie-nike-court-victory-9in-light-khaki-17694,S: Тюмень (Народная) - 1 шт | M: Уфа - 1 шт | L: Тюмень (Народная) - 1 шт | Санкт-Петербург (Спортивная) - 1 шт | Уфа - 1 шт | XL: Санкт-Петербург (Спортивная) - 1 шт,6.0,data\product_images\7fb9d8353010.png,0.0,2.0,0.0,0.0,0.0,0.0,0.0,2.0,2.0,0.0
Одежда,SH7760-5923,Шорты мужские 7/6 Miran Shorts 7 - Dark Green,7/6,2245 ₽,https://saletennis.com/catalog/product/shorty-muzhskiie-7-6-miran-shorts-7-dark-green-17883,XXL: Тюмень (Народная) - 1 шт,1.0,data\product_images\6ce95f3a2a1d.png,0.0,0.0,0.0,0.0,0.0,0.0,0.0,1.0,0.0,0.0
Одежда,SH9760-1632,Шорты мужские 7/6 Miran Shorts 9 - Shell Pink,7/6,4990 ₽,https://saletennis.com/catalog/product/shorty-muzhskiie-7-6-miran-shorts-9-shell-pink-19306,S: Санкт-Петербург (Ярослава Гашека) - 1 шт | Елизаветенское шоссе - 1 шт | Санкт-Петербург (Спортивная) - 1 шт | Парина - 1 шт | Уфа - 1 шт | Соболева - 1 шт | M: Бисертская - 1 шт | Ижевск - 2 шт | Тюмень (Народная) - 3 шт | Парина - 2 шт | Санкт-Петербург (Спортивная) - 1 шт | Соболева - 2 шт | Уфа - 1 шт | Елизаветенское шоссе - 2 шт | Санкт-Петербург (Ярослава Гашека) - 1 шт | Основной склад Екатеринбург - 3 шт | L: Елизаветенское шоссе - 2 шт | Парина - 1 шт | Санкт-Петербург (Ярослава Гашека) - 1 шт | Тюмень (Народная) - 3 шт | Уфа - 2 шт | Ижевск - 2 шт | Санкт-Петербург (Спортивная) - 1 шт | Соболева - 2 шт | XL: Тюмень (Народная) - 1 шт | Санкт-Петербург (Ярослава Гашека) - 1 шт | Ижевск - 1 шт | Парина - 1 шт | Бисертская - 1 шт | Основной склад Екатеринбург - 2 шт | Санкт-Петербург (Спортивная) - 1 шт | Елизаветенское шоссе - 1 шт | XXL: Санкт-Петербург (Ярослава Гашека) - 1 шт | Уфа - 1 шт | Соболева - 1 шт | Санкт-Петербург (Спортивная) - 1 шт | Бисертская - 1 шт,52.0,data\product_images\4657a1e00e0e.png,5.0,5.0,5.0,6.0,5.0,3.0,6.0,7.0,5.0,5.0
Одежда,AS276-4800,Шорты под платье 7/6 Ana Shorts 2.0 - Pink,7/6,2392 ₽,https://saletennis.com/catalog/product/shorty-pod-plat-ie-7-6-ana-shorts-2-0-pink-17947,XXS: Основной склад Екатеринбург - 3 шт | XS: Основной склад Екатеринбург - 4 шт | Санкт-Петербург (Спортивная) - 1 шт | S: Основной склад Екатеринбург - 4 шт | M: Основной склад Екатеринбург - 2 шт | L: Санкт-Петербург (Спортивная) - 1 шт | Основной склад Екатеринбург - 1 шт,16.0,data\product_images\2a8783922ad0.png,0.0,2.0,14.0,0.0,0.0,0.0,0.0,0.0,0.0,0.0
Одежда,W1390018,Юбка женская Bidi Badu Kaleido - White/Mixed,Bidi Badu,1490 ₽,https://saletennis.com/catalog/product/iubka-zhienskaia-bidi-badu-kaleido-white-mixed-17234,XS: Санкт-Петербург (Спортивная) - 1 шт,1.0,data\product_images\c4a24238c8a8.png,0.0,1.0,0.0,0.0,0.0,0.0,0.0,0.0,0.0,0.0
Одежда,FZ6463-331,Платье женское Nike Court Slam - Luminous Green,Nike,11490 ₽,https://saletennis.com/catalog/product/plat-ie-zhienskoie-nike-court-slam-luminous-green-17843,M: Ижевск - 1 шт,1.0,data\product_images\7886a5ebbb8f.png,0.0,0.0,0.0,0.0,0.0,0.0,0.0,0.0,0.0,1.0
Одежда,62GBA21564,Шорты женские Mizuno Flex Short - Lilac Chiffon,Mizuno,2790 ₽,https://saletennis.com/catalog/product/shorty-zhienskiie-mizuno-flex-short-lilac-chiffon-16335,S: Основной склад Екатеринбург - 1 шт | M: Основной склад Екатеринбург - 1 шт,2.0,data\product_images\cc849de031cf.png,0.0,0.0,2.0,0.0,0.0,0.0,0.0,0.0,0.0,0.0
Одежда,MJJ76-4718,Кофта мужская 7/6 Jackie Jacket Men - Hydro,7/6,10990 ₽,https://saletennis.com/catalog/product/kofta-muzhskaia-7-6-jackie-jacket-men-hydro-19376,S: Елизаветенское шоссе - 1 шт | Санкт-Петербург (Спортивная) - 1 шт | Уфа - 1 шт | M: Тюмень (Народная) - 1 шт | Уфа - 1 шт | Соболева - 1 шт | Елизаветенское шоссе - 1 шт | Санкт-Петербург (Ярослава Гашека) - 1 шт | Парина - 1 шт | Санкт-Петербург (Спортивная) - 1 шт | L: Соболева - 1 шт | Елизаветенское шоссе - 1 шт | Парина - 1 шт | Санкт-Петербург (Спортивная) - 1 шт | Тюмень (Народная) - 1 шт | Санкт-Петербург (Ярослава Гашека) - 1 шт | Уфа - 1 шт | Ижевск - 1 шт | XL: Уфа - 1 шт | Санкт-Петербург (Спортивная) - 1 шт | Санкт-Петербург (Ярослава Гашека) - 1 шт | Соболева - 1 шт | Елизаветенское шоссе - 1 шт | Парина - 1 шт | XXL: Санкт-Петербург (Спортивная) - 1 шт | Соболева - 1 шт | Санкт-Петербург (Ярослава Гашека) - 1 шт | Елизаветенское шоссе - 1 шт,28.0,data\product_images\635a6aebf55b.png,4.0,5.0,0.0,4.0,3.0,0.0,5.0,2.0,4.0,1.0
Одежда,IH2085-010,Футболка мужская Nike Court Heritage Tennis T-Shirt - Black,Nike,4990 ₽,https://saletennis.com/catalog/product/futbolka-muzhskaia-nike-court-heritage-tennis-t-shirt-black-18859,M: Санкт-Петербург (Спортивная) - 1 шт | L: Уфа - 1 шт | Санкт-Петербург (Спортивная) - 1 шт | Тюмень (Народная) - 1 шт | Соболева - 1 шт,5.0,data\product_images\5f4c3aab3dbe.jpg,0.0,2.0,0.0,1.0,0.0,0.0,0.0,1.0,1.0,0.0
Одежда,FD5574-222,Юбка женская Nike Court Victory Skirt - Medium Olive/White,Nike,7990 ₽,https://saletennis.com/catalog/product/iubka-zhienskaia-nike-court-victory-skirt-medium-olive-white-18449,S: Парина - 1 шт,1.0,data\product_images\7c9d3a053dd1.png,0.0,0.0,0.0,0.0,1.0,0.0,0.0,0.0,0.0,0.0
Одежда,FZ6923-229,Футболка мужская Nike Court Victory Printed - Light Khaki,Nike,4490 ₽,https://saletennis.com/catalog/product/futbolka-muzhskaia-nike-court-victory-printed-light-khaki-17702,M: Санкт-Петербург (Спортивная) - 1 шт,1.0,data\product_images\6c8db5b38913.png,0.0,1.0,0.0,0.0,0.0,0.0,0.0,0.0,0.0,0.0
Одежда,W1330002,Футболка женская Bidi Badu Crew V-Neck - Pink,Bidi Badu,2490 ₽,https://saletennis.com/catalog/product/futbolka-zhienskaia-bidi-badu-crew-v-neck-pink-17228,XS: Основной склад Екатеринбург - 1 шт,1.0,data\product_images\0822aedc01fe.png,0.0,0.0,1.0,0.0,0.0,0.0,0.0,0.0,0.0,0.0
Одежда,MD276-1215,Платье женское 7/6 Mari Dress 2.0 - Shaved Chocolate,7/6,6990 ₽,https://saletennis.com/catalog/product/plat-ie-zhienskoie-7-6-mari-dress-2-0-shaved-chocolate-19283,XXS: Санкт-Петербург (Спортивная) - 1 шт | XS: Санкт-Петербург (Ярослава Гашека) - 1 шт | Елизаветенское шоссе - 1 шт | Санкт-Петербург (Спортивная) - 1 шт | Тюмень (Народная) - 1 шт | Парина - 1 шт | Уфа - 1 шт | S: Основной склад Екатеринбург - 1 шт | Тюмень (Народная) - 2 шт | Бисертская - 1 шт | Соболева - 1 шт | Елизаветенское шоссе - 1 шт | Уфа - 1 шт | Санкт-Петербург (Спортивная) - 1 шт | Санкт-Петербург (Ярослава Гашека) - 1 шт | M: Соболева - 1 шт | Санкт-Петербург (Спортивная) - 2 шт | Уфа - 1 шт | Парина - 1 шт | Санкт-Петербург (Ярослава Гашека) - 1 шт | Бисертская - 1 шт | Основной склад Екатеринбург - 1 шт | Елизаветенское шоссе - 1 шт | Тюмень (Народная) - 1 шт | L: Парина - 1 шт | Санкт-Петербург (Спортивная) - 2 шт | Соболева - 1 шт | XL: Санкт-Петербург (Спортивная) - 1 шт,31.0,data\product_images\b51a01ddb6f5.png,3.0,8.0,2.0,3.0,3.0,2.0,3.0,4.0,3.0,0.0
Одежда,W1580001,Майка женская Bidi Badu Colortwist - Pink/Navy,Bidi Badu,1490 ₽,https://saletennis.com/catalog/product/maika-zhienskaia-bidi-badu-colortwist-pink-navy-15261,S: Санкт-Петербург (Спортивная) - 1 шт | Основной склад Екатеринбург - 1 шт,2.0,data\product_images\19280bc1f732.png,0.0,1.0,1.0,0.0,0.0,0.0,0.0,0.0,0.0,0.0
Одежда,M1470009-DBLRD,Шорты мужские Bidi Badu New York 2024 7'' - Blue/Red,Bidi Badu,2596 ₽,https://saletennis.com/catalog/product/shorty-muzhskiie-bidi-badu-new-york-2024-7-blue-red-16455,XL: Санкт-Петербург (Спортивная) - 1 шт,1.0,data\product_images\a7f60b448ed7.png,0.0,1.0,0.0,0.0,0.0,0.0,0.0,0.0,0.0,0.0
Одежда,62GAC501-45,Футболка мужская Mizuno Daybreakers Graphic - Vibrant Yellow,Mizuno,3493 ₽,https://saletennis.com/catalog/product/futbolka-muzhskaia-mizuno-daybreakers-graphic-vibrant-yellow-18409,M: Тюмень (Народная) - 1 шт | Основной склад Екатеринбург - 1 шт,2.0,data\product_images\18aec81eae6c.png,0.0,0.0,1.0,0.0,0.0,0.0,0.0,1.0,0.0,0.0
Одежда,SH7760-4056,Шорты мужские 7/6 Miran Shorts 7 - Blue Lolite,7/6,2245 ₽,https://saletennis.com/catalog/product/shorty-muzhskiie-7-6-miran-shorts-7-blue-lolite-17882,S: Основной склад Екатеринбург - 1 шт | M: Основной склад Екатеринбург - 2 шт | L: Основной склад Екатеринбург - 1 шт | Санкт-Петербург (Спортивная) - 1 шт,5.0,data\product_images\0e93144ab7a8.png,0.0,1.0,4.0,0.0,0.0,0.0,0.0,0.0,0.0,0.0
Одежда,ND276-1304,Платье женское 7/6 Nika Dress 2.0 - Pearl,7/6,5490 ₽,https://saletennis.com/catalog/product/plat-ie-zhienskoie-7-6-nika-dress-2-0-pearl-19390,XXS: Санкт-Петербург (Спортивная) - 1 шт | XS: Тюмень (Народная) - 2 шт | Ижевск - 1 шт | Санкт-Петербург (Спортивная) - 1 шт | Санкт-Петербург (Ярослава Гашека) - 1 шт | Парина - 1 шт | Соболева - 1 шт | S: Санкт-Петербург (Спортивная) - 1 шт | Основной склад Екатеринбург - 1 шт | Уфа - 1 шт | Ижевск - 1 шт | Елизаветенское шоссе - 1 шт | Санкт-Петербург (Ярослава Гашека) - 1 шт | Тюмень (Народная) - 2 шт | Парина - 1 шт | Соболева - 1 шт | M: Ижевск - 1 шт | Уфа - 1 шт | Тюмень (Народная) - 2 шт | Парина - 1 шт | Санкт-Петербург (Спортивная) - 2 шт | Санкт-Петербург (Ярослава Гашека) - 1 шт | L: Санкт-Петербург (Спортивная) - 1 шт | Парина - 1 шт | XL: Санкт-Петербург (Спортивная) - 1 шт,29.0,data\product_images\87dfee0b0b39.png,3.0,7.0,1.0,2.0,4.0,0.0,1.0,6.0,2.0,3.0
Одежда,G1620029,Футболка для девочки Bidi Badu New York 2024 Chill - Blue/Red,Bidi Badu,1596 ₽,https://saletennis.com/catalog/product/futbolka-dlia-dievochki-bidi-badu-new-york-2024-chill-blue-red-16433,164: Санкт-Петербург (Спортивная) - 1 шт,1.0,data\product_images\c22064be9a9e.png,0.0,1.0,0.0,0.0,0.0,0.0,0.0,0.0,0.0,0.0
Одежда,ND76-0116,Платье женское 7/6 Nika Dress - Light Green,7/6,2490 ₽,https://saletennis.com/catalog/product/plat-ie-zhienskoie-7-6-nika-dress-light-green-17926,XXS: Санкт-Петербург (Спортивная) - 1 шт | Основной склад Екатеринбург - 4 шт | XS: Основной склад Екатеринбург - 6 шт | Санкт-Петербург (Спортивная) - 1 шт | S: Основной склад Екатеринбург - 5 шт | M: Основной склад Екатеринбург - 5 шт | L: Основной склад Екатеринбург - 1 шт | XL: Санкт-Петербург (Спортивная) - 1 шт,24.0,data\product_images\ca304e16c0d4.png,0.0,3.0,21.0,0.0,0.0,0.0,0.0,0.0,0.0,0.0
Одежда,G1580023-DBLBL,Майка детская Bidi Badu Beach Spirit - Darkblue,Bidi Badu,1380 ₽,https://saletennis.com/catalog/product/maika-dietskaia-bidi-badu-beach-spirit-darkblue-15759,152: Парина - 1 шт,1.0,data\product_images\a47e603f5b34.png,0.0,0.0,0.0,0.0,1.0,0.0,0.0,0.0,0.0,0.0
Одежда,WJJ76-4718,Кофта женская 7/6 Jackie Jacket Women - Hydro,7/6,10990 ₽,https://saletennis.com/catalog/product/kofta-zhienskaia-7-6-jackie-jacket-women-hydro-19372,XXS: Санкт-Петербург (Ярослава Гашека) - 1 шт | Санкт-Петербург (Спортивная) - 1 шт | XS: Парина - 1 шт | Санкт-Петербург (Спортивная) - 1 шт | Елизаветенское шоссе - 1 шт | Санкт-Петербург (Ярослава Гашека) - 1 шт | S: Парина - 1 шт | Санкт-Петербург (Спортивная) - 1 шт | Уфа - 1 шт | Елизаветенское шоссе - 1 шт | Ижевск - 1 шт | Тюмень (Народная) - 1 шт | Санкт-Петербург (Ярослава Гашека) - 1 шт | M: Санкт-Петербург (Ярослава Гашека) - 1 шт | Тюмень (Народная) - 1 шт | Санкт-Петербург (Спортивная) - 1 шт | Уфа - 1 шт | Елизаветенское шоссе - 1 шт | L: Санкт-Петербург (Спортивная) - 1 шт | Санкт-Петербург (Ярослава Гашека) - 1 шт | XL: Санкт-Петербург (Ярослава Гашека) - 1 шт | Санкт-Петербург (Спортивная) - 1 шт,22.0,data\product_images\63776041dd92.png,6.0,6.0,0.0,0.0,2.0,0.0,3.0,2.0,2.0,1.0
Одежда,HM6740-610,"Шорты мужские Nike Dri-Fit Slam Shorts 6"" - Bordeaux",Nike,7868 ₽,https://saletennis.com/catalog/product/shorty-muzhskiie-nike-dri-fit-slam-shorts-6-bordeaux-18335,S: Парина - 1 шт | M: Уфа - 1 шт | XL: Уфа - 1 шт | Санкт-Петербург (Спортивная) - 1 шт,4.0,data\product_images\f06dbfa25636.png,0.0,1.0,0.0,0.0,1.0,0.0,0.0,0.0,2.0,0.0
Одежда,II3469-006,Юбка женская Nike Court Slam High-Waisted Skirt - Steam/Black,Nike,10990 ₽,https://saletennis.com/catalog/product/iubka-zhienskaia-nike-court-slam-high-waisted-skirt-steam-black-19265,S: Тюмень (Народная) - 1 шт | Соболева - 1 шт | M: Уфа - 1 шт | L: Тюмень (Народная) - 1 шт,4.0,data\product_images\4a0ceb1132a8.png,0.0,0.0,0.0,1.0,0.0,0.0,0.0,2.0,1.0,0.0
Одежда,DR102179115C0013,Майка женская Diadora L. Tank Icon - White,Не определен,2990 ₽,https://saletennis.com/catalog/product/maika-zhienskaia-diadora-l-tank-icon-white-15317,XS: Основной склад Екатеринбург - 1 шт,1.0,data\product_images\dca6b615569e.png,0.0,0.0,1.0,0.0,0.0,0.0,0.0,0.0,0.0,0.0
Одежда,FZ6910-435,Футболка мужская Nike Court Advantage Top - Light Photo Blue/Hydrogen Blue,Nike,7990 ₽,https://saletennis.com/catalog/product/futbolka-muzhskaia-nike-court-advantage-top-light-photo-blue-hydrogen-blue-19223,M: Соболева - 1 шт | Парина - 1 шт | L: Ижевск - 1 шт,3.0,data\product_images\37138ffcd237.jpg,0.0,0.0,0.0,1.0,1.0,0.0,0.0,0.0,0.0,1.0
Одежда,HQ2994-006,Футболка женская Court Advantage Pro T-Shirt - Steam/White,Не определен,7990 ₽,https://saletennis.com/catalog/product/futbolka-zhienskaia-court-advantage-pro-t-shirt-steam-white-19221,S: Парина - 1 шт,1.0,data\product_images\90b7be264f73.png,0.0,0.0,0.0,0.0,1.0,0.0,0.0,0.0,0.0,0.0
Одежда,IB0782-010,Брюки женские Nike Court Advantage Tennis Pants - Black/White,Nike,9490 ₽,https://saletennis.com/catalog/product/briuki-zhienskiie-nike-court-advantage-tennis-pants-black-white-18838,S: Парина - 1 шт,1.0,data\product_images\8b9af21ed899.png,0.0,0.0,0.0,0.0,1.0,0.0,0.0,0.0,0.0,0.0
Одежда,W2620019-AQ,Футболка женская Bidi Badu Beach Spirit V-Neck - Aqua,Bidi Badu,1490 ₽,https://saletennis.com/catalog/product/futbolka-zhienskaia-bidi-badu-beach-spirit-v-neck-aqua-15735,XS: Основной склад Екатеринбург - 1 шт,1.0,data\product_images\ab93bf5c2e0e.png,0.0,0.0,1.0,0.0,0.0,0.0,0.0,0.0,0.0,0.0
Одежда,GSK76-1559,Юбка детская 7/6 Liza Skirt - Red Alert,7/6,490 ₽,https://saletennis.com/catalog/product/iubka-dietskaia-7-6-liza-skirt-red-alert-15410,L: Основной склад Екатеринбург - 1 шт | Бисертская - 1 шт,2.0,data\product_images\e38e6af33400.png,0.0,0.0,1.0,0.0,0.0,1.0,0.0,0.0,0.0,0.0
Одежда,BSH76-5923,Шорты детские 7/6 Tema Shorts - Dark Green,7/6,2093 ₽,https://saletennis.com/catalog/product/shorty-dietskiie-7-6-tema-shorts-dark-green-17918,XS: Санкт-Петербург (Спортивная) - 1 шт | S: Санкт-Петербург (Спортивная) - 2 шт | Уфа - 1 шт | Основной склад Екатеринбург - 1 шт | Тюмень - 1 шт | M: Соболева - 1 шт | Уфа - 1 шт | Санкт-Петербург (Спортивная) - 2 шт | L: Санкт-Петербург (Спортивная) - 2 шт,12.0,data\product_images\fe5117673c5e.png,0.0,7.0,1.0,1.0,0.0,0.0,0.0,1.0,2.0,0.0
Одежда,SH7760-1632,Шорты мужские 7/6 Miran Shorts 7 - Shell Pink,7/6,4490 ₽,https://saletennis.com/catalog/product/shorty-muzhskiie-7-6-miran-shorts-7-shell-pink-19305,S: Соболева - 1 шт | Елизаветенское шоссе - 1 шт | Санкт-Петербург (Спортивная) - 1 шт | Ижевск - 1 шт | Санкт-Петербург (Ярослава Гашека) - 1 шт | Парина - 1 шт | M: Тюмень (Народная) - 3 шт | Санкт-Петербург (Ярослава Гашека) - 1 шт | Соболева - 2 шт | Санкт-Петербург (Спортивная) - 1 шт | Ижевск - 1 шт | Основной склад Екатеринбург - 2 шт | Елизаветенское шоссе - 2 шт | Парина - 2 шт | L: Санкт-Петербург (Ярослава Гашека) - 1 шт | Бисертская - 1 шт | Санкт-Петербург (Спортивная) - 1 шт | Уфа - 1 шт | Ижевск - 2 шт | Елизаветенское шоссе - 2 шт | Соболева - 2 шт | Основной склад Екатеринбург - 3 шт | Парина - 2 шт | Тюмень (Народная) - 3 шт | XL: Основной склад Екатеринбург - 1 шт | Ижевск - 1 шт | Санкт-Петербург (Ярослава Гашека) - 1 шт | Соболева - 2 шт | Елизаветенское шоссе - 1 шт | Бисертская - 1 шт | Парина - 1 шт | Тюмень (Народная) - 1 шт | XXL: Парина - 1 шт | Санкт-Петербург (Спортивная) - 1 шт | Елизаветенское шоссе - 1 шт | Соболева - 1 шт | Ижевск - 1 шт,52.0,data\product_images\8cd3a80c8512.png,4.0,4.0,6.0,8.0,7.0,2.0,7.0,7.0,1.0,6.0
Одежда,GST76-1304,Майка детская 7/6 Polya Sleeveless T-shirt - Pearl,7/6,2490 ₽,https://saletennis.com/catalog/product/maika-dietskaia-7-6-polya-sleeveless-t-shirt-pearl-19402,XS: Парина - 1 шт | Тюмень (Народная) - 1 шт | Уфа - 1 шт | Санкт-Петербург (Спортивная) - 1 шт | Соболева - 1 шт | S: Парина - 1 шт | Основной склад Екатеринбург - 1 шт | Тюмень (Народная) - 2 шт | Соболева - 1 шт | Санкт-Петербург (Спортивная) - 1 шт | Санкт-Петербург (Ярослава Гашека) - 1 шт | Ижевск - 1 шт | M: Уфа - 1 шт | Санкт-Петербург (Спортивная) - 1 шт | Основной склад Екатеринбург - 2 шт | Тюмень (Народная) - 2 шт | Ижевск - 1 шт | Санкт-Петербург (Ярослава Гашека) - 1 шт | Парина - 1 шт | Соболева - 1 шт | L: Уфа - 1 шт | Соболева - 1 шт | Ижевск - 1 шт | Санкт-Петербург (Спортивная) - 1 шт | Парина - 1 шт | Основной склад Екатеринбург - 2 шт | Тюмень (Народная) - 2 шт | Санкт-Петербург (Ярослава Гашека) - 1 шт | XL: Парина - 1 шт | Санкт-Петербург (Ярослава Гашека) - 1 шт | Основной склад Екатеринбург - 1 шт | Соболева - 1 шт | Санкт-Петербург (Спортивная) - 1 шт | Уфа - 1 шт | Ижевск - 1 шт,40.0,data\product_images\f51fdfb1338f.png,4.0,5.0,6.0,5.0,5.0,0.0,0.0,7.0,4.0,4.0
Одежда,ET76-0205,Футболка для девочек 7/6 Eva T-shirt 2.0 - Cream,7/6,2093 ₽,https://saletennis.com/catalog/product/futbolka-dlia-dievochiek-7-6-eva-t-shirt-2-0-cream-17909,XS: Уфа - 1 шт | S: Уфа - 1 шт | M: Основной склад Екатеринбург - 1 шт | Санкт-Петербург (Спортивная) - 1 шт | Уфа - 1 шт | L: Уфа - 1 шт | Соболева - 1 шт | Санкт-Петербург (Спортивная) - 1 шт | XL: Санкт-Петербург (Спортивная) - 1 шт | Уфа - 1 шт | Основной склад Екатеринбург - 1 шт,11.0,data\product_images\7bcc33df9754.png,0.0,3.0,2.0,1.0,0.0,0.0,0.0,0.0,5.0,0.0
Одежда,KSK76-0116,Юбка детская 7/6 Kristy Skirt - Light Green/Lavander,7/6,2793 ₽,https://saletennis.com/catalog/product/iubka-dietskaia-7-6-kristy-skirt-light-green-lavander-18143,S: Санкт-Петербург (Спортивная) - 1 шт | M: Основной склад Екатеринбург - 2 шт | Соболева - 1 шт | Санкт-Петербург (Спортивная) - 1 шт | L: Тюмень (Народная) - 2 шт | Санкт-Петербург (Спортивная) - 1 шт | Соболева - 1 шт | Уфа - 1 шт | Основной склад Екатеринбург - 2 шт | XL: Основной склад Екатеринбург - 3 шт | Санкт-Петербург (Спортивная) - 1 шт | Соболева - 1 шт | Тюмень (Народная) - 1 шт | Уфа - 1 шт,19.0,data\product_images\988564277e81.png,0.0,4.0,7.0,3.0,0.0,0.0,0.0,3.0,2.0,0.0
Одежда,W2300010,Платье женское Bidi Badu Spectrum - Turquoise/Navy,Bidi Badu,3990 ₽,https://saletennis.com/catalog/product/plat-ie-zhienskoie-bidi-badu-spectrum-turquoise-navy-17219,XS: Основной склад Екатеринбург - 1 шт | S: Основной склад Екатеринбург - 2 шт,3.0,data\product_images\e26596f7b7b6.png,0.0,0.0,3.0,0.0,0.0,0.0,0.0,0.0,0.0,0.0
Одежда,62GAB502-01,Поло мужское Mizuno Mugen Shadow Polo - White,Mizuno,3990 ₽,https://saletennis.com/catalog/product/polo-muzhskoie-mizuno-mugen-shadow-polo-white-17439,S: Санкт-Петербург (Спортивная) - 1 шт | M: Основной склад Екатеринбург - 1 шт,2.0,data\product_images\0071d795e0da.png,0.0,1.0,1.0,0.0,0.0,0.0,0.0,0.0,0.0,0.0
Одежда,62GEC00209,Спортивная кофта мужская Mizuno Frontier Shadow Jacket - Black,Mizuno,7693 ₽,https://saletennis.com/catalog/product/sportivnaia-kofta-muzhskaia-mizuno-frontier-shadow-jacket-black-18205,S: Основной склад Екатеринбург - 1 шт | M: Основной склад Екатеринбург - 3 шт | XXL: Основной склад Екатеринбург - 1 шт,5.0,data\product_images\4401dbd710d4.png,0.0,0.0,5.0,0.0,0.0,0.0,0.0,0.0,0.0,0.0
Одежда,DS76-1119,Платье женское 7/6 Ana Dress - Taos Taupe,7/6,490 ₽,https://saletennis.com/catalog/product/plat-ie-zhienskoie-7-6-ana-dress-taos-taupe-14301,XXS: Санкт-Петербург (Спортивная) - 2 шт | Основной склад Екатеринбург - 1 шт,3.0,data\product_images\04fab36a55f5.png,0.0,2.0,1.0,0.0,0.0,0.0,0.0,0.0,0.0,0.0
Одежда,MPA76-010,Поло мужское 7/6 Andy Polo - Black,7/6,2490 ₽,https://saletennis.com/catalog/product/polo-muzhskoie-7-6-andy-polo-black-17115,S: Парина - 1 шт | Санкт-Петербург (Спортивная) - 1 шт,2.0,data\product_images\e232218b330e.png,0.0,1.0,0.0,0.0,1.0,0.0,0.0,0.0,0.0,0.0
Одежда,G1300005-DBLBL,Платье детское Bidi Badu Beach Spirit - Darkblue,Bidi Badu,1990 ₽,https://saletennis.com/catalog/product/plat-ie-dietskoie-bidi-badu-beach-spirit-darkblue-15757,152: Основной склад Екатеринбург - 2 шт | Санкт-Петербург (Спортивная) - 1 шт | 164: Основной склад Екатеринбург - 1 шт,4.0,data\product_images\d3cf52480bd8.png,0.0,1.0,3.0,0.0,0.0,0.0,0.0,0.0,0.0,0.0
Одежда,62GAC20213,Майка женская Mizuno Frontier Tank - Midnight Navy,Mizuno,2933 ₽,https://saletennis.com/catalog/product/maika-zhienskaia-mizuno-frontier-tank-midnight-navy-18195,XS: Основной склад Екатеринбург - 2 шт | S: Основной склад Екатеринбург - 4 шт,6.0,data\product_images\d48f12d244dd.png,0.0,0.0,6.0,0.0,0.0,0.0,0.0,0.0,0.0,0.0
Одежда,IH5059-410,Футболка женская Nike Heritage - Midnight Navy/Sail,Nike,4990 ₽,https://saletennis.com/catalog/product/futbolka-zhienskaia-nike-heritage-midnight-navy-sail-19212,XS: Тюмень (Народная) - 1 шт,1.0,data\product_images\6097dad4058d.png,0.0,0.0,0.0,0.0,0.0,0.0,0.0,1.0,0.0,0.0
Одежда,MJ76-WHBK,Ветровка мужская 7/6 Man Jacket - White/Black,7/6,6990 ₽,https://saletennis.com/catalog/product/vietrovka-muzhskaia-7-6-man-jacket-white-black-15243,S: Санкт-Петербург (Спортивная) - 1 шт | L: Санкт-Петербург (Спортивная) - 1 шт | XL: Санкт-Петербург (Спортивная) - 1 шт | XXL: Санкт-Петербург (Спортивная) - 1 шт,4.0,data\product_images\37d52ec6db4f.png,0.0,4.0,0.0,0.0,0.0,0.0,0.0,0.0,0.0,0.0
Одежда,NS76-6324,Юбка женская 7/6 Nata Skirt - Light Green/Green,7/6,2995 ₽,https://saletennis.com/catalog/product/iubka-zhienskaia-7-6-nata-skirt-light-green-green-17941,XXS: Основной склад Екатеринбург - 2 шт | Санкт-Петербург (Спортивная) - 1 шт | XS: Основной склад Екатеринбург - 7 шт | Тюмень (Народная) - 1 шт | Санкт-Петербург (Спортивная) - 1 шт | S: Тюмень (Народная) - 1 шт | Санкт-Петербург (Спортивная) - 2 шт | Основной склад Екатеринбург - 4 шт | M: Основной склад Екатеринбург - 1 шт | L: Основной склад Екатеринбург - 2 шт | XL: Санкт-Петербург (Спортивная) - 1 шт,23.0,data\product_images\44be0f7dd1e3.png,0.0,5.0,16.0,0.0,0.0,0.0,0.0,2.0,0.0,0.0
Одежда,FZ6937-539,"Шорты мужские Nike Court Slam 6"" - Deep Night/White",Nike,7343 ₽,https://saletennis.com/catalog/product/shorty-muzhskiie-nike-court-slam-6-deep-night-white-17790,XL: Санкт-Петербург (Спортивная) - 1 шт,1.0,data\product_images\6ec0497f5858.png,0.0,1.0,0.0,0.0,0.0,0.0,0.0,0.0,0.0,0.0
Одежда,ML76-010,Лонгслив женский 7/6 Maya Longsleeve - Black,7/6,5990 ₽,https://saletennis.com/catalog/product/longhsliv-zhienskii-7-6-maya-longsleeve-black-18809,XXS: Санкт-Петербург (Спортивная) - 1 шт | Парина - 1 шт | Елизаветенское шоссе - 1 шт | XS: Парина - 1 шт | Соболева - 1 шт | Уфа - 1 шт | Санкт-Петербург (Спортивная) - 1 шт | M: Уфа - 1 шт | L: Санкт-Петербург (Спортивная) - 1 шт | XL: Санкт-Петербург (Спортивная) - 1 шт,10.0,data\product_images\b48fbdd115e3.png,0.0,4.0,0.0,1.0,2.0,0.0,1.0,0.0,2.0,0.0
Одежда,NT76-4104,Майка женская Nata Sleeveless T-shirt - Antarctica,Не определен,4990 ₽,https://saletennis.com/catalog/product/maika-zhienskaia-nata-sleeveless-t-shirt-antarctica-18586,XS: Санкт-Петербург (Спортивная) - 1 шт | Уфа - 1 шт | Тюмень (Народная) - 1 шт | Елизаветенское шоссе - 1 шт | Соболева - 1 шт | S: Соболева - 1 шт | M: Соболева - 1 шт | Елизаветенское шоссе - 2 шт | Бисертская - 1 шт | Тюмень (Народная) - 1 шт | Уфа - 1 шт | XL: Санкт-Петербург (Спортивная) - 1 шт,13.0,data\product_images\1f59006fe7aa.png,0.0,2.0,0.0,3.0,0.0,1.0,3.0,2.0,2.0,0.0
Одежда,SH7060-010,Шорты мужские 7/6 Miran Shorts 7 - Black,7/6,3992 ₽,https://saletennis.com/catalog/product/shorty-muzhskiie-7-6-miran-shorts-7-black-17124,S: Соболева - 1 шт | Тюмень (Народная) - 2 шт | Бисертская - 1 шт | Ижевск - 1 шт | Санкт-Петербург (Спортивная) - 1 шт | M: Ижевск - 1 шт | Соболева - 1 шт | Бисертская - 1 шт | Елизаветенское шоссе - 1 шт | Парина - 1 шт | L: Основной склад Екатеринбург - 3 шт | Ижевск - 2 шт | Парина - 2 шт | Бисертская - 1 шт | Уфа - 1 шт | Соболева - 3 шт | Елизаветенское шоссе - 2 шт | XL: Уфа - 1 шт | Санкт-Петербург (Спортивная) - 1 шт | Парина - 1 шт,28.0,data\product_images\01516e0e64fb.png,0.0,2.0,3.0,5.0,4.0,3.0,3.0,2.0,2.0,4.0
Одежда,G1390009-DBLRD,Юбка детская Bidi Badu New York 2024 - Blue/Red,Bidi Badu,2196 ₽,https://saletennis.com/catalog/product/iubka-dietskaia-bidi-badu-new-york-2024-blue-red-16437,164: Основной склад Екатеринбург - 1 шт,1.0,data\product_images\7549d4fa55c4.png,0.0,0.0,1.0,0.0,0.0,0.0,0.0,0.0,0.0,0.0
Одежда,II3606-100,Майка женская Nike Court Advantage - White/Black,Nike,7990 ₽,https://saletennis.com/catalog/product/maika-zhienskaia-nike-court-advantage-white-black-19258,XS: Санкт-Петербург (Спортивная) - 1 шт | S: Парина - 2 шт | Соболева - 1 шт | Тюмень (Народная) - 1 шт | Ижевск - 1 шт | M: Соболева - 1 шт,7.0,data\product_images\26905d66e7e1.png,0.0,1.0,0.0,2.0,2.0,0.0,0.0,1.0,0.0,1.0
Одежда,SH9760-4109,Шорты мужские 7/6 Miran Shorts 9 - Arona,7/6,4990 ₽,https://saletennis.com/catalog/product/shorty-muzhskiie-7-6-miran-shorts-9-arona-18625,L: Санкт-Петербург (Спортивная) - 2 шт | Соболева - 1 шт | XL: Соболева - 1 шт | Санкт-Петербург (Спортивная) - 1 шт | Ижевск - 1 шт,6.0,data\product_images\3884dee97b09.png,0.0,3.0,0.0,2.0,0.0,0.0,0.0,0.0,0.0,1.0
Одежда,62GHC700-44,Платье женское Mizuno Daybreakers Dress - Lemon Tonic,Mizuno,4893 ₽,https://saletennis.com/catalog/product/plat-ie-zhienskoie-mizuno-daybreakers-dress-lemon-tonic-18410,XS: Тюмень (Народная) - 1 шт,1.0,data\product_images\2972a8a78cfd.png,0.0,0.0,0.0,0.0,0.0,0.0,0.0,1.0,0.0,0.0
Одежда,LS76-4718,Лонгслив мужской 7/6 Tony Longsleeve 2.0 - Hydro,7/6,5990 ₽,https://saletennis.com/catalog/product/longhsliv-muzhskoi-7-6-tony-longsleeve-2-0-hydro-19378,S: Санкт-Петербург (Ярослава Гашека) - 1 шт | Санкт-Петербург (Спортивная) - 1 шт | Елизаветенское шоссе - 1 шт | Парина - 1 шт | Соболева - 1 шт | M: Санкт-Петербург (Спортивная) - 1 шт | Соболева - 1 шт | Санкт-Петербург (Ярослава Гашека) - 1 шт | Парина - 1 шт | Ижевск - 1 шт | Тюмень (Народная) - 1 шт | Уфа - 1 шт | L: Санкт-Петербург (Спортивная) - 1 шт | Елизаветенское шоссе - 1 шт | Санкт-Петербург (Ярослава Гашека) - 1 шт | Тюмень (Народная) - 1 шт | Уфа - 1 шт | XL: Уфа - 1 шт | Санкт-Петербург (Ярослава Гашека) - 1 шт | Парина - 1 шт | Санкт-Петербург (Спортивная) - 1 шт | Ижевск - 1 шт | XXL: Санкт-Петербург (Спортивная) - 1 шт | Санкт-Петербург (Ярослава Гашека) - 1 шт | Уфа - 1 шт,25.0,data\product_images\98470bd7bbce.png,5.0,5.0,0.0,2.0,3.0,0.0,2.0,2.0,4.0,2.0
Одежда,G1580025,Майка детская Bidi Badu Wild Arts - White/Mixed,Bidi Badu,1490 ₽,https://saletennis.com/catalog/product/maika-dietskaia-bidi-badu-wild-arts-white-mixed-16014,152: Основной склад Екатеринбург - 1 шт | 164: Основной склад Екатеринбург - 1 шт,2.0,data\product_images\ba351e558b63.png,0.0,0.0,2.0,0.0,0.0,0.0,0.0,0.0,0.0,0.0
Одежда,WJP76-4718,Штаны женские 7/6 Jackie Pants Women - Hydro,7/6,5990 ₽,https://saletennis.com/catalog/product/shtany-zhienskiie-7-6-jackie-pants-women-hydro-19400,XXS: Санкт-Петербург (Спортивная) - 1 шт | Санкт-Петербург (Ярослава Гашека) - 1 шт | XS: Елизаветенское шоссе - 1 шт | Парина - 1 шт | Санкт-Петербург (Спортивная) - 1 шт | Санкт-Петербург (Ярослава Гашека) - 1 шт | S: Санкт-Петербург (Ярослава Гашека) - 1 шт | Санкт-Петербург (Спортивная) - 1 шт | Парина - 1 шт | Ижевск - 1 шт | Уфа - 1 шт | Елизаветенское шоссе - 1 шт | Тюмень (Народная) - 1 шт | M: Уфа - 1 шт | Парина - 1 шт | Санкт-Петербург (Ярослава Гашека) - 1 шт | Ижевск - 1 шт | Тюмень (Народная) - 1 шт | Санкт-Петербург (Спортивная) - 1 шт | L: Санкт-Петербург (Спортивная) - 1 шт | Санкт-Петербург (Ярослава Гашека) - 1 шт | XL: Санкт-Петербург (Ярослава Гашека) - 1 шт | Санкт-Петербург (Спортивная) - 1 шт,23.0,data\product_images\5e9cd193a5a0.png,6.0,6.0,0.0,0.0,3.0,0.0,2.0,2.0,2.0,2.0
Одежда,FZ6910-010,Футболка мужская Nike Court Advantage Top - Black/White,Nike,5993 ₽,https://saletennis.com/catalog/product/futbolka-muzhskaia-nike-court-advantage-top-black-white-17372,XL: Уфа - 1 шт,1.0,data\product_images\fc61f580eaea.jpg,0.0,0.0,0.0,0.0,0.0,0.0,0.0,0.0,1.0,0.0
Одежда,VT76-0102,Футболка мужская 7/6 Victory Cotton T-shirt - White/Black,7/6,1990 ₽,https://saletennis.com/catalog/product/futbolka-muzhskaia-7-6-victory-cotton-t-shirt-white-black-17123,M: Основной склад Екатеринбург - 1 шт | Тюмень (Народная) - 1 шт | Соболева - 1 шт | Санкт-Петербург (Спортивная) - 1 шт | L: Тюмень (Народная) - 1 шт | Бисертская - 1 шт | Уфа - 1 шт | XL: Основной склад Екатеринбург - 1 шт | Бисертская - 1 шт | Соболева - 1 шт | Санкт-Петербург (Спортивная) - 2 шт | XXL: Санкт-Петербург (Спортивная) - 1 шт | Основной склад Екатеринбург - 1 шт | Соболева - 1 шт,15.0,data\product_images\05429668cda0.png,0.0,4.0,3.0,3.0,0.0,2.0,0.0,2.0,1.0,0.0
Одежда,KT76-1632,Топ женский 7/6 Kris Top - Shell Pink,7/6,5990 ₽,https://saletennis.com/catalog/product/top-zhienskii-7-6-kris-top-shell-pink-19288,XXS: Санкт-Петербург (Спортивная) - 1 шт | Ижевск - 1 шт | Санкт-Петербург (Ярослава Гашека) - 1 шт | XS: Санкт-Петербург (Спортивная) - 1 шт | Парина - 1 шт | Санкт-Петербург (Ярослава Гашека) - 1 шт | Тюмень (Народная) - 1 шт | Ижевск - 1 шт | S: Уфа - 1 шт | Бисертская - 1 шт | Санкт-Петербург (Спортивная) - 1 шт | Парина - 1 шт | Елизаветенское шоссе - 2 шт | Ижевск - 1 шт | Тюмень (Народная) - 1 шт | Основной склад Екатеринбург - 2 шт | Санкт-Петербург (Ярослава Гашека) - 1 шт | M: Соболева - 1 шт | Санкт-Петербург (Ярослава Гашека) - 1 шт | Санкт-Петербург (Спортивная) - 1 шт | Ижевск - 1 шт | Парина - 2 шт | Основной склад Екатеринбург - 2 шт | Елизаветенское шоссе - 2 шт | Уфа - 1 шт | L: Соболева - 1 шт | Парина - 1 шт | Санкт-Петербург (Ярослава Гашека) - 1 шт | Санкт-Петербург (Спортивная) - 1 шт | Ижевск - 1 шт | XL: Санкт-Петербург (Спортивная) - 1 шт,36.0,data\product_images\fea8d45f3a8a.png,5.0,6.0,4.0,2.0,5.0,1.0,4.0,2.0,2.0,5.0
Одежда,IB3776-663,Футболка женская Nike Victory - Pink Foam/White,Nike,6490 ₽,https://saletennis.com/catalog/product/futbolka-zhienskaia-nike-victory-pink-foam-white-19197,M: Санкт-Петербург (Спортивная) - 1 шт,1.0,data\product_images\5776d67540a8.png,0.0,1.0,0.0,0.0,0.0,0.0,0.0,0.0,0.0,0.0
Одежда,62GBB735-68,"Шорты женские Mizuno 3"" Flex Short - Patrician Purple",Mizuno,2990 ₽,https://saletennis.com/catalog/product/shorty-zhienskiie-mizuno-3-flex-short-patrician-purple-17476,XS: Санкт-Петербург (Спортивная) - 1 шт | Соболева - 1 шт | S: Санкт-Петербург (Спортивная) - 1 шт | Основной склад Екатеринбург - 2 шт | Соболева - 1 шт | M: Основной склад Екатеринбург - 2 шт | Санкт-Петербург (Спортивная) - 1 шт,9.0,data\product_images\5d080e956547.png,0.0,3.0,4.0,2.0,0.0,0.0,0.0,0.0,0.0,0.0
Одежда,FD5574-017,Юбка женская Nike Court Victory Skirt - Cannon/White,Nike,5992 ₽,https://saletennis.com/catalog/product/iubka-zhienskaia-nike-court-victory-skirt-cannon-white-18301,XS: Санкт-Петербург (Спортивная) - 1 шт,1.0,data\product_images\8e6b8b3997f9.png,0.0,1.0,0.0,0.0,0.0,0.0,0.0,0.0,0.0,0.0
Одежда,62GAC00445,Поло мужское Mizuno Frontier Shadow Polo - Cyber Yellow,Mizuno,4193 ₽,https://saletennis.com/catalog/product/polo-muzhskoie-mizuno-frontier-shadow-polo-cyber-yellow-18206,M: Основной склад Екатеринбург - 1 шт | Тюмень (Народная) - 1 шт | L: Основной склад Екатеринбург - 1 шт | XL: Основной склад Екатеринбург - 1 шт,4.0,data\product_images\60a55e9a74a2.png,0.0,0.0,3.0,0.0,0.0,0.0,0.0,1.0,0.0,0.0
Одежда,W2580028,Майка женская Bidi Badu Spike - Navy/Pink,Bidi Badu,1990 ₽,https://saletennis.com/catalog/product/maika-zhienskaia-bidi-badu-spike-navy-pink-16367,XS: Основной склад Екатеринбург - 1 шт | S: Основной склад Екатеринбург - 1 шт | Санкт-Петербург (Спортивная) - 1 шт | M: Санкт-Петербург (Спортивная) - 1 шт | Основной склад Екатеринбург - 1 шт,5.0,data\product_images\debe22450ce5.png,0.0,2.0,3.0,0.0,0.0,0.0,0.0,0.0,0.0,0.0
Одежда,II3472-007,Юбка женская Nike Court Slam High-Waisted Skirt - Steam/Black Spruce/Black,Nike,10990 ₽,https://saletennis.com/catalog/product/iubka-zhienskaia-nike-court-slam-high-waisted-skirt-steam-black-spruce-black-19264,XS: Санкт-Петербург (Спортивная) - 1 шт | Соболева - 1 шт | S: Соболева - 1 шт | Парина - 1 шт | Ижевск - 1 шт | L: Парина - 1 шт,6.0,data\product_images\6cb549566bea.png,0.0,1.0,0.0,2.0,2.0,0.0,0.0,0.0,0.0,1.0
Одежда,MD76-010,Платье женское 7/6 Mari Dress - Black,7/6,2490 ₽,https://saletennis.com/catalog/product/plat-ie-zhienskoie-7-6-mari-dress-black-17103,XXS: Соболева - 1 шт | Парина - 1 шт | Санкт-Петербург (Спортивная) - 1 шт | L: Соболева - 1 шт,4.0,data\product_images\c51e5784b93c.png,0.0,1.0,0.0,2.0,1.0,0.0,0.0,0.0,0.0,0.0
Одежда,62GAB20267,Майка женская Mizuno Charge Printed Tank - Purple Magic,Mizuno,2490 ₽,https://saletennis.com/catalog/product/maika-zhienskaia-mizuno-charge-printed-tank-purple-magic-16333,XS: Санкт-Петербург (Спортивная) - 1 шт | Основной склад Екатеринбург - 1 шт,2.0,data\product_images\eb69be1bfbd4.png,0.0,1.0,1.0,0.0,0.0,0.0,0.0,0.0,0.0,0.0
Одежда,62GEB50109,Спортивная кофта мужская Mizuno Mugen Hooded Jacket - Black,Mizuno,6990 ₽,https://saletennis.com/catalog/product/sportivnaia-kofta-muzhskaia-mizuno-mugen-hooded-jacket-black-16840,S: Основной склад Екатеринбург - 1 шт,1.0,data\product_images\cdbd422b62e3.png,0.0,0.0,1.0,0.0,0.0,0.0,0.0,0.0,0.0,0.0
Одежда,ND276-3612,Платье женское 7/6 Nika Dress - Lavander Haze,7/6,2490 ₽,https://saletennis.com/catalog/product/plat-ie-zhienskoie-7-6-nika-dress-lavander-haze-17925,XXS: Основной склад Екатеринбург - 3 шт | Санкт-Петербург (Спортивная) - 1 шт | XS: Санкт-Петербург (Спортивная) - 1 шт | Основной склад Екатеринбург - 6 шт | S: Основной склад Екатеринбург - 6 шт | M: Основной склад Екатеринбург - 5 шт | L: Основной склад Екатеринбург - 1 шт,23.0,data\product_images\6cc4a73f0231.png,0.0,2.0,21.0,0.0,0.0,0.0,0.0,0.0,0.0,0.0
Одежда,IF1560-006,Шорты мужские Nike Court Slam 6in - Steam/Barely Green/Black,Nike,11490 ₽,https://saletennis.com/catalog/product/shorty-muzhskiie-nike-court-slam-6in-steam-barely-green-black-19249,M: Ижевск - 1 шт | L: Соболева - 1 шт | Тюмень (Народная) - 1 шт | Санкт-Петербург (Спортивная) - 1 шт | XL: Санкт-Петербург (Спортивная) - 1 шт | Соболева - 1 шт,6.0,data\product_images\cf1ebe8525d7.jpg,0.0,2.0,0.0,2.0,0.0,0.0,0.0,1.0,0.0,1.0
Одежда,PL7060-100,Поло мужское 7/6 Ankl Polo 2.0 - White,7/6,2990 ₽,https://saletennis.com/catalog/product/polo-muzhskoie-7-6-ankl-polo-2-0-white-17118,S: Соболева - 1 шт | Тюмень (Народная) - 1 шт | Санкт-Петербург (Спортивная) - 1 шт | Парина - 1 шт | M: Соболева - 2 шт | Ижевск - 1 шт | Елизаветенское шоссе - 2 шт | Парина - 1 шт | Тюмень (Народная) - 1 шт | Бисертская - 1 шт | L: Соболева - 1 шт | Парина - 2 шт | Елизаветенское шоссе - 2 шт | Ижевск - 1 шт | Бисертская - 1 шт | XL: Соболева - 1 шт | Бисертская - 1 шт | Елизаветенское шоссе - 1 шт | Санкт-Петербург (Спортивная) - 1 шт | XXL: Соболева - 1 шт | Санкт-Петербург (Спортивная) - 1 шт,25.0,data\product_images\b34c00c1d708.png,0.0,3.0,0.0,6.0,4.0,3.0,5.0,2.0,0.0,2.0
Одежда,JP76-4718,Штаны мужские 7/6 Jackie Pants Men - Hydro,7/6,5990 ₽,https://saletennis.com/catalog/product/shtany-muzhskiie-7-6-jackie-pants-men-hydro-19387,S: Елизаветенское шоссе - 1 шт | Санкт-Петербург (Спортивная) - 1 шт | M: Санкт-Петербург (Спортивная) - 1 шт | Парина - 1 шт | Санкт-Петербург (Ярослава Гашека) - 1 шт | Ижевск - 1 шт | Тюмень (Народная) - 1 шт | Соболева - 1 шт | Уфа - 1 шт | Елизаветенское шоссе - 1 шт | L: Санкт-Петербург (Спортивная) - 1 шт | Ижевск - 1 шт | Санкт-Петербург (Ярослава Гашека) - 1 шт | Елизаветенское шоссе - 1 шт | Уфа - 1 шт | Парина - 1 шт | Соболева - 1 шт | Тюмень (Народная) - 1 шт | XL: Санкт-Петербург (Спортивная) - 1 шт | Уфа - 1 шт | Елизаветенское шоссе - 1 шт | Парина - 1 шт | Санкт-Петербург (Ярослава Гашека) - 1 шт | Соболева - 1 шт | XXL: Елизаветенское шоссе - 1 шт | Санкт-Петербург (Ярослава Гашека) - 1 шт | Санкт-Петербург (Спортивная) - 1 шт | Соболева - 1 шт,28.0,data\product_images\50084eb9e9a3.png,4.0,5.0,0.0,4.0,3.0,0.0,5.0,2.0,3.0,2.0
Одежда,DTS76-1215,Футболка мужская 7/6 Den T-Shirt Sparkle Chocolate Print,7/6,4990 ₽,https://saletennis.com/catalog/product/futbolka-muzhskaia-7-6-den-t-shirt-sparkle-chocolate-print-19300,S: Санкт-Петербург (Спортивная) - 1 шт | Санкт-Петербург (Ярослава Гашека) - 1 шт | Тюмень (Народная) - 1 шт | Уфа - 1 шт | Парина - 1 шт | M: Уфа - 1 шт | Ижевск - 1 шт | Санкт-Петербург (Ярослава Гашека) - 1 шт | Соболева - 1 шт | Санкт-Петербург (Спортивная) - 1 шт | Тюмень (Народная) - 2 шт | Бисертская - 1 шт | Елизаветенское шоссе - 2 шт | Парина - 2 шт | L: Парина - 2 шт | Бисертская - 1 шт | Соболева - 1 шт | Елизаветенское шоссе - 2 шт | Тюмень (Народная) - 2 шт | Ижевск - 1 шт | Уфа - 1 шт | Санкт-Петербург (Ярослава Гашека) - 1 шт | XL: Санкт-Петербург (Спортивная) - 1 шт | Уфа - 1 шт | Елизаветенское шоссе - 1 шт | Парина - 1 шт | Санкт-Петербург (Ярослава Гашека) - 1 шт | XXL: Соболева - 1 шт | Парина - 1 шт | Санкт-Петербург (Спортивная) - 1 шт | Санкт-Петербург (Ярослава Гашека) - 1 шт | Уфа - 1 шт,38.0,data\product_images\60424c7effa3.png,5.0,4.0,0.0,3.0,7.0,2.0,5.0,5.0,5.0,2.0
Одежда,KT76-1941,Топ женский 7/6 Kris Top - Ebony,7/6,5990 ₽,https://saletennis.com/catalog/product/top-zhienskii-7-6-kris-top-ebony-18590,XXS: Санкт-Петербург (Спортивная) - 1 шт | XS: Елизаветенское шоссе - 1 шт | Ижевск - 1 шт | Парина - 1 шт | Уфа - 1 шт | Соболева - 1 шт | S: Уфа - 1 шт | Тюмень (Народная) - 1 шт | M: Соболева - 1 шт | Парина - 1 шт | L: Ижевск - 1 шт | Бисертская - 1 шт | Тюмень (Народная) - 1 шт | Санкт-Петербург (Спортивная) - 1 шт | XL: Санкт-Петербург (Спортивная) - 1 шт,15.0,data\product_images\72c8f08e975d.png,0.0,3.0,0.0,2.0,2.0,1.0,1.0,2.0,2.0,2.0
Одежда,HJ8992-618,Поло женское Nike Heritage Polo - Red Stardust,Nike,6990 ₽,https://saletennis.com/catalog/product/polo-zhienskoie-nike-heritage-polo-red-stardust-18480,S: Тюмень (Народная) - 1 шт | Уфа - 1 шт | M: Парина - 1 шт,3.0,data\product_images\eddb440c8f26.png,0.0,0.0,0.0,0.0,1.0,0.0,0.0,1.0,1.0,0.0
Одежда,KSK76-1265,Юбка детская 7/6 Kristy Skirt - Pink Blossom,7/6,2793 ₽,https://saletennis.com/catalog/product/iubka-dietskaia-7-6-kristy-skirt-pink-blossom-18144,M: Уфа - 1 шт | Тюмень (Народная) - 1 шт | Санкт-Петербург (Спортивная) - 1 шт | L: Основной склад Екатеринбург - 1 шт | Уфа - 1 шт | Тюмень (Народная) - 1 шт | Санкт-Петербург (Спортивная) - 2 шт | XL: Основной склад Екатеринбург - 1 шт | Санкт-Петербург (Спортивная) - 1 шт | Тюмень (Народная) - 1 шт | Уфа - 1 шт | Соболева - 1 шт,13.0,data\product_images\429dcf9887e3.png,0.0,4.0,2.0,1.0,0.0,0.0,0.0,3.0,3.0,0.0
Одежда,LS276-010,Лонгслив мужской 7/6 Tony Longsleeve 2.0 - Black,7/6,5990 ₽,https://saletennis.com/catalog/product/longhsliv-muzhskoi-7-6-tony-longsleeve-2-0-black-18810,S: Санкт-Петербург (Спортивная) - 1 шт | M: Санкт-Петербург (Спортивная) - 1 шт | Соболева - 1 шт | Елизаветенское шоссе - 1 шт | Бисертская - 1 шт | L: Санкт-Петербург (Спортивная) - 1 шт | Соболева - 1 шт | XL: Санкт-Петербург (Спортивная) - 1 шт | Основной склад Екатеринбург - 1 шт | Елизаветенское шоссе - 1 шт | XXL: Санкт-Петербург (Спортивная) - 1 шт,11.0,data\product_images\a0cda3206c10.png,0.0,5.0,1.0,2.0,0.0,1.0,2.0,0.0,0.0,0.0
Одежда,DR10217917460013,Майка женская Diadora Core Tank - Navy/White/Blue Sky,Не определен,2990 ₽,https://saletennis.com/catalog/product/maika-zhienskaia-diadora-core-tank-navy-white-blue-sky-14936,XS: Основной склад Екатеринбург - 2 шт | S: Основной склад Екатеринбург - 2 шт,4.0,data\product_images\76e99dec7825.png,0.0,0.0,4.0,0.0,0.0,0.0,0.0,0.0,0.0,0.0
Одежда,W214102222,Платье женское Bidi Badu Tuelo Tech - Blue/White/Red,Bidi Badu,3490 ₽,https://saletennis.com/catalog/product/plat-ie-zhienskoie-bidi-badu-tuelo-tech-blue-white-red-13930,S: Санкт-Петербург (Спортивная) - 1 шт | Основной склад Екатеринбург - 1 шт,2.0,data\product_images\45d0b01e268e.png,0.0,1.0,1.0,0.0,0.0,0.0,0.0,0.0,0.0,0.0
Одежда,BSH76-4056,Шорты детские 7/6 Tema Shorts - Blue Lolite,7/6,2093 ₽,https://saletennis.com/catalog/product/shorty-dietskiie-7-6-tema-shorts-blue-lolite-17917,S: Бисертская - 1 шт | M: Тюмень - 1 шт | Санкт-Петербург (Спортивная) - 1 шт | Основной склад Екатеринбург - 1 шт | L: Санкт-Петербург (Спортивная) - 1 шт,5.0,data\product_images\33771999ca7d.png,0.0,2.0,1.0,0.0,0.0,1.0,0.0,1.0,0.0,0.0
Одежда,W1580031,Майка женская Bidi Badu Kaleido - White/Mixed,Bidi Badu,1990 ₽,https://saletennis.com/catalog/product/maika-zhienskaia-bidi-badu-kaleido-white-mixed-17224,XS: Основной склад Екатеринбург - 1 шт,1.0,data\product_images\3059c835f478.png,0.0,0.0,1.0,0.0,0.0,0.0,0.0,0.0,0.0,0.0
Одежда,MPA76-1215,Поло мужское 7/6 Andy Polo - Shaved Chocolate,7/6,5990 ₽,https://saletennis.com/catalog/product/polo-muzhskoie-7-6-andy-polo-shaved-chocolate-19296,S: Санкт-Петербург (Спортивная) - 1 шт | M: Основной склад Екатеринбург - 1 шт | Уфа - 1 шт | Соболева - 2 шт | Бисертская - 1 шт | Тюмень (Народная) - 1 шт | Санкт-Петербург (Ярослава Гашека) - 1 шт | Елизаветенское шоссе - 2 шт | Ижевск - 1 шт | Парина - 2 шт | L: Основной склад Екатеринбург - 1 шт | Елизаветенское шоссе - 1 шт | Уфа - 1 шт | Тюмень (Народная) - 1 шт | Соболева - 1 шт | Бисертская - 1 шт | Санкт-Петербург (Ярослава Гашека) - 1 шт | Ижевск - 1 шт | Парина - 2 шт | Санкт-Петербург (Спортивная) - 1 шт | XL: Санкт-Петербург (Спортивная) - 1 шт | Бисертская - 1 шт | Парина - 1 шт | Соболева - 1 шт | Ижевск - 1 шт | Елизаветенское шоссе - 1 шт | Санкт-Петербург (Ярослава Гашека) - 1 шт | Основной склад Екатеринбург - 1 шт | Уфа - 1 шт | XXL: Елизаветенское шоссе - 1 шт | Ижевск - 1 шт | Соболева - 1 шт | Санкт-Петербург (Ярослава Гашека) - 1 шт,37.0,data\product_images\b0f85ff0530a.png,4.0,3.0,3.0,5.0,5.0,3.0,5.0,2.0,3.0,4.0
Одежда,62GFB50109,Спортивные штаны мужские Mizuno Mugen Pant - Black,Mizuno,5394 ₽,https://saletennis.com/catalog/product/sportivnyie-shtany-muzhskiie-mizuno-mugen-pant-black-16845,XL: Тюмень (Народная) - 1 шт | Основной склад Екатеринбург - 1 шт,2.0,data\product_images\0329ac1b83d3.png,0.0,0.0,1.0,0.0,0.0,0.0,0.0,1.0,0.0,0.0
Одежда,II3624-100,Юбка женская Nike Court Advantage - White/Black,Nike,9990 ₽,https://saletennis.com/catalog/product/iubka-zhienskaia-nike-court-advantage-white-black-19261,S: Санкт-Петербург (Спортивная) - 1 шт | Соболева - 1 шт | Тюмень (Народная) - 1 шт,3.0,data\product_images\b628b82ea444.png,0.0,1.0,0.0,1.0,0.0,0.0,0.0,1.0,0.0,0.0
Одежда,62GBC215-01,"Шорты женские Mizuno Flex Graphic 3"" Short - White",Mizuno,2793 ₽,https://saletennis.com/catalog/product/shorty-zhienskiie-mizuno-flex-graphic-3-short-white-18423,M: Основной склад Екатеринбург - 1 шт | Санкт-Петербург (Спортивная) - 1 шт | L: Ижевск - 1 шт,3.0,data\product_images\64e706400993.png,0.0,1.0,1.0,0.0,0.0,0.0,0.0,0.0,0.0,1.0
Одежда,FN0318-010,Футболка мужская Nike Court Heritage - Black,Nike,4990 ₽,https://saletennis.com/catalog/product/futbolka-muzhskaia-nike-court-heritage-black-16882,S: Тюмень (Народная) - 1 шт,1.0,data\product_images\0aeab0248002.png,0.0,0.0,0.0,0.0,0.0,0.0,0.0,1.0,0.0,0.0
Одежда,WS76-1559,Шорты женские под платье 7/6 Ana - Red Alert,7/6,490 ₽,https://saletennis.com/catalog/product/shorty-zhienskiie-pod-plat-ie-7-6-ana-red-alert-15508,XXS: Санкт-Петербург (Спортивная) - 1 шт | Уфа - 1 шт | XS: Основной склад Екатеринбург - 1 шт,3.0,data\product_images\846964d77a58.png,0.0,1.0,1.0,0.0,0.0,0.0,0.0,0.0,1.0,0.0
Одежда,WSA76-3612,Шорты женские 7/6 Alex Shorts - Lavander haze/Pink,7/6,2745 ₽,https://saletennis.com/catalog/product/shorty-zhienskiie-7-6-alex-shorts-lavander-haze-pink-17943,XXS: Основной склад Екатеринбург - 1 шт | Санкт-Петербург (Спортивная) - 1 шт | XS: Санкт-Петербург (Спортивная) - 2 шт | Основной склад Екатеринбург - 2 шт | S: Основной склад Екатеринбург - 1 шт,7.0,data\product_images\694e0a051dab.png,0.0,3.0,4.0,0.0,0.0,0.0,0.0,0.0,0.0,0.0
Одежда,HJ7913-478,Юбка женская Nike Advantage Ace Skirt - Armory Navy,Nike,10990 ₽,https://saletennis.com/catalog/product/iubka-zhienskaia-nike-advantage-ace-skirt-armory-navy-18311,XS: Уфа - 1 шт,1.0,data\product_images\bc52a5b101ad.png,0.0,0.0,0.0,0.0,0.0,0.0,0.0,0.0,1.0,0.0
Одежда,FB5598-515,Кепка Nike Dri-FIT ADV Club Cap - Hydrangeas,Nike,4490 ₽,https://saletennis.com/catalog/product/kiepka-nike-dri-fit-adv-club-cap-hydrangeas-17664,L/XL: Ижевск - 1 шт,1.0,data\product_images\c24f26a244cf.png,0.0,0.0,0.0,0.0,0.0,0.0,0.0,0.0,0.0,1.0
Одежда,IB1028-006,Поло мужское Nike Court Slam Tennis Polo - Steam/Barely Green/Black,Nike,13490 ₽,https://saletennis.com/catalog/product/polo-muzhskoie-nike-court-slam-tennis-polo-steam-barely-green-black-19236,S: Парина - 1 шт | L: Санкт-Петербург (Спортивная) - 1 шт | Соболева - 1 шт | Тюмень (Народная) - 1 шт | XL: Санкт-Петербург (Спортивная) - 1 шт,5.0,data\product_images\dfc680b65b09.jpg,0.0,2.0,0.0,1.0,1.0,0.0,0.0,1.0,0.0,0.0
Одежда,1120052B_20_XL/52,Футболка мужская TENNIS,Не определен,990 ₽,https://saletennis.com/catalog/product/futbolka-muzhskaia-tennis-15936,S: Соболева - 1 шт | Тюмень (Народная) - 1 шт,2.0,data\product_images\71bac1120771.png,0.0,0.0,0.0,1.0,0.0,0.0,0.0,1.0,0.0,0.0
Одежда,62GAC700-44,Футболка женская Mizuno Daybreakers Printed - Lemon Tonic,Mizuno,2793 ₽,https://saletennis.com/catalog/product/futbolka-zhienskaia-mizuno-daybreakers-printed-lemon-tonic-18415,M: Основной склад Екатеринбург - 1 шт,1.0,data\product_images\dee8e275795b.png,0.0,0.0,1.0,0.0,0.0,0.0,0.0,0.0,0.0,0.0
Одежда,AS276-4109,Шорты под платье 7/6 Ana Shorts 2.0 - Arona,7/6,2990 ₽,https://saletennis.com/catalog/product/shorty-pod-plat-ie-7-6-ana-shorts-2-0-arona-18614,XS: Парина - 1 шт | Санкт-Петербург (Спортивная) - 1 шт | Тюмень (Народная) - 1 шт | S: Бисертская - 1 шт | Тюмень (Народная) - 1 шт | Санкт-Петербург (Спортивная) - 1 шт | M: Санкт-Петербург (Спортивная) - 1 шт | L: Ижевск - 1 шт | XL: Санкт-Петербург (Спортивная) - 1 шт,9.0,data\product_images\793c4cb6525f.png,0.0,4.0,0.0,0.0,1.0,1.0,0.0,2.0,0.0,1.0
Одежда,IF1560-522,Шорты мужские Nike Court Slam 6in - Bright Violet/Violet Mist,Nike,11490 ₽,https://saletennis.com/catalog/product/shorty-muzhskiie-nike-court-slam-6in-bright-violet-violet-mist-19247,M: Парина - 1 шт | Соболева - 1 шт | Ижевск - 1 шт | L: Санкт-Петербург (Спортивная) - 1 шт | Парина - 1 шт | Ижевск - 1 шт | Соболева - 1 шт | XL: Парина - 1 шт | Соболева - 1 шт,9.0,data\product_images\75b51d21aad0.jpg,0.0,1.0,0.0,3.0,3.0,0.0,0.0,0.0,0.0,2.0
Одежда,CV7575-422,Юбка детская Nike Court Victory Skirt - Psychic Blue/White,Nike,3493 ₽,https://saletennis.com/catalog/product/iubka-dietskaia-nike-court-victory-skirt-psychic-blue-white-17329,XL: Ижевск - 1 шт,1.0,data\product_images\2cb031d87c5f.png,0.0,0.0,0.0,0.0,0.0,0.0,0.0,0.0,0.0,1.0
Одежда,W1390011,Юбка женская Bidi Badu Spike Printed - Lilac/Pink,Bidi Badu,1990 ₽,https://saletennis.com/catalog/product/iubka-zhienskaia-bidi-badu-spike-printed-lilac-pink-16387,XS: Основной склад Екатеринбург - 1 шт | M: Основной склад Екатеринбург - 1 шт,2.0,data\product_images\d3938b92f00e.png,0.0,0.0,2.0,0.0,0.0,0.0,0.0,0.0,0.0,0.0
Одежда,PL7060-4405,Поло мужское 7/6 Ankl Polo 2.0 - Grey Blossom,7/6,2990 ₽,https://saletennis.com/catalog/product/polo-muzhskoie-7-6-ankl-polo-2-0-grey-blossom-17870,S: Основной склад Екатеринбург - 2 шт | M: Основной склад Екатеринбург - 4 шт | Уфа - 1 шт | Тюмень (Народная) - 2 шт,9.0,data\product_images\d8238dba212d.png,0.0,0.0,6.0,0.0,0.0,0.0,0.0,2.0,1.0,0.0
Одежда,BSH76-0628,Шорты детские 7/6 Tema Shorts - Leaf Green,7/6,2093 ₽,https://saletennis.com/catalog/product/shorty-dietskiie-7-6-tema-shorts-leaf-green-17920,XS: Основной склад Екатеринбург - 1 шт | Санкт-Петербург (Спортивная) - 1 шт | S: Соболева - 1 шт | Санкт-Петербург (Спортивная) - 1 шт | Тюмень (Народная) - 1 шт | Основной склад Екатеринбург - 1 шт | Бисертская - 1 шт | M: Основной склад Екатеринбург - 1 шт | Уфа - 1 шт | Тюмень (Народная) - 1 шт | Соболева - 1 шт | Бисертская - 1 шт | Санкт-Петербург (Спортивная) - 1 шт | L: Санкт-Петербург (Спортивная) - 1 шт | Соболева - 1 шт | Уфа - 1 шт | Основной склад Екатеринбург - 1 шт | Бисертская - 1 шт | Тюмень (Народная) - 1 шт | XL: Санкт-Петербург (Спортивная) - 2 шт | Уфа - 1 шт,22.0,data\product_images\dc1f389e2ba6.png,0.0,6.0,4.0,3.0,0.0,3.0,0.0,3.0,3.0,0.0
Одежда,G1620024-DBLRD,Футболка для девочки Bidi Badu New York 2024 - Blue/Red,Bidi Badu,1996 ₽,https://saletennis.com/catalog/product/futbolka-dlia-dievochki-bidi-badu-new-york-2024-blue-red-16432,128: Основной склад Екатеринбург - 1 шт,1.0,data\product_images\3cd4c6dd1598.png,0.0,0.0,1.0,0.0,0.0,0.0,0.0,0.0,0.0,0.0
Одежда,BPL76-0119,Поло детское 7/6 Sasha Polo - Forest Elf,7/6,490 ₽,https://saletennis.com/catalog/product/polo-dietskoie-7-6-sasha-polo-forest-elf-15398,XS: Основной склад Екатеринбург - 2 шт | S: Основной склад Екатеринбург - 6 шт | M: Основной склад Екатеринбург - 2 шт,10.0,data\product_images\a862ee7be2cc.png,0.0,0.0,10.0,0.0,0.0,0.0,0.0,0.0,0.0,0.0
Одежда,62GBC20114,Юбка женская Mizuno Frontier Flying Skirt - Bellwether Blue,Mizuno,3143 ₽,https://saletennis.com/catalog/product/iubka-zhienskaia-mizuno-frontier-flying-skirt-bellwether-blue-18201,S: Основной склад Екатеринбург - 1 шт | M: Основной склад Екатеринбург - 1 шт,2.0,data\product_images\8927963b6e97.png,0.0,0.0,2.0,0.0,0.0,0.0,0.0,0.0,0.0,0.0
Одежда,TS7060-010,Футболка мужская 7/6 Loddy T-Shirt - Black/White,7/6,1490 ₽,https://saletennis.com/catalog/product/futbolka-muzhskaia-7-6-loddy-t-shirt-black-white-13094,S: Основной склад Екатеринбург - 2 шт | Соболева - 1 шт | Санкт-Петербург (Спортивная) - 1 шт,4.0,data\product_images\47724a714760.png,0.0,1.0,2.0,1.0,0.0,0.0,0.0,0.0,0.0,0.0
Одежда,2023-05,"Футболка унисекс ""Love is ..."" White",Не определен,1490 ₽,https://saletennis.com/catalog/product/futbolka-unisieks-love-is-white-14637,S: Соболева - 1 шт,1.0,data\product_images\ba82f7dcbd50.png,0.0,0.0,0.0,1.0,0.0,0.0,0.0,0.0,0.0,0.0
Одежда,KS76-1265,Юбка женская 7/6 Kris Skirt - Bright Pink,7/6,2745 ₽,https://saletennis.com/catalog/product/iubka-zhienskaia-7-6-kris-skirt-bright-pink-17936,XXS: Основной склад Екатеринбург - 1 шт | XS: Основной склад Екатеринбург - 2 шт | L: Основной склад Екатеринбург - 1 шт,4.0,data\product_images\29b366759d9b.png,0.0,0.0,4.0,0.0,0.0,0.0,0.0,0.0,0.0,0.0
Одежда,FZ6928-133,Брюки мужские Nike Heritage - Sail/Turf Orange,Nike,8990 ₽,https://saletennis.com/catalog/product/briuki-muzhskiie-nike-heritage-sail-turf-orange-18837,L: Ижевск - 1 шт,1.0,data\product_images\99491945b186.jpg,0.0,0.0,0.0,0.0,0.0,0.0,0.0,0.0,0.0,1.0
Одежда,62GAB701-24,Майка женская Mizuno Mugen Printed Tank - Mgen Blue,Mizuno,3490 ₽,https://saletennis.com/catalog/product/maika-zhienskaia-mizuno-mugen-printed-tank-mgen-blue-17460,XS: Санкт-Петербург (Спортивная) - 1 шт | S: Санкт-Петербург (Спортивная) - 1 шт | Основной склад Екатеринбург - 1 шт | M: Санкт-Петербург (Спортивная) - 1 шт | Соболева - 1 шт,5.0,data\product_images\02a5c94de2e3.png,0.0,3.0,1.0,1.0,0.0,0.0,0.0,0.0,0.0,0.0
Одежда,WT76-0116,Футболка женская 7/6 Alice T-shirt - Light Green,7/6,1995 ₽,https://saletennis.com/catalog/product/futbolka-zhienskaia-7-6-alice-t-shirt-light-green-17934,XXS: Основной склад Екатеринбург - 3 шт | Санкт-Петербург (Спортивная) - 2 шт | XS: Тюмень (Народная) - 1 шт | Основной склад Екатеринбург - 1 шт | Санкт-Петербург (Спортивная) - 2 шт | S: Основной склад Екатеринбург - 3 шт | M: Тюмень (Народная) - 1 шт | Основной склад Екатеринбург - 1 шт | L: Ижевск - 1 шт,15.0,data\product_images\d2ba62b6079d.png,0.0,4.0,8.0,0.0,0.0,0.0,0.0,2.0,0.0,1.0
Одежда,SH7060-100,Шорты мужские 7/6 Miran Shorts 7 - White,7/6,3992 ₽,https://saletennis.com/catalog/product/shorty-muzhskiie-7-6-miran-shorts-7-white-17125,S: Тюмень (Народная) - 1 шт | Санкт-Петербург (Спортивная) - 1 шт | M: Соболева - 1 шт | Елизаветенское шоссе - 1 шт | Парина - 1 шт | Бисертская - 1 шт | Ижевск - 1 шт | L: Елизаветенское шоссе - 1 шт | Санкт-Петербург (Спортивная) - 1 шт | Соболева - 1 шт | Парина - 1 шт | Ижевск - 1 шт | XL: Соболева - 1 шт | Санкт-Петербург (Спортивная) - 1 шт | Бисертская - 1 шт | Уфа - 2 шт | XXL: Соболева - 1 шт | Парина - 1 шт | Санкт-Петербург (Спортивная) - 1 шт,20.0,data\product_images\acc9decc350f.png,0.0,4.0,0.0,4.0,3.0,2.0,2.0,1.0,2.0,2.0
Одежда,62GHB700-24,Платье женское Mizuno Mugen Dress - Mugen Blue,Mizuno,3995 ₽,https://saletennis.com/catalog/product/plat-ie-zhienskoie-mizuno-mugen-dress-mugen-blue-17456,XS: Основной склад Екатеринбург - 1 шт | Санкт-Петербург (Спортивная) - 1 шт | S: Соболева - 1 шт,3.0,data\product_images\bb4976befae9.png,0.0,1.0,1.0,1.0,0.0,0.0,0.0,0.0,0.0,0.0
Одежда,62GAC700-61,Футболка женская Mizuno Daybreakers Printed - Coral,Mizuno,2793 ₽,https://saletennis.com/catalog/product/futbolka-zhienskaia-mizuno-daybreakers-printed-coral-18414,XS: Уфа - 1 шт | S: Уфа - 1 шт | M: Санкт-Петербург (Спортивная) - 1 шт,3.0,data\product_images\4ee20994a289.jpg,0.0,1.0,0.0,0.0,0.0,0.0,0.0,0.0,2.0,0.0
Одежда,BSH76-1360,Шорты детские 7/6 Tema Shorts - Dark Orange,7/6,2093 ₽,https://saletennis.com/catalog/product/shorty-dietskiie-7-6-tema-shorts-dark-orange-17919,XS: Санкт-Петербург (Спортивная) - 1 шт | S: Бисертская - 1 шт | Соболева - 1 шт | Тюмень (Народная) - 1 шт | Основной склад Екатеринбург - 2 шт | Санкт-Петербург (Спортивная) - 1 шт | Уфа - 1 шт | M: Тюмень (Народная) - 1 шт | Основной склад Екатеринбург - 2 шт | Соболева - 1 шт | Бисертская - 1 шт | Уфа - 1 шт | Санкт-Петербург (Спортивная) - 1 шт | L: Основной склад Екатеринбург - 1 шт | Уфа - 1 шт | Санкт-Петербург (Спортивная) - 1 шт | Соболева - 1 шт | Тюмень (Народная) - 1 шт,20.0,data\product_images\648ec895697e.png,0.0,4.0,5.0,3.0,0.0,2.0,0.0,3.0,3.0,0.0
Одежда,MTL76-1316,Футболка мужская 7/6 Loddy T-Shirt 2.0 - Antarctica/Arona,7/6,4490 ₽,https://saletennis.com/catalog/product/futbolka-muzhskaia-7-6-loddy-t-shirt-2-0-antarctica-arona-18612,S: Соболева - 1 шт | M: Тюмень (Народная) - 1 шт | Бисертская - 1 шт | Основной склад Екатеринбург - 1 шт | Уфа - 1 шт | XXL: Ижевск - 1 шт,6.0,data\product_images\60b574a5c616.png,0.0,0.0,1.0,1.0,0.0,1.0,0.0,1.0,1.0,1.0
Одежда,STS76-1632,Футболка женская 7/6 Stacy T-shirt - Sparkle Pink Print,7/6,4990 ₽,https://saletennis.com/catalog/product/futbolka-zhienskaia-7-6-stacy-t-shirt-sparkle-pink-print-19324,XXS: Санкт-Петербург (Спортивная) - 1 шт | Тюмень (Народная) - 1 шт | Санкт-Петербург (Ярослава Гашека) - 1 шт | XS: Соболева - 1 шт | Санкт-Петербург (Спортивная) - 1 шт | Елизаветенское шоссе - 1 шт | Санкт-Петербург (Ярослава Гашека) - 1 шт | Тюмень (Народная) - 2 шт | S: Бисертская - 1 шт | Парина - 1 шт | Санкт-Петербург (Ярослава Гашека) - 1 шт | Елизаветенское шоссе - 1 шт | Тюмень (Народная) - 2 шт | Санкт-Петербург (Спортивная) - 1 шт | Соболева - 1 шт | Ижевск - 1 шт | Уфа - 1 шт | M: Елизаветенское шоссе - 1 шт | Уфа - 1 шт | Ижевск - 1 шт | Парина - 1 шт | Санкт-Петербург (Спортивная) - 2 шт | Соболева - 1 шт | Тюмень (Народная) - 1 шт | Бисертская - 1 шт | L: Санкт-Петербург (Спортивная) - 1 шт | Тюмень (Народная) - 1 шт | Ижевск - 1 шт | Санкт-Петербург (Ярослава Гашека) - 1 шт | Бисертская - 1 шт | XL: Санкт-Петербург (Спортивная) - 1 шт,34.0,data\product_images\372c1d244bff.png,4.0,7.0,0.0,3.0,2.0,3.0,3.0,7.0,2.0,3.0
Одежда,FZ6937-619,"Шорты мужские Nike Court Slam 6"" - Dark Team Red/White",Nike,7343 ₽,https://saletennis.com/catalog/product/shorty-muzhskiie-nike-court-slam-6-dark-team-red-white-17789,XL: Санкт-Петербург (Спортивная) - 1 шт,1.0,data\product_images\95f80b1bc727.png,0.0,1.0,0.0,0.0,0.0,0.0,0.0,0.0,0.0,0.0
Одежда,MTS76-100,Футболка для мальчиков 7/6 Max T-shirt 2.0 - White,7/6,2490 ₽,https://saletennis.com/catalog/product/futbolka-dlia-mal-chikov-7-6-max-t-shirt-2-0-white-17515,XS: Санкт-Петербург (Ярослава Гашека) - 1 шт | Санкт-Петербург (Спортивная) - 1 шт | S: Санкт-Петербург (Ярослава Гашека) - 1 шт | Санкт-Петербург (Спортивная) - 1 шт | Тюмень (Народная) - 1 шт | M: Санкт-Петербург (Ярослава Гашека) - 1 шт | Тюмень (Народная) - 1 шт | Санкт-Петербург (Спортивная) - 1 шт | L: Санкт-Петербург (Ярослава Гашека) - 1 шт | Ижевск - 2 шт | Санкт-Петербург (Спортивная) - 1 шт | Тюмень (Народная) - 1 шт | XL: Санкт-Петербург (Спортивная) - 1 шт | Уфа - 1 шт | Ижевск - 1 шт | Санкт-Петербург (Ярослава Гашека) - 1 шт,17.0,data\product_images\2ac344142e68.png,5.0,5.0,0.0,0.0,0.0,0.0,0.0,3.0,1.0,3.0
Одежда,W1390013,Юбка женская Bidi Badu Spectrum Printed Wavy - Light Brown/Coral/Yellow,Bidi Badu,1990 ₽,https://saletennis.com/catalog/product/iubka-zhienskaia-bidi-badu-spectrum-printed-wavy-light-brown-coral-yellow-17542,XS: Санкт-Петербург (Спортивная) - 1 шт | Основной склад Екатеринбург - 1 шт | S: Основной склад Екатеринбург - 2 шт | M: Санкт-Петербург (Спортивная) - 1 шт | Основной склад Екатеринбург - 2 шт,7.0,data\product_images\0a9057b08172.jpg,0.0,2.0,5.0,0.0,0.0,0.0,0.0,0.0,0.0,0.0
Одежда,IB1037-368,Шорты мужские Nike Court Slam 6in - Olive Flak,Nike,11990 ₽,https://saletennis.com/catalog/product/shorty-muzhskiie-nike-court-slam-6in-olive-flak-18836,M: Ижевск - 1 шт | Парина - 1 шт | Санкт-Петербург (Спортивная) - 1 шт | L: Санкт-Петербург (Спортивная) - 1 шт | Тюмень (Народная) - 1 шт | Бисертская - 1 шт | Парина - 1 шт | Ижевск - 1 шт,8.0,data\product_images\519936fd843b.jpg,0.0,2.0,0.0,0.0,2.0,1.0,0.0,1.0,0.0,2.0
Одежда,WT76-2124,Футболка женская 7/6 Alice T-shirt - Pink,7/6,1995 ₽,https://saletennis.com/catalog/product/futbolka-zhienskaia-7-6-alice-t-shirt-pink-17935,XXS: Санкт-Петербург (Спортивная) - 2 шт | Основной склад Екатеринбург - 1 шт | XS: Основной склад Екатеринбург - 2 шт | M: Санкт-Петербург (Спортивная) - 1 шт,6.0,data\product_images\cdb8bc6c053c.png,0.0,3.0,3.0,0.0,0.0,0.0,0.0,0.0,0.0,0.0
Одежда,FQ2153-474,Юбка женская Nike Advantage - Glacier Blue/Black,Nike,8694 ₽,https://saletennis.com/catalog/product/iubka-zhienskaia-nike-advantage-glacier-blue-black-16991,XS: Парина - 1 шт | Соболева - 1 шт | Санкт-Петербург (Спортивная) - 1 шт | S: Санкт-Петербург (Спортивная) - 1 шт | Тюмень (Народная) - 1 шт | Уфа - 1 шт | Соболева - 1 шт | Ижевск - 1 шт | M: Парина - 1 шт | Санкт-Петербург (Спортивная) - 1 шт,10.0,data\product_images\c9774b4665b9.jpg,0.0,3.0,0.0,2.0,2.0,0.0,0.0,1.0,1.0,1.0
Одежда,62GEB70172,Спортивная кофта женская Mizuno Mugen Hooded Jacket - White/Estate Blue,Mizuno,5995 ₽,https://saletennis.com/catalog/product/sportivnaia-kofta-zhienskaia-mizuno-mugen-hooded-jacket-white-estate-blue-16839,XS: Основной склад Екатеринбург - 1 шт | Санкт-Петербург (Спортивная) - 1 шт | S: Санкт-Петербург (Спортивная) - 1 шт,3.0,data\product_images\2c3783311355.png,0.0,2.0,1.0,0.0,0.0,0.0,0.0,0.0,0.0,0.0
Одежда,62GBC701-22,Юбка женская Mizuno Daybreakers Flying - Icelandic Blue,Mizuno,3143 ₽,https://saletennis.com/catalog/product/iubka-zhienskaia-mizuno-daybreakers-flying-icelandic-blue-18416,S: Соболева - 1 шт,1.0,data\product_images\c8bd7bfec681.png,0.0,0.0,0.0,1.0,0.0,0.0,0.0,0.0,0.0,0.0
Одежда,W1390009-DBLRD,Юбка женская Bidi Badu New York 2024 - Blue/Red,Bidi Badu,2490 ₽,https://saletennis.com/catalog/product/iubka-zhienskaia-bidi-badu-new-york-2024-blue-red-16447,XS: Основной склад Екатеринбург - 2 шт | S: Основной склад Екатеринбург - 1 шт | Санкт-Петербург (Спортивная) - 1 шт | M: Основной склад Екатеринбург - 1 шт,5.0,data\product_images\0a1d91e4a381.png,0.0,1.0,4.0,0.0,0.0,0.0,0.0,0.0,0.0,0.0
Одежда,W1300007-DBLMX,Платье женское Bidi Badu Twiggy - Blue/Mixed,Bidi Badu,3990 ₽,https://saletennis.com/catalog/product/plat-ie-zhienskoie-bidi-badu-twiggy-blue-mixed-16440,XS: Основной склад Екатеринбург - 2 шт | S: Основной склад Екатеринбург - 4 шт | M: Основной склад Екатеринбург - 1 шт | Санкт-Петербург (Спортивная) - 1 шт,8.0,data\product_images\21d2e1203d39.png,0.0,1.0,7.0,0.0,0.0,0.0,0.0,0.0,0.0,0.0
Одежда,FZ6907-663,Поло мужское Nike Court Advantage Polo - Pink Foam/Black,Nike,8490 ₽,https://saletennis.com/catalog/product/polo-muzhskoie-nike-court-advantage-polo-pink-foam-black-19184,M: Санкт-Петербург (Спортивная) - 1 шт | L: Ижевск - 1 шт | XL: Ижевск - 1 шт,3.0,data\product_images\08b8c0f713c0.jpg,0.0,1.0,0.0,0.0,0.0,0.0,0.0,0.0,0.0,2.0
Одежда,G318034223,Шорты+леггинсы для девочек Bidi Badu Flora Tech - Pink/Dark Blue,Bidi Badu,1396 ₽,https://saletennis.com/catalog/product/shorty-lieghghinsy-dlia-dievochiek-bidi-badu-flora-tech-pink-dark-blue-15434,164: Санкт-Петербург (Спортивная) - 1 шт,1.0,data\product_images\d11b5eefa3d0.png,0.0,1.0,0.0,0.0,0.0,0.0,0.0,0.0,0.0,0.0
Одежда,AT276-4201,Топ женский под платье 7/6 Ana Top 2.0 - Grey,7/6,2392 ₽,https://saletennis.com/catalog/product/top-zhienskii-pod-plat-ie-7-6-ana-top-2-0-grey-17931,XXS: Основной склад Екатеринбург - 2 шт | XS: Основной склад Екатеринбург - 3 шт | Санкт-Петербург (Спортивная) - 2 шт | S: Основной склад Екатеринбург - 1 шт | L: Основной склад Екатеринбург - 1 шт | XL: Санкт-Петербург (Спортивная) - 1 шт,10.0,data\product_images\d7c3af4d3eaa.png,0.0,3.0,7.0,0.0,0.0,0.0,0.0,0.0,0.0,0.0
Одежда,MTL76-4104,Футболка мужская 7/6 Loddy T-Shirt 2.0 - Antarctica,7/6,3990 ₽,https://saletennis.com/catalog/product/futbolka-muzhskaia-7-6-loddy-t-shirt-2-0-antarctica-18631,S: Тюмень (Народная) - 1 шт | M: Ижевск - 1 шт | Бисертская - 1 шт | Основной склад Екатеринбург - 1 шт | Соболева - 1 шт | Уфа - 1 шт,6.0,data\product_images\adb20d29ea89.png,0.0,0.0,1.0,1.0,0.0,1.0,0.0,1.0,1.0,1.0
Одежда,SH9760-4056,Шорты мужские 7/6 Miran Shorts 9 - Blue Lolite,7/6,2495 ₽,https://saletennis.com/catalog/product/shorty-muzhskiie-7-6-miran-shorts-9-blue-lolite-17886,S: Парина - 1 шт | M: Тюмень (Народная) - 2 шт | Основной склад Екатеринбург - 6 шт | L: Уфа - 1 шт | XXL: Основной склад Екатеринбург - 1 шт,11.0,data\product_images\39bb81ab0375.png,0.0,0.0,7.0,0.0,1.0,0.0,0.0,2.0,1.0,0.0
Одежда,TS7060-0602,Футболка мужская 7/6 Loddy T-Shirt - White/Black,7/6,1490 ₽,https://saletennis.com/catalog/product/futbolka-muzhskaia-7-6-loddy-t-shirt-white-black-13095,S: Бисертская - 1 шт,1.0,data\product_images\f02b82afbbda.png,0.0,0.0,0.0,0.0,0.0,1.0,0.0,0.0,0.0,0.0
Одежда,HM6514-441,"Шорты мужские Nike Dri-Fit Victory 7"" - Celestine Blue",Nike,4893 ₽,https://saletennis.com/catalog/product/shorty-muzhskiie-nike-dri-fit-victory-7-celestine-blue-18322,XL: Бисертская - 1 шт,1.0,data\product_images\55628bd59b89.png,0.0,0.0,0.0,0.0,0.0,1.0,0.0,0.0,0.0,0.0
Одежда,WSA76-156,Шорты женские 7/6 Alex Shorts - Red Alert,7/6,990 ₽,https://saletennis.com/catalog/product/shorty-zhienskiie-7-6-alex-shorts-red-alert-15389,XXS: Основной склад Екатеринбург - 5 шт | XS: Основной склад Екатеринбург - 4 шт | L: Основной склад Екатеринбург - 1 шт,10.0,data\product_images\732cc8308122.png,0.0,0.0,10.0,0.0,0.0,0.0,0.0,0.0,0.0,0.0
Одежда,TP76-BK,Спортивные штаны мужские 7/6 Taylor Man Pants - Black,7/6,3992 ₽,https://saletennis.com/catalog/product/sportivnyie-shtany-muzhskiie-7-6-taylor-man-pants-black-17276,S: Уфа - 1 шт | M: Ижевск - 1 шт | Парина - 1 шт | Уфа - 1 шт | Санкт-Петербург (Спортивная) - 1 шт | Соболева - 1 шт | Бисертская - 1 шт | L: Ижевск - 1 шт | Санкт-Петербург (Спортивная) - 1 шт | XL: Тюмень (Народная) - 1 шт | Уфа - 1 шт | Ижевск - 1 шт | Санкт-Петербург (Спортивная) - 1 шт | XXL: Ижевск - 1 шт | Санкт-Петербург (Спортивная) - 1 шт | Тюмень (Народная) - 1 шт,16.0,data\product_images\c679050cfc49.png,0.0,4.0,0.0,1.0,1.0,1.0,0.0,2.0,3.0,4.0
Одежда,62GBB725-01,Шорты женские под платье Mizuno Tight Short - White,Mizuno,2490 ₽,https://saletennis.com/catalog/product/shorty-zhienskiie-pod-plat-ie-mizuno-tight-short-white-17479,XS: Основной склад Екатеринбург - 1 шт | Санкт-Петербург (Спортивная) - 1 шт | S: Основной склад Екатеринбург - 1 шт | Санкт-Петербург (Спортивная) - 1 шт | L: Основной склад Екатеринбург - 1 шт,5.0,data\product_images\8a56151d8b4a.png,0.0,2.0,3.0,0.0,0.0,0.0,0.0,0.0,0.0,0.0
Одежда,W1580033,Майка женская Bidi Badu Melbourne - Orange/Turquoise,Bidi Badu,1490 ₽,https://saletennis.com/catalog/product/maika-zhienskaia-bidi-badu-melbourne-orange-turquoise-17225,XS: Санкт-Петербург (Спортивная) - 1 шт | Основной склад Екатеринбург - 1 шт | S: Санкт-Петербург (Спортивная) - 1 шт | Основной склад Екатеринбург - 1 шт | M: Санкт-Петербург (Спортивная) - 1 шт | Основной склад Екатеринбург - 1 шт,6.0,data\product_images\52378deee2ba.png,0.0,3.0,3.0,0.0,0.0,0.0,0.0,0.0,0.0,0.0
Одежда,IB1016-511,Футболка мужская Nike Court Advantage Slam - Violet Mist/Bright Violet/Black,Nike,11490 ₽,https://saletennis.com/catalog/product/futbolka-muzhskaia-nike-court-advantage-slam-violet-mist-bright-violet-black-19241,M: Соболева - 1 шт | Парина - 1 шт | Санкт-Петербург (Спортивная) - 1 шт | L: Ижевск - 1 шт | XL: Соболева - 1 шт,5.0,data\product_images\065aaf9504fe.jpg,0.0,1.0,0.0,2.0,1.0,0.0,0.0,0.0,0.0,1.0
Одежда,WSL76-1632,Шорты женские 7/6 Lexie Shorts - Shell Pink,7/6,4990 ₽,https://saletennis.com/catalog/product/shorty-zhienskiie-7-6-lexie-shorts-shell-pink-19397,XXS: Санкт-Петербург (Ярослава Гашека) - 1 шт | Санкт-Петербург (Спортивная) - 1 шт | Тюмень (Народная) - 3 шт | XS: Санкт-Петербург (Спортивная) - 1 шт | Санкт-Петербург (Ярослава Гашека) - 1 шт | Тюмень (Народная) - 3 шт | Парина - 1 шт | Соболева - 1 шт | Елизаветенское шоссе - 1 шт | S: Соболева - 1 шт | Парина - 2 шт | Уфа - 1 шт | Санкт-Петербург (Спортивная) - 1 шт | Бисертская - 1 шт | Тюмень (Народная) - 3 шт | Ижевск - 1 шт | Елизаветенское шоссе - 1 шт | Санкт-Петербург (Ярослава Гашека) - 1 шт | M: Соболева - 1 шт | Ижевск - 1 шт | Парина - 1 шт | Санкт-Петербург (Ярослава Гашека) - 1 шт | Тюмень (Народная) - 2 шт | Елизаветенское шоссе - 1 шт | Санкт-Петербург (Спортивная) - 1 шт | Бисертская - 1 шт | L: Санкт-Петербург (Ярослава Гашека) - 1 шт | Санкт-Петербург (Спортивная) - 1 шт | XL: Санкт-Петербург (Спортивная) - 1 шт,37.0,data\product_images\095e968694fd.png,5.0,6.0,0.0,3.0,4.0,2.0,3.0,11.0,1.0,2.0
Одежда,G1390018,Юбка детская Bidi Badu Kaleido Pleated - White/Mixed,Bidi Badu,1996 ₽,https://saletennis.com/catalog/product/iubka-dietskaia-bidi-badu-kaleido-pleated-white-mixed-17257,164: Основной склад Екатеринбург - 1 шт,1.0,data\product_images\f760a36506e8.png,0.0,0.0,1.0,0.0,0.0,0.0,0.0,0.0,0.0,0.0
Одежда,IB1016-744,Футболка мужская Nike Court Advantage Slam - Alabaster/Topaz Gold/Black,Nike,11490 ₽,https://saletennis.com/catalog/product/futbolka-muzhskaia-nike-court-advantage-slam-alabaster-topaz-gold-black-19238,S: Парина - 1 шт | M: Парина - 1 шт | Тюмень (Народная) - 1 шт | Ижевск - 1 шт | L: Уфа - 1 шт | Тюмень (Народная) - 1 шт | Соболева - 1 шт | XL: Соболева - 1 шт | 2XL: Парина - 1 шт,9.0,data\product_images\4c9e7f563edd.jpg,0.0,0.0,0.0,2.0,3.0,0.0,0.0,2.0,1.0,1.0
Одежда,KJJ76-4056,Кофта детская 7/6 Jackie Jacket Kids - Blue Lolite,7/6,4794 ₽,https://saletennis.com/catalog/product/kofta-dietskaia-7-6-jackie-jacket-kids-blue-lolite-17907,XS: Соболева - 1 шт | Санкт-Петербург (Ярослава Гашека) - 1 шт | Санкт-Петербург (Спортивная) - 1 шт | S: Санкт-Петербург (Спортивная) - 1 шт | Соболева - 1 шт | Санкт-Петербург (Ярослава Гашека) - 1 шт | M: Санкт-Петербург (Спортивная) - 1 шт | Санкт-Петербург (Ярослава Гашека) - 1 шт | Уфа - 1 шт | L: Санкт-Петербург (Ярослава Гашека) - 1 шт | Тюмень (Народная) - 1 шт | Санкт-Петербург (Спортивная) - 1 шт | XL: Уфа - 1 шт | Соболева - 1 шт | Тюмень (Народная) - 1 шт | Санкт-Петербург (Спортивная) - 1 шт | Основной склад Екатеринбург - 4 шт,20.0,data\product_images\9eadcb0bbf20.png,4.0,5.0,4.0,3.0,0.0,0.0,0.0,2.0,2.0,0.0
Одежда,62GAB00254,Футболка мужская Mizuno Charge Shadow Tee - Carrot Curl,Mizuno,3490 ₽,https://saletennis.com/catalog/product/futbolka-muzhskaia-mizuno-charge-shadow-tee-carrot-curl-16347,M: Основной склад Екатеринбург - 1 шт,1.0,data\product_images\13617de837d8.png,0.0,0.0,1.0,0.0,0.0,0.0,0.0,0.0,0.0,0.0
Одежда,AD76-6324,Платье женское 7/6 Arina Dress - Green/Light Green,7/6,1790 ₽,https://saletennis.com/catalog/product/plat-ie-zhienskoie-7-6-arina-dress-green-light-green-17892,XXS: Санкт-Петербург (Спортивная) - 1 шт | Основной склад Екатеринбург - 4 шт | XS: Основной склад Екатеринбург - 5 шт | Санкт-Петербург (Спортивная) - 2 шт | S: Основной склад Екатеринбург - 6 шт | M: Основной склад Екатеринбург - 7 шт | L: Основной склад Екатеринбург - 2 шт | XL: Основной склад Екатеринбург - 1 шт,28.0,data\product_images\ff4880b64c89.png,0.0,3.0,25.0,0.0,0.0,0.0,0.0,0.0,0.0,0.0
Одежда,IF1560-060,Шорты мужские Nike Court Slam 6in - Anthracite/Cool Grey/White,Nike,11490 ₽,https://saletennis.com/catalog/product/shorty-muzhskiie-nike-court-slam-6in-anthracite-cool-grey-white-19246,S: Соболева - 1 шт | M: Санкт-Петербург (Спортивная) - 1 шт | Уфа - 1 шт | Ижевск - 1 шт | XL: Уфа - 1 шт,5.0,data\product_images\252efaa47633.jpg,0.0,1.0,0.0,1.0,0.0,0.0,0.0,0.0,2.0,1.0
Одежда,BSH76-0000,Шорты детские 7/6 Tema Shorts - Gradient,7/6,1490 ₽,https://saletennis.com/catalog/product/shorty-dietskiie-7-6-tema-shorts-gradient-16669,XL: Соболева - 1 шт,1.0,data\product_images\82ff285d2737.png,0.0,0.0,0.0,1.0,0.0,0.0,0.0,0.0,0.0,0.0
Одежда,62GAC202W01,Майка женская Mizuno Frontier Tank - White/Bay,Mizuno,2933 ₽,https://saletennis.com/catalog/product/maika-zhienskaia-mizuno-frontier-tank-white-bay-18196,XS: Соболева - 1 шт,1.0,data\product_images\27a68400b311.png,0.0,0.0,0.0,1.0,0.0,0.0,0.0,0.0,0.0,0.0
Одежда,KS76-010,Юбка женская 7/6 Kris Skirt - Black,7/6,4392 ₽,https://saletennis.com/catalog/product/iubka-zhienskaia-7-6-kris-skirt-black-17113,XXS: Санкт-Петербург (Спортивная) - 1 шт | M: Санкт-Петербург (Спортивная) - 2 шт | Бисертская - 1 шт | Уфа - 1 шт | L: Уфа - 1 шт | Санкт-Петербург (Спортивная) - 1 шт | Парина - 1 шт | XL: Тюмень - 1 шт,9.0,data\product_images\b999d0a48d76.png,0.0,4.0,0.0,0.0,1.0,1.0,0.0,1.0,2.0,0.0
Одежда,HJ8990-667,Шорты женские Nike Court Heritage Mid-Rise Fleece - Silt Red,Nike,8490 ₽,https://saletennis.com/catalog/product/shorty-zhienskiie-nike-court-heritage-mid-rise-fleece-silt-red-18483,XS: Тюмень (Народная) - 1 шт | Санкт-Петербург (Спортивная) - 1 шт | Парина - 1 шт | S: Парина - 1 шт | Тюмень (Народная) - 1 шт | Уфа - 1 шт | M: Тюмень (Народная) - 1 шт | L: Парина - 1 шт,8.0,data\product_images\3163c9c4b48c.png,0.0,1.0,0.0,0.0,3.0,0.0,0.0,3.0,1.0,0.0
Одежда,FD5380-844,"Шорты мужские Nike Court Victory 7"" Short - Apricot Agate",Nike,3990 ₽,https://saletennis.com/catalog/product/shorty-muzhskiie-nike-court-victory-7-short-apricot-agate-17676,XL: Санкт-Петербург (Спортивная) - 1 шт,1.0,data\product_images\61582d41a8ad.png,0.0,1.0,0.0,0.0,0.0,0.0,0.0,0.0,0.0,0.0
Одежда,811411-BK,Жилет Head CLUB 22 Vest - Black,Head,3843 ₽,https://saletennis.com/catalog/product/zhiliet-head-club-22-vest-black-14894,XXL: Основной склад Екатеринбург - 1 шт,1.0,data\product_images\0ebfe21ad459.png,0.0,0.0,1.0,0.0,0.0,0.0,0.0,0.0,0.0,0.0
Одежда,IH2087-475,Футболка мужская Nike Court Dri-FIT - Dark Obsidian/Photo Blue,Nike,4990 ₽,https://saletennis.com/catalog/product/futbolka-muzhskaia-nike-court-dri-fit-dark-obsidian-photo-blue-19200,M: Парина - 1 шт | Санкт-Петербург (Спортивная) - 1 шт | Ижевск - 1 шт | L: Уфа - 1 шт | Парина - 1 шт | Ижевск - 1 шт | Санкт-Петербург (Спортивная) - 1 шт,7.0,data\product_images\92fca465cdbe.jpg,0.0,2.0,0.0,0.0,2.0,0.0,0.0,0.0,1.0,2.0
Одежда,II2880-736,Майка женская Nike Court Slam - Light Lemon Twist/Black,Nike,7693 ₽,https://saletennis.com/catalog/product/maika-zhienskaia-nike-court-slam-light-lemon-twist-black-18848,XS: Парина - 1 шт,1.0,data\product_images\35b1ee49f1c2.png,0.0,0.0,0.0,0.0,1.0,0.0,0.0,0.0,0.0,0.0
Одежда,IB0772-410,Поло женское Nike Cropped Tennis Polo - Midnight Navy/Sail,Nike,8990 ₽,https://saletennis.com/catalog/product/polo-zhienskoie-nike-cropped-tennis-polo-midnight-navy-sail-19179,XS: Тюмень (Народная) - 1 шт | M: Санкт-Петербург (Спортивная) - 1 шт,2.0,data\product_images\66537f9aa4c9.png,0.0,1.0,0.0,0.0,0.0,0.0,0.0,1.0,0.0,0.0
Одежда,KT76-3612,Топ женский 7/6 Kris Top - Lavander Blossom,7/6,2495 ₽,https://saletennis.com/catalog/product/top-zhienskii-7-6-kris-top-lavander-blossom-17929,XS: Основной склад Екатеринбург - 5 шт | S: Санкт-Петербург (Спортивная) - 1 шт | Основной склад Екатеринбург - 3 шт | L: Основной склад Екатеринбург - 2 шт | Санкт-Петербург (Спортивная) - 1 шт | XL: Санкт-Петербург (Спортивная) - 1 шт,13.0,data\product_images\315f0c7bc40b.png,0.0,3.0,10.0,0.0,0.0,0.0,0.0,0.0,0.0,0.0
Одежда,VS76-BK,Козырек 7/6 Visor 2.0 - Black,7/6,2990 ₽,https://saletennis.com/catalog/product/kozyriek-7-6-visor-2-0-black-18379,Парина: 5 сет | Санкт-Петербург (Ярослава Гашека): 3 сет | Тюмень: 1 сет | Бисертская: 2 сет | Елизаветенское шоссе: 1 сет | Соболева: 8 сет | Санкт-Петербург (Спортивная): 3 сет,23.0,data\product_images\dd10f95b594f.png,3.0,3.0,0.0,8.0,5.0,2.0,1.0,1.0,0.0,0.0
Одежда,62GBB701-67,Юбка женская Mizuno Mugen Flying Skirt - Crocus Petal,Mizuno,3490 ₽,https://saletennis.com/catalog/product/iubka-zhienskaia-mizuno-mugen-flying-skirt-crocus-petal-17465,XS: Соболева - 1 шт | S: Основной склад Екатеринбург - 2 шт | M: Санкт-Петербург (Спортивная) - 1 шт,4.0,data\product_images\aed797490b74.png,0.0,1.0,2.0,1.0,0.0,0.0,0.0,0.0,0.0,0.0
Одежда,62GBB20164,Юбка женская Mizuno Charge Printed Flying Skirt - Lilac Chiffon,Mizuno,3490 ₽,https://saletennis.com/catalog/product/iubka-zhienskaia-mizuno-charge-printed-flying-skirt-lilac-chiffon-16337,XS: Основной склад Екатеринбург - 1 шт | S: Основной склад Екатеринбург - 1 шт,2.0,data\product_images\feb9953a0ff0.png,0.0,0.0,2.0,0.0,0.0,0.0,0.0,0.0,0.0,0.0
Одежда,FD5664-100,Шорты женские Nike Advantage Ball Short - White,Nike,4674 ₽,https://saletennis.com/catalog/product/shorty-zhienskiie-nike-advantage-ball-short-white-16899,XS: Санкт-Петербург (Спортивная) - 1 шт,1.0,data\product_images\68760f07fcb6.png,0.0,1.0,0.0,0.0,0.0,0.0,0.0,0.0,0.0,0.0
Одежда,62GAA00145,Футболка мужская Mizuno Logo Tee - Cyber Yellow,Mizuno,2274 ₽,https://saletennis.com/catalog/product/futbolka-muzhskaia-mizuno-logo-tee-cyber-yellow-18187,S: Основной склад Екатеринбург - 1 шт | M: Основной склад Екатеринбург - 2 шт | L: Бисертская - 1 шт | XL: Тюмень (Народная) - 1 шт,5.0,data\product_images\68e2e72770cc.png,0.0,0.0,3.0,0.0,0.0,1.0,0.0,1.0,0.0,0.0
Одежда,W1330007,Футболка женская Bidi Badu Kaleido V-Neck - White/Mixed,Bidi Badu,1490 ₽,https://saletennis.com/catalog/product/futbolka-zhienskaia-bidi-badu-kaleido-v-neck-white-mixed-17230,XS: Санкт-Петербург (Спортивная) - 1 шт | Основной склад Екатеринбург - 1 шт,2.0,data\product_images\decee1b7d3d0.png,0.0,1.0,1.0,0.0,0.0,0.0,0.0,0.0,0.0,0.0
Одежда,WSA76-4313,Шорты женские 7/6 Alex Shorts - Light Blue/Blue,7/6,2745 ₽,https://saletennis.com/catalog/product/shorty-zhienskiie-7-6-alex-shorts-light-blue-blue-17944,XXS: Основной склад Екатеринбург - 4 шт | Санкт-Петербург (Спортивная) - 2 шт | XS: Основной склад Екатеринбург - 2 шт | S: Основной склад Екатеринбург - 4 шт | Уфа - 1 шт | M: Санкт-Петербург (Спортивная) - 2 шт,15.0,data\product_images\036351daa749.png,0.0,4.0,10.0,0.0,0.0,0.0,0.0,0.0,1.0,0.0
Одежда,VD276-0116,Платье детское 7/6 Viki Dress 2.0 - Light Green,7/6,2793 ₽,https://saletennis.com/catalog/product/plat-ie-dietskoie-7-6-viki-dress-2-0-light-green-17906,XS: Основной склад Екатеринбург - 2 шт | Санкт-Петербург (Спортивная) - 1 шт | S: Санкт-Петербург (Спортивная) - 1 шт | M: Санкт-Петербург (Спортивная) - 1 шт | Тюмень (Народная) - 1 шт | Уфа - 1 шт | Основной склад Екатеринбург - 2 шт | L: Соболева - 1 шт | Уфа - 1 шт | Санкт-Петербург (Спортивная) - 1 шт | Основной склад Екатеринбург - 3 шт | XL: Санкт-Петербург (Спортивная) - 1 шт | Основной склад Екатеринбург - 4 шт | Соболева - 1 шт | Уфа - 1 шт,22.0,data\product_images\4a4c4cf9f8b9.png,0.0,5.0,11.0,2.0,0.0,0.0,0.0,1.0,3.0,0.0
Одежда,62GBC500-94,"Шорты мужские Mizuno Daybreakers 8"" - Black/Vibrant Yellow",Mizuno,3843 ₽,https://saletennis.com/catalog/product/shorty-muzhskiie-mizuno-daybreakers-8-black-vibrant-yellow-18420,L: Основной склад Екатеринбург - 1 шт,1.0,data\product_images\afd4fbd798cc.png,0.0,0.0,1.0,0.0,0.0,0.0,0.0,0.0,0.0,0.0
Одежда,AS276-010,Шорты под платье 7/6 Ana Shorts 2.0 - Black,7/6,1990 ₽,https://saletennis.com/catalog/product/shorty-pod-plat-ie-7-6-ana-shorts-2-0-black-17128,XXS: Санкт-Петербург (Спортивная) - 1 шт | Тюмень (Народная) - 1 шт | Санкт-Петербург (Ярослава Гашека) - 1 шт | Основной склад Екатеринбург - 2 шт | XS: Основной склад Екатеринбург - 1 шт | Санкт-Петербург (Ярослава Гашека) - 1 шт | Санкт-Петербург (Спортивная) - 1 шт | Тюмень (Народная) - 2 шт | S: Тюмень (Народная) - 2 шт | Санкт-Петербург (Спортивная) - 1 шт | M: Санкт-Петербург (Спортивная) - 1 шт | Тюмень (Народная) - 2 шт | L: Санкт-Петербург (Спортивная) - 1 шт | XL: Санкт-Петербург (Спортивная) - 1 шт,18.0,data\product_images\86c818e7327d.png,2.0,6.0,3.0,0.0,0.0,0.0,0.0,7.0,0.0,0.0
Одежда,IO0473-100,Майка женская Nike Court Slam Tank - White/White,Nike,8990 ₽,https://saletennis.com/catalog/product/maika-zhienskaia-nike-court-slam-tank-white-white-19259,XS: Санкт-Петербург (Спортивная) - 1 шт | Уфа - 1 шт | M: Парина - 1 шт | Тюмень (Народная) - 1 шт,4.0,data\product_images\bc28d2cf6410.png,0.0,1.0,0.0,0.0,1.0,0.0,0.0,1.0,1.0,0.0
Одежда,IB1052-307,Майка мужская Nike Court Slam Tennis Tank - Mean Green/Black,Nike,8792 ₽,https://saletennis.com/catalog/product/maika-muzhskaia-nike-court-slam-tennis-tank-mean-green-black-18857,L: Ижевск - 1 шт | XXL: Соболева - 1 шт,2.0,data\product_images\24a2b9e83e55.jpg,0.0,0.0,0.0,1.0,0.0,0.0,0.0,0.0,0.0,1.0
Одежда,IH5059-133,Футболка женская Nike Heritage - Sail/Midnight Navy,Nike,4990 ₽,https://saletennis.com/catalog/product/futbolka-zhienskaia-nike-heritage-sail-midnight-navy-18850,S: Парина - 1 шт | Санкт-Петербург (Спортивная) - 1 шт | M: Парина - 1 шт | Санкт-Петербург (Спортивная) - 1 шт,4.0,data\product_images\4e8da10c40a4.png,0.0,2.0,0.0,0.0,2.0,0.0,0.0,0.0,0.0,0.0
Одежда,KS76-100,Юбка женская 7/6 Kris Skirt - White,7/6,4392 ₽,https://saletennis.com/catalog/product/iubka-zhienskaia-7-6-kris-skirt-white-17114,XXS: Санкт-Петербург (Спортивная) - 1 шт | XS: Соболева - 1 шт | Парина - 1 шт | S: Бисертская - 2 шт | Тюмень (Народная) - 1 шт | Ижевск - 1 шт | Елизаветенское шоссе - 1 шт | Соболева - 1 шт | Парина - 1 шт | M: Санкт-Петербург (Спортивная) - 1 шт | Ижевск - 1 шт | Уфа - 1 шт | Бисертская - 1 шт | L: Санкт-Петербург (Спортивная) - 1 шт | XL: Санкт-Петербург (Спортивная) - 1 шт,16.0,data\product_images\127ce6861e7e.png,0.0,4.0,0.0,2.0,2.0,3.0,1.0,1.0,1.0,2.0
Одежда,62GFB70172,Спортивные штаны женские Mizuno Mugen Pant - Estate Blue/White,Mizuno,4495 ₽,https://saletennis.com/catalog/product/sportivnyie-shtany-zhienskiie-mizuno-mugen-pant-estate-blue-white-16843,XS: Соболева - 1 шт | Санкт-Петербург (Спортивная) - 1 шт | S: Санкт-Петербург (Спортивная) - 1 шт | Основной склад Екатеринбург - 1 шт,4.0,data\product_images\a80d7b82d55c.png,0.0,2.0,1.0,1.0,0.0,0.0,0.0,0.0,0.0,0.0
Одежда,FD5574-100,Юбка женская Nike Court Victory Skirt - White/Black,Nike,7990 ₽,https://saletennis.com/catalog/product/iubka-zhienskaia-nike-court-victory-skirt-white-black-18450,XS: Соболева - 1 шт,1.0,data\product_images\90b2859d998d.png,0.0,0.0,0.0,1.0,0.0,0.0,0.0,0.0,0.0,0.0
Одежда,MD276-2520,Платье женское 7/6 Mari Dress 2.0 - Potent Purple,7/6,6990 ₽,https://saletennis.com/catalog/product/plat-ie-zhienskoie-7-6-mari-dress-2-0-potent-purple-18583,XS: Парина - 1 шт | Основной склад Екатеринбург - 1 шт | S: Уфа - 1 шт | Ижевск - 1 шт | Основной склад Екатеринбург - 1 шт | M: Соболева - 1 шт | Уфа - 1 шт | Основной склад Екатеринбург - 1 шт | Ижевск - 1 шт | Парина - 1 шт | L: Бисертская - 1 шт | XL: Санкт-Петербург (Спортивная) - 1 шт,12.0,data\product_images\b8900c0f0d72.png,0.0,1.0,3.0,1.0,2.0,1.0,0.0,0.0,2.0,2.0
Одежда,IB1064-010,Футболка мужская Nike Court Advantage Top Print - Black/White,Nike,8490 ₽,https://saletennis.com/catalog/product/futbolka-muzhskaia-nike-court-advantage-top-print-black-white-19189,M: Парина - 2 шт | Уфа - 1 шт | Тюмень (Народная) - 1 шт,4.0,data\product_images\36e34ca893bb.jpg,0.0,0.0,0.0,0.0,2.0,0.0,0.0,1.0,1.0,0.0
Одежда,FZ6928-478,Брюки мужские Nike Heritage - Armory Navy,Nike,5943 ₽,https://saletennis.com/catalog/product/briuki-muzhskiie-nike-heritage-armory-navy-17708,XL: Парина - 1 шт,1.0,data\product_images\08b083dee991.png,0.0,0.0,0.0,0.0,1.0,0.0,0.0,0.0,0.0,0.0
Одежда,IH2085-394,Футболка мужская Nike Court Heritage Tennis T-Shirt - Barely Green,Nike,4990 ₽,https://saletennis.com/catalog/product/futbolka-muzhskaia-nike-court-heritage-tennis-t-shirt-barely-green-19243,S: Парина - 1 шт | M: Санкт-Петербург (Спортивная) - 1 шт | L: Парина - 1 шт | 2XL: Парина - 1 шт,4.0,data\product_images\39b155352223.jpg,0.0,1.0,0.0,0.0,3.0,0.0,0.0,0.0,0.0,0.0
Одежда,MTL76-4718,Футболка мужская 7/6 Loddy T-Shirt 2.0 - Hydro,7/6,3990 ₽,https://saletennis.com/catalog/product/futbolka-muzhskaia-7-6-loddy-t-shirt-2-0-hydro-19383,S: Санкт-Петербург (Ярослава Гашека) - 1 шт | Санкт-Петербург (Спортивная) - 1 шт | M: Тюмень (Народная) - 1 шт | Уфа - 1 шт | Санкт-Петербург (Спортивная) - 1 шт | Парина - 1 шт | Елизаветенское шоссе - 2 шт | Бисертская - 1 шт | L: Санкт-Петербург (Ярослава Гашека) - 1 шт | Парина - 1 шт | Уфа - 1 шт | Тюмень (Народная) - 1 шт | Соболева - 1 шт | Ижевск - 2 шт | XL: Ижевск - 1 шт | Тюмень (Народная) - 1 шт | Уфа - 1 шт | Санкт-Петербург (Ярослава Гашека) - 1 шт | Санкт-Петербург (Спортивная) - 1 шт | XXL: Санкт-Петербург (Спортивная) - 1 шт | Ижевск - 1 шт | Елизаветенское шоссе - 1 шт,24.0,data\product_images\43366507dd31.png,3.0,4.0,0.0,1.0,2.0,1.0,3.0,3.0,3.0,4.0
Одежда,HM6759-276,Толстовка мужская Nike Heritage Hoodie - Neutral Olive/Medium Olive,Nike,8393 ₽,https://saletennis.com/catalog/product/tolstovka-muzhskaia-nike-heritage-hoodie-neutral-olive-medium-olive-18486,L: Тюмень (Народная) - 1 шт | XL: Тюмень (Народная) - 1 шт,2.0,data\product_images\ae6e66de6027.png,0.0,0.0,0.0,0.0,0.0,0.0,0.0,2.0,0.0,0.0
Одежда,62GHB20167,Платье женское Mizuno Charge Printed Dress - Purple Magic,Mizuno,3990 ₽,https://saletennis.com/catalog/product/plat-ie-zhienskoie-mizuno-charge-printed-dress-purple-magic-16331,XS: Основной склад Екатеринбург - 1 шт | S: Основной склад Екатеринбург - 3 шт,4.0,data\product_images\c454d3c89da0.png,0.0,0.0,4.0,0.0,0.0,0.0,0.0,0.0,0.0,0.0
Одежда,MTL76-010,Футболка мужская 7/6 Loddy T-Shirt 2.0 - Black,7/6,3192 ₽,https://saletennis.com/catalog/product/futbolka-muzhskaia-7-6-loddy-t-shirt-2-0-black-17119,S: Елизаветенское шоссе - 1 шт | Санкт-Петербург (Спортивная) - 2 шт | Ижевск - 1 шт | Уфа - 1 шт | M: Тюмень (Народная) - 1 шт | Бисертская - 1 шт | Парина - 1 шт | XXL: Тюмень (Народная) - 1 шт,9.0,data\product_images\2f9decffe882.png,0.0,2.0,0.0,0.0,1.0,1.0,1.0,2.0,1.0,1.0
Одежда,62GAC502-70,Поло мужское Mizuno Daybreakers Shadow - White/Gray,Mizuno,4543 ₽,https://saletennis.com/catalog/product/polo-muzhskoie-mizuno-daybreakers-shadow-white-gray-18405,M: Основной склад Екатеринбург - 1 шт | Тюмень (Народная) - 1 шт,2.0,data\product_images\bb61b81ce925.png,0.0,0.0,1.0,0.0,0.0,0.0,0.0,1.0,0.0,0.0
Одежда,FZ6677-017,Шорты женские под платье Nike Dri-Fit - Cannon/White,Nike,6490 ₽,https://saletennis.com/catalog/product/shorty-zhienskiie-pod-plat-ie-nike-dri-fit-cannon-white-18299,S: Уфа - 1 шт,1.0,data\product_images\de4edf8ab3b7.png,0.0,0.0,0.0,0.0,0.0,0.0,0.0,0.0,1.0,0.0
Одежда,ML76-4104,Лонгслив женский 7/6 Maya Longsleeve - Antarctica,7/6,5490 ₽,https://saletennis.com/catalog/product/longhsliv-zhienskii-7-6-maya-longsleeve-antarctica-18584,XS: Санкт-Петербург (Спортивная) - 1 шт | Парина - 1 шт | Соболева - 1 шт | M: Елизаветенское шоссе - 1 шт | Соболева - 1 шт | Ижевск - 1 шт | Санкт-Петербург (Спортивная) - 1 шт | Парина - 1 шт | XL: Санкт-Петербург (Спортивная) - 1 шт,9.0,data\product_images\8cf9e6c0c254.png,0.0,3.0,0.0,2.0,2.0,0.0,1.0,0.0,0.0,1.0
Одежда,DR10217975955286,Футболка мужская Diadora SS Score T-Shirt - Bordeaux,Не определен,1490 ₽,https://saletennis.com/catalog/product/futbolka-muzhskaia-diadora-ss-score-t-shirt-bordeaux-15325,S: Основной склад Екатеринбург - 1 шт,1.0,data\product_images\6dd6380e1261.png,0.0,0.0,1.0,0.0,0.0,0.0,0.0,0.0,0.0,0.0
Одежда,LS76-0515,Лонгслив мужской 7/6 Tony Longsleeve 2.0 - Lemon Icing,7/6,5990 ₽,https://saletennis.com/catalog/product/longhsliv-muzhskoi-7-6-tony-longsleeve-2-0-lemon-icing-19379,S: Елизаветенское шоссе - 1 шт | Ижевск - 1 шт | Санкт-Петербург (Спортивная) - 1 шт | Санкт-Петербург (Ярослава Гашека) - 1 шт | Парина - 1 шт | M: Санкт-Петербург (Ярослава Гашека) - 1 шт | Основной склад Екатеринбург - 1 шт | Санкт-Петербург (Спортивная) - 1 шт | Елизаветенское шоссе - 1 шт | Соболева - 1 шт | Тюмень (Народная) - 1 шт | Парина - 1 шт | Уфа - 1 шт | Бисертская - 1 шт | L: Уфа - 1 шт | Санкт-Петербург (Ярослава Гашека) - 1 шт | Основной склад Екатеринбург - 2 шт | Соболева - 1 шт | Бисертская - 1 шт | Тюмень (Народная) - 1 шт | Ижевск - 1 шт | Санкт-Петербург (Спортивная) - 1 шт | Парина - 1 шт | XL: Ижевск - 1 шт | Санкт-Петербург (Ярослава Гашека) - 1 шт | Уфа - 1 шт | Санкт-Петербург (Спортивная) - 1 шт | Соболева - 1 шт | Елизаветенское шоссе - 1 шт | Бисертская - 1 шт | XXL: Санкт-Петербург (Спортивная) - 1 шт | Ижевск - 1 шт | Санкт-Петербург (Ярослава Гашека) - 1 шт | Соболева - 1 шт,35.0,data\product_images\327fff122c60.png,5.0,5.0,3.0,4.0,3.0,3.0,3.0,2.0,3.0,4.0
Одежда,62GAB50224,Поло мужское Mizuno Mugen Shadow Polo - Mugen Blue,Mizuno,4490 ₽,https://saletennis.com/catalog/product/polo-muzhskoie-mizuno-mugen-shadow-polo-mugen-blue-16842,S: Соболева - 1 шт,1.0,data\product_images\0701fb983de5.png,0.0,0.0,0.0,1.0,0.0,0.0,0.0,0.0,0.0,0.0
Одежда,62GAC20021,Топ женский Mizuno Frontier Bra - Bel Air Blue,Mizuno,3143 ₽,https://saletennis.com/catalog/product/top-zhienskii-mizuno-frontier-bra-bel-air-blue-18177,S: Основной склад Екатеринбург - 2 шт,2.0,data\product_images\b94b6356ddfd.png,0.0,0.0,2.0,0.0,0.0,0.0,0.0,0.0,0.0,0.0
Одежда,62GAC00402,Поло мужское Mizuno Frontier Shadow Polo - Citadel,Mizuno,4193 ₽,https://saletennis.com/catalog/product/polo-muzhskoie-mizuno-frontier-shadow-polo-citadel-18181,M: Основной склад Екатеринбург - 1 шт,1.0,data\product_images\d041a4742341.png,0.0,0.0,1.0,0.0,0.0,0.0,0.0,0.0,0.0,0.0
Одежда,II3606-641,Майка женская Nike Court Advantage - Peony/White,Nike,7990 ₽,https://saletennis.com/catalog/product/maika-zhienskaia-nike-court-advantage-peony-white-19257,XS: Уфа - 1 шт | Парина - 1 шт | S: Уфа - 1 шт | Парина - 1 шт | Тюмень (Народная) - 1 шт | M: Уфа - 1 шт | Парина - 1 шт | Тюмень (Народная) - 1 шт,8.0,data\product_images\9ee82d6f08ea.png,0.0,0.0,0.0,0.0,3.0,0.0,0.0,2.0,3.0,0.0
Одежда,W1390017,Юбка женская Bidi Badu Melbourne Printed Wavy - Orange/Turquoise,Bidi Badu,1990 ₽,https://saletennis.com/catalog/product/iubka-zhienskaia-bidi-badu-melbourne-printed-wavy-orange-turquoise-17235,XS: Основной склад Екатеринбург - 1 шт | S: Основной склад Екатеринбург - 4 шт | M: Основной склад Екатеринбург - 1 шт,6.0,data\product_images\de58be40b0c4.png,0.0,0.0,6.0,0.0,0.0,0.0,0.0,0.0,0.0,0.0
Одежда,MPA76-1120,Поло мужское 7/6 Andy Polo - Starfish,7/6,5990 ₽,https://saletennis.com/catalog/product/polo-muzhskoie-7-6-andy-polo-starfish-19380,S: Парина - 1 шт | Санкт-Петербург (Спортивная) - 1 шт | Санкт-Петербург (Ярослава Гашека) - 1 шт | M: Санкт-Петербург (Ярослава Гашека) - 1 шт | Основной склад Екатеринбург - 1 шт | Соболева - 1 шт | Санкт-Петербург (Спортивная) - 1 шт | Уфа - 1 шт | Ижевск - 1 шт | Тюмень (Народная) - 1 шт | Бисертская - 1 шт | Парина - 2 шт | Елизаветенское шоссе - 2 шт | L: Парина - 2 шт | Елизаветенское шоссе - 2 шт | Санкт-Петербург (Спортивная) - 1 шт | Ижевск - 1 шт | Санкт-Петербург (Ярослава Гашека) - 1 шт | Бисертская - 1 шт | Тюмень (Народная) - 1 шт | Соболева - 1 шт | XL: Парина - 1 шт | Елизаветенское шоссе - 1 шт | Уфа - 1 шт | Санкт-Петербург (Ярослава Гашека) - 1 шт | Санкт-Петербург (Спортивная) - 1 шт | Тюмень (Народная) - 1 шт | Соболева - 1 шт | Основной склад Екатеринбург - 2 шт | Ижевск - 1 шт | Бисертская - 1 шт | XXL: Санкт-Петербург (Спортивная) - 1 шт | Елизаветенское шоссе - 1 шт | Соболева - 1 шт | Парина - 1 шт,40.0,data\product_images\02d74815eb34.png,4.0,5.0,3.0,4.0,7.0,3.0,6.0,3.0,2.0,3.0
Одежда,PL7060-0515,Поло мужское 7/6 Ankl Polo 2.0 - Lemon Icing,7/6,5990 ₽,https://saletennis.com/catalog/product/polo-muzhskoie-7-6-ankl-polo-2-0-lemon-icing-19299,S: Санкт-Петербург (Ярослава Гашека) - 1 шт | Уфа - 1 шт | Санкт-Петербург (Спортивная) - 1 шт | Парина - 1 шт | M: Ижевск - 2 шт | Соболева - 2 шт | Елизаветенское шоссе - 2 шт | Уфа - 1 шт | Бисертская - 1 шт | Санкт-Петербург (Спортивная) - 1 шт | Основной склад Екатеринбург - 4 шт | Парина - 2 шт | Тюмень (Народная) - 1 шт | Санкт-Петербург (Ярослава Гашека) - 1 шт | L: Санкт-Петербург (Спортивная) - 1 шт | Ижевск - 1 шт | Елизаветенское шоссе - 2 шт | Тюмень (Народная) - 1 шт | Соболева - 1 шт | Уфа - 1 шт | Парина - 2 шт | XL: Уфа - 1 шт | Тюмень (Народная) - 1 шт | Основной склад Екатеринбург - 2 шт | Санкт-Петербург (Спортивная) - 1 шт | Ижевск - 1 шт | XXL: Санкт-Петербург (Спортивная) - 1 шт | Парина - 1 шт | Санкт-Петербург (Ярослава Гашека) - 1 шт,39.0,data\product_images\367ee89d0b1b.png,3.0,5.0,6.0,3.0,6.0,1.0,4.0,3.0,4.0,4.0
Одежда,DR10217808220002,Шорты женские Diadora L. Tights - White,Не определен,1990 ₽,https://saletennis.com/catalog/product/shorty-zhienskiie-diadora-l-tights-white-15336,XS: Основной склад Екатеринбург - 1 шт,1.0,data\product_images\d9c816c81616.png,0.0,0.0,1.0,0.0,0.0,0.0,0.0,0.0,0.0,0.0
Одежда,FD5336-736,"Шорты мужские Nike Advantage 7"" Short - Light Lemon Twist",Nike,5490 ₽,https://saletennis.com/catalog/product/shorty-muzhskiie-nike-advantage-7-short-light-lemon-twist-16238,S: Парина - 1 шт | XL: Тюмень (Народная) - 1 шт,2.0,data\product_images\d5c8cd7d26db.png,0.0,0.0,0.0,0.0,1.0,0.0,0.0,1.0,0.0,0.0
Одежда,WJP76-4104,Штаны женские 7/6 Jackie Pants Women - Antarctica,7/6,4193 ₽,https://saletennis.com/catalog/product/shtany-zhienskiie-7-6-jackie-pants-women-antarctica-18636,XXS: Санкт-Петербург (Спортивная) - 1 шт | XS: Елизаветенское шоссе - 1 шт | Санкт-Петербург (Спортивная) - 1 шт | S: Санкт-Петербург (Спортивная) - 1 шт | M: Санкт-Петербург (Спортивная) - 1 шт | L: Елизаветенское шоссе - 1 шт | Санкт-Петербург (Спортивная) - 1 шт | XL: Санкт-Петербург (Спортивная) - 1 шт,8.0,data\product_images\b79775f87628.png,0.0,6.0,0.0,0.0,0.0,0.0,2.0,0.0,0.0,0.0
Одежда,WSA76-4109,Шорты женские 7/6 Alex Shorts - Arona,7/6,5490 ₽,https://saletennis.com/catalog/product/shorty-zhienskiie-7-6-alex-shorts-arona-18613,XXS: Санкт-Петербург (Спортивная) - 1 шт | XS: Уфа - 1 шт | Парина - 1 шт | Соболева - 1 шт | S: Тюмень (Народная) - 1 шт,5.0,data\product_images\b97ada1ed7cb.png,0.0,1.0,0.0,1.0,1.0,0.0,0.0,1.0,1.0,0.0
Одежда,PL7060-1264,Поло мужское 7/6 Ankl Polo 2.0 - Bright Orange,7/6,2745 ₽,https://saletennis.com/catalog/product/polo-muzhskoie-7-6-ankl-polo-2-0-bright-orange-17869,S: Санкт-Петербург (Спортивная) - 2 шт | Основной склад Екатеринбург - 4 шт | M: Уфа - 1 шт | Тюмень (Народная) - 1 шт,8.0,data\product_images\152417ae4219.png,0.0,2.0,4.0,0.0,0.0,0.0,0.0,1.0,1.0,0.0
Одежда,WJT76-NVBL,Ветровка женская 7/6 Woman Training Jacket - Navy/Blue,7/6,2990 ₽,https://saletennis.com/catalog/product/vietrovka-zhienskaia-7-6-woman-training-jacket-navy-blue-15241,S: Ижевск - 1 шт | Основной склад Екатеринбург - 2 шт,3.0,data\product_images\726ca0f40138.png,0.0,0.0,2.0,0.0,0.0,0.0,0.0,0.0,0.0,1.0
Одежда,PL7060-1440,Поло мужское 7/6 Ankl Polo 2.0 - Misty Blue,7/6,5990 ₽,https://saletennis.com/catalog/product/polo-muzhskoie-7-6-ankl-polo-2-0-misty-blue-19381,S: Елизаветенское шоссе - 1 шт | Соболева - 1 шт | Санкт-Петербург (Спортивная) - 1 шт | Санкт-Петербург (Ярослава Гашека) - 1 шт | M: Санкт-Петербург (Ярослава Гашека) - 1 шт | Бисертская - 1 шт | Санкт-Петербург (Спортивная) - 1 шт | Соболева - 2 шт | Ижевск - 1 шт | Парина - 2 шт | Елизаветенское шоссе - 2 шт | Уфа - 2 шт | L: Ижевск - 2 шт | Санкт-Петербург (Спортивная) - 1 шт | Тюмень (Народная) - 1 шт | Парина - 2 шт | Уфа - 2 шт | Бисертская - 1 шт | Елизаветенское шоссе - 2 шт | Санкт-Петербург (Ярослава Гашека) - 1 шт | Соболева - 1 шт | XL: Соболева - 2 шт | Санкт-Петербург (Ярослава Гашека) - 1 шт | Санкт-Петербург (Спортивная) - 1 шт | Парина - 2 шт | Елизаветенское шоссе - 2 шт | Уфа - 1 шт | Ижевск - 1 шт | Бисертская - 1 шт | XXL: Санкт-Петербург (Спортивная) - 1 шт,41.0,data\product_images\db773ca085bf.png,4.0,5.0,0.0,6.0,6.0,3.0,7.0,1.0,5.0,4.0
Одежда,II3136-736,Платье женское Nike Court Slam Tennis Dress - Light Lemon Twist,Nike,12593 ₽,https://saletennis.com/catalog/product/plat-ie-zhienskoie-nike-court-slam-tennis-dress-light-lemon-twist-18846,XS: Парина - 1 шт,1.0,data\product_images\d50decb3e38d.png,0.0,0.0,0.0,0.0,1.0,0.0,0.0,0.0,0.0,0.0
Одежда,IB1037-475,Шорты мужские Nike Court Slam 6in - Dark Obsidian/Sapphire/White,Nike,9592 ₽,https://saletennis.com/catalog/product/shorty-muzhskiie-nike-court-slam-6in-dark-obsidian-sapphire-white-18834,L: Уфа - 1 шт | Тюмень (Народная) - 1 шт | Парина - 1 шт | XL: Санкт-Петербург (Спортивная) - 1 шт,4.0,data\product_images\89b041925a3a.jpg,0.0,1.0,0.0,0.0,1.0,0.0,0.0,1.0,1.0,0.0
Одежда,MTS76-0205,Футболка для мальчиков 7/6 Max T-shirt 2.0 - Cream,7/6,2093 ₽,https://saletennis.com/catalog/product/futbolka-dlia-mal-chikov-7-6-max-t-shirt-2-0-cream-17915,XS: Санкт-Петербург (Спортивная) - 1 шт | Соболева - 1 шт | S: Тюмень (Народная) - 2 шт | Санкт-Петербург (Спортивная) - 2 шт | Соболева - 1 шт | Основной склад Екатеринбург - 2 шт | Уфа - 1 шт | M: Основной склад Екатеринбург - 1 шт | Соболева - 1 шт | Тюмень (Народная) - 1 шт | Санкт-Петербург (Спортивная) - 2 шт | L: Санкт-Петербург (Спортивная) - 1 шт | Соболева - 1 шт | Уфа - 1 шт | Тюмень (Народная) - 1 шт | Основной склад Екатеринбург - 3 шт | XL: Санкт-Петербург (Спортивная) - 1 шт,23.0,data\product_images\a632b43b6d2a.png,0.0,7.0,6.0,4.0,0.0,0.0,0.0,4.0,2.0,0.0
Одежда,PSH76-1632,Шорты для девочек 7/6 Poly Shorts - Shell Pink,7/6,3990 ₽,https://saletennis.com/catalog/product/shorty-dlia-dievochiek-7-6-poly-shorts-shell-pink-19410,XS: Санкт-Петербург (Спортивная) - 1 шт | Ижевск - 1 шт | Уфа - 1 шт | Тюмень (Народная) - 2 шт | Парина - 1 шт | Соболева - 1 шт | S: Соболева - 1 шт | Ижевск - 1 шт | Основной склад Екатеринбург - 1 шт | Тюмень (Народная) - 2 шт | Уфа - 1 шт | Санкт-Петербург (Ярослава Гашека) - 1 шт | Санкт-Петербург (Спортивная) - 1 шт | M: Парина - 1 шт | Санкт-Петербург (Спортивная) - 1 шт | Санкт-Петербург (Ярослава Гашека) - 1 шт | Основной склад Екатеринбург - 1 шт | Тюмень (Народная) - 2 шт | Ижевск - 1 шт | Уфа - 1 шт | Соболева - 1 шт | L: Соболева - 1 шт | Санкт-Петербург (Ярослава Гашека) - 1 шт | Тюмень (Народная) - 1 шт | Ижевск - 1 шт | Уфа - 1 шт | Основной склад Екатеринбург - 2 шт | Санкт-Петербург (Спортивная) - 1 шт | XL: Санкт-Петербург (Ярослава Гашека) - 1 шт | Основной склад Екатеринбург - 1 шт | Соболева - 1 шт | Парина - 1 шт | Санкт-Петербург (Спортивная) - 1 шт | Уфа - 1 шт,38.0,data\product_images\9b10d2fcad2b.png,4.0,5.0,5.0,5.0,3.0,0.0,0.0,7.0,5.0,4.0
Одежда,PL7060-4104,Поло мужское 7/6 Ankl Polo 2.0 - Ebony,7/6,5490 ₽,https://saletennis.com/catalog/product/polo-muzhskoie-7-6-ankl-polo-2-0-ebony-18611,S: Соболева - 1 шт | Санкт-Петербург (Спортивная) - 1 шт | M: Ижевск - 1 шт | Бисертская - 1 шт | Парина - 1 шт | Соболева - 1 шт | Основной склад Екатеринбург - 1 шт | Уфа - 1 шт | Санкт-Петербург (Спортивная) - 1 шт | Тюмень (Народная) - 1 шт | L: Соболева - 1 шт | Тюмень (Народная) - 1 шт | Парина - 1 шт | XL: Парина - 1 шт | XXL: Соболева - 1 шт,15.0,data\product_images\49f40dd2610b.png,0.0,2.0,1.0,4.0,3.0,1.0,0.0,2.0,1.0,1.0
Одежда,NT76-0205,Майка женская Nata Sleeveless T-shirt - Cream,Не определен,1995 ₽,https://saletennis.com/catalog/product/maika-zhienskaia-nata-sleeveless-t-shirt-cream-17901,XXS: Санкт-Петербург (Спортивная) - 1 шт | Основной склад Екатеринбург - 3 шт | XS: Основной склад Екатеринбург - 1 шт | Санкт-Петербург (Спортивная) - 1 шт | Тюмень (Народная) - 1 шт | S: Санкт-Петербург (Спортивная) - 1 шт | M: Тюмень (Народная) - 1 шт | Основной склад Екатеринбург - 2 шт | Санкт-Петербург (Спортивная) - 1 шт | L: Основной склад Екатеринбург - 1 шт | XL: Санкт-Петербург (Спортивная) - 1 шт,14.0,data\product_images\ec4f0948bd6b.png,0.0,5.0,7.0,0.0,0.0,0.0,0.0,2.0,0.0,0.0
Одежда,AT276-4109,Топ женский под платье 7/6 Ana Top 2.0 - Arona,7/6,2990 ₽,https://saletennis.com/catalog/product/top-zhienskii-pod-plat-ie-7-6-ana-top-2-0-arona-18592,XS: Соболева - 1 шт | S: Санкт-Петербург (Спортивная) - 1 шт | Уфа - 1 шт | Парина - 1 шт | M: Санкт-Петербург (Спортивная) - 1 шт | XL: Санкт-Петербург (Спортивная) - 1 шт,6.0,data\product_images\6bfb8b1d1ea1.png,0.0,3.0,0.0,1.0,1.0,0.0,0.0,0.0,1.0,0.0
Одежда,PSH76-4718,Шорты для девочек 7/6 Poly Shorts - Hydro,7/6,3990 ₽,https://saletennis.com/catalog/product/shorty-dlia-dievochiek-7-6-poly-shorts-hydro-19409,XS: Тюмень (Народная) - 2 шт | Ижевск - 1 шт | Уфа - 1 шт | Соболева - 1 шт | Санкт-Петербург (Ярослава Гашека) - 1 шт | S: Уфа - 1 шт | Тюмень (Народная) - 1 шт | Ижевск - 1 шт | Соболева - 1 шт | Основной склад Екатеринбург - 1 шт | Парина - 1 шт | Санкт-Петербург (Спортивная) - 2 шт | Санкт-Петербург (Ярослава Гашека) - 1 шт | M: Соболева - 1 шт | Ижевск - 1 шт | Парина - 1 шт | Санкт-Петербург (Ярослава Гашека) - 1 шт | Основной склад Екатеринбург - 2 шт | Уфа - 1 шт | Санкт-Петербург (Спортивная) - 1 шт | Тюмень (Народная) - 2 шт | L: Тюмень (Народная) - 2 шт | Санкт-Петербург (Спортивная) - 1 шт | Санкт-Петербург (Ярослава Гашека) - 1 шт | Основной склад Екатеринбург - 2 шт | Уфа - 1 шт | Парина - 1 шт | Соболева - 1 шт | Ижевск - 1 шт | XL: Парина - 1 шт | Ижевск - 1 шт | Тюмень (Народная) - 1 шт | Санкт-Петербург (Ярослава Гашека) - 1 шт | Санкт-Петербург (Спортивная) - 1 шт | Уфа - 1 шт,41.0,data\product_images\a9a0de885a54.png,5.0,5.0,5.0,4.0,4.0,0.0,0.0,8.0,5.0,5.0
Одежда,WJJ76-4104,Кофта женская 7/6 Jackie Jacket Women - Antarctica,7/6,10990 ₽,https://saletennis.com/catalog/product/kofta-zhienskaia-7-6-jackie-jacket-women-antarctica-18634,XXS: Санкт-Петербург (Спортивная) - 1 шт | XS: Елизаветенское шоссе - 1 шт | Санкт-Петербург (Спортивная) - 1 шт | S: Елизаветенское шоссе - 1 шт | Санкт-Петербург (Спортивная) - 1 шт | M: Елизаветенское шоссе - 1 шт | L: Елизаветенское шоссе - 1 шт | Санкт-Петербург (Спортивная) - 1 шт | XL: Санкт-Петербург (Спортивная) - 1 шт,9.0,data\product_images\e5e6bd49c23b.png,0.0,5.0,0.0,0.0,0.0,0.0,4.0,0.0,0.0,0.0
Одежда,WP314080222,Шорты женские Bidi Badu Sua Tech Shorts - White/Turqouse,Bidi Badu,1990 ₽,https://saletennis.com/catalog/product/shorty-bidi-badu-sua-tech-shorts-white-turqouse-14362,XS: Санкт-Петербург (Спортивная) - 1 шт | S: Санкт-Петербург (Спортивная) - 1 шт | Основной склад Екатеринбург - 1 шт | L: Основной склад Екатеринбург - 1 шт,4.0,data\product_images\c00bdb56f1ff.png,0.0,2.0,2.0,0.0,0.0,0.0,0.0,0.0,0.0,0.0
Одежда,62GEB70168,Спортивная кофта женская Mizuno Mugen Hooded Jacket - Patrician Purple,Mizuno,5995 ₽,https://saletennis.com/catalog/product/sportivnaia-kofta-zhienskaia-mizuno-mugen-hooded-jacket-patrician-purple-16838,XS: Основной склад Екатеринбург - 1 шт | S: Санкт-Петербург (Спортивная) - 1 шт | Тюмень (Народная) - 1 шт | M: Санкт-Петербург (Спортивная) - 1 шт,4.0,data\product_images\986bc6ff1e17.png,0.0,2.0,1.0,0.0,0.0,0.0,0.0,1.0,0.0,0.0
Одежда,FZ6726-010,Юбка женская Nike Advantage Ace - Black,Nike,7118 ₽,https://saletennis.com/catalog/product/iubka-zhienskaia-nike-advantage-ace-black-17723,XS: Уфа - 1 шт,1.0,data\product_images\0519af94b820.png,0.0,0.0,0.0,0.0,0.0,0.0,0.0,0.0,1.0,0.0
Одежда,FD5336-523,Шорты мужские Nike Court 7in Advantage - Plum Dust/Beyond Pink/White,Nike,4990 ₽,https://saletennis.com/catalog/product/shorty-muzhskiie-nike-court-7in-advantage-plum-dust-beyond-pink-white-17405,XL: Санкт-Петербург (Спортивная) - 1 шт,1.0,data\product_images\74219dbb10b5.png,0.0,1.0,0.0,0.0,0.0,0.0,0.0,0.0,0.0,0.0
Одежда,W1580023-DBLBL,Майка женская Bidi Badu Beach Spirit - Darkblue,Bidi Badu,1990 ₽,https://saletennis.com/catalog/product/maika-zhienskaia-bidi-badu-beach-spirit-darkblue-15730,XS: Основной склад Екатеринбург - 1 шт,1.0,data\product_images\7177ade8da15.png,0.0,0.0,1.0,0.0,0.0,0.0,0.0,0.0,0.0,0.0
Одежда,62GAB700-01,Футболка женская Mizuno Mugen Printed Tee - White,Mizuno,1490 ₽,https://saletennis.com/catalog/product/futbolka-zhienskaia-mizuno-mugen-printed-tee-white-17436,L: Тюмень (Народная) - 1 шт,1.0,data\product_images\22bbae39cba0.jpg,0.0,0.0,0.0,0.0,0.0,0.0,0.0,1.0,0.0,0.0
Одежда,GSH76-100,Шорты для девочек 7/6 Poly Shorts - White,7/6,3490 ₽,https://saletennis.com/catalog/product/shorty-dlia-dievochiek-7-6-poly-shorts-white-17518,S: Тюмень - 1 шт | Бисертская - 1 шт | Санкт-Петербург (Спортивная) - 2 шт | Соболева - 1 шт | Ижевск - 1 шт | M: Санкт-Петербург (Спортивная) - 1 шт | Ижевск - 1 шт | Санкт-Петербург (Ярослава Гашека) - 1 шт | Парина - 1 шт | Тюмень - 1 шт | Соболева - 1 шт | L: Соболева - 1 шт | Парина - 1 шт | Уфа - 1 шт | Бисертская - 1 шт | Основной склад Екатеринбург - 3 шт | Тюмень (Народная) - 1 шт | Санкт-Петербург (Спортивная) - 1 шт | Санкт-Петербург (Ярослава Гашека) - 1 шт | XL: Санкт-Петербург (Спортивная) - 1 шт | Тюмень (Народная) - 1 шт | Ижевск - 1 шт | Уфа - 1 шт | Бисертская - 1 шт | Парина - 1 шт,28.0,data\product_images\fa76ba665be4.png,2.0,5.0,3.0,3.0,3.0,3.0,0.0,4.0,2.0,3.0
Одежда,62GAC20214,Майка женская Mizuno Frontier Tank - Bellwether Blue,Mizuno,2933 ₽,https://saletennis.com/catalog/product/maika-zhienskaia-mizuno-frontier-tank-bellwether-blue-18194,XS: Основной склад Екатеринбург - 1 шт | Соболева - 1 шт | S: Основной склад Екатеринбург - 1 шт | M: Основной склад Екатеринбург - 2 шт,5.0,data\product_images\d1919bc88f71.png,0.0,0.0,4.0,1.0,0.0,0.0,0.0,0.0,0.0,0.0
Одежда,MTS76-1632,Футболка для мальчиков 7/6 Max T-shirt 2.0 - Shell Pink,7/6,2990 ₽,https://saletennis.com/catalog/product/futbolka-dlia-mal-chikov-7-6-max-t-shirt-2-0-shell-pink-19323,XS: Соболева - 1 шт | Ижевск - 1 шт | Уфа - 1 шт | Парина - 1 шт | Санкт-Петербург (Ярослава Гашека) - 1 шт | Тюмень (Народная) - 1 шт | Санкт-Петербург (Спортивная) - 1 шт | S: Парина - 1 шт | Уфа - 1 шт | Санкт-Петербург (Спортивная) - 1 шт | Санкт-Петербург (Ярослава Гашека) - 1 шт | Тюмень (Народная) - 1 шт | M: Ижевск - 1 шт | Уфа - 1 шт | Санкт-Петербург (Ярослава Гашека) - 1 шт | Санкт-Петербург (Спортивная) - 1 шт | Тюмень (Народная) - 1 шт | L: Уфа - 1 шт | Соболева - 1 шт | Основной склад Екатеринбург - 2 шт | Санкт-Петербург (Ярослава Гашека) - 1 шт | Тюмень (Народная) - 1 шт | Санкт-Петербург (Спортивная) - 1 шт | XL: Основной склад Екатеринбург - 1 шт | Санкт-Петербург (Ярослава Гашека) - 1 шт | Уфа - 1 шт | Ижевск - 1 шт | Соболева - 1 шт | Санкт-Петербург (Спортивная) - 1 шт | Тюмень (Народная) - 1 шт | Парина - 1 шт,32.0,data\product_images\8a4428bddcdb.png,5.0,5.0,3.0,3.0,3.0,0.0,0.0,5.0,5.0,3.0
Одежда,62GAB700-67,Футболка женская Mizuno Mugen Printed Tee - Crocus Petal,Mizuno,2990 ₽,https://saletennis.com/catalog/product/futbolka-zhienskaia-mizuno-mugen-printed-tee-crocus-petal-17435,XS: Соболева - 1 шт | Основной склад Екатеринбург - 1 шт | M: Основной склад Екатеринбург - 2 шт,4.0,data\product_images\7c87c02bc051.png,0.0,0.0,3.0,1.0,0.0,0.0,0.0,0.0,0.0,0.0
Одежда,ET76-4313,Футболка для девочек 7/6 Eva T-shirt 2.0 - Light Blue,7/6,2093 ₽,https://saletennis.com/catalog/product/futbolka-dlia-dievochiek-7-6-eva-t-shirt-2-0-light-blue-17911,XS: Основной склад Екатеринбург - 1 шт | Уфа - 1 шт | M: Санкт-Петербург (Спортивная) - 1 шт | Уфа - 1 шт | L: Тюмень (Народная) - 1 шт | Основной склад Екатеринбург - 1 шт | Санкт-Петербург (Спортивная) - 1 шт | XL: Основной склад Екатеринбург - 2 шт | Ижевск - 1 шт | Уфа - 1 шт | Тюмень (Народная) - 1 шт,12.0,data\product_images\e86cfa10a02c.png,0.0,2.0,4.0,0.0,0.0,0.0,0.0,2.0,3.0,1.0
Одежда,WSA76-100,Шорты женские 7/6 Alex Shorts - White,7/6,4392 ₽,https://saletennis.com/catalog/product/shorty-zhienskiie-7-6-alex-shorts-white-17127,XXS: Санкт-Петербург (Спортивная) - 1 шт | Основной склад Екатеринбург - 1 шт | Уфа - 1 шт | Тюмень (Народная) - 1 шт | XS: Тюмень (Народная) - 1 шт | Санкт-Петербург (Спортивная) - 1 шт | S: Тюмень (Народная) - 1 шт | Санкт-Петербург (Спортивная) - 1 шт | M: Парина - 1 шт | Тюмень (Народная) - 1 шт | Санкт-Петербург (Спортивная) - 1 шт | L: Бисертская - 1 шт | Санкт-Петербург (Спортивная) - 1 шт | Тюмень (Народная) - 1 шт | Соболева - 1 шт | XL: Санкт-Петербург (Спортивная) - 1 шт,16.0,data\product_images\f5ff4668f6ca.png,0.0,6.0,1.0,1.0,1.0,1.0,0.0,5.0,1.0,0.0
Одежда,FD5384-010,"Шорты мужские Nike Court Victory 9"" Short - Black",Nike,6490 ₽,https://saletennis.com/catalog/product/shorty-muzhskiie-nike-court-victory-9-short-black-15883,S: Соболева - 1 шт | L: Уфа - 1 шт | Санкт-Петербург (Спортивная) - 1 шт | Ижевск - 1 шт | XL: Бисертская - 1 шт | Ижевск - 1 шт | Уфа - 1 шт | XXL: Соболева - 1 шт,8.0,data\product_images\4b7669536543.png,0.0,1.0,0.0,2.0,0.0,1.0,0.0,0.0,2.0,2.0
Одежда,W1580024-SP,Майка женская Bidi Badu Spike Chill - Lilac,Bidi Badu,990 ₽,https://saletennis.com/catalog/product/maika-zhienskaia-bidi-badu-spike-chill-lilac-16402,M: Основной склад Екатеринбург - 1 шт,1.0,data\product_images\27062bac9fad.png,0.0,0.0,1.0,0.0,0.0,0.0,0.0,0.0,0.0,0.0
Одежда,62GAB500-20,Футболка мужская Mizuno Mugen Shadow - Blue Mirage,Mizuno,2990 ₽,https://saletennis.com/catalog/product/futbolka-muzhskaia-mizuno-mugen-shadow-blue-mirage-17441,M: Санкт-Петербург (Спортивная) - 1 шт | Основной склад Екатеринбург - 1 шт,2.0,data\product_images\a4d8297231cf.png,0.0,1.0,1.0,0.0,0.0,0.0,0.0,0.0,0.0,0.0
Одежда,WP334006211,Майка женская Bidi Badu Amrei Tech - Green/Dark Blue,Bidi Badu,1990 ₽,https://saletennis.com/catalog/product/maika-zhienskaia-bidi-badu-amrei-tech-green-dark-blue-14352,XS: Основной склад Екатеринбург - 1 шт,1.0,data\product_images\5eeab142dad4.png,0.0,0.0,1.0,0.0,0.0,0.0,0.0,0.0,0.0,0.0
Одежда,FZ6899-344,Шорты мужские Nike Advantage Slam 6in - High Voltage/Medium Ash,Nike,6993 ₽,https://saletennis.com/catalog/product/shorty-muzhskiie-nike-advantage-slam-6in-high-voltage-medium-ash-17377,XL: Санкт-Петербург (Спортивная) - 1 шт,1.0,data\product_images\41c0be9dcfb3.jpg,0.0,1.0,0.0,0.0,0.0,0.0,0.0,0.0,0.0,0.0
Одежда,AT276-1304,Топ женский под платье 7/6 Ana Top 2.0 - Pearl,7/6,2990 ₽,https://saletennis.com/catalog/product/top-zhienskii-pod-plat-ie-7-6-ana-top-2-0-pearl-19391,XXS: Санкт-Петербург (Спортивная) - 1 шт | XS: Тюмень (Народная) - 2 шт | Санкт-Петербург (Ярослава Гашека) - 1 шт | Соболева - 1 шт | Ижевск - 1 шт | Санкт-Петербург (Спортивная) - 1 шт | Парина - 1 шт | S: Ижевск - 1 шт | Парина - 2 шт | Елизаветенское шоссе - 1 шт | Бисертская - 1 шт | Санкт-Петербург (Спортивная) - 1 шт | Тюмень (Народная) - 1 шт | Санкт-Петербург (Ярослава Гашека) - 1 шт | Основной склад Екатеринбург - 1 шт | Соболева - 1 шт | M: Санкт-Петербург (Спортивная) - 1 шт | Соболева - 1 шт | Елизаветенское шоссе - 1 шт | Ижевск - 1 шт | Парина - 1 шт | Санкт-Петербург (Ярослава Гашека) - 1 шт | Тюмень (Народная) - 4 шт | L: Санкт-Петербург (Спортивная) - 2 шт | Санкт-Петербург (Ярослава Гашека) - 1 шт | XL: Санкт-Петербург (Ярослава Гашека) - 1 шт | Санкт-Петербург (Спортивная) - 1 шт,33.0,data\product_images\bafe62086678.png,5.0,7.0,1.0,3.0,4.0,1.0,2.0,7.0,0.0,3.0
Одежда,MTS76-1264,Футболка для мальчиков 7/6 Max T-shirt 2.0 - Bright Orange,7/6,2093 ₽,https://saletennis.com/catalog/product/futbolka-dlia-mal-chikov-7-6-max-t-shirt-2-0-bright-orange-17914,XS: Основной склад Екатеринбург - 1 шт | Соболева - 1 шт | Уфа - 1 шт | Санкт-Петербург (Спортивная) - 1 шт | S: Уфа - 1 шт | Санкт-Петербург (Спортивная) - 1 шт | Соболева - 1 шт | Бисертская - 1 шт | M: Основной склад Екатеринбург - 1 шт | Уфа - 1 шт | Санкт-Петербург (Спортивная) - 1 шт | Соболева - 1 шт | Тюмень (Народная) - 1 шт | L: Соболева - 1 шт | Уфа - 1 шт | Тюмень (Народная) - 1 шт | Основной склад Екатеринбург - 1 шт | Санкт-Петербург (Спортивная) - 1 шт | XL: Уфа - 1 шт | Ижевск - 1 шт,20.0,data\product_images\4fba15a17f4e.png,0.0,4.0,3.0,4.0,0.0,1.0,0.0,2.0,5.0,1.0
Одежда,IH5059-006,Футболка женская Nike Heritage - Steam/Barely Green,Nike,4990 ₽,https://saletennis.com/catalog/product/futbolka-zhienskaia-nike-heritage-steam-barely-green-19233,XS: Парина - 1 шт,1.0,data\product_images\4a4244db0036.png,0.0,0.0,0.0,0.0,1.0,0.0,0.0,0.0,0.0,0.0
Одежда,FZ6913-652,"Шорты мужские Nike Advantage 6"" - Burgundy Crush",Nike,6490 ₽,https://saletennis.com/catalog/product/shorty-muzhskiie-nike-advantage-6-burgundy-crush-18466,XL: Тюмень (Народная) - 1 шт,1.0,data\product_images\ceeb547f60e8.jpg,0.0,0.0,0.0,0.0,0.0,0.0,0.0,1.0,0.0,0.0
Одежда,WSA76-4104,Шорты женские 7/6 Alex Shorts - Antarctica,7/6,5490 ₽,https://saletennis.com/catalog/product/shorty-zhienskiie-7-6-alex-shorts-antarctica-18597,XS: Тюмень (Народная) - 1 шт | Санкт-Петербург (Спортивная) - 1 шт | Уфа - 1 шт | S: Санкт-Петербург (Спортивная) - 1 шт | Елизаветенское шоссе - 1 шт | M: Бисертская - 1 шт | L: Санкт-Петербург (Спортивная) - 1 шт,7.0,data\product_images\e6b4c0be821c.png,0.0,3.0,0.0,0.0,0.0,1.0,1.0,1.0,1.0,0.0
Одежда,62GBB735-09,"Шорты женские Mizuno 3"" Flex Short - Black",Mizuno,2994 ₽,https://saletennis.com/catalog/product/shorty-zhienskiie-mizuno-3-flex-short-black-17474,M: Основной склад Екатеринбург - 1 шт | L: Основной склад Екатеринбург - 1 шт,2.0,data\product_images\db6f4866a1bb.jpg,0.0,0.0,2.0,0.0,0.0,0.0,0.0,0.0,0.0,0.0
Одежда,FZ6910-673,Футболка мужская Nike Court Advantage - Chile Red/White,Nike,7990 ₽,https://saletennis.com/catalog/product/futbolka-muzhskaia-nike-court-advantage-chile-red-white-18832,L: Уфа - 1 шт | Парина - 1 шт | XL: Уфа - 1 шт,3.0,data\product_images\fd2fcb882fc1.jpg,0.0,0.0,0.0,0.0,1.0,0.0,0.0,0.0,2.0,0.0
Одежда,KS76-0116,Юбка женская 7/6 Kris Skirt - Light Green/Green,7/6,2745 ₽,https://saletennis.com/catalog/product/iubka-zhienskaia-7-6-kris-skirt-light-green-green-17937,XXS: Основной склад Екатеринбург - 3 шт | XS: Основной склад Екатеринбург - 2 шт,5.0,data\product_images\40f7744bbdf6.png,0.0,0.0,5.0,0.0,0.0,0.0,0.0,0.0,0.0,0.0
Одежда,NT76-1304,Майка женская Nata Sleeveless T-shirt - Pearl,Не определен,4990 ₽,https://saletennis.com/catalog/product/maika-zhienskaia-nata-sleeveless-t-shirt-pearl-19285,XXS: Санкт-Петербург (Спортивная) - 1 шт | Санкт-Петербург (Ярослава Гашека) - 1 шт | Тюмень (Народная) - 1 шт | XS: Тюмень (Народная) - 1 шт | Елизаветенское шоссе - 1 шт | Санкт-Петербург (Ярослава Гашека) - 1 шт | Санкт-Петербург (Спортивная) - 1 шт | Парина - 1 шт | Соболева - 1 шт | S: Ижевск - 1 шт | Парина - 2 шт | Соболева - 2 шт | Тюмень (Народная) - 1 шт | Санкт-Петербург (Спортивная) - 1 шт | Санкт-Петербург (Ярослава Гашека) - 1 шт | Уфа - 1 шт | Елизаветенское шоссе - 2 шт | Бисертская - 2 шт | M: Елизаветенское шоссе - 1 шт | Бисертская - 1 шт | Ижевск - 1 шт | Парина - 2 шт | Санкт-Петербург (Спортивная) - 1 шт | Соболева - 1 шт | Уфа - 1 шт | Тюмень (Народная) - 1 шт | Санкт-Петербург (Ярослава Гашека) - 1 шт | L: Соболева - 1 шт | Санкт-Петербург (Спортивная) - 1 шт | XL: Санкт-Петербург (Спортивная) - 1 шт,35.0,data\product_images\084870eca1b1.png,4.0,6.0,0.0,5.0,5.0,3.0,4.0,4.0,2.0,2.0
Одежда,FZ6677-491,Шорты женские под платье Nike Dri-Fit - Diffused Blue/White,Nike,6490 ₽,https://saletennis.com/catalog/product/shorty-zhienskiie-pod-plat-ie-nike-dri-fit-diffused-blue-white-18300,XS: Санкт-Петербург (Спортивная) - 1 шт | S: Соболева - 1 шт | Парина - 1 шт,3.0,data\product_images\f375c2a00330.png,0.0,1.0,0.0,1.0,1.0,0.0,0.0,0.0,0.0,0.0
Одежда,FB5598-010,Кепка Nike Dri-FIT ADV Club Cap - Black,Nike,4490 ₽,https://saletennis.com/catalog/product/kiepka-nike-dri-fit-adv-club-cap-black-15866,L/XL: Санкт-Петербург (Спортивная) - 1 шт | Парина - 1 шт | Тюмень (Народная) - 1 шт | M/L: Ижевск - 1 шт | Санкт-Петербург (Спортивная) - 2 шт | Тюмень (Народная) - 1 шт | Уфа - 1 шт,8.0,data\product_images\5be365236218.png,0.0,3.0,0.0,0.0,1.0,0.0,0.0,2.0,1.0,1.0
Одежда,VD276-1265,Платье детское 7/6 Viki Dress 2.0 - Bright Pink,7/6,2793 ₽,https://saletennis.com/catalog/product/plat-ie-dietskoie-7-6-viki-dress-2-0-bright-pink-17904,S: Санкт-Петербург (Спортивная) - 1 шт | Соболева - 1 шт | Основной склад Екатеринбург - 2 шт | M: Основной склад Екатеринбург - 3 шт | Уфа - 1 шт | Соболева - 1 шт | Санкт-Петербург (Спортивная) - 1 шт | L: Уфа - 1 шт | Основной склад Екатеринбург - 5 шт | Санкт-Петербург (Спортивная) - 1 шт | Соболева - 1 шт | XL: Тюмень (Народная) - 1 шт | Соболева - 1 шт | Уфа - 1 шт | Основной склад Екатеринбург - 3 шт | Санкт-Петербург (Спортивная) - 1 шт,25.0,data\product_images\e90865f02c2e.png,0.0,4.0,13.0,4.0,0.0,0.0,0.0,1.0,3.0,0.0
Одежда,AT276-2520,Топ женский под платье 7/6 Ana Top 2.0 - Potent Purple,7/6,2990 ₽,https://saletennis.com/catalog/product/top-zhienskii-pod-plat-ie-7-6-ana-top-2-0-potent-purple-18593,XS: Тюмень (Народная) - 1 шт | Уфа - 1 шт | Соболева - 1 шт | Санкт-Петербург (Спортивная) - 1 шт | Парина - 1 шт | S: Парина - 1 шт | Тюмень (Народная) - 1 шт | Уфа - 1 шт | M: Соболева - 1 шт,9.0,data\product_images\259bea29e106.png,0.0,1.0,0.0,2.0,2.0,0.0,0.0,2.0,2.0,0.0
Одежда,FZ6951-696,Шорты мужские Court Heritage 6in Shorts - Light Crimson,Не определен,5943 ₽,https://saletennis.com/catalog/product/shorty-muzhskiie-court-heritage-6in-shorts-light-crimson-17787,XL: Санкт-Петербург (Спортивная) - 1 шт,1.0,data\product_images\bad7bbe5d718.jpg,0.0,1.0,0.0,0.0,0.0,0.0,0.0,0.0,0.0,0.0
Одежда,62GBC20173,Юбка женская Mizuno Frontier Flying Skirt - White/Bay,Mizuno,3143 ₽,https://saletennis.com/catalog/product/iubka-zhienskaia-mizuno-frontier-flying-skirt-white-bay-18203,M: Ижевск - 1 шт | L: Основной склад Екатеринбург - 1 шт,2.0,data\product_images\52ce1794247a.png,0.0,0.0,1.0,0.0,0.0,0.0,0.0,0.0,0.0,1.0
Одежда,23_46_XXS_42,"Толстовка унисекс ""Love is ..."" Blue",Не определен,2490 ₽,https://saletennis.com/catalog/product/tolstovka-unisieks-love-is-blue-14994,XXS: Тюмень (Народная) - 1 шт | Основной склад Екатеринбург - 1 шт | XS: Основной склад Екатеринбург - 1 шт | Бисертская - 1 шт | Тюмень (Народная) - 1 шт,5.0,data\product_images\a275747864fe.jpg,0.0,0.0,2.0,0.0,0.0,1.0,0.0,2.0,0.0,0.0
Одежда,NT76-1215,Майка женская Nata Sleeveless T-shirt - Shaved Chocolate,Не определен,4990 ₽,https://saletennis.com/catalog/product/maika-zhienskaia-nata-sleeveless-t-shirt-shaved-chocolate-19286,XXS: Тюмень (Народная) - 1 шт | Санкт-Петербург (Спортивная) - 1 шт | XS: Парина - 1 шт | Санкт-Петербург (Спортивная) - 1 шт | Тюмень (Народная) - 1 шт | Соболева - 1 шт | Санкт-Петербург (Ярослава Гашека) - 1 шт | S: Елизаветенское шоссе - 1 шт | Уфа - 1 шт | Санкт-Петербург (Ярослава Гашека) - 1 шт | Санкт-Петербург (Спортивная) - 1 шт | Бисертская - 1 шт | Соболева - 1 шт | Ижевск - 1 шт | Парина - 1 шт | M: Елизаветенское шоссе - 1 шт | Тюмень (Народная) - 1 шт | Соболева - 1 шт | Бисертская - 1 шт | Уфа - 1 шт | Парина - 2 шт | Санкт-Петербург (Ярослава Гашека) - 1 шт | Ижевск - 1 шт | Санкт-Петербург (Спортивная) - 1 шт | L: Санкт-Петербург (Ярослава Гашека) - 1 шт | Санкт-Петербург (Спортивная) - 1 шт | Парина - 1 шт | XL: Санкт-Петербург (Спортивная) - 1 шт,29.0,data\product_images\78dd24b0f7fa.png,4.0,6.0,0.0,3.0,5.0,2.0,2.0,3.0,2.0,2.0
Одежда,IB1020-368,Поло мужское Nike Court Slam Tennis Polo - Olive Flak/White,Nike,12990 ₽,https://saletennis.com/catalog/product/polo-muzhskoie-nike-court-slam-tennis-polo-olive-flak-white-19187,S: Парина - 1 шт | M: Санкт-Петербург (Спортивная) - 1 шт | Парина - 1 шт | Уфа - 1 шт | Тюмень (Народная) - 1 шт | L: Ижевск - 1 шт | Соболева - 1 шт | Уфа - 1 шт | Парина - 1 шт | Санкт-Петербург (Спортивная) - 1 шт | XL: Парина - 1 шт | Санкт-Петербург (Спортивная) - 1 шт,12.0,data\product_images\4bdcfa88e54e.jpg,0.0,3.0,0.0,1.0,4.0,0.0,0.0,1.0,2.0,1.0
Одежда,LS76-4109,Лонгслив мужской 7/6 Tony Longsleeve 2.0 Arona,7/6,4990 ₽,https://saletennis.com/catalog/product/longhsliv-muzhskoi-7-6-tony-longsleeve-2-0-arona-18607,S: Соболева - 1 шт | Санкт-Петербург (Спортивная) - 1 шт | M: Бисертская - 1 шт | Санкт-Петербург (Спортивная) - 1 шт | Тюмень (Народная) - 1 шт | L: Санкт-Петербург (Спортивная) - 1 шт | Тюмень (Народная) - 1 шт | Основной склад Екатеринбург - 1 шт | XL: Основной склад Екатеринбург - 2 шт | XXL: Основной склад Екатеринбург - 1 шт,11.0,data\product_images\ebbbcc89aeed.png,0.0,3.0,4.0,1.0,0.0,1.0,0.0,2.0,0.0,0.0
Одежда,GT76-010,Футболка для девочек 7/6 Eva T-shirt - Black,7/6,2490 ₽,https://saletennis.com/catalog/product/futbolka-dlia-dievochiek-7-6-eva-t-shirt-black-17512,XS: Тюмень (Народная) - 2 шт | Бисертская - 1 шт | Санкт-Петербург (Спортивная) - 1 шт | Уфа - 1 шт | Санкт-Петербург (Ярослава Гашека) - 1 шт | S: Санкт-Петербург (Спортивная) - 2 шт | Санкт-Петербург (Ярослава Гашека) - 1 шт | Бисертская - 1 шт | M: Уфа - 1 шт | Парина - 1 шт | Санкт-Петербург (Ярослава Гашека) - 1 шт | Санкт-Петербург (Спортивная) - 1 шт | L: Уфа - 1 шт | Санкт-Петербург (Ярослава Гашека) - 1 шт | Санкт-Петербург (Спортивная) - 2 шт | Ижевск - 1 шт | XL: Уфа - 1 шт | Санкт-Петербург (Спортивная) - 1 шт,21.0,data\product_images\915296ad3cf8.png,4.0,7.0,0.0,0.0,1.0,2.0,0.0,2.0,4.0,1.0
Одежда,BSH76-100,Шорты детские 7/6 Tema Shorts - White,7/6,3490 ₽,https://saletennis.com/catalog/product/shorty-dietskiie-7-6-tema-shorts-white-17517,XS: Санкт-Петербург (Спортивная) - 1 шт | Ижевск - 1 шт | S: Санкт-Петербург (Спортивная) - 2 шт | M: Санкт-Петербург (Спортивная) - 1 шт | Тюмень (Народная) - 1 шт | Уфа - 1 шт | Санкт-Петербург (Ярослава Гашека) - 1 шт | L: Санкт-Петербург (Ярослава Гашека) - 1 шт | Санкт-Петербург (Спортивная) - 1 шт | Соболева - 1 шт,11.0,data\product_images\c951bc0dfa75.png,2.0,5.0,0.0,1.0,0.0,0.0,0.0,1.0,1.0,1.0
Одежда,SH9760-1215,Шорты мужские 7/6 Miran Shorts 9 - Shaved Chocolate,7/6,4990 ₽,https://saletennis.com/catalog/product/shorty-muzhskiie-7-6-miran-shorts-9-shaved-chocolate-19386,S: Елизаветенское шоссе - 1 шт | Санкт-Петербург (Спортивная) - 1 шт | Тюмень (Народная) - 1 шт | Парина - 1 шт | Ижевск - 1 шт | M: Бисертская - 1 шт | Санкт-Петербург (Ярослава Гашека) - 1 шт | Ижевск - 2 шт | Тюмень (Народная) - 2 шт | Санкт-Петербург (Спортивная) - 1 шт | Основной склад Екатеринбург - 3 шт | Соболева - 2 шт | Елизаветенское шоссе - 2 шт | Парина - 2 шт | L: Основной склад Екатеринбург - 1 шт | Уфа - 1 шт | Ижевск - 2 шт | Бисертская - 1 шт | Тюмень (Народная) - 1 шт | Елизаветенское шоссе - 2 шт | Соболева - 2 шт | Санкт-Петербург (Спортивная) - 1 шт | Парина - 2 шт | XL: Уфа - 1 шт | Ижевск - 1 шт | Тюмень (Народная) - 1 шт | Парина - 1 шт | Санкт-Петербург (Ярослава Гашека) - 1 шт | Основной склад Екатеринбург - 2 шт | Елизаветенское шоссе - 1 шт | Санкт-Петербург (Спортивная) - 1 шт | XXL: Ижевск - 1 шт | Соболева - 1 шт | Санкт-Петербург (Спортивная) - 1 шт | Санкт-Петербург (Ярослава Гашека) - 1 шт | Елизаветенское шоссе - 1 шт,48.0,data\product_images\473e0de96a05.png,3.0,5.0,6.0,5.0,6.0,2.0,7.0,5.0,2.0,7.0
Одежда,62GDC00109,Спортивные штаны мужские Mizuno Frontier Shadow Pant - Black,Mizuno,5733 ₽,https://saletennis.com/catalog/product/sportivnyie-shtany-muzhskiie-mizuno-frontier-shadow-pant-black-18188,S: Основной склад Екатеринбург - 1 шт | M: Основной склад Екатеринбург - 1 шт | L: Основной склад Екатеринбург - 2 шт,4.0,data\product_images\b0f105cbda0d.png,0.0,0.0,4.0,0.0,0.0,0.0,0.0,0.0,0.0,0.0
Одежда,62GBB725-24,Шорты женские под платье Mizuno Tight Short - Mugen Blue,Mizuno,2490 ₽,https://saletennis.com/catalog/product/shorty-zhienskiie-pod-plat-ie-mizuno-tight-short-mugen-blue-17478,XS: Соболева - 1 шт | Санкт-Петербург (Спортивная) - 1 шт | S: Соболева - 1 шт | L: Основной склад Екатеринбург - 1 шт,4.0,data\product_images\f82e51a5332d.png,0.0,1.0,1.0,2.0,0.0,0.0,0.0,0.0,0.0,0.0
Одежда,62GHB20164,Платье женское Mizuno Charge Printed Dress - Lilac Chiffon,Mizuno,3990 ₽,https://saletennis.com/catalog/product/plat-ie-zhienskoie-mizuno-charge-printed-dress-lilac-chiffon-16330,XS: Основной склад Екатеринбург - 1 шт,1.0,data\product_images\a8bbfbe494c0.png,0.0,0.0,1.0,0.0,0.0,0.0,0.0,0.0,0.0,0.0
Одежда,WS76-1110,Шорты женские под платье 7/6 Ana - Boulder,7/6,490 ₽,https://saletennis.com/catalog/product/shorty-zhienskiie-pod-plat-ie-7-6-ana-boulder-15506,XXS: Основной склад Екатеринбург - 12 шт | Санкт-Петербург (Спортивная) - 2 шт | XS: Основной склад Екатеринбург - 13 шт | S: Основной склад Екатеринбург - 3 шт,30.0,data\product_images\2e631ab62e79.png,0.0,2.0,28.0,0.0,0.0,0.0,0.0,0.0,0.0,0.0
Одежда,ND76-100,Платье женское 7/6 Nika Dress - White,7/6,1990 ₽,https://saletennis.com/catalog/product/plat-ie-zhienskoie-7-6-nika-dress-white-17106,XXS: Ижевск - 1 шт | L: Санкт-Петербург (Спортивная) - 1 шт | Тюмень (Народная) - 1 шт | Основной склад Екатеринбург - 1 шт | XL: Соболева - 1 шт,5.0,data\product_images\3842f9ae6924.png,0.0,1.0,1.0,1.0,0.0,0.0,0.0,1.0,0.0,1.0
Одежда,AT276-1215,Топ женский под платье 7/6 Ana Top 2.0 - Shaved Chocolate,7/6,2990 ₽,https://saletennis.com/catalog/product/top-zhienskii-pod-plat-ie-7-6-ana-top-2-0-shaved-chocolate-19392,XXS: Санкт-Петербург (Спортивная) - 1 шт | XS: Санкт-Петербург (Ярослава Гашека) - 1 шт | Елизаветенское шоссе - 1 шт | Парина - 1 шт | Санкт-Петербург (Спортивная) - 1 шт | Тюмень (Народная) - 3 шт | S: Тюмень (Народная) - 3 шт | Соболева - 1 шт | Санкт-Петербург (Ярослава Гашека) - 1 шт | Санкт-Петербург (Спортивная) - 1 шт | Парина - 1 шт | Ижевск - 1 шт | Бисертская - 1 шт | M: Парина - 1 шт | Соболева - 1 шт | Санкт-Петербург (Ярослава Гашека) - 1 шт | Санкт-Петербург (Спортивная) - 1 шт | Тюмень (Народная) - 2 шт | Елизаветенское шоссе - 1 шт | Ижевск - 1 шт | L: Санкт-Петербург (Спортивная) - 1 шт | Санкт-Петербург (Ярослава Гашека) - 1 шт | XL: Санкт-Петербург (Ярослава Гашека) - 1 шт | Санкт-Петербург (Спортивная) - 1 шт,29.0,data\product_images\af4e029f1f42.png,5.0,6.0,0.0,2.0,3.0,1.0,2.0,8.0,0.0,2.0
Одежда,PL7060-010,Поло мужское 7/6 Ankl Polo 2.0 - Black,7/6,2990 ₽,https://saletennis.com/catalog/product/polo-muzhskoie-7-6-ankl-polo-2-0-black-17117,S: Соболева - 2 шт | Бисертская - 1 шт | Елизаветенское шоссе - 1 шт | Уфа - 1 шт | Тюмень (Народная) - 1 шт | M: Основной склад Екатеринбург - 1 шт | Елизаветенское шоссе - 2 шт | Парина - 1 шт | Ижевск - 2 шт | Уфа - 1 шт | Бисертская - 2 шт | Соболева - 2 шт | L: Ижевск - 1 шт | Соболева - 2 шт | Основной склад Екатеринбург - 3 шт | Елизаветенское шоссе - 2 шт | Уфа - 1 шт | Бисертская - 2 шт | Парина - 3 шт | XL: Елизаветенское шоссе - 1 шт | Ижевск - 1 шт | Соболева - 1 шт | Парина - 2 шт | XXL: Тюмень (Народная) - 1 шт,37.0,data\product_images\965daad64460.png,0.0,0.0,4.0,7.0,6.0,5.0,6.0,2.0,3.0,4.0
Одежда,FB6443-503,Козырек Nike ADV Ace Visor - Pink,Nike,3490 ₽,https://saletennis.com/catalog/product/kozyriek-nike-adv-ace-visor-pink-19195,S/M: Соболева - 1 шт | Уфа - 1 шт | Бисертская - 2 шт,4.0,data\product_images\a0c999644b81.png,0.0,0.0,0.0,1.0,0.0,2.0,0.0,0.0,1.0,0.0
Одежда,VT76-0116,Футболка мужская 7/6 Victory Cotton T-shirt - Light Green,7/6,1995 ₽,https://saletennis.com/catalog/product/futbolka-muzhskaia-7-6-victory-cotton-t-shirt-light-green-17881,S: Основной склад Екатеринбург - 1 шт | Тюмень (Народная) - 1 шт | M: Тюмень (Народная) - 1 шт | Основной склад Екатеринбург - 2 шт | XL: Уфа - 1 шт | XXL: Уфа - 1 шт | Санкт-Петербург (Спортивная) - 1 шт,8.0,data\product_images\f6a53df3fc09.png,0.0,1.0,3.0,0.0,0.0,0.0,0.0,2.0,2.0,0.0
Одежда,FZ6934-619,Футболка мужская Nike Court Slam Maglietta - Dark Team Red/White,Nike,8243 ₽,https://saletennis.com/catalog/product/futbolka-muzhskaia-nike-court-slam-maglietta-dark-team-red-white-17781,S: Уфа - 1 шт | M: Санкт-Петербург (Спортивная) - 1 шт,2.0,data\product_images\c82b5b377201.png,0.0,1.0,0.0,0.0,0.0,0.0,0.0,0.0,1.0,0.0
Одежда,KT76-0205,Топ женский 7/6 Kris Top - Cream Blossom,7/6,2495 ₽,https://saletennis.com/catalog/product/top-zhienskii-7-6-kris-top-cream-blossom-17927,XXS: Основной склад Екатеринбург - 1 шт | Тюмень (Народная) - 1 шт | Санкт-Петербург (Спортивная) - 1 шт | XS: Основной склад Екатеринбург - 2 шт | S: Тюмень (Народная) - 1 шт | Основной склад Екатеринбург - 6 шт | Санкт-Петербург (Спортивная) - 1 шт | M: Тюмень (Народная) - 1 шт | Основной склад Екатеринбург - 4 шт | Санкт-Петербург (Спортивная) - 1 шт | L: Основной склад Екатеринбург - 1 шт | Санкт-Петербург (Спортивная) - 1 шт | XL: Санкт-Петербург (Спортивная) - 1 шт,22.0,data\product_images\bab8891f243b.png,0.0,5.0,14.0,0.0,0.0,0.0,0.0,3.0,0.0,0.0
Одежда,HM6752-410,Поло мужское Nike Advantage Slam Polo - Midnight Navy,Nike,8490 ₽,https://saletennis.com/catalog/product/polo-muzhskoie-nike-advantage-slam-polo-midnight-navy-18332,S: Соболева - 1 шт,1.0,data\product_images\0eceef05ea78.png,0.0,0.0,0.0,1.0,0.0,0.0,0.0,0.0,0.0,0.0
Одежда,CV7539-010,Футболка женская Nike SB - Black,Nike,3990 ₽,https://saletennis.com/catalog/product/futbolka-zhienskaia-nike-sb-black-16217,XS: Соболева - 1 шт,1.0,data\product_images\5962de4a409b.png,0.0,0.0,0.0,1.0,0.0,0.0,0.0,0.0,0.0,0.0
Одежда,KS76-4104,Юбка женская 7/6 Kris Skirt - Antarctica,7/6,5490 ₽,https://saletennis.com/catalog/product/iubka-zhienskaia-7-6-kris-skirt-antarctica-18598,XXS: Санкт-Петербург (Спортивная) - 1 шт | XS: Санкт-Петербург (Спортивная) - 1 шт | Соболева - 1 шт | Парина - 1 шт | S: Соболева - 1 шт | Парина - 1 шт | Елизаветенское шоссе - 1 шт | M: Уфа - 1 шт | Бисертская - 1 шт | Парина - 1 шт | XL: Санкт-Петербург (Спортивная) - 1 шт,11.0,data\product_images\099557c73ace.png,0.0,3.0,0.0,2.0,3.0,1.0,1.0,0.0,1.0,0.0
Одежда,JP76-4109,Штаны мужские 7/6 Jackie Pants Men - Arona,7/6,5990 ₽,https://saletennis.com/catalog/product/shtany-muzhskiie-7-6-jackie-pants-men-arona-18628,S: Санкт-Петербург (Спортивная) - 1 шт | M: Тюмень (Народная) - 1 шт | L: Тюмень (Народная) - 1 шт | Ижевск - 1 шт | Санкт-Петербург (Спортивная) - 1 шт | XL: Елизаветенское шоссе - 1 шт | Тюмень (Народная) - 1 шт | Санкт-Петербург (Спортивная) - 1 шт | XXL: Парина - 1 шт | Елизаветенское шоссе - 1 шт | Санкт-Петербург (Спортивная) - 1 шт,11.0,data\product_images\567c08e6ac4b.png,0.0,4.0,0.0,0.0,1.0,0.0,2.0,3.0,0.0,1.0
Одежда,MTL76-100,Футболка мужская 7/6 Loddy T-Shirt 2.0 - White,7/6,3192 ₽,https://saletennis.com/catalog/product/futbolka-muzhskaia-7-6-loddy-t-shirt-2-0-white-17120,M: Бисертская - 1 шт | Уфа - 1 шт,2.0,data\product_images\a3ba375afe94.png,0.0,0.0,0.0,0.0,0.0,1.0,0.0,0.0,1.0,0.0
Одежда,NS76-4104,Юбка женская 7/6 Nata Skirt - Antarctica,7/6,4990 ₽,https://saletennis.com/catalog/product/iubka-zhienskaia-7-6-nata-skirt-antarctica-18601,XXS: Санкт-Петербург (Спортивная) - 1 шт | XS: Елизаветенское шоссе - 1 шт | M: Санкт-Петербург (Спортивная) - 1 шт | Бисертская - 1 шт | Тюмень (Народная) - 1 шт | Уфа - 1 шт | XL: Санкт-Петербург (Спортивная) - 1 шт,7.0,data\product_images\cecfd2c0dca2.png,0.0,3.0,0.0,0.0,0.0,1.0,1.0,1.0,1.0,0.0
Одежда,IB1064-845,Футболка мужская Nike Court Advantage Top Print - Laser Orange/Black,Nike,8490 ₽,https://saletennis.com/catalog/product/futbolka-muzhskaia-nike-court-advantage-top-print-laser-orange-black-19199,S: Ижевск - 1 шт | M: Ижевск - 1 шт | Санкт-Петербург (Спортивная) - 1 шт | L: Парина - 1 шт,4.0,data\product_images\6565ec1324d5.jpg,0.0,1.0,0.0,0.0,1.0,0.0,0.0,0.0,0.0,2.0
Одежда,KT76-0116,Топ женский 7/6 Kris Top - Green Blossom,7/6,2495 ₽,https://saletennis.com/catalog/product/top-zhienskii-7-6-kris-top-green-blossom-17928,XXS: Основной склад Екатеринбург - 2 шт | XS: Основной склад Екатеринбург - 3 шт | S: Основной склад Екатеринбург - 2 шт | M: Основной склад Екатеринбург - 1 шт | XL: Санкт-Петербург (Спортивная) - 2 шт,10.0,data\product_images\2db057d527d0.png,0.0,2.0,8.0,0.0,0.0,0.0,0.0,0.0,0.0,0.0
Одежда,62GAC20166,Футболка женская Mizuno Frontier Tee - Fuchsia Purple,Mizuno,2443 ₽,https://saletennis.com/catalog/product/futbolka-zhienskaia-mizuno-frontier-tee-fuchsia-purple-18199,XS: Основной склад Екатеринбург - 1 шт | M: Основной склад Екатеринбург - 1 шт,2.0,data\product_images\2bfbd16d7cbd.png,0.0,0.0,2.0,0.0,0.0,0.0,0.0,0.0,0.0,0.0
Одежда,HM6514-392,"Шорты мужские Nike Dri-Fit Victory 7"" - Washed Teal",Nike,4893 ₽,https://saletennis.com/catalog/product/shorty-muzhskiie-nike-dri-fit-victory-7-washed-teal-18490,L: Парина - 1 шт,1.0,data\product_images\9b624f62f4f2.png,0.0,0.0,0.0,0.0,1.0,0.0,0.0,0.0,0.0,0.0
Одежда,FZ9322-010,Шорты мужские Nike Court Advantage 8in Shorts - Black/White,Nike,5593 ₽,https://saletennis.com/catalog/product/shorty-muzhskiie-nike-court-advantage-8in-shorts-black-white-17397,2XL: Парина - 1 шт,1.0,data\product_images\c9a7b9e1963f.png,0.0,0.0,0.0,0.0,1.0,0.0,0.0,0.0,0.0,0.0
Одежда,DH0857-360,Поло мужское Nike Dri-Fit Solid Polo - Light Liquid Lime/Black,Nike,4952 ₽,https://saletennis.com/catalog/product/polo-muzhskoie-nike-dri-fit-solid-polo-light-liquid-lime-black-18821,M: Ижевск - 1 шт,1.0,data\product_images\8e81fdfbeb89.jpg,0.0,0.0,0.0,0.0,0.0,0.0,0.0,0.0,0.0,1.0
Одежда,62GAB501-09,Футболка мужская Mizuno Mugen Shadow Graphic - Black,Mizuno,3990 ₽,https://saletennis.com/catalog/product/futbolka-muzhskaia-mizuno-mugen-shadow-graphic-black-17444,M: Основной склад Екатеринбург - 2 шт,2.0,data\product_images\5d835bd522cc.jpg,0.0,0.0,2.0,0.0,0.0,0.0,0.0,0.0,0.0,0.0
Одежда,KTS76-2520,Футболка женская 7/6 Kate T-shirt - Potent Purple,7/6,2793 ₽,https://saletennis.com/catalog/product/futbolka-zhienskaia-7-6-kate-t-shirt-potent-purple-18596,XS: Санкт-Петербург (Спортивная) - 1 шт | Тюмень (Народная) - 1 шт | S: Санкт-Петербург (Спортивная) - 1 шт | Ижевск - 1 шт | M: Уфа - 1 шт | Ижевск - 1 шт | L: Ижевск - 1 шт,7.0,data\product_images\af92f3e3eb5d.png,0.0,2.0,0.0,0.0,0.0,0.0,0.0,1.0,1.0,3.0
Одежда,IB1071-253,Шорты мужские Nike Court Advantage 6in - Desert Khaki/Black,Nike,8490 ₽,https://saletennis.com/catalog/product/shorty-muzhskiie-nike-court-advantage-6in-desert-khaki-black-19201,S: Парина - 1 шт,1.0,data\product_images\3920dc78ec92.jpg,0.0,0.0,0.0,0.0,1.0,0.0,0.0,0.0,0.0,0.0
Одежда,FZ6934-696,Футболка мужская Nike Court Slam Maglietta - Light Crimson/White,Nike,7490 ₽,https://saletennis.com/catalog/product/futbolka-muzhskaia-nike-court-slam-maglietta-light-crimson-white-17782,S: Парина - 1 шт | M: Соболева - 1 шт | Уфа - 1 шт | L: Уфа - 1 шт | Тюмень (Народная) - 1 шт,5.0,data\product_images\93272b38a026.png,0.0,0.0,0.0,1.0,1.0,0.0,0.0,1.0,2.0,0.0
Одежда,MJ76-BK,Ветровка мужская 7/6 Man Jacket - Black,7/6,5592 ₽,https://saletennis.com/catalog/product/vietrovka-muzhskaia-7-6-man-jacket-black-17274,S: Соболева - 1 шт | Ижевск - 1 шт | M: Основной склад Екатеринбург - 1 шт | Тюмень (Народная) - 1 шт | L: Ижевск - 1 шт,5.0,data\product_images\ab27aa3aa4dd.png,0.0,0.0,1.0,1.0,0.0,0.0,0.0,1.0,0.0,2.0
Одежда,GT76-4718,Футболка для девочек 7/6 Mia T-shirt - Hydro,7/6,2990 ₽,https://saletennis.com/catalog/product/futbolka-dlia-dievochiek-7-6-mia-t-shirt-hydro-19403,XS: Санкт-Петербург (Ярослава Гашека) - 1 шт | Тюмень (Народная) - 1 шт | Санкт-Петербург (Спортивная) - 1 шт | Парина - 1 шт | Соболева - 1 шт | Уфа - 1 шт | Ижевск - 1 шт | S: Ижевск - 1 шт | Тюмень (Народная) - 2 шт | Санкт-Петербург (Спортивная) - 2 шт | Уфа - 1 шт | Санкт-Петербург (Ярослава Гашека) - 1 шт | Основной склад Екатеринбург - 1 шт | Соболева - 1 шт | M: Ижевск - 1 шт | Уфа - 1 шт | Тюмень (Народная) - 1 шт | Соболева - 1 шт | Санкт-Петербург (Спортивная) - 2 шт | Основной склад Екатеринбург - 2 шт | Санкт-Петербург (Ярослава Гашека) - 1 шт | Парина - 1 шт | L: Ижевск - 1 шт | Санкт-Петербург (Спортивная) - 2 шт | Основной склад Екатеринбург - 2 шт | Парина - 1 шт | Соболева - 1 шт | Тюмень (Народная) - 2 шт | Санкт-Петербург (Ярослава Гашека) - 1 шт | XL: Соболева - 1 шт | Санкт-Петербург (Спортивная) - 1 шт | Ижевск - 1 шт | Уфа - 1 шт | Санкт-Петербург (Ярослава Гашека) - 1 шт | Парина - 1 шт | Основной склад Екатеринбург - 1 шт,43.0,data\product_images\30c3b1dff695.png,5.0,8.0,6.0,5.0,4.0,0.0,0.0,6.0,4.0,5.0
Одежда,IB1064-365,Футболка мужская Nike Court Advantage Top Print - Malachite/White,Nike,8490 ₽,https://saletennis.com/catalog/product/futbolka-muzhskaia-nike-court-advantage-top-print-malachite-white-19190,S: Санкт-Петербург (Спортивная) - 1 шт | M: Соболева - 1 шт | Уфа - 1 шт | Ижевск - 1 шт | Санкт-Петербург (Спортивная) - 1 шт | L: Ижевск - 1 шт | Уфа - 1 шт | Парина - 1 шт | XL: Ижевск - 1 шт,9.0,data\product_images\2c515fe4194d.jpg,0.0,2.0,0.0,1.0,1.0,0.0,0.0,0.0,2.0,3.0
Одежда,VS76-WH,Козырек 7/6 Visor 2.0 - White,7/6,2990 ₽,https://saletennis.com/catalog/product/kozyriek-7-6-visor-2-0-white-18380,Тюмень: 1 сет | Бисертская: 2 сет | Санкт-Петербург (Спортивная): 1 сет | Соболева: 5 сет,9.0,data\product_images\50077b80389b.png,0.0,1.0,0.0,5.0,0.0,2.0,0.0,1.0,0.0,0.0
Одежда,MTL76-4201,Футболка мужская 7/6 Loddy T-Shirt 2.0 - Light Grey,7/6,1995 ₽,https://saletennis.com/catalog/product/futbolka-muzhskaia-7-6-loddy-t-shirt-2-0-light-grey-17875,S: Основной склад Екатеринбург - 2 шт,2.0,data\product_images\6f1949668413.png,0.0,0.0,2.0,0.0,0.0,0.0,0.0,0.0,0.0,0.0
Одежда,IB1016-394,Футболка мужская Nike Court Advantage Slam - Barely Green/Steam/Black,Nike,11490 ₽,https://saletennis.com/catalog/product/futbolka-muzhskaia-nike-court-advantage-slam-barely-green-steam-black-19239,S: Соболева - 1 шт | M: Тюмень (Народная) - 1 шт | L: Соболева - 1 шт | XL: Санкт-Петербург (Спортивная) - 1 шт | 2XL: Соболева - 1 шт,5.0,data\product_images\882ec9901e71.jpg,0.0,1.0,0.0,3.0,0.0,0.0,0.0,1.0,0.0,0.0
Одежда,FD5380-415,"Шорты мужские Nike Court Victory 7"" Short - Blue Force/White",Nike,4990 ₽,https://saletennis.com/catalog/product/shorty-muzhskiie-nike-court-victory-7-short-blue-force-white-18469,M: Санкт-Петербург (Спортивная) - 1 шт,1.0,data\product_images\c10e2f0c08b0.png,0.0,1.0,0.0,0.0,0.0,0.0,0.0,0.0,0.0,0.0
Одежда,62GAB501-24,Футболка мужская Mizuno Mugen Shadow Graphic - Mugen Blue,Mizuno,3894 ₽,https://saletennis.com/catalog/product/futbolka-muzhskaia-mizuno-mugen-shadow-graphic-mugen-blue-17445,S: Санкт-Петербург (Спортивная) - 1 шт | L: Основной склад Екатеринбург - 1 шт,2.0,data\product_images\66f88f6007d6.png,0.0,1.0,1.0,0.0,0.0,0.0,0.0,0.0,0.0,0.0
Одежда,62GHC20113,Платье женское Mizuno Frontier Dress - Midnight Navy,Mizuno,4893 ₽,https://saletennis.com/catalog/product/plat-ie-zhienskoie-mizuno-frontier-dress-midnight-navy-18191,XS: Основной склад Екатеринбург - 1 шт | Соболева - 1 шт,2.0,data\product_images\e27309498330.png,0.0,0.0,1.0,1.0,0.0,0.0,0.0,0.0,0.0,0.0
Одежда,MTL76-4109,Футболка мужская 7/6 Loddy T-Shirt 2.0 - Arona,7/6,3990 ₽,https://saletennis.com/catalog/product/futbolka-muzhskaia-7-6-loddy-t-shirt-2-0-arona-18618,M: Соболева - 1 шт | Тюмень (Народная) - 2 шт,3.0,data\product_images\937f7f8be667.png,0.0,0.0,0.0,1.0,0.0,0.0,0.0,2.0,0.0,0.0
Одежда,WJP76-4109,Штаны женские 7/6 Jackie Pants Women - Arona,7/6,4193 ₽,https://saletennis.com/catalog/product/shtany-zhienskiie-7-6-jackie-pants-women-arona-18616,XXS: Санкт-Петербург (Спортивная) - 1 шт | XS: Парина - 1 шт | S: Ижевск - 1 шт | Елизаветенское шоссе - 1 шт | Санкт-Петербург (Спортивная) - 1 шт | Тюмень (Народная) - 1 шт | M: Тюмень (Народная) - 1 шт | Парина - 1 шт | Санкт-Петербург (Спортивная) - 1 шт | Ижевск - 1 шт | L: Елизаветенское шоссе - 1 шт | Тюмень (Народная) - 1 шт | Санкт-Петербург (Спортивная) - 1 шт | Парина - 1 шт | XL: Тюмень (Народная) - 1 шт,15.0,data\product_images\0a943f5fd443.png,0.0,4.0,0.0,0.0,3.0,0.0,2.0,4.0,0.0,2.0
Одежда,62GBB701-41,Юбка женская Mizuno Mugen Flying Skirt - Neo Lime,Mizuno,3490 ₽,https://saletennis.com/catalog/product/iubka-zhienskaia-mizuno-mugen-flying-skirt-neo-lime-17467,S: Основной склад Екатеринбург - 1 шт,1.0,data\product_images\c9fd7549965c.png,0.0,0.0,1.0,0.0,0.0,0.0,0.0,0.0,0.0,0.0
Одежда,PL7060-4109,Поло мужское 7/6 Ankl Polo 2.0 - Arona,7/6,5490 ₽,https://saletennis.com/catalog/product/polo-muzhskoie-7-6-ankl-polo-2-0-arona-18610,S: Санкт-Петербург (Спортивная) - 1 шт | M: Парина - 1 шт | Тюмень (Народная) - 1 шт | Основной склад Екатеринбург - 1 шт | L: Тюмень (Народная) - 1 шт,5.0,data\product_images\6f7f2d20cdb2.png,0.0,1.0,1.0,0.0,1.0,0.0,0.0,2.0,0.0,0.0
Одежда,MTL76-0515,Футболка мужская 7/6 Loddy T-Shirt 2.0 - Lemon Icing,7/6,3990 ₽,https://saletennis.com/catalog/product/futbolka-muzhskaia-7-6-loddy-t-shirt-2-0-lemon-icing-19301,S: Санкт-Петербург (Спортивная) - 1 шт | Парина - 1 шт | Уфа - 1 шт | Тюмень (Народная) - 1 шт | Санкт-Петербург (Ярослава Гашека) - 1 шт | M: Парина - 2 шт | Тюмень (Народная) - 1 шт | Соболева - 2 шт | Ижевск - 1 шт | Санкт-Петербург (Спортивная) - 1 шт | Елизаветенское шоссе - 2 шт | Уфа - 2 шт | Санкт-Петербург (Ярослава Гашека) - 1 шт | L: Ижевск - 2 шт | Елизаветенское шоссе - 2 шт | Парина - 2 шт | Санкт-Петербург (Спортивная) - 1 шт | Тюмень (Народная) - 1 шт | Бисертская - 1 шт | Соболева - 2 шт | Санкт-Петербург (Ярослава Гашека) - 1 шт | XL: Уфа - 1 шт | Елизаветенское шоссе - 1 шт | Ижевск - 1 шт | Парина - 1 шт | Санкт-Петербург (Ярослава Гашека) - 1 шт | Санкт-Петербург (Спортивная) - 1 шт | Основной склад Екатеринбург - 2 шт | Соболева - 1 шт | Тюмень (Народная) - 1 шт | XXL: Уфа - 1 шт | Елизаветенское шоссе - 1 шт | Санкт-Петербург (Спортивная) - 1 шт,42.0,data\product_images\879b8b7052c6.png,4.0,5.0,2.0,5.0,6.0,1.0,6.0,4.0,5.0,4.0
Одежда,MTL76-6131,Футболка мужская 7/6 Loddy T-Shirt 2.0 - Rigatta Blue,7/6,1995 ₽,https://saletennis.com/catalog/product/futbolka-muzhskaia-7-6-loddy-t-shirt-2-0-rigatta-blue-17877,S: Санкт-Петербург (Спортивная) - 1 шт,1.0,data\product_images\73b16a4b3e60.png,0.0,1.0,0.0,0.0,0.0,0.0,0.0,0.0,0.0,0.0
Одежда,T76-0106,Топ женский 7/6 Anna - Sweet Corn,7/6,290 ₽,https://saletennis.com/catalog/product/top-zhienskii-7-6-anna-sweet-corn-14308,XXS: Основной склад Екатеринбург - 3 шт,3.0,data\product_images\c3581889e723.png,0.0,0.0,3.0,0.0,0.0,0.0,0.0,0.0,0.0,0.0
Одежда,WJJ76-1215,Кофта женская 7/6 Jackie Jacket Women - Shaved Chocolate,7/6,10990 ₽,https://saletennis.com/catalog/product/kofta-zhienskaia-7-6-jackie-jacket-women-shaved-chocolate-19373,XXS: Санкт-Петербург (Спортивная) - 1 шт | Санкт-Петербург (Ярослава Гашека) - 1 шт | XS: Парина - 1 шт | Елизаветенское шоссе - 1 шт | Санкт-Петербург (Ярослава Гашека) - 1 шт | Санкт-Петербург (Спортивная) - 1 шт | S: Санкт-Петербург (Ярослава Гашека) - 1 шт | Ижевск - 1 шт | Елизаветенское шоссе - 1 шт | Уфа - 1 шт | Тюмень (Народная) - 1 шт | Санкт-Петербург (Спортивная) - 1 шт | M: Санкт-Петербург (Спортивная) - 1 шт | Санкт-Петербург (Ярослава Гашека) - 1 шт | Уфа - 1 шт | Тюмень (Народная) - 1 шт | Ижевск - 1 шт | Елизаветенское шоссе - 1 шт | L: Елизаветенское шоссе - 1 шт | Санкт-Петербург (Ярослава Гашека) - 1 шт | Санкт-Петербург (Спортивная) - 1 шт | XL: Санкт-Петербург (Спортивная) - 1 шт | Санкт-Петербург (Ярослава Гашека) - 2 шт,24.0,data\product_images\d3007edee3a7.png,7.0,6.0,0.0,0.0,1.0,0.0,4.0,2.0,2.0,2.0
Одежда,IB1028-486,Поло мужское Nike Court Slam Tennis Polo - Work Blue/Hydrogen Blue/Black,Nike,13490 ₽,https://saletennis.com/catalog/product/polo-muzhskoie-nike-court-slam-tennis-polo-work-blue-hydrogen-blue-black-19237,S: Парина - 1 шт | M: Тюмень (Народная) - 1 шт | Уфа - 1 шт | Парина - 1 шт | L: Ижевск - 1 шт | Уфа - 1 шт,6.0,data\product_images\2c19aa65b7fd.jpg,0.0,0.0,0.0,0.0,2.0,0.0,0.0,1.0,2.0,1.0
Одежда,BSH76-010,Шорты детские 7/6 Tema Shorts - Black,7/6,3490 ₽,https://saletennis.com/catalog/product/shorty-dietskiie-7-6-tema-shorts-black-17516,XS: Тюмень (Народная) - 1 шт | Санкт-Петербург (Спортивная) - 1 шт | Санкт-Петербург (Ярослава Гашека) - 1 шт | S: Тюмень (Народная) - 1 шт | Санкт-Петербург (Спортивная) - 1 шт | Санкт-Петербург (Ярослава Гашека) - 1 шт | M: Санкт-Петербург (Ярослава Гашека) - 1 шт | Санкт-Петербург (Спортивная) - 1 шт | L: Тюмень (Народная) - 1 шт | Уфа - 1 шт | Санкт-Петербург (Ярослава Гашека) - 1 шт | Ижевск - 2 шт | Санкт-Петербург (Спортивная) - 2 шт | XL: Ижевск - 2 шт,17.0,data\product_images\6965aae8061c.png,4.0,5.0,0.0,0.0,0.0,0.0,0.0,3.0,1.0,4.0
Одежда,AT276-0205,Топ женский под платье 7/6 Ana Top 2.0 - Cream,7/6,2392 ₽,https://saletennis.com/catalog/product/top-zhienskii-pod-plat-ie-7-6-ana-top-2-0-cream-17930,XXS: Основной склад Екатеринбург - 3 шт | XS: Санкт-Петербург (Спортивная) - 2 шт | Основной склад Екатеринбург - 4 шт | S: Санкт-Петербург (Спортивная) - 1 шт | L: Санкт-Петербург (Спортивная) - 1 шт | XL: Санкт-Петербург (Спортивная) - 1 шт,12.0,data\product_images\f85f4ce4bbcf.png,0.0,5.0,7.0,0.0,0.0,0.0,0.0,0.0,0.0,0.0
Одежда,MD276-1360,Платье женское 7/6 Mari Dress 2.0 - Orange,7/6,2990 ₽,https://saletennis.com/catalog/product/plat-ie-zhienskoie-7-6-mari-dress-2-0-orange-17896,XXS: Основной склад Екатеринбург - 5 шт | Санкт-Петербург (Спортивная) - 1 шт | XS: Основной склад Екатеринбург - 5 шт | Санкт-Петербург (Спортивная) - 1 шт | S: Основной склад Екатеринбург - 9 шт | M: Основной склад Екатеринбург - 1 шт | L: Основной склад Екатеринбург - 1 шт | Санкт-Петербург (Спортивная) - 2 шт | XL: Санкт-Петербург (Спортивная) - 1 шт,26.0,data\product_images\b5d62084e937.png,0.0,5.0,21.0,0.0,0.0,0.0,0.0,0.0,0.0,0.0
Одежда,KS76-1941,Юбка женская 7/6 Kris Skirt - Ebony,7/6,5490 ₽,https://saletennis.com/catalog/product/iubka-zhienskaia-7-6-kris-skirt-ebony-18599,XXS: Санкт-Петербург (Спортивная) - 1 шт | XS: Тюмень (Народная) - 1 шт | Бисертская - 1 шт | Соболева - 1 шт | S: Елизаветенское шоссе - 1 шт | Санкт-Петербург (Спортивная) - 1 шт | Бисертская - 1 шт | M: Уфа - 1 шт | Соболева - 1 шт | L: Санкт-Петербург (Спортивная) - 1 шт | XL: Санкт-Петербург (Спортивная) - 1 шт,11.0,data\product_images\2c2d3766147c.png,0.0,4.0,0.0,2.0,0.0,2.0,1.0,1.0,1.0,0.0
Одежда,CU1309-010,Носки Nike Court Multiplier Max Quarter Crew Sock (2 pairs) - Black,Nike,3490 ₽,https://saletennis.com/catalog/product/noski-nike-court-multiplier-max-quarter-crew-sock-2-pairs-black-9990,42-46: Санкт-Петербург (Ярослава Гашека) - 1 упак | Соболева - 7 упак | Парина - 6 упак | Санкт-Петербург (Спортивная) - 2 упак | Ижевск - 2 упак | Тюмень (Народная) - 6 упак | 46-50: Санкт-Петербург (Ярослава Гашека) - 1 упак | Парина - 8 упак | Санкт-Петербург (Спортивная) - 1 упак | Соболева - 4 упак | 34-38: Соболева - 4 упак | Парина - 7 упак | 38-42: Соболева - 8 упак | Парина - 9 упак | Бисертская - 2 упак,68.0,data\product_images\db1df43230c0.jpg,2.0,3.0,0.0,23.0,30.0,2.0,0.0,6.0,0.0,2.0
Одежда,DR10217912635073,Футболка мужская Diadora T-Shirt Icon - Lime,Не определен,2490 ₽,https://saletennis.com/catalog/product/futbolka-muzhskaia-diadora-t-shirt-icon-lime-15318,S: Тюмень (Народная) - 1 шт | M: Основной склад Екатеринбург - 1 шт | L: Основной склад Екатеринбург - 1 шт | Тюмень (Народная) - 1 шт,4.0,data\product_images\d4a95a5fa1ab.png,0.0,0.0,2.0,0.0,0.0,0.0,0.0,2.0,0.0,0.0
Одежда,HM6759-100,Толстовка мужская Nike Heritage Hoodie - White/Black,Nike,10990 ₽,https://saletennis.com/catalog/product/tolstovka-muzhskaia-nike-heritage-hoodie-white-black-19219,XL: Санкт-Петербург (Спортивная) - 1 шт,1.0,data\product_images\9aec1f1871f4.jpg,0.0,1.0,0.0,0.0,0.0,0.0,0.0,0.0,0.0,0.0
Одежда,KT76-010,Топ женский 7/6 Kris Top - Black,7/6,4792 ₽,https://saletennis.com/catalog/product/top-zhienskii-7-6-kris-top-black-17109,XXS: Санкт-Петербург (Спортивная) - 1 шт | XS: Елизаветенское шоссе - 1 шт | Санкт-Петербург (Спортивная) - 1 шт | Тюмень (Народная) - 1 шт | Соболева - 1 шт | Ижевск - 1 шт | Парина - 1 шт | S: Тюмень (Народная) - 1 шт | Основной склад Екатеринбург - 1 шт | Парина - 1 шт | Ижевск - 1 шт | Соболева - 1 шт | Елизаветенское шоссе - 2 шт | M: Уфа - 1 шт | Санкт-Петербург (Спортивная) - 1 шт | Ижевск - 2 шт | Соболева - 1 шт | Елизаветенское шоссе - 2 шт | Тюмень (Народная) - 1 шт | Парина - 1 шт | Бисертская - 1 шт | L: Санкт-Петербург (Спортивная) - 1 шт | Елизаветенское шоссе - 2 шт | XL: Санкт-Петербург (Спортивная) - 1 шт,28.0,data\product_images\1cbc96919ec2.png,0.0,5.0,1.0,3.0,3.0,1.0,7.0,3.0,1.0,4.0
Одежда,62GBB735-15,"Шорты женские Mizuno 3"" Flex Short - Estate Blue",Mizuno,2990 ₽,https://saletennis.com/catalog/product/shorty-zhienskiie-mizuno-3-flex-short-estate-blue-17475,XS: Санкт-Петербург (Спортивная) - 1 шт | Соболева - 1 шт | S: Соболева - 1 шт | M: Санкт-Петербург (Спортивная) - 1 шт | Основной склад Екатеринбург - 2 шт,6.0,data\product_images\da6fe04086a3.png,0.0,2.0,2.0,2.0,0.0,0.0,0.0,0.0,0.0,0.0
Одежда,W2580030,Майка женская Bidi Badu Spectrum - Turquoise/Dark Blue,Bidi Badu,1990 ₽,https://saletennis.com/catalog/product/maika-zhienskaia-bidi-badu-spectrum-turquoise-dark-blue-17540,XS: Основной склад Екатеринбург - 1 шт | S: Основной склад Екатеринбург - 1 шт | Санкт-Петербург (Спортивная) - 1 шт | M: Основной склад Екатеринбург - 1 шт | Санкт-Петербург (Спортивная) - 1 шт,5.0,data\product_images\3130c151228a.png,0.0,2.0,3.0,0.0,0.0,0.0,0.0,0.0,0.0,0.0
Одежда,TWP76-BK,Спортивные штаны женские 7/6 Taylor Woman Pants - Black,7/6,3992 ₽,https://saletennis.com/catalog/product/sportivnyie-shtany-zhienskiie-7-6-taylor-woman-pants-black-17277,XS: Санкт-Петербург (Спортивная) - 1 шт | Уфа - 1 шт | Соболева - 1 шт | Ижевск - 1 шт | S: Основной склад Екатеринбург - 2 шт | Парина - 1 шт | Уфа - 1 шт | Соболева - 1 шт | Тюмень (Народная) - 1 шт | M: Уфа - 1 шт | Ижевск - 1 шт | L: Тюмень (Народная) - 1 шт | XL: Санкт-Петербург (Спортивная) - 1 шт | Тюмень (Народная) - 1 шт,15.0,data\product_images\e6453b869047.png,0.0,2.0,2.0,2.0,1.0,0.0,0.0,3.0,3.0,2.0
Одежда,VD276-4313,Платье детское 7/6 Viki Dress 2.0 - Light Blue,7/6,2793 ₽,https://saletennis.com/catalog/product/plat-ie-dietskoie-7-6-viki-dress-2-0-light-blue-17905,S: Основной склад Екатеринбург - 3 шт | M: Основной склад Екатеринбург - 3 шт | Санкт-Петербург (Спортивная) - 1 шт | L: Санкт-Петербург (Спортивная) - 1 шт | Уфа - 1 шт | Основной склад Екатеринбург - 2 шт | Соболева - 1 шт | XL: Ижевск - 1 шт | Тюмень (Народная) - 1 шт | Основной склад Екатеринбург - 3 шт | Санкт-Петербург (Спортивная) - 1 шт | Уфа - 1 шт,19.0,data\product_images\d40c440c1160.png,0.0,3.0,11.0,1.0,0.0,0.0,0.0,1.0,2.0,1.0
Одежда,62GHC20114,Платье женское Mizuno Frontier Dress - Bellwether Blue,Mizuno,4893 ₽,https://saletennis.com/catalog/product/plat-ie-zhienskoie-mizuno-frontier-dress-bellwether-blue-18190,XS: Основной склад Екатеринбург - 2 шт,2.0,data\product_images\b64c30489a0b.png,0.0,0.0,2.0,0.0,0.0,0.0,0.0,0.0,0.0,0.0
Одежда,II3624-736,Юбка женская Nike Court Advantage - Lemon Twist/Black,Nike,9490 ₽,https://saletennis.com/catalog/product/iubka-zhienskaia-nike-court-advantage-lemon-twist-black-19215,XS: Парина - 1 шт | Санкт-Петербург (Спортивная) - 1 шт | S: Санкт-Петербург (Спортивная) - 1 шт | Уфа - 1 шт,4.0,data\product_images\e372c72ee99a.png,0.0,2.0,0.0,0.0,1.0,0.0,0.0,0.0,1.0,0.0
Одежда,NS76-0628,Юбка женская 7/6 Nata Skirt - Leaf Green/Orange,7/6,2995 ₽,https://saletennis.com/catalog/product/iubka-zhienskaia-7-6-nata-skirt-leaf-green-orange-17940,XXS: Основной склад Екатеринбург - 3 шт | Санкт-Петербург (Спортивная) - 1 шт | XS: Санкт-Петербург (Спортивная) - 1 шт | Основной склад Екатеринбург - 3 шт | S: Основной склад Екатеринбург - 2 шт | Санкт-Петербург (Спортивная) - 1 шт | Тюмень (Народная) - 1 шт | M: Санкт-Петербург (Спортивная) - 1 шт | Тюмень (Народная) - 1 шт | Основной склад Екатеринбург - 4 шт | L: Санкт-Петербург (Спортивная) - 1 шт | Основной склад Екатеринбург - 3 шт,22.0,data\product_images\110d7056c836.png,0.0,5.0,15.0,0.0,0.0,0.0,0.0,2.0,0.0,0.0
Одежда,62GBC21509,"Шорты женские Mizuno Flex Graphic 3"" Short - Black",Mizuno,2793 ₽,https://saletennis.com/catalog/product/shorty-zhienskiie-mizuno-flex-graphic-3-short-black-18213,XS: Основной склад Екатеринбург - 3 шт | M: Основной склад Екатеринбург - 2 шт | Соболева - 1 шт | L: Основной склад Екатеринбург - 1 шт,7.0,data\product_images\90777d079558.png,0.0,0.0,6.0,1.0,0.0,0.0,0.0,0.0,0.0,0.0
Одежда,AS276-1304,Шорты под платье 7/6 Ana Shorts 2.0 - Pearl,7/6,2990 ₽,https://saletennis.com/catalog/product/shorty-pod-plat-ie-7-6-ana-shorts-2-0-pearl-19398,XXS: Санкт-Петербург (Спортивная) - 1 шт | XS: Санкт-Петербург (Ярослава Гашека) - 1 шт | Тюмень (Народная) - 4 шт | Санкт-Петербург (Спортивная) - 1 шт | Елизаветенское шоссе - 1 шт | Парина - 1 шт | S: Парина - 1 шт | Санкт-Петербург (Ярослава Гашека) - 1 шт | Елизаветенское шоссе - 1 шт | Соболева - 1 шт | Санкт-Петербург (Спортивная) - 1 шт | Ижевск - 1 шт | Тюмень (Народная) - 3 шт | M: Соболева - 1 шт | Парина - 1 шт | Тюмень (Народная) - 4 шт | Санкт-Петербург (Ярослава Гашека) - 1 шт | Санкт-Петербург (Спортивная) - 2 шт | Елизаветенское шоссе - 1 шт | L: Санкт-Петербург (Ярослава Гашека) - 1 шт | Санкт-Петербург (Спортивная) - 1 шт | XL: Санкт-Петербург (Спортивная) - 1 шт | Санкт-Петербург (Ярослава Гашека) - 1 шт,32.0,data\product_images\dbe2ec8df27c.png,5.0,7.0,0.0,2.0,3.0,0.0,3.0,11.0,0.0,1.0
Одежда,IB1020-389,Поло мужское Nike Court Slam Tennis Polo - Saffron Quartz/White,Nike,12990 ₽,https://saletennis.com/catalog/product/polo-muzhskoie-nike-court-slam-tennis-polo-saffron-quartz-white-19188,M: Тюмень (Народная) - 1 шт | Санкт-Петербург (Спортивная) - 1 шт | Соболева - 1 шт | Ижевск - 1 шт | L: Тюмень (Народная) - 1 шт | Санкт-Петербург (Спортивная) - 1 шт | Соболева - 1 шт | Ижевск - 1 шт | Парина - 2 шт | XL: Соболева - 1 шт,11.0,data\product_images\61d04a245ce8.jpg,0.0,2.0,0.0,3.0,2.0,0.0,0.0,2.0,0.0,2.0
Одежда,G1200001,Капри для девочек Bidi Badu Crew - Black,Bidi Badu,1436 ₽,https://saletennis.com/catalog/product/kapri-dlia-dievochiek-bidi-badu-crew-black-17268,140: Санкт-Петербург (Спортивная) - 1 шт | Основной склад Екатеринбург - 1 шт | 152: Санкт-Петербург (Спортивная) - 1 шт | 164: Санкт-Петербург (Спортивная) - 1 шт | Основной склад Екатеринбург - 1 шт,5.0,data\product_images\da6244a06066.png,0.0,3.0,2.0,0.0,0.0,0.0,0.0,0.0,0.0,0.0
Одежда,WS76-0231,Шорты женские под платье 7/6 Ana - Forest Elf,7/6,490 ₽,https://saletennis.com/catalog/product/shorty-zhienskiie-pod-plat-ie-7-6-ana-forest-elf-15507,XXS: Основной склад Екатеринбург - 13 шт | Санкт-Петербург (Спортивная) - 1 шт | XS: Основной склад Екатеринбург - 2 шт,16.0,data\product_images\be0b68853e19.png,0.0,1.0,15.0,0.0,0.0,0.0,0.0,0.0,0.0,0.0
Одежда,SH9760-4718,Шорты мужские 7/6 Miran Shorts 9 - Hydro,7/6,4990 ₽,https://saletennis.com/catalog/product/shorty-muzhskiie-7-6-miran-shorts-9-hydro-19385,S: Санкт-Петербург (Спортивная) - 1 шт | Елизаветенское шоссе - 1 шт | Парина - 1 шт | Санкт-Петербург (Ярослава Гашека) - 1 шт | M: Ижевск - 1 шт | Основной склад Екатеринбург - 2 шт | Санкт-Петербург (Ярослава Гашека) - 1 шт | Уфа - 1 шт | Парина - 2 шт | Санкт-Петербург (Спортивная) - 1 шт | Соболева - 2 шт | Тюмень (Народная) - 3 шт | Елизаветенское шоссе - 2 шт | L: Санкт-Петербург (Спортивная) - 1 шт | Санкт-Петербург (Ярослава Гашека) - 1 шт | Парина - 2 шт | Бисертская - 1 шт | Ижевск - 2 шт | Основной склад Екатеринбург - 6 шт | Елизаветенское шоссе - 2 шт | Соболева - 2 шт | XL: Бисертская - 1 шт | Тюмень (Народная) - 2 шт | Парина - 1 шт | Уфа - 1 шт | Соболева - 1 шт | Елизаветенское шоссе - 1 шт | Санкт-Петербург (Спортивная) - 1 шт | Санкт-Петербург (Ярослава Гашека) - 1 шт | XXL: Санкт-Петербург (Спортивная) - 1 шт | Бисертская - 1 шт | Санкт-Петербург (Ярослава Гашека) - 1 шт | Парина - 1 шт,49.0,data\product_images\75aaa270eb97.png,5.0,5.0,8.0,5.0,7.0,3.0,6.0,5.0,2.0,3.0
Одежда,BPL76-1119,Поло детское 7/6 Sasha Polo - Taos Taupe,7/6,490 ₽,https://saletennis.com/catalog/product/polo-dietskoie-7-6-sasha-polo-taos-taupe-15400,XS: Основной склад Екатеринбург - 3 шт | Санкт-Петербург (Спортивная) - 1 шт | S: Санкт-Петербург (Спортивная) - 1 шт | Основной склад Екатеринбург - 3 шт,8.0,data\product_images\7e343b7b568f.png,0.0,2.0,6.0,0.0,0.0,0.0,0.0,0.0,0.0,0.0
Одежда,FQ1780-666,Платье женское Nike Court Victory Dress - Rush Pink/White,Nike,10490 ₽,https://saletennis.com/catalog/product/plat-ie-zhienskoie-nike-court-victory-dress-rush-pink-white-18443,XS: Ижевск - 1 шт,1.0,data\product_images\42abf255ffed.png,0.0,0.0,0.0,0.0,0.0,0.0,0.0,0.0,0.0,1.0
Одежда,G1580031,Майка для девочки Bidi Badu Kaleido - White/Mixed,Bidi Badu,1596 ₽,https://saletennis.com/catalog/product/maika-dlia-dievochki-bidi-badu-kaleido-white-mixed-17251,164: Уфа - 1 шт | Санкт-Петербург (Спортивная) - 1 шт,2.0,data\product_images\7a86b3c4a5e6.png,0.0,1.0,0.0,0.0,0.0,0.0,0.0,0.0,1.0,0.0
Одежда,STS76-4718,Футболка женская 7/6 Stacy T-shirt - Sparkle Hydro Print,7/6,4990 ₽,https://saletennis.com/catalog/product/futbolka-zhienskaia-7-6-stacy-t-shirt-sparkle-hydro-print-19395,XXS: Санкт-Петербург (Ярослава Гашека) - 1 шт | Санкт-Петербург (Спортивная) - 1 шт | Тюмень (Народная) - 1 шт | XS: Санкт-Петербург (Ярослава Гашека) - 1 шт | Соболева - 1 шт | Санкт-Петербург (Спортивная) - 1 шт | Парина - 1 шт | Тюмень (Народная) - 2 шт | S: Тюмень (Народная) - 2 шт | Уфа - 1 шт | Санкт-Петербург (Ярослава Гашека) - 1 шт | Ижевск - 1 шт | Санкт-Петербург (Спортивная) - 1 шт | M: Санкт-Петербург (Ярослава Гашека) - 1 шт | Основной склад Екатеринбург - 3 шт | Парина - 1 шт | Елизаветенское шоссе - 1 шт | Ижевск - 1 шт | Соболева - 1 шт | Тюмень (Народная) - 1 шт | Уфа - 1 шт | Бисертская - 1 шт | Санкт-Петербург (Спортивная) - 1 шт | L: Соболева - 1 шт | Тюмень (Народная) - 1 шт | Санкт-Петербург (Спортивная) - 1 шт | Санкт-Петербург (Ярослава Гашека) - 1 шт | Елизаветенское шоссе - 1 шт | XL: Санкт-Петербург (Спортивная) - 1 шт,33.0,data\product_images\a4eb66457c5d.png,5.0,6.0,3.0,3.0,2.0,1.0,2.0,7.0,2.0,2.0
Одежда,IB1043-100,Шорты мужские Nike Court Slam 6in - White,Nike,11490 ₽,https://saletennis.com/catalog/product/shorty-muzhskiie-nike-court-slam-6in-white-19250,L: Парина - 1 шт | XL: Уфа - 1 шт | Парина - 1 шт,3.0,data\product_images\6a111248a7aa.jpg,0.0,0.0,0.0,0.0,2.0,0.0,0.0,0.0,1.0,0.0
Одежда,MJJ76-4405,Кофта мужская 7/6 Jackie Jacket Men - Dark Grey,7/6,4995 ₽,https://saletennis.com/catalog/product/kofta-muzhskaia-7-6-jackie-jacket-men-dark-grey-17865,S: Тюмень (Народная) - 1 шт | Основной склад Екатеринбург - 2 шт | Санкт-Петербург (Спортивная) - 1 шт | XL: Основной склад Екатеринбург - 1 шт | Санкт-Петербург (Спортивная) - 1 шт | XXL: Парина - 1 шт | Основной склад Екатеринбург - 2 шт | Санкт-Петербург (Спортивная) - 1 шт | Тюмень (Народная) - 1 шт,11.0,data\product_images\b6168ce3cba2.png,0.0,3.0,5.0,0.0,1.0,0.0,0.0,2.0,0.0,0.0
Одежда,62GAC00201,Футболка мужская Mizuno Frontier Shadow Tee - White,Mizuno,2933 ₽,https://saletennis.com/catalog/product/futbolka-muzhskaia-mizuno-frontier-shadow-tee-white-18186,XL: Основной склад Екатеринбург - 1 шт,1.0,data\product_images\76be13d664e9.png,0.0,0.0,1.0,0.0,0.0,0.0,0.0,0.0,0.0,0.0
Одежда,62GBC500-74,"Шорты мужские Mizuno Daybreakers 8"" - White/Citrus",Mizuno,3843 ₽,https://saletennis.com/catalog/product/shorty-muzhskiie-mizuno-daybreakers-8-white-citrus-18422,M: Основной склад Екатеринбург - 2 шт | L: Основной склад Екатеринбург - 4 шт | XL: Тюмень (Народная) - 1 шт | Санкт-Петербург (Спортивная) - 1 шт,8.0,data\product_images\9a48f8a6af54.png,0.0,1.0,6.0,0.0,0.0,0.0,0.0,1.0,0.0,0.0
Одежда,II3606-010,Майка женская Nike Court Advantage - Black/White,Nike,7990 ₽,https://saletennis.com/catalog/product/maika-zhienskaia-nike-court-advantage-black-white-19209,XS: Санкт-Петербург (Спортивная) - 1 шт | Парина - 1 шт | Тюмень (Народная) - 1 шт | S: Санкт-Петербург (Спортивная) - 1 шт | M: Уфа - 1 шт | Ижевск - 1 шт | Парина - 1 шт,7.0,data\product_images\65e32ec2bf67.png,0.0,2.0,0.0,0.0,2.0,0.0,0.0,1.0,1.0,1.0
Одежда,KT76-100,Топ женский 7/6 Kris Top - White,7/6,4792 ₽,https://saletennis.com/catalog/product/top-zhienskii-7-6-kris-top-white-17110,XXS: Соболева - 1 шт | Санкт-Петербург (Спортивная) - 1 шт | Ижевск - 1 шт | XS: Уфа - 1 шт | Елизаветенское шоссе - 1 шт | Парина - 2 шт | Соболева - 1 шт | Санкт-Петербург (Спортивная) - 1 шт | S: Соболева - 2 шт | Парина - 2 шт | Уфа - 1 шт | Ижевск - 2 шт | Тюмень (Народная) - 1 шт | Елизаветенское шоссе - 1 шт | M: Соболева - 1 шт | Основной склад Екатеринбург - 1 шт | Санкт-Петербург (Спортивная) - 1 шт | Елизаветенское шоссе - 4 шт | Тюмень (Народная) - 1 шт | Уфа - 1 шт | Парина - 1 шт | Ижевск - 1 шт | L: Парина - 1 шт | Соболева - 1 шт | Санкт-Петербург (Спортивная) - 2 шт | Елизаветенское шоссе - 1 шт | XL: Санкт-Петербург (Спортивная) - 1 шт,35.0,data\product_images\6b81280eedd6.png,0.0,6.0,1.0,6.0,6.0,0.0,7.0,2.0,3.0,4.0
Одежда,PSH76-0205,Шорты для девочек 7/6 Poly Shorts - Cream/Orange,7/6,2793 ₽,https://saletennis.com/catalog/product/shorty-dlia-dievochiek-7-6-poly-shorts-cream-orange-17921,XS: Санкт-Петербург (Спортивная) - 1 шт | S: Уфа - 1 шт | Соболева - 1 шт | Основной склад Екатеринбург - 2 шт | M: Основной склад Екатеринбург - 3 шт | Уфа - 1 шт | Санкт-Петербург (Спортивная) - 1 шт | L: Соболева - 1 шт | Уфа - 1 шт | Санкт-Петербург (Спортивная) - 1 шт | Основной склад Екатеринбург - 4 шт | XL: Санкт-Петербург (Спортивная) - 1 шт | Уфа - 1 шт | Соболева - 1 шт | Основной склад Екатеринбург - 3 шт,23.0,data\product_images\af0b762754e9.png,0.0,4.0,12.0,3.0,0.0,0.0,0.0,0.0,4.0,0.0
Одежда,WJ76-BK,Ветровка женская 7/6 Woman Jacket - Black,7/6,5592 ₽,https://saletennis.com/catalog/product/vietrovka-zhienskaia-7-6-woman-jacket-black-17273,XS: Соболева - 1 шт | Основной склад Екатеринбург - 1 шт | Тюмень (Народная) - 1 шт | Уфа - 1 шт | Санкт-Петербург (Спортивная) - 1 шт | M: Соболева - 1 шт | Уфа - 1 шт | Ижевск - 1 шт | Санкт-Петербург (Спортивная) - 1 шт | Тюмень (Народная) - 1 шт | L: Соболева - 1 шт | Тюмень (Народная) - 1 шт | Уфа - 1 шт | Парина - 1 шт | Санкт-Петербург (Спортивная) - 1 шт,15.0,data\product_images\7e40be9e0f90.png,0.0,3.0,1.0,3.0,1.0,0.0,0.0,3.0,3.0,1.0
Одежда,G1580024,Майка детская Bidi Badu Spike Chill - Lilac,Bidi Badu,1196 ₽,https://saletennis.com/catalog/product/maika-dietskaia-bidi-badu-spike-chill-lilac-16418,152: Основной склад Екатеринбург - 1 шт | Санкт-Петербург (Спортивная) - 1 шт | Парина - 1 шт,3.0,data\product_images\ba40238e3b0f.png,0.0,1.0,1.0,0.0,1.0,0.0,0.0,0.0,0.0,0.0
Одежда,62GBC21814,"Шорты женские под платье Mizuno Pro 4"" Short - Bellwether Blue",Mizuno,2653 ₽,https://saletennis.com/catalog/product/shorty-zhienskiie-pod-plat-ie-mizuno-pro-4-short-bellwether-blue-18215,XS: Основной склад Екатеринбург - 1 шт | Соболева - 1 шт | S: Соболева - 1 шт | M: Основной склад Екатеринбург - 2 шт,5.0,data\product_images\89c78b7d35b1.png,0.0,0.0,3.0,2.0,0.0,0.0,0.0,0.0,0.0,0.0
Одежда,62GAB502-09,Поло мужское Mizuno Mugen Shadow Polo - Black,Mizuno,4790 ₽,https://saletennis.com/catalog/product/polo-muzhskoie-mizuno-mugen-shadow-polo-black-17437,S: Основной склад Екатеринбург - 1 шт | M: Основной склад Екатеринбург - 1 шт,2.0,data\product_images\35f337e750d5.png,0.0,0.0,2.0,0.0,0.0,0.0,0.0,0.0,0.0,0.0
Одежда,KC-76WH,Кепка 7/6 Kids Cap - White,7/6,1743 ₽,https://saletennis.com/catalog/product/kiepka-7-6-kids-cap-white-13216,Уфа: 3 сет | Ижевск: 1 сет | Елизаветенское шоссе: 1 сет | Санкт-Петербург (Ярослава Гашека): 3 сет | Бисертская: 1 сет | Тюмень (Народная): 1 сет | Парина: 1 сет | Санкт-Петербург (Спортивная): 10 сет | Соболева: 2 сет,23.0,data\product_images\651f1c277562.png,3.0,10.0,0.0,2.0,1.0,1.0,1.0,1.0,3.0,1.0
Одежда,62GAB701-67,Майка женская Mizuno Mugen Printed Tank - Crocus Petal,Mizuno,3490 ₽,https://saletennis.com/catalog/product/maika-zhienskaia-mizuno-mugen-printed-tank-crocus-petal-17459,XS: Основной склад Екатеринбург - 1 шт | Санкт-Петербург (Спортивная) - 1 шт | S: Основной склад Екатеринбург - 2 шт | Санкт-Петербург (Спортивная) - 1 шт | Соболева - 1 шт | M: Санкт-Петербург (Спортивная) - 1 шт,7.0,data\product_images\159e52a38d54.png,0.0,3.0,3.0,1.0,0.0,0.0,0.0,0.0,0.0,0.0
Одежда,FB6443-100,Козырек Nike ADV Ace Visor - White,Nike,3490 ₽,https://saletennis.com/catalog/product/kozyriek-nike-adv-ace-visor-white-17024,S/M: Уфа - 2 шт | Соболева - 2 шт | Тюмень (Народная) - 2 шт | Санкт-Петербург (Спортивная) - 2 шт | M/L: Уфа - 2 шт | Санкт-Петербург (Спортивная) - 2 шт | Парина - 1 шт | Ижевск - 1 шт | Бисертская - 1 шт | Соболева - 1 шт | Тюмень (Народная) - 2 шт,18.0,data\product_images\4f157ddd2902.png,0.0,4.0,0.0,3.0,1.0,1.0,0.0,4.0,4.0,1.0
Одежда,BPL76-0000,Поло детское 7/6 Niki Polo - Gradient,7/6,1490 ₽,https://saletennis.com/catalog/product/polo-dietskoie-7-6-niki-polo-gradient-16662,XL: Соболева - 1 шт,1.0,data\product_images\60a19715ab50.png,0.0,0.0,0.0,1.0,0.0,0.0,0.0,0.0,0.0,0.0
Одежда,PSH76-4313,Шорты для девочек 7/6 Poly Shorts - Light Blue/Light Green,7/6,2793 ₽,https://saletennis.com/catalog/product/shorty-dlia-dievochiek-7-6-poly-shorts-light-blue-light-green-17922,M: Основной склад Екатеринбург - 1 шт | Санкт-Петербург (Спортивная) - 1 шт | L: Санкт-Петербург (Спортивная) - 1 шт | Уфа - 1 шт | Основной склад Екатеринбург - 1 шт | Тюмень (Народная) - 1 шт | XL: Основной склад Екатеринбург - 3 шт | Санкт-Петербург (Спортивная) - 1 шт | Уфа - 1 шт | Тюмень (Народная) - 1 шт | Ижевск - 1 шт,13.0,data\product_images\fa11e471eeef.png,0.0,3.0,5.0,0.0,0.0,0.0,0.0,2.0,2.0,1.0
Одежда,MTS76-0116,Футболка для мальчиков 7/6 Max T-shirt 2.0 - Light Green,7/6,2093 ₽,https://saletennis.com/catalog/product/futbolka-dlia-mal-chikov-7-6-max-t-shirt-2-0-light-green-17916,XS: Тюмень - 1 шт | Основной склад Екатеринбург - 1 шт | Соболева - 1 шт | S: Тюмень - 1 шт | Соболева - 1 шт | Основной склад Екатеринбург - 1 шт | Санкт-Петербург (Спортивная) - 1 шт | M: Тюмень - 1 шт | Санкт-Петербург (Спортивная) - 1 шт | Уфа - 1 шт | Бисертская - 1 шт | L: Основной склад Екатеринбург - 1 шт | Санкт-Петербург (Спортивная) - 1 шт | Соболева - 1 шт | Тюмень (Народная) - 1 шт | XL: Санкт-Петербург (Спортивная) - 1 шт | Уфа - 1 шт,17.0,data\product_images\8803923439a2.png,0.0,4.0,3.0,3.0,0.0,1.0,0.0,4.0,2.0,0.0
Одежда,62GAC20121,Футболка женская Mizuno Frontier Tee - Bel Air Blue,Mizuno,3143 ₽,https://saletennis.com/catalog/product/futbolka-zhienskaia-mizuno-frontier-tee-bel-air-blue-18198,S: Основной склад Екатеринбург - 2 шт,2.0,data\product_images\208f0f65fd0f.png,0.0,0.0,2.0,0.0,0.0,0.0,0.0,0.0,0.0,0.0
Одежда,VD276-1264,Платье детское 7/6 Viki Dress 2.0 - Bright Orange,7/6,2793 ₽,https://saletennis.com/catalog/product/plat-ie-dietskoie-7-6-viki-dress-2-0-bright-orange-17903,XS: Санкт-Петербург (Спортивная) - 1 шт | Основной склад Екатеринбург - 1 шт | S: Санкт-Петербург (Спортивная) - 1 шт | Соболева - 1 шт | Основной склад Екатеринбург - 3 шт | M: Соболева - 1 шт | Уфа - 1 шт | Основной склад Екатеринбург - 4 шт | Санкт-Петербург (Спортивная) - 1 шт | L: Уфа - 1 шт | Санкт-Петербург (Спортивная) - 1 шт | Основной склад Екатеринбург - 3 шт | Соболева - 1 шт | XL: Соболева - 1 шт | Тюмень (Народная) - 1 шт | Санкт-Петербург (Спортивная) - 1 шт | Основной склад Екатеринбург - 4 шт | Уфа - 1 шт,28.0,data\product_images\0104a709cdb9.png,0.0,5.0,15.0,4.0,0.0,0.0,0.0,1.0,3.0,0.0
Одежда,62GBC00101,"Шорты мужские Mizuno 8"" Amplify Short - White",Mizuno,3493 ₽,https://saletennis.com/catalog/product/shorty-muzhskiie-mizuno-8-amplify-short-white-18209,XL: Тюмень (Народная) - 1 шт,1.0,data\product_images\f4e04ba6fb8c.png,0.0,0.0,0.0,0.0,0.0,0.0,0.0,1.0,0.0,0.0
Одежда,DR102179174C0013,Майка женская Diadora Core Tank - White,Не определен,990 ₽,https://saletennis.com/catalog/product/maika-zhienskaia-diadora-core-tank-white-15162,XS: Тюмень (Народная) - 1 шт,1.0,data\product_images\67e393e4b301.png,0.0,0.0,0.0,0.0,0.0,0.0,0.0,1.0,0.0,0.0
Одежда,KT76-4104,Топ женский 7/6 Kris Top - Antarctica,7/6,5990 ₽,https://saletennis.com/catalog/product/top-zhienskii-7-6-kris-top-antarctica-18589,XXS: Санкт-Петербург (Спортивная) - 1 шт | XS: Санкт-Петербург (Спортивная) - 1 шт | M: Соболева - 1 шт | Елизаветенское шоссе - 1 шт | Уфа - 1 шт | Бисертская - 1 шт | Санкт-Петербург (Спортивная) - 1 шт | L: Соболева - 1 шт | Санкт-Петербург (Спортивная) - 1 шт | XL: Санкт-Петербург (Спортивная) - 1 шт,10.0,data\product_images\88ade7addf83.png,0.0,5.0,0.0,2.0,0.0,1.0,1.0,0.0,1.0,0.0
Одежда,HM6759-010,Толстовка мужская Nike Heritage Hoodie - Black/Anthracite,Nike,8792 ₽,https://saletennis.com/catalog/product/tolstovka-muzhskaia-nike-heritage-hoodie-black-anthracite-18110,M: Парина - 1 шт | Тюмень (Народная) - 1 шт | L: Уфа - 1 шт | XL: Парина - 1 шт | Санкт-Петербург (Спортивная) - 1 шт,5.0,data\product_images\f3205dabfdd7.jpg,0.0,1.0,0.0,0.0,2.0,0.0,0.0,1.0,1.0,0.0
Одежда,IH2085-667,Футболка мужская Nike Court Heritage Tennis T-Shirt - Silt Red,Nike,4990 ₽,https://saletennis.com/catalog/product/futbolka-muzhskaia-nike-court-heritage-tennis-t-shirt-silt-red-19244,M: Уфа - 1 шт | L: Уфа - 1 шт | Парина - 1 шт | XL: Тюмень (Народная) - 1 шт | Ижевск - 1 шт | 2XL: Соболева - 1 шт,6.0,data\product_images\94221ab312f1.jpg,0.0,0.0,0.0,1.0,1.0,0.0,0.0,1.0,2.0,1.0
Одежда,DR10217911955050,Футболка женская Diadora L. T-shirt - Pink,Не определен,2490 ₽,https://saletennis.com/catalog/product/futbolka-zhienskaia-diadora-l-t-shirt-pink-15321,XS: Основной склад Екатеринбург - 1 шт | M: Основной склад Екатеринбург - 1 шт,2.0,data\product_images\9a4ad09d247d.png,0.0,0.0,2.0,0.0,0.0,0.0,0.0,0.0,0.0,0.0
Одежда,FB6443-006,Козырек Nike ADV Ace Visor - Steam/Anthracite/Black,Nike,3490 ₽,https://saletennis.com/catalog/product/kozyriek-nike-adv-ace-visor-steam-anthracite-black-19218,S/M: Ижевск - 1 шт | Санкт-Петербург (Спортивная) - 1 шт | M/L: Тюмень (Народная) - 1 шт | Уфа - 1 шт | Бисертская - 1 шт | Парина - 1 шт | Соболева - 1 шт | Санкт-Петербург (Спортивная) - 1 шт,8.0,data\product_images\e8f22bb618c8.png,0.0,2.0,0.0,1.0,1.0,1.0,0.0,1.0,1.0,1.0
Одежда,62GAC502-93,Поло мужское Mizuno Daybreakers Shadow - Black/Grape Leaf,Mizuno,3990 ₽,https://saletennis.com/catalog/product/polo-muzhskoie-mizuno-daybreakers-shadow-black-grape-leaf-18402,S: Тюмень (Народная) - 1 шт | L: Тюмень (Народная) - 1 шт | XL: Основной склад Екатеринбург - 1 шт,3.0,data\product_images\3f03220e813e.png,0.0,0.0,1.0,0.0,0.0,0.0,0.0,2.0,0.0,0.0
Одежда,WJP76-1215,Штаны женские 7/6 Jackie Pants Women - Shaved Chocolate,7/6,5990 ₽,https://saletennis.com/catalog/product/shtany-zhienskiie-7-6-jackie-pants-women-shaved-chocolate-19413,XXS: Санкт-Петербург (Ярослава Гашека) - 1 шт | Санкт-Петербург (Спортивная) - 1 шт | XS: Санкт-Петербург (Спортивная) - 1 шт | Елизаветенское шоссе - 1 шт | Парина - 1 шт | Санкт-Петербург (Ярослава Гашека) - 1 шт | S: Парина - 1 шт | Ижевск - 1 шт | Санкт-Петербург (Спортивная) - 1 шт | Елизаветенское шоссе - 1 шт | Уфа - 1 шт | Санкт-Петербург (Ярослава Гашека) - 1 шт | Тюмень (Народная) - 1 шт | M: Ижевск - 1 шт | Уфа - 1 шт | Елизаветенское шоссе - 1 шт | Тюмень (Народная) - 1 шт | Санкт-Петербург (Спортивная) - 1 шт | Санкт-Петербург (Ярослава Гашека) - 1 шт | L: Парина - 1 шт | Санкт-Петербург (Ярослава Гашека) - 1 шт | Санкт-Петербург (Спортивная) - 1 шт | XL: Санкт-Петербург (Ярослава Гашека) - 1 шт | Санкт-Петербург (Спортивная) - 1 шт,24.0,data\product_images\ea402dd108c0.png,6.0,6.0,0.0,0.0,3.0,0.0,3.0,2.0,2.0,2.0
Одежда,KTS76-4104,Футболка женская 7/6 Kate T-shirt - Antarctica,7/6,3990 ₽,https://saletennis.com/catalog/product/futbolka-zhienskaia-7-6-kate-t-shirt-antarctica-18594,XS: Тюмень (Народная) - 1 шт | Парина - 1 шт | Соболева - 1 шт | S: Соболева - 1 шт | Санкт-Петербург (Спортивная) - 1 шт | M: Уфа - 1 шт | Основной склад Екатеринбург - 1 шт | Соболева - 1 шт | Парина - 1 шт | Бисертская - 1 шт | L: Парина - 1 шт | Санкт-Петербург (Спортивная) - 1 шт,12.0,data\product_images\d7c6d3e50d59.png,0.0,2.0,1.0,3.0,3.0,1.0,0.0,1.0,1.0,0.0
Одежда,IF1560-486,Шорты мужские Nike Court Slam 6in - Work Blue/Hydrogen Blue/Black,Nike,11490 ₽,https://saletennis.com/catalog/product/shorty-muzhskiie-nike-court-slam-6in-work-blue-hydrogen-blue-black-19251,S: Парина - 1 шт | M: Уфа - 1 шт | Тюмень (Народная) - 1 шт | Ижевск - 1 шт | L: Уфа - 1 шт | XL: Тюмень (Народная) - 1 шт,6.0,data\product_images\05c75f0ab011.jpg,0.0,0.0,0.0,0.0,1.0,0.0,0.0,2.0,2.0,1.0
Одежда,FB5598-006,Кепка Nike Dri-FIT ADV Club Cap - Steam/Black,Nike,3990 ₽,https://saletennis.com/catalog/product/kiepka-nike-dri-fit-adv-club-cap-steam-black-19217,L/XL: Тюмень (Народная) - 1 шт | Соболева - 1 шт | Санкт-Петербург (Спортивная) - 1 шт | Уфа - 1 шт | Ижевск - 1 шт | Парина - 1 шт | M/L: Парина - 1 шт,7.0,data\product_images\56009b018872.png,0.0,1.0,0.0,1.0,2.0,0.0,0.0,1.0,1.0,1.0
Одежда,SH7760-2520,Шорты мужские 7/6 Miran Shorts 7 - Potent Purple,7/6,4490 ₽,https://saletennis.com/catalog/product/shorty-muzhskiie-7-6-miran-shorts-7-potent-purple-18624,M: Санкт-Петербург (Спортивная) - 2 шт | L: Санкт-Петербург (Спортивная) - 1 шт | XL: Ижевск - 1 шт | Санкт-Петербург (Спортивная) - 1 шт | Тюмень (Народная) - 1 шт | Парина - 1 шт,7.0,data\product_images\b3ec4a639ed6.png,0.0,4.0,0.0,0.0,1.0,0.0,0.0,1.0,0.0,1.0
Одежда,MTL76-1440,Футболка мужская 7/6 Loddy T-Shirt 2.0 - Misty Blue,7/6,3990 ₽,https://saletennis.com/catalog/product/futbolka-muzhskaia-7-6-loddy-t-shirt-2-0-misty-blue-19384,S: Санкт-Петербург (Спортивная) - 1 шт | Санкт-Петербург (Ярослава Гашека) - 1 шт | M: Тюмень (Народная) - 1 шт | Бисертская - 1 шт | Санкт-Петербург (Ярослава Гашека) - 1 шт | Соболева - 1 шт | Елизаветенское шоссе - 1 шт | L: Елизаветенское шоссе - 2 шт | Парина - 1 шт | Бисертская - 1 шт | Санкт-Петербург (Спортивная) - 1 шт | Санкт-Петербург (Ярослава Гашека) - 1 шт | Ижевск - 1 шт | Тюмень (Народная) - 1 шт | XL: Санкт-Петербург (Спортивная) - 1 шт | Бисертская - 1 шт | Соболева - 1 шт | Тюмень (Народная) - 1 шт | Елизаветенское шоссе - 1 шт | Ижевск - 1 шт | Основной склад Екатеринбург - 1 шт | Уфа - 1 шт | Парина - 1 шт | Санкт-Петербург (Ярослава Гашека) - 1 шт | XXL: Санкт-Петербург (Спортивная) - 1 шт | Санкт-Петербург (Ярослава Гашека) - 1 шт | Елизаветенское шоссе - 1 шт,28.0,data\product_images\1d8879d91671.png,5.0,4.0,1.0,2.0,2.0,3.0,5.0,3.0,1.0,2.0
Одежда,62GAC00301,Футболка мужская Mizuno Frontier Shadow Graphic Tee - White,Mizuno,3353 ₽,https://saletennis.com/catalog/product/futbolka-muzhskaia-mizuno-frontier-shadow-graphic-tee-white-18184,S: Основной склад Екатеринбург - 1 шт | M: Основной склад Екатеринбург - 1 шт | L: Основной склад Екатеринбург - 1 шт,3.0,data\product_images\df960b3074d7.png,0.0,0.0,3.0,0.0,0.0,0.0,0.0,0.0,0.0,0.0
Одежда,62GBC21530,"Шорты женские Mizuno Flex Graphic 3"" Short - Bay",Mizuno,2793 ₽,https://saletennis.com/catalog/product/shorty-zhienskiie-mizuno-flex-graphic-3-short-bay-18211,XS: Основной склад Екатеринбург - 1 шт | S: Основной склад Екатеринбург - 1 шт | Тюмень (Народная) - 1 шт | M: Основной склад Екатеринбург - 3 шт,6.0,data\product_images\116fde6e222b.png,0.0,0.0,5.0,0.0,0.0,0.0,0.0,1.0,0.0,0.0
Одежда,62GBC00114,"Шорты мужские Mizuno 8"" Amplify Short - Bellwether Blue",Mizuno,3493 ₽,https://saletennis.com/catalog/product/shorty-muzhskiie-mizuno-8-amplify-short-bellwether-blue-18207,S: Основной склад Екатеринбург - 1 шт | M: Основной склад Екатеринбург - 1 шт,2.0,data\product_images\990f23ea4a12.png,0.0,0.0,2.0,0.0,0.0,0.0,0.0,0.0,0.0,0.0
Одежда,W1580026-DBLRD,Майка женская Bidi Badu New York 2024 - Blue/Red,Bidi Badu,1490 ₽,https://saletennis.com/catalog/product/maika-zhienskaia-bidi-badu-new-york-2024-blue-red-16441,XS: Санкт-Петербург (Спортивная) - 1 шт | Основной склад Екатеринбург - 1 шт | S: Санкт-Петербург (Спортивная) - 1 шт | Основной склад Екатеринбург - 3 шт | M: Санкт-Петербург (Спортивная) - 1 шт | Основной склад Екатеринбург - 1 шт,8.0,data\product_images\d5fb738d1577.png,0.0,3.0,5.0,0.0,0.0,0.0,0.0,0.0,0.0,0.0
Одежда,FB4153-429,Юбка женская Nike Heritage Skirt - Aegean Storm,Nike,9294 ₽,https://saletennis.com/catalog/product/iubka-zhienskaia-nike-heritage-skirt-aegean-storm-16992,S: Санкт-Петербург (Спортивная) - 1 шт | Ижевск - 1 шт,2.0,data\product_images\a1354ff1fd4a.jpg,0.0,1.0,0.0,0.0,0.0,0.0,0.0,0.0,0.0,1.0
Одежда,MTS76-1471,Футболка для мальчиков 7/6 Max T-shirt 2.0 - Sparkle Hydro Print,7/6,3490 ₽,https://saletennis.com/catalog/product/futbolka-dlia-mal-chikov-7-6-max-t-shirt-2-0-sparkle-hydro-print-19406,XS: Парина - 1 шт | Тюмень (Народная) - 1 шт | Соболева - 1 шт | Санкт-Петербург (Ярослава Гашека) - 1 шт | S: Соболева - 1 шт | Основной склад Екатеринбург - 1 шт | Санкт-Петербург (Спортивная) - 1 шт | Тюмень (Народная) - 1 шт | Парина - 1 шт | Санкт-Петербург (Ярослава Гашека) - 1 шт | M: Санкт-Петербург (Спортивная) - 2 шт | Санкт-Петербург (Ярослава Гашека) - 1 шт | Уфа - 1 шт | L: Санкт-Петербург (Ярослава Гашека) - 1 шт | Тюмень (Народная) - 1 шт | Ижевск - 1 шт | Санкт-Петербург (Спортивная) - 2 шт | Уфа - 1 шт | XL: Санкт-Петербург (Спортивная) - 1 шт | Ижевск - 1 шт | Парина - 1 шт | Тюмень (Народная) - 1 шт | Уфа - 1 шт | Соболева - 1 шт,26.0,data\product_images\97a3f0e6a7c1.png,4.0,6.0,1.0,3.0,3.0,0.0,0.0,4.0,3.0,2.0
Одежда,62GAA20262,Майка женская Mizuno Printed Tank - Cabernet,Mizuno,2990 ₽,https://saletennis.com/catalog/product/maika-zhienskaia-mizuno-printed-tank-cabernet-14587,S: Основной склад Екатеринбург - 1 шт | Ижевск - 1 шт | M: Санкт-Петербург (Спортивная) - 1 шт,3.0,data\product_images\03a77c439205.png,0.0,1.0,1.0,0.0,0.0,0.0,0.0,0.0,0.0,1.0
Одежда,MTL76-1360,Футболка мужская 7/6 Loddy T-Shirt 2.0 - Bright Orange,7/6,1995 ₽,https://saletennis.com/catalog/product/futbolka-muzhskaia-7-6-loddy-t-shirt-2-0-bright-orange-17872,S: Основной склад Екатеринбург - 1 шт | Санкт-Петербург (Спортивная) - 1 шт | M: Основной склад Екатеринбург - 1 шт | XL: Санкт-Петербург (Спортивная) - 1 шт,4.0,data\product_images\2796cd1c3557.png,0.0,2.0,2.0,0.0,0.0,0.0,0.0,0.0,0.0,0.0
Одежда,HQ2994-641,Футболка женская Court Advantage Pro T-Shirt - Peony/White,Не определен,7990 ₽,https://saletennis.com/catalog/product/futbolka-zhienskaia-court-advantage-pro-t-shirt-peony-white-19220,XS: Санкт-Петербург (Спортивная) - 1 шт | M: Санкт-Петербург (Спортивная) - 1 шт,2.0,data\product_images\fd084f2377fc.png,0.0,2.0,0.0,0.0,0.0,0.0,0.0,0.0,0.0,0.0
Одежда,MPA76-2520,Поло мужское 7/6 Andy Polo - Potent Purple,7/6,5990 ₽,https://saletennis.com/catalog/product/polo-muzhskoie-7-6-andy-polo-potent-purple-18609,S: Санкт-Петербург (Спортивная) - 1 шт | Тюмень (Народная) - 1 шт | M: Тюмень (Народная) - 1 шт | Парина - 1 шт | Бисертская - 1 шт | Уфа - 1 шт | Соболева - 1 шт | L: Уфа - 1 шт | Основной склад Екатеринбург - 1 шт | Соболева - 1 шт,10.0,data\product_images\b70bdf388cb4.png,0.0,1.0,1.0,2.0,1.0,1.0,0.0,2.0,2.0,0.0
Одежда,NT76-1265,Майка женская Nata Sleeveless T-shirt - Bright Pink,Не определен,1995 ₽,https://saletennis.com/catalog/product/maika-zhienskaia-nata-sleeveless-t-shirt-bright-pink-17900,XS: Санкт-Петербург (Спортивная) - 1 шт | Основной склад Екатеринбург - 5 шт | S: Основной склад Екатеринбург - 3 шт | Санкт-Петербург (Спортивная) - 1 шт | M: Основной склад Екатеринбург - 1 шт | Санкт-Петербург (Спортивная) - 1 шт | XL: Санкт-Петербург (Спортивная) - 1 шт,13.0,data\product_images\4f3380609813.png,0.0,4.0,9.0,0.0,0.0,0.0,0.0,0.0,0.0,0.0
Одежда,KT76-2520,Топ женский 7/6 Kris Top - Potent Purple,7/6,4193 ₽,https://saletennis.com/catalog/product/top-zhienskii-7-6-kris-top-potent-purple-18591,S: Елизаветенское шоссе - 1 шт | Ижевск - 1 шт | M: Парина - 1 шт | Ижевск - 1 шт | Бисертская - 1 шт | Тюмень (Народная) - 1 шт | L: Санкт-Петербург (Спортивная) - 1 шт | Елизаветенское шоссе - 1 шт | XL: Санкт-Петербург (Спортивная) - 1 шт,9.0,data\product_images\2aa66683ee8b.png,0.0,2.0,0.0,0.0,1.0,1.0,2.0,1.0,0.0,2.0
Одежда,MJJ76-0116,Кофта мужская 7/6 Jackie Jacket Men - Light Green,7/6,4995 ₽,https://saletennis.com/catalog/product/kofta-muzhskaia-7-6-jackie-jacket-men-light-green-17866,S: Основной склад Екатеринбург - 4 шт | Санкт-Петербург (Спортивная) - 1 шт | M: Тюмень (Народная) - 1 шт | Санкт-Петербург (Спортивная) - 2 шт | Основной склад Екатеринбург - 1 шт | L: Санкт-Петербург (Спортивная) - 1 шт | Тюмень (Народная) - 2 шт | XL: Уфа - 1 шт | Санкт-Петербург (Спортивная) - 1 шт | Основной склад Екатеринбург - 3 шт | XXL: Основной склад Екатеринбург - 1 шт | Санкт-Петербург (Спортивная) - 1 шт | Уфа - 1 шт,20.0,data\product_images\b760702014c2.png,0.0,6.0,9.0,0.0,0.0,0.0,0.0,3.0,2.0,0.0
Одежда,G1580027-DBLMX,Майка детская Bidi Badu Twiggy - Blue/Mixed,Bidi Badu,1796 ₽,https://saletennis.com/catalog/product/maika-dietskaia-bidi-badu-twiggy-blue-mixed-16426,152: Санкт-Петербург (Спортивная) - 1 шт | Основной склад Екатеринбург - 1 шт | 164: Парина - 1 шт | Основной склад Екатеринбург - 2 шт | Санкт-Петербург (Спортивная) - 1 шт,6.0,data\product_images\006fd174caa3.png,0.0,2.0,3.0,0.0,1.0,0.0,0.0,0.0,0.0,0.0
Одежда,NS76-2520,Юбка женская 7/6 Nata Skirt - Potent Purple,7/6,4990 ₽,https://saletennis.com/catalog/product/iubka-zhienskaia-7-6-nata-skirt-potent-purple-18603,XS: Тюмень (Народная) - 1 шт | Санкт-Петербург (Спортивная) - 1 шт | Уфа - 1 шт,3.0,data\product_images\30dbd3fdbce4.png,0.0,1.0,0.0,0.0,0.0,0.0,0.0,1.0,1.0,0.0
Одежда,IH3765-006,Платье женское Nike Court Slam Tennis Dress - Steam/Barely Green,Nike,16490 ₽,https://saletennis.com/catalog/product/plat-ie-zhienskoie-nike-court-slam-tennis-dress-steam-barely-green-19255,XS: Соболева - 1 шт | M: Ижевск - 1 шт | L: Парина - 1 шт,3.0,data\product_images\5026ca12e68c.png,0.0,0.0,0.0,1.0,1.0,0.0,0.0,0.0,0.0,1.0
Одежда,NS76-4109,Юбка женская 7/6 Nata Skirt - Arona,7/6,4990 ₽,https://saletennis.com/catalog/product/iubka-zhienskaia-7-6-nata-skirt-arona-18602,XXS: Санкт-Петербург (Спортивная) - 1 шт | XS: Ижевск - 1 шт | S: Тюмень (Народная) - 2 шт | L: Санкт-Петербург (Спортивная) - 1 шт | XL: Санкт-Петербург (Спортивная) - 1 шт,6.0,data\product_images\3937834d1431.png,0.0,3.0,0.0,0.0,0.0,0.0,0.0,2.0,0.0,1.0
Одежда,DX1427-100,Платье женское Nike Court Dri-Fit Advantage - White/Black,Nike,9743 ₽,https://saletennis.com/catalog/product/plat-ie-zhienskoie-nike-court-dri-fit-advantage-white-black-16781,M: Парина - 1 шт,1.0,data\product_images\069a7f0fc20c.png,0.0,0.0,0.0,0.0,1.0,0.0,0.0,0.0,0.0,0.0
Одежда,IB1043-341,Шорты мужские Nike Court Slam 6in - Gorge Green,Nike,11490 ₽,https://saletennis.com/catalog/product/shorty-muzhskiie-nike-court-slam-6in-gorge-green-19248,M: Ижевск - 1 шт | Санкт-Петербург (Спортивная) - 1 шт | L: Тюмень (Народная) - 1 шт | Соболева - 1 шт | Парина - 1 шт | Санкт-Петербург (Спортивная) - 1 шт | XL: Санкт-Петербург (Спортивная) - 1 шт,7.0,data\product_images\87751927b421.jpg,0.0,3.0,0.0,1.0,1.0,0.0,0.0,1.0,0.0,1.0
Одежда,KP76-BK,Штаны детские 7/6 Taylor Kids Pants - Black,7/6,4990 ₽,https://saletennis.com/catalog/product/shtany-dietskiie-7-6-taylor-kids-pants-black-17279,XS: Санкт-Петербург (Спортивная) - 2 шт | Тюмень (Народная) - 1 шт | Парина - 1 шт | Санкт-Петербург (Ярослава Гашека) - 1 шт | S: Ижевск - 1 шт | Парина - 1 шт | Санкт-Петербург (Ярослава Гашека) - 1 шт | Санкт-Петербург (Спортивная) - 2 шт | M: Санкт-Петербург (Ярослава Гашека) - 1 шт | Санкт-Петербург (Спортивная) - 1 шт | Парина - 1 шт | L: Ижевск - 1 шт | Санкт-Петербург (Спортивная) - 2 шт | Санкт-Петербург (Ярослава Гашека) - 1 шт,17.0,data\product_images\c1b9acf64aa4.png,4.0,7.0,0.0,0.0,3.0,0.0,0.0,1.0,0.0,2.0
Одежда,WSL76-4718,Шорты женские 7/6 Lexie Shorts - Hydro,7/6,4990 ₽,https://saletennis.com/catalog/product/shorty-zhienskiie-7-6-lexie-shorts-hydro-19396,XXS: Санкт-Петербург (Спортивная) - 1 шт | Тюмень (Народная) - 3 шт | Санкт-Петербург (Ярослава Гашека) - 1 шт | XS: Санкт-Петербург (Ярослава Гашека) - 1 шт | Парина - 1 шт | Елизаветенское шоссе - 1 шт | Тюмень (Народная) - 3 шт | Санкт-Петербург (Спортивная) - 1 шт | S: Тюмень (Народная) - 2 шт | Елизаветенское шоссе - 1 шт | Санкт-Петербург (Спортивная) - 1 шт | Санкт-Петербург (Ярослава Гашека) - 1 шт | Уфа - 1 шт | M: Соболева - 1 шт | Санкт-Петербург (Спортивная) - 1 шт | Ижевск - 1 шт | Парина - 1 шт | Тюмень (Народная) - 3 шт | Санкт-Петербург (Ярослава Гашека) - 1 шт | Бисертская - 1 шт | Уфа - 1 шт | Елизаветенское шоссе - 1 шт | L: Санкт-Петербург (Ярослава Гашека) - 1 шт | Ижевск - 1 шт | Санкт-Петербург (Спортивная) - 1 шт | XL: Санкт-Петербург (Спортивная) - 1 шт,33.0,data\product_images\2d7f742c03e4.png,5.0,6.0,0.0,1.0,2.0,1.0,3.0,11.0,2.0,2.0
Одежда,62GAC500-94,Футболка мужская Mizuno Daybreakers - Black/Vibrant Yellow,Mizuno,3143 ₽,https://saletennis.com/catalog/product/futbolka-muzhskaia-mizuno-daybreakers-black-vibrant-yellow-18406,S: Основной склад Екатеринбург - 1 шт | L: Основной склад Екатеринбург - 1 шт,2.0,data\product_images\9e266799987b.png,0.0,0.0,2.0,0.0,0.0,0.0,0.0,0.0,0.0,0.0
Одежда,II3233-307,Юбка женская Nike Court Slam Tennis Skirt - Mean Green,Nike,8618 ₽,https://saletennis.com/catalog/product/iubka-zhienskaia-nike-court-slam-tennis-skirt-mean-green-18856,XS: Уфа - 1 шт | S: Уфа - 1 шт | Тюмень (Народная) - 1 шт,3.0,data\product_images\c39d06a6f14a.png,0.0,0.0,0.0,0.0,0.0,0.0,0.0,1.0,2.0,0.0
Одежда,62GBB500-09,"Шорты мужские Mizuno Mugen 8"" Amplify Short - Black",Mizuno,3490 ₽,https://saletennis.com/catalog/product/shorty-muzhskiie-mizuno-mugen-8-amplify-short-black-17471,L: Основной склад Екатеринбург - 1 шт,1.0,data\product_images\1e3240f68908.jpg,0.0,0.0,1.0,0.0,0.0,0.0,0.0,0.0,0.0,0.0
Одежда,JP76-1215,Штаны мужские 7/6 Jackie Pants Men - Shaved Chocolate,7/6,5990 ₽,https://saletennis.com/catalog/product/shtany-muzhskiie-7-6-jackie-pants-men-shaved-chocolate-19388,S: Санкт-Петербург (Спортивная) - 1 шт | Елизаветенское шоссе - 1 шт | M: Елизаветенское шоссе - 1 шт | Санкт-Петербург (Спортивная) - 1 шт | Тюмень (Народная) - 1 шт | Парина - 1 шт | Соболева - 1 шт | Санкт-Петербург (Ярослава Гашека) - 1 шт | Основной склад Екатеринбург - 1 шт | Ижевск - 1 шт | L: Елизаветенское шоссе - 1 шт | Ижевск - 1 шт | Парина - 1 шт | Санкт-Петербург (Ярослава Гашека) - 1 шт | Соболева - 1 шт | Тюмень (Народная) - 1 шт | Санкт-Петербург (Спортивная) - 1 шт | XL: Санкт-Петербург (Спортивная) - 1 шт | Ижевск - 1 шт | Соболева - 1 шт | Елизаветенское шоссе - 1 шт | Санкт-Петербург (Ярослава Гашека) - 1 шт | XXL: Елизаветенское шоссе - 1 шт | Парина - 1 шт | Санкт-Петербург (Спортивная) - 1 шт,25.0,data\product_images\50bc5e67305f.png,3.0,5.0,1.0,3.0,3.0,0.0,5.0,2.0,0.0,3.0
Одежда,T76-0602,Топ женский 7/6 Ana Top - White,7/6,1990 ₽,https://saletennis.com/catalog/product/top-zhienskii-7-6-ana-top-white-17108,XXS: Санкт-Петербург (Спортивная) - 1 шт | XS: Санкт-Петербург (Спортивная) - 1 шт | Санкт-Петербург (Ярослава Гашека) - 1 шт | S: Соболева - 1 шт | Парина - 2 шт | Санкт-Петербург (Спортивная) - 1 шт | Санкт-Петербург (Ярослава Гашека) - 1 шт | M: Соболева - 1 шт | Парина - 1 шт | Санкт-Петербург (Спортивная) - 1 шт | L: Санкт-Петербург (Ярослава Гашека) - 1 шт | Соболева - 1 шт | Санкт-Петербург (Спортивная) - 1 шт | XL: Санкт-Петербург (Спортивная) - 1 шт,15.0,data\product_images\dfdc383bd119.png,3.0,6.0,0.0,3.0,3.0,0.0,0.0,0.0,0.0,0.0
Одежда,CV4784-474,Майка женская Nike Victory Logo Tank - Glacier Blue,Nike,4893 ₽,https://saletennis.com/catalog/product/maika-zhienskaia-nike-victory-logo-tank-glacier-blue-16138,L: Парина - 1 шт | XL: Парина - 1 шт | Соболева - 1 шт,3.0,data\product_images\5536320f83da.png,0.0,0.0,0.0,1.0,2.0,0.0,0.0,0.0,0.0,0.0
Одежда,IB1016-664,Футболка мужская Nike Court Advantage Slam - Pearl Pink/Silt Red/Black,Nike,11490 ₽,https://saletennis.com/catalog/product/futbolka-muzhskaia-nike-court-advantage-slam-pearl-pink-silt-red-black-19240,S: Уфа - 1 шт | M: Тюмень (Народная) - 1 шт | Соболева - 1 шт | Парина - 1 шт | L: Тюмень (Народная) - 1 шт | Ижевск - 1 шт | XL: Парина - 1 шт | Соболева - 1 шт,8.0,data\product_images\c8e68025bc96.jpg,0.0,0.0,0.0,2.0,2.0,0.0,0.0,2.0,1.0,1.0
Одежда,KT76-4405,Топ женский 7/6 Kris Top - Misty Blue,7/6,5990 ₽,https://saletennis.com/catalog/product/top-zhienskii-7-6-kris-top-misty-blue-19287,XXS: Санкт-Петербург (Ярослава Гашека) - 1 шт | Санкт-Петербург (Спортивная) - 1 шт | XS: Соболева - 1 шт | Парина - 1 шт | Елизаветенское шоссе - 1 шт | Санкт-Петербург (Спортивная) - 1 шт | Санкт-Петербург (Ярослава Гашека) - 1 шт | S: Основной склад Екатеринбург - 4 шт | Уфа - 1 шт | Соболева - 1 шт | Елизаветенское шоссе - 2 шт | Ижевск - 1 шт | Санкт-Петербург (Спортивная) - 1 шт | Санкт-Петербург (Ярослава Гашека) - 1 шт | Бисертская - 1 шт | Парина - 1 шт | M: Санкт-Петербург (Спортивная) - 1 шт | Уфа - 1 шт | Соболева - 1 шт | Елизаветенское шоссе - 1 шт | Основной склад Екатеринбург - 2 шт | Ижевск - 1 шт | Тюмень (Народная) - 1 шт | Бисертская - 1 шт | Парина - 1 шт | Санкт-Петербург (Ярослава Гашека) - 1 шт | L: Санкт-Петербург (Ярослава Гашека) - 1 шт | Уфа - 1 шт | Санкт-Петербург (Спортивная) - 1 шт | Парина - 1 шт | Елизаветенское шоссе - 1 шт | XL: Бисертская - 1 шт | Санкт-Петербург (Спортивная) - 1 шт,38.0,data\product_images\21a6306b1b22.png,5.0,6.0,6.0,3.0,4.0,3.0,5.0,1.0,3.0,2.0
Одежда,MPA76-1632,Поло мужское 7/6 Andy Polo - Shell Pink,7/6,5990 ₽,https://saletennis.com/catalog/product/polo-muzhskoie-7-6-andy-polo-shell-pink-19297,S: Парина - 1 шт | Соболева - 1 шт | Санкт-Петербург (Ярослава Гашека) - 1 шт | Санкт-Петербург (Спортивная) - 1 шт | M: Санкт-Петербург (Ярослава Гашека) - 1 шт | Уфа - 1 шт | Ижевск - 1 шт | Парина - 2 шт | Основной склад Екатеринбург - 1 шт | Санкт-Петербург (Спортивная) - 1 шт | Соболева - 2 шт | Елизаветенское шоссе - 1 шт | Тюмень (Народная) - 1 шт | Бисертская - 1 шт | L: Тюмень (Народная) - 1 шт | Уфа - 1 шт | Ижевск - 2 шт | Елизаветенское шоссе - 1 шт | Соболева - 2 шт | Санкт-Петербург (Спортивная) - 1 шт | Санкт-Петербург (Ярослава Гашека) - 1 шт | Парина - 2 шт | XL: Уфа - 1 шт | Соболева - 1 шт | Санкт-Петербург (Ярослава Гашека) - 1 шт | Санкт-Петербург (Спортивная) - 1 шт | Тюмень (Народная) - 1 шт | Бисертская - 1 шт | Ижевск - 1 шт | Основной склад Екатеринбург - 2 шт | Елизаветенское шоссе - 1 шт | XXL: Санкт-Петербург (Спортивная) - 1 шт | Ижевск - 1 шт | Елизаветенское шоссе - 1 шт,40.0,data\product_images\e2beb52cc3d5.png,4.0,5.0,3.0,6.0,5.0,2.0,4.0,3.0,3.0,5.0
Одежда,MPA76-4104,Поло мужское 7/6 Andy Polo - Antarctica,7/6,5990 ₽,https://saletennis.com/catalog/product/polo-muzhskoie-7-6-andy-polo-antarctica-18608,S: Бисертская - 1 шт | Ижевск - 1 шт | M: Соболева - 1 шт | Основной склад Екатеринбург - 1 шт | Тюмень (Народная) - 1 шт | Бисертская - 1 шт,6.0,data\product_images\676887149d9b.png,0.0,0.0,1.0,1.0,0.0,2.0,0.0,1.0,0.0,1.0
Одежда,HM6740-220,"Шорты мужские Nike Dri-Fit Slam Shorts 6"" - Velvet Brown",Nike,7868 ₽,https://saletennis.com/catalog/product/shorty-muzhskiie-nike-dri-fit-slam-shorts-6-velvet-brown-18321,XL: Парина - 1 шт,1.0,data\product_images\2d054a14f90c.png,0.0,0.0,0.0,0.0,1.0,0.0,0.0,0.0,0.0,0.0
Одежда,NS76-1304,Юбка женская 7/6 Nata Skirt - Pearl,7/6,5990 ₽,https://saletennis.com/catalog/product/iubka-zhienskaia-7-6-nata-skirt-pearl-19294,XXS: Санкт-Петербург (Ярослава Гашека) - 1 шт | Санкт-Петербург (Спортивная) - 1 шт | Тюмень (Народная) - 2 шт | XS: Санкт-Петербург (Спортивная) - 1 шт | Санкт-Петербург (Ярослава Гашека) - 1 шт | Парина - 1 шт | Ижевск - 1 шт | Уфа - 1 шт | Елизаветенское шоссе - 1 шт | Тюмень (Народная) - 2 шт | S: Бисертская - 1 шт | Парина - 1 шт | Санкт-Петербург (Спортивная) - 1 шт | Елизаветенское шоссе - 1 шт | Уфа - 1 шт | Санкт-Петербург (Ярослава Гашека) - 1 шт | Соболева - 1 шт | Тюмень (Народная) - 2 шт | Основной склад Екатеринбург - 3 шт | Ижевск - 2 шт | M: Тюмень (Народная) - 2 шт | Санкт-Петербург (Спортивная) - 1 шт | Парина - 1 шт | Соболева - 1 шт | Ижевск - 1 шт | Санкт-Петербург (Ярослава Гашека) - 1 шт | Бисертская - 1 шт | Уфа - 1 шт | Елизаветенское шоссе - 1 шт | L: Основной склад Екатеринбург - 1 шт | Елизаветенское шоссе - 1 шт | Санкт-Петербург (Спортивная) - 1 шт | Соболева - 1 шт | Парина - 1 шт | Санкт-Петербург (Ярослава Гашека) - 1 шт | XL: Санкт-Петербург (Спортивная) - 1 шт,43.0,data\product_images\799afd0624be.png,5.0,6.0,4.0,3.0,4.0,2.0,4.0,8.0,3.0,4.0
Одежда,62GAC501-05,Футболка мужская Mizuno Daybreakers Graphic - Odyssey Gray,Mizuno,3493 ₽,https://saletennis.com/catalog/product/futbolka-muzhskaia-mizuno-daybreakers-graphic-odyssey-gray-18407,M: Соболева - 1 шт | Санкт-Петербург (Спортивная) - 1 шт,2.0,data\product_images\c21613aebec7.png,0.0,1.0,0.0,1.0,0.0,0.0,0.0,0.0,0.0,0.0
Одежда,FN0318-133,Футболка мужская Nike Court Heritage Logo - Sail/Dark Obsidian,Nike,6490 ₽,https://saletennis.com/catalog/product/futbolka-muzhskaia-nike-court-heritage-logo-sail-dark-obsidian-19185,M: Ижевск - 1 шт | L: Ижевск - 1 шт,2.0,data\product_images\b3f7291660a8.jpg,0.0,0.0,0.0,0.0,0.0,0.0,0.0,0.0,0.0,2.0
Одежда,FZ6746-100,Платье женское Nike Court Slam - White,Nike,18490 ₽,https://saletennis.com/catalog/product/plat-ie-zhienskoie-nike-court-slam-white-18114,M: Парина - 1 шт,1.0,data\product_images\e3e4d281cc91.png,0.0,0.0,0.0,0.0,1.0,0.0,0.0,0.0,0.0,0.0
Одежда,62GAC00409,Поло мужское Mizuno Frontier Shadow Polo - Black,Mizuno,4193 ₽,https://saletennis.com/catalog/product/polo-muzhskoie-mizuno-frontier-shadow-polo-black-18180,M: Основной склад Екатеринбург - 1 шт,1.0,data\product_images\41659bd99d6b.png,0.0,0.0,1.0,0.0,0.0,0.0,0.0,0.0,0.0,0.0
Одежда,WT76-100,Футболка женская 7/6 Alice T-shirt - White,7/6,3192 ₽,https://saletennis.com/catalog/product/futbolka-zhienskaia-7-6-alice-t-shirt-white-17112,XXS: Санкт-Петербург (Спортивная) - 1 шт | Бисертская - 1 шт | Соболева - 1 шт | XS: Парина - 1 шт | Санкт-Петербург (Спортивная) - 1 шт | Бисертская - 1 шт | Елизаветенское шоссе - 1 шт | Соболева - 1 шт | S: Парина - 1 шт | Елизаветенское шоссе - 1 шт | Соболева - 1 шт | M: Санкт-Петербург (Спортивная) - 1 шт | Парина - 1 шт | L: Санкт-Петербург (Спортивная) - 1 шт | XL: Соболева - 1 шт | Санкт-Петербург (Спортивная) - 1 шт,16.0,data\product_images\2473d872ce12.png,0.0,5.0,0.0,4.0,3.0,2.0,2.0,0.0,0.0,0.0
Одежда,IB1028-060,Поло мужское Nike Court Slam Tennis Polo - Anthracite/Cool Grey/White,Nike,13490 ₽,https://saletennis.com/catalog/product/polo-muzhskoie-nike-court-slam-tennis-polo-anthracite-cool-grey-white-19235,M: Санкт-Петербург (Спортивная) - 1 шт | Уфа - 1 шт | L: Ижевск - 1 шт | Санкт-Петербург (Спортивная) - 1 шт | XL: Санкт-Петербург (Спортивная) - 1 шт,5.0,data\product_images\e2196cb1c284.jpg,0.0,3.0,0.0,0.0,0.0,0.0,0.0,0.0,1.0,1.0
Одежда,62GBC21521,"Шорты женские Mizuno Flex Graphic 3"" Short - Bel Air Blue",Mizuno,2793 ₽,https://saletennis.com/catalog/product/shorty-zhienskiie-mizuno-flex-graphic-3-short-bel-air-blue-18212,XS: Основной склад Екатеринбург - 1 шт | S: Основной склад Екатеринбург - 1 шт,2.0,data\product_images\76041beaad43.png,0.0,0.0,2.0,0.0,0.0,0.0,0.0,0.0,0.0,0.0
Одежда,AS276-4201,Шорты под платье 7/6 Ana Shorts 2.0 - Grey,7/6,2392 ₽,https://saletennis.com/catalog/product/shorty-pod-plat-ie-7-6-ana-shorts-2-0-grey-17946,XXS: Санкт-Петербург (Спортивная) - 1 шт | Основной склад Екатеринбург - 4 шт | XS: Основной склад Екатеринбург - 2 шт | Тюмень (Народная) - 1 шт | S: Основной склад Екатеринбург - 2 шт | Парина - 1 шт | M: Тюмень (Народная) - 1 шт | Основной склад Екатеринбург - 3 шт | L: Санкт-Петербург (Спортивная) - 2 шт | XL: Санкт-Петербург (Спортивная) - 1 шт,18.0,data\product_images\f610d0a0211a.png,0.0,4.0,11.0,0.0,1.0,0.0,0.0,2.0,0.0,0.0
Одежда,SH7760-1215,Шорты мужские 7/6 Miran Shorts 7 - Shaved Chocolate,7/6,4490 ₽,https://saletennis.com/catalog/product/shorty-muzhskiie-7-6-miran-shorts-7-shaved-chocolate-19304,S: Санкт-Петербург (Спортивная) - 1 шт | Тюмень (Народная) - 1 шт | Парина - 1 шт | Елизаветенское шоссе - 1 шт | Ижевск - 1 шт | M: Тюмень (Народная) - 1 шт | Елизаветенское шоссе - 2 шт | Бисертская - 1 шт | Ижевск - 2 шт | Уфа - 1 шт | Соболева - 2 шт | Парина - 1 шт | Санкт-Петербург (Ярослава Гашека) - 1 шт | L: Елизаветенское шоссе - 2 шт | Соболева - 2 шт | Санкт-Петербург (Спортивная) - 1 шт | Тюмень (Народная) - 2 шт | Санкт-Петербург (Ярослава Гашека) - 1 шт | Основной склад Екатеринбург - 3 шт | Бисертская - 1 шт | Парина - 2 шт | Уфа - 2 шт | Ижевск - 2 шт | XL: Парина - 2 шт | Елизаветенское шоссе - 2 шт | Санкт-Петербург (Спортивная) - 2 шт | Уфа - 1 шт | Тюмень (Народная) - 2 шт | Бисертская - 1 шт | Санкт-Петербург (Ярослава Гашека) - 1 шт | Соболева - 2 шт | Ижевск - 2 шт | XXL: Соболева - 1 шт | Елизаветенское шоссе - 1 шт | Уфа - 1 шт | Парина - 1 шт | Санкт-Петербург (Ярослава Гашека) - 1 шт | Санкт-Петербург (Спортивная) - 1 шт,55.0,data\product_images\0681d2e23cc9.png,4.0,5.0,3.0,7.0,7.0,3.0,8.0,6.0,5.0,7.0
Одежда,MPA76-0106,Поло мужское 7/6 Andy Polo - Light Green/Green,7/6,2495 ₽,https://saletennis.com/catalog/product/polo-muzhskoie-7-6-andy-polo-light-green-green-17868,S: Основной склад Екатеринбург - 2 шт | Санкт-Петербург (Спортивная) - 1 шт,3.0,data\product_images\53fc7a4aa18b.png,0.0,1.0,2.0,0.0,0.0,0.0,0.0,0.0,0.0,0.0
Одежда,62GAB701-41,Майка женская Mizuno Mugen Printed Tank - Neo Lime,Mizuno,3490 ₽,https://saletennis.com/catalog/product/maika-zhienskaia-mizuno-mugen-printed-tank-neo-lime-17461,XS: Основной склад Екатеринбург - 1 шт | S: Основной склад Екатеринбург - 2 шт,3.0,data\product_images\84064e88b4a1.png,0.0,0.0,3.0,0.0,0.0,0.0,0.0,0.0,0.0,0.0
Одежда,MTS76-4405,Футболка для мальчиков 7/6 Max T-shirt 2.0 - Misty Blue,7/6,2990 ₽,https://saletennis.com/catalog/product/futbolka-dlia-mal-chikov-7-6-max-t-shirt-2-0-misty-blue-19405,XS: Санкт-Петербург (Спортивная) - 1 шт | Санкт-Петербург (Ярослава Гашека) - 1 шт | Парина - 1 шт | Уфа - 1 шт | Соболева - 1 шт | Ижевск - 1 шт | S: Уфа - 1 шт | Санкт-Петербург (Спортивная) - 2 шт | Соболева - 1 шт | Парина - 1 шт | Основной склад Екатеринбург - 1 шт | Санкт-Петербург (Ярослава Гашека) - 1 шт | Тюмень (Народная) - 1 шт | M: Санкт-Петербург (Спортивная) - 1 шт | Тюмень (Народная) - 1 шт | Уфа - 1 шт | Ижевск - 1 шт | Основной склад Екатеринбург - 1 шт | Санкт-Петербург (Ярослава Гашека) - 1 шт | Парина - 1 шт | L: Соболева - 1 шт | Санкт-Петербург (Спортивная) - 2 шт | Парина - 1 шт | Уфа - 1 шт | Ижевск - 1 шт | Тюмень (Народная) - 1 шт | Санкт-Петербург (Ярослава Гашека) - 1 шт | XL: Соболева - 1 шт | Тюмень (Народная) - 1 шт | Уфа - 1 шт | Санкт-Петербург (Спортивная) - 1 шт | Санкт-Петербург (Ярослава Гашека) - 1 шт | Основной склад Екатеринбург - 1 шт | Ижевск - 1 шт,36.0,data\product_images\44b0f60a6beb.png,5.0,7.0,3.0,4.0,4.0,0.0,0.0,4.0,5.0,4.0
Одежда,MD276-4109,Платье женское 7/6 Mari Dress 2.0 - Arona,7/6,6990 ₽,https://saletennis.com/catalog/product/plat-ie-zhienskoie-7-6-mari-dress-2-0-arona-18582,XXS: Санкт-Петербург (Спортивная) - 1 шт | XS: Тюмень (Народная) - 1 шт | Ижевск - 1 шт | Основной склад Екатеринбург - 1 шт | S: Бисертская - 1 шт | Соболева - 1 шт | Парина - 1 шт | Тюмень (Народная) - 1 шт | Основной склад Екатеринбург - 1 шт | M: Ижевск - 1 шт | Уфа - 1 шт | Основной склад Екатеринбург - 1 шт | XL: Уфа - 1 шт,13.0,data\product_images\2759354b9edb.png,0.0,1.0,3.0,1.0,1.0,1.0,0.0,2.0,2.0,2.0
Одежда,WS76-0106,Шорты женские под платье 7/6 Ana - Sweet Corn,7/6,490 ₽,https://saletennis.com/catalog/product/shorty-zhienskiie-pod-plat-ie-7-6-ana-sweet-corn-15509,XXS: Санкт-Петербург (Спортивная) - 2 шт | Основной склад Екатеринбург - 14 шт | XS: Основной склад Екатеринбург - 13 шт | Санкт-Петербург (Спортивная) - 2 шт,31.0,data\product_images\f9ba878ea91b.png,0.0,4.0,27.0,0.0,0.0,0.0,0.0,0.0,0.0,0.0
Одежда,62GBB20119,Юбка женская Mizuno Charge Printed Flying Skirt - Blue Glow,Mizuno,3490 ₽,https://saletennis.com/catalog/product/iubka-zhienskaia-mizuno-charge-printed-flying-skirt-blue-glow-16336,XS: Основной склад Екатеринбург - 1 шт | S: Основной склад Екатеринбург - 1 шт | M: Основной склад Екатеринбург - 1 шт,3.0,data\product_images\9747fac251fd.png,0.0,0.0,3.0,0.0,0.0,0.0,0.0,0.0,0.0,0.0
Одежда,T76-1110,Топ женский 7/6 Anna - Boulder,7/6,290 ₽,https://saletennis.com/catalog/product/top-zhienskii-7-6-anna-boulder-14306,XXS: Бисертская - 1 шт | Санкт-Петербург (Спортивная) - 1 шт | Основной склад Екатеринбург - 3 шт | Уфа - 1 шт,6.0,data\product_images\e02ea629cce7.png,0.0,1.0,3.0,0.0,0.0,1.0,0.0,0.0,1.0,0.0
Одежда,62GAC20230,Майка женская Mizuno Frontier Tank - Bay,Mizuno,2933 ₽,https://saletennis.com/catalog/product/maika-zhienskaia-mizuno-frontier-tank-bay-18193,XS: Основной склад Екатеринбург - 1 шт | S: Основной склад Екатеринбург - 1 шт | M: Основной склад Екатеринбург - 2 шт | L: Основной склад Екатеринбург - 1 шт,5.0,data\product_images\53813799ea90.png,0.0,0.0,5.0,0.0,0.0,0.0,0.0,0.0,0.0,0.0
Одежда,G1300008-LIPK,Платье детское Bidi Badu Spike - Lilac/Pink,Bidi Badu,2796 ₽,https://saletennis.com/catalog/product/plat-ie-dietskoie-bidi-badu-spike-lilac-pink-16415,164: Санкт-Петербург (Спортивная) - 1 шт | Основной склад Екатеринбург - 2 шт,3.0,data\product_images\1f18566506bb.png,0.0,1.0,2.0,0.0,0.0,0.0,0.0,0.0,0.0,0.0
Одежда,FD5384-451,"Шорты мужские Nike Court Victory 9"" Short - Obsidian",Nike,4990 ₽,https://saletennis.com/catalog/product/shorty-muzhskiie-nike-court-victory-9-short-obsidian-15588,M: Соболева - 1 шт | Санкт-Петербург (Спортивная) - 1 шт | L: Ижевск - 1 шт | Уфа - 2 шт | Санкт-Петербург (Спортивная) - 1 шт | Парина - 1 шт | Соболева - 1 шт | XL: Парина - 1 шт | Бисертская - 1 шт | Санкт-Петербург (Спортивная) - 1 шт,11.0,data\product_images\93b6b203b784.png,0.0,3.0,0.0,2.0,2.0,1.0,0.0,0.0,2.0,1.0
Одежда,MJJ76-4104,Кофта мужская 7/6 Jackie Jacket Men - Antarctica,7/6,10990 ₽,https://saletennis.com/catalog/product/kofta-muzhskaia-7-6-jackie-jacket-men-antarctica-18604,S: Санкт-Петербург (Спортивная) - 1 шт | M: Тюмень (Народная) - 2 шт | Санкт-Петербург (Спортивная) - 1 шт | Елизаветенское шоссе - 1 шт | L: Парина - 1 шт | Тюмень (Народная) - 1 шт | Елизаветенское шоссе - 1 шт | Санкт-Петербург (Спортивная) - 1 шт | XL: Елизаветенское шоссе - 1 шт | Тюмень (Народная) - 1 шт | XXL: Санкт-Петербург (Спортивная) - 1 шт | Елизаветенское шоссе - 1 шт,13.0,data\product_images\e533fe702791.png,0.0,4.0,0.0,0.0,1.0,0.0,4.0,4.0,0.0,0.0
Одежда,DT76-0602,Топ 7/6 Daria Top - White,7/6,2490 ₽,https://saletennis.com/catalog/product/top-7-6-daria-top-white-16712,XXS: Санкт-Петербург (Спортивная) - 2 шт | Тюмень (Народная) - 1 шт | Уфа - 1 шт | XS: Тюмень (Народная) - 1 шт | Уфа - 1 шт | Ижевск - 1 шт | Основной склад Екатеринбург - 3 шт,10.0,data\product_images\abf29c77a68f.png,0.0,2.0,3.0,0.0,0.0,0.0,0.0,2.0,2.0,1.0
Одежда,AD76-100,Платье женское 7/6 Arina Dress - White,7/6,990 ₽,https://saletennis.com/catalog/product/plat-ie-zhienskoie-7-6-arina-dress-white-17102,XS: Ижевск - 1 шт | S: Ижевск - 1 шт | M: Ижевск - 1 шт | Соболева - 1 шт | L: Ижевск - 1 шт | Основной склад Екатеринбург - 2 шт | Санкт-Петербург (Спортивная) - 1 шт,8.0,data\product_images\f728efffda20.png,0.0,1.0,2.0,1.0,0.0,0.0,0.0,0.0,0.0,4.0
Одежда,KS76-1632,Юбка женская 7/6 Kris Skirt - Shell Pink,7/6,5990 ₽,https://saletennis.com/catalog/product/iubka-zhienskaia-7-6-kris-skirt-shell-pink-19292,XXS: Санкт-Петербург (Спортивная) - 1 шт | Санкт-Петербург (Ярослава Гашека) - 1 шт | Тюмень (Народная) - 2 шт | XS: Ижевск - 1 шт | Парина - 1 шт | Санкт-Петербург (Ярослава Гашека) - 1 шт | Тюмень (Народная) - 2 шт | Елизаветенское шоссе - 1 шт | Санкт-Петербург (Спортивная) - 1 шт | S: Ижевск - 1 шт | Уфа - 1 шт | Бисертская - 1 шт | Тюмень (Народная) - 2 шт | Парина - 1 шт | Основной склад Екатеринбург - 3 шт | Санкт-Петербург (Ярослава Гашека) - 1 шт | Санкт-Петербург (Спортивная) - 1 шт | Елизаветенское шоссе - 1 шт | M: Уфа - 1 шт | Основной склад Екатеринбург - 3 шт | Ижевск - 1 шт | Бисертская - 1 шт | Парина - 1 шт | Санкт-Петербург (Спортивная) - 2 шт | Тюмень (Народная) - 2 шт | Соболева - 1 шт | Елизаветенское шоссе - 1 шт | L: Санкт-Петербург (Ярослава Гашека) - 1 шт | Соболева - 1 шт | Санкт-Петербург (Спортивная) - 1 шт | XL: Санкт-Петербург (Спортивная) - 1 шт,40.0,data\product_images\9a44961368fd.png,4.0,7.0,6.0,2.0,3.0,2.0,3.0,8.0,2.0,3.0
Одежда,62GAB501-41,Футболка мужская Mizuno Mugen Shadow Graphic - Neon Lime,Mizuno,3990 ₽,https://saletennis.com/catalog/product/futbolka-muzhskaia-mizuno-mugen-shadow-graphic-neon-lime-17446,S: Основной склад Екатеринбург - 1 шт | M: Основной склад Екатеринбург - 1 шт,2.0,data\product_images\f404d3ab050a.png,0.0,0.0,2.0,0.0,0.0,0.0,0.0,0.0,0.0,0.0
Одежда,MTL76-2520,Футболка мужская 7/6 Loddy T-Shirt 2.0 - Potent Purple,7/6,2793 ₽,https://saletennis.com/catalog/product/futbolka-muzhskaia-7-6-loddy-t-shirt-2-0-potent-purple-18620,S: Санкт-Петербург (Спортивная) - 1 шт,1.0,data\product_images\8bc7b054ac1e.png,0.0,1.0,0.0,0.0,0.0,0.0,0.0,0.0,0.0,0.0
Одежда,MP76-BK,Спортивные штаны мужские 7/6 Man Pants - Black,7/6,3990 ₽,https://saletennis.com/catalog/product/sportivnyie-shtany-muzhskiie-7-6-man-pants-black-15246,M: Уфа - 1 шт | Ижевск - 1 шт | L: Санкт-Петербург (Спортивная) - 2 шт | Тюмень (Народная) - 2 шт | Соболева - 1 шт | Уфа - 1 шт | Ижевск - 1 шт | Парина - 1 шт | XL: Парина - 1 шт | Тюмень (Народная) - 1 шт | Уфа - 1 шт | Основной склад Екатеринбург - 2 шт | Ижевск - 2 шт | Санкт-Петербург (Спортивная) - 3 шт | XXL: Ижевск - 1 шт | Соболева - 1 шт | Основной склад Екатеринбург - 1 шт | Санкт-Петербург (Спортивная) - 2 шт | Парина - 1 шт,26.0,data\product_images\5f91b2dbb15f.png,0.0,7.0,3.0,2.0,3.0,0.0,0.0,3.0,3.0,5.0
Одежда,WJJ76-4405,Кофта женская 7/6 Jackie Jacket Women - Dark Grey,7/6,6993 ₽,https://saletennis.com/catalog/product/kofta-zhienskaia-7-6-jackie-jacket-women-dark-grey-17889,XXS: Санкт-Петербург (Спортивная) - 1 шт | Основной склад Екатеринбург - 3 шт | XS: Ижевск - 1 шт | Основной склад Екатеринбург - 2 шт | Санкт-Петербург (Спортивная) - 1 шт | S: Основной склад Екатеринбург - 1 шт | Бисертская - 1 шт | Санкт-Петербург (Спортивная) - 1 шт | M: Основной склад Екатеринбург - 1 шт | Тюмень (Народная) - 1 шт | L: Основной склад Екатеринбург - 2 шт | Санкт-Петербург (Спортивная) - 1 шт | XL: Санкт-Петербург (Спортивная) - 1 шт,17.0,data\product_images\d30424154035.png,0.0,5.0,9.0,0.0,0.0,1.0,0.0,1.0,0.0,1.0
Одежда,ML76-4405,Лонгслив женский 7/6 Maya Longsleeve - Grey Blossom,7/6,3592 ₽,https://saletennis.com/catalog/product/longhsliv-zhienskii-7-6-maya-longsleeve-grey-blossom-17898,XXS: Санкт-Петербург (Спортивная) - 1 шт | Основной склад Екатеринбург - 3 шт | XS: Основной склад Екатеринбург - 4 шт | Санкт-Петербург (Спортивная) - 1 шт | Ижевск - 1 шт | S: Основной склад Екатеринбург - 6 шт | Ижевск - 1 шт | M: Санкт-Петербург (Спортивная) - 2 шт | Основной склад Екатеринбург - 1 шт | L: Основной склад Екатеринбург - 3 шт | Санкт-Петербург (Спортивная) - 1 шт,24.0,data\product_images\5d170885aa6c.png,0.0,5.0,17.0,0.0,0.0,0.0,0.0,0.0,0.0,2.0
Одежда,TWJ76-BK,Ветровка женская 7/6 Taylor Woman Jacket - Black,7/6,4792 ₽,https://saletennis.com/catalog/product/vietrovka-zhienskaia-7-6-taylor-woman-jacket-black-17272,XS: Уфа - 1 шт | Соболева - 1 шт | Парина - 1 шт | S: Уфа - 1 шт | Основной склад Екатеринбург - 1 шт | Соболева - 1 шт | Ижевск - 1 шт | Парина - 1 шт | M: Ижевск - 1 шт | Основной склад Екатеринбург - 1 шт | Санкт-Петербург (Спортивная) - 1 шт | Соболева - 1 шт | Тюмень (Народная) - 1 шт | Парина - 1 шт | L: Соболева - 1 шт | Тюмень (Народная) - 1 шт | Санкт-Петербург (Спортивная) - 2 шт | Ижевск - 1 шт | Бисертская - 1 шт | XL: Санкт-Петербург (Спортивная) - 1 шт | Соболева - 1 шт | Парина - 1 шт,23.0,data\product_images\2f9079f9efe2.png,0.0,4.0,2.0,5.0,4.0,1.0,0.0,2.0,2.0,3.0
Одежда,FZ6910-365,Футболка мужская Nike Court Advantage Top - Malachite/White,Nike,5992 ₽,https://saletennis.com/catalog/product/futbolka-muzhskaia-nike-court-advantage-top-malachite-white-19020,M: Уфа - 1 шт | Ижевск - 1 шт,2.0,data\product_images\6ddcc144174a.jpg,0.0,0.0,0.0,0.0,0.0,0.0,0.0,0.0,1.0,1.0
Одежда,62GBB730-09,Юбка женская Mizuno Flex Skirt - Black,Mizuno,3493 ₽,https://saletennis.com/catalog/product/iubka-zhienskaia-mizuno-flex-skirt-black-17462,S: Основной склад Екатеринбург - 1 шт,1.0,data\product_images\200a09b133eb.jpg,0.0,0.0,1.0,0.0,0.0,0.0,0.0,0.0,0.0,0.0
Одежда,G1300007-DBLMX,Платье детское Bidi Badu Twiggy - Blue/Mixed,Bidi Badu,2996 ₽,https://saletennis.com/catalog/product/plat-ie-dietskoie-bidi-badu-twiggy-blue-mixed-16424,152: Парина - 1 шт | Санкт-Петербург (Спортивная) - 1 шт | Основной склад Екатеринбург - 2 шт | 164: Парина - 1 шт | Санкт-Петербург (Спортивная) - 1 шт | Основной склад Екатеринбург - 2 шт,8.0,data\product_images\60048534819e.png,0.0,2.0,4.0,0.0,2.0,0.0,0.0,0.0,0.0,0.0
Одежда,ET76-1265,Футболка для девочек 7/6 Eva T-shirt 2.0 - Pink Blossom,7/6,2093 ₽,https://saletennis.com/catalog/product/futbolka-dlia-dievochiek-7-6-eva-t-shirt-2-0-pink-blossom-17912,S: Уфа - 1 шт | Санкт-Петербург (Спортивная) - 1 шт | M: Уфа - 1 шт | Основной склад Екатеринбург - 1 шт | Соболева - 1 шт | Санкт-Петербург (Спортивная) - 1 шт | L: Соболева - 1 шт | Уфа - 1 шт | XL: Соболева - 1 шт | Уфа - 1 шт | Санкт-Петербург (Спортивная) - 1 шт,11.0,data\product_images\df0661586835.png,0.0,3.0,1.0,3.0,0.0,0.0,0.0,0.0,4.0,0.0
Одежда,MD76-100,Платье женское 7/6 Mari Dress - White,7/6,2490 ₽,https://saletennis.com/catalog/product/plat-ie-zhienskoie-7-6-mari-dress-white-17104,XXS: Соболева - 1 шт | Основной склад Екатеринбург - 1 шт | XS: Санкт-Петербург (Спортивная) - 2 шт | Соболева - 1 шт | Ижевск - 1 шт | Основной склад Екатеринбург - 1 шт | M: Основной склад Екатеринбург - 1 шт | Бисертская - 1 шт | L: Основной склад Екатеринбург - 3 шт | Уфа - 1 шт | XL: Основной склад Екатеринбург - 1 шт,14.0,data\product_images\73e35fa8d26b.png,0.0,2.0,7.0,2.0,0.0,1.0,0.0,0.0,1.0,1.0
Одежда,62GAB703-01,Топ женский Mizuno Tennis Bra - White,Mizuno,2995 ₽,https://saletennis.com/catalog/product/top-zhienskii-mizuno-tennis-bra-white-17458,XS: Санкт-Петербург (Спортивная) - 1 шт,1.0,data\product_images\b5de12d59b5a.jpg,0.0,1.0,0.0,0.0,0.0,0.0,0.0,0.0,0.0,0.0
Одежда,FZ6726-422,Юбка женская Nike Advantage Ace - Glacier Blue,Nike,9490 ₽,https://saletennis.com/catalog/product/iubka-zhienskaia-nike-advantage-ace-glacier-blue-17850,XS: Санкт-Петербург (Спортивная) - 1 шт,1.0,data\product_images\7b3b08d9586a.png,0.0,1.0,0.0,0.0,0.0,0.0,0.0,0.0,0.0,0.0
Одежда,W1620031,Футболка женская Bidi Badu Melbourne - Orange/Turquoise,Bidi Badu,1990 ₽,https://saletennis.com/catalog/product/futbolka-zhienskaia-bidi-badu-melbourne-orange-turquoise-17231,XS: Основной склад Екатеринбург - 1 шт,1.0,data\product_images\68c02d1bd30d.png,0.0,0.0,1.0,0.0,0.0,0.0,0.0,0.0,0.0,0.0
Одежда,AC-76WH,Кепка 7/6 Adults Cap - White,7/6,2990 ₽,https://saletennis.com/catalog/product/kiepka-7-6-adults-cap-white-13213,Елизаветенское шоссе: 5 сет | Тюмень: 2 сет | Парина: 5 сет | Уфа: 5 сет | Ижевск: 9 сет | Соболева: 6 сет | Санкт-Петербург (Ярослава Гашека): 2 сет | Санкт-Петербург (Спортивная): 3 сет | Бисертская: 5 сет,42.0,data\product_images\19eeecf0770e.png,2.0,3.0,0.0,6.0,5.0,5.0,5.0,2.0,5.0,9.0
Одежда,62GEB00226,Спортивная кофта мужская Mizuno Charged Printed Jacket - Moroccan,Mizuno,6990 ₽,https://saletennis.com/catalog/product/sportivnaia-kofta-muzhskaia-mizuno-charged-printed-jacket-moroccan-16339,L: Основной склад Екатеринбург - 1 шт,1.0,data\product_images\9a36cc1efeca.png,0.0,0.0,1.0,0.0,0.0,0.0,0.0,0.0,0.0,0.0
Одежда,ND76-1265,Платье женское 7/6 Nika Dress - Bright Pink,7/6,2490 ₽,https://saletennis.com/catalog/product/plat-ie-zhienskoie-7-6-nika-dress-bright-pink-17897,XXS: Санкт-Петербург (Спортивная) - 1 шт | Основной склад Екатеринбург - 4 шт | XS: Основной склад Екатеринбург - 6 шт | Санкт-Петербург (Спортивная) - 1 шт | S: Основной склад Екатеринбург - 8 шт | M: Основной склад Екатеринбург - 6 шт | Санкт-Петербург (Спортивная) - 1 шт,27.0,data\product_images\e6cc65966fbc.png,0.0,3.0,24.0,0.0,0.0,0.0,0.0,0.0,0.0,0.0
Одежда,T76-0231,Топ женский 7/6 Anna - Forest Elf,7/6,290 ₽,https://saletennis.com/catalog/product/top-zhienskii-7-6-anna-forest-elf-14307,XXS: Основной склад Екатеринбург - 10 шт | Уфа - 1 шт,11.0,data\product_images\d1950383946b.png,0.0,0.0,10.0,0.0,0.0,0.0,0.0,0.0,1.0,0.0
Одежда,GT76-100,Футболка для девочек 7/6 Eva T-shirt - White,7/6,2490 ₽,https://saletennis.com/catalog/product/futbolka-dlia-dievochiek-7-6-eva-t-shirt-white-17513,XS: Санкт-Петербург (Ярослава Гашека) - 1 шт | Санкт-Петербург (Спортивная) - 1 шт | S: Тюмень (Народная) - 1 шт | Санкт-Петербург (Спортивная) - 2 шт | M: Санкт-Петербург (Ярослава Гашека) - 1 шт | L: Парина - 1 шт | Тюмень (Народная) - 1 шт | Уфа - 1 шт | Санкт-Петербург (Спортивная) - 1 шт | Санкт-Петербург (Ярослава Гашека) - 1 шт | XL: Санкт-Петербург (Спортивная) - 2 шт | Ижевск - 1 шт | Уфа - 1 шт | Соболева - 1 шт | Основной склад Екатеринбург - 1 шт | Парина - 1 шт | Тюмень - 1 шт,19.0,data\product_images\72f522e3a6f1.png,3.0,6.0,1.0,1.0,2.0,0.0,0.0,3.0,2.0,1.0
Одежда,IB0757-410,Толстовка женская Nike Court - Midnight Navy,Nike,10990 ₽,https://saletennis.com/catalog/product/tolstovka-zhienskaia-nike-court-midnight-navy-18826,S: Санкт-Петербург (Спортивная) - 1 шт,1.0,data\product_images\84b4f9db01a7.png,0.0,1.0,0.0,0.0,0.0,0.0,0.0,0.0,0.0,0.0
Одежда,NT76-2520,Майка женская Nata Sleeveless T-shirt - Potent Purple,Не определен,4990 ₽,https://saletennis.com/catalog/product/maika-zhienskaia-nata-sleeveless-t-shirt-potent-purple-18588,XS: Соболева - 1 шт | Уфа - 1 шт | Елизаветенское шоссе - 1 шт | S: Елизаветенское шоссе - 1 шт | Уфа - 1 шт | Ижевск - 1 шт | M: Парина - 2 шт | Елизаветенское шоссе - 1 шт | Уфа - 1 шт | Бисертская - 1 шт | Санкт-Петербург (Спортивная) - 1 шт | Соболева - 1 шт | XL: Санкт-Петербург (Спортивная) - 1 шт,14.0,data\product_images\e099c6699a0d.png,0.0,2.0,0.0,2.0,2.0,1.0,3.0,0.0,3.0,1.0
Одежда,PL76-1119,Поло мужское 7/6 Anlk Polo - Taos Taupe,7/6,990 ₽,https://saletennis.com/catalog/product/polo-muzhskoie-7-6-anlk-polo-taos-taupe-14315,S: Основной склад Екатеринбург - 10 шт,10.0,data\product_images\ce34d1877e70.png,0.0,0.0,10.0,0.0,0.0,0.0,0.0,0.0,0.0,0.0
Одежда,SH7760-1941,Шорты мужские 7/6 Miran Shorts 7 - Ebony,7/6,4490 ₽,https://saletennis.com/catalog/product/shorty-muzhskiie-7-6-miran-shorts-7-ebony-18623,XXL: Санкт-Петербург (Спортивная) - 1 шт,1.0,data\product_images\4a080e56ff37.png,0.0,1.0,0.0,0.0,0.0,0.0,0.0,0.0,0.0,0.0
Одежда,W1580029,Майка женская Bidi Badu Spectrum - Light Brown/Coral/Yellow,Bidi Badu,1990 ₽,https://saletennis.com/catalog/product/maika-zhienskaia-bidi-badu-spectrum-light-brown-coral-yellow-17539,XS: Основной склад Екатеринбург - 2 шт | S: Основной склад Екатеринбург - 3 шт | Санкт-Петербург (Спортивная) - 1 шт | M: Основной склад Екатеринбург - 2 шт,8.0,data\product_images\5261a67fb4a8.png,0.0,1.0,7.0,0.0,0.0,0.0,0.0,0.0,0.0,0.0
Одежда,G1580028-LIPK,Майка детская Bidi Badu Spike - Lilac/Pink,Bidi Badu,1596 ₽,https://saletennis.com/catalog/product/maika-dietskaia-bidi-badu-spike-lilac-pink-16417,152: Парина - 1 шт | Основной склад Екатеринбург - 1 шт | 164: Основной склад Екатеринбург - 2 шт | Санкт-Петербург (Спортивная) - 1 шт | Парина - 1 шт,6.0,data\product_images\5c27362ba880.png,0.0,1.0,3.0,0.0,2.0,0.0,0.0,0.0,0.0,0.0
Одежда,62GBB730-67,Юбка женская Mizuno Flex Skirt - Crocus Petal,Mizuno,2994 ₽,https://saletennis.com/catalog/product/iubka-zhienskaia-mizuno-flex-skirt-crocus-petal-17463,XS: Основной склад Екатеринбург - 1 шт | S: Соболева - 1 шт | Санкт-Петербург (Спортивная) - 1 шт | Основной склад Екатеринбург - 1 шт | M: Основной склад Екатеринбург - 1 шт,5.0,data\product_images\06e904c39970.png,0.0,1.0,3.0,1.0,0.0,0.0,0.0,0.0,0.0,0.0
Одежда,BSH76-4718,Шорты детские 7/6 Tema Shorts - Hydro,7/6,3490 ₽,https://saletennis.com/catalog/product/shorty-dietskiie-7-6-tema-shorts-hydro-19407,XS: Санкт-Петербург (Спортивная) - 1 шт | Санкт-Петербург (Ярослава Гашека) - 1 шт | Тюмень (Народная) - 3 шт | S: Санкт-Петербург (Спортивная) - 2 шт | Тюмень (Народная) - 3 шт | Парина - 1 шт | Соболева - 1 шт | Санкт-Петербург (Ярослава Гашека) - 1 шт | M: Тюмень (Народная) - 3 шт | Санкт-Петербург (Спортивная) - 2 шт | Санкт-Петербург (Ярослава Гашека) - 1 шт | L: Уфа - 1 шт | Парина - 1 шт | Основной склад Екатеринбург - 1 шт | Соболева - 1 шт | Тюмень (Народная) - 4 шт | Санкт-Петербург (Ярослава Гашека) - 1 шт | XL: Основной склад Екатеринбург - 1 шт | Санкт-Петербург (Ярослава Гашека) - 1 шт | Санкт-Петербург (Спортивная) - 1 шт | Тюмень (Народная) - 3 шт | Ижевск - 1 шт | Уфа - 1 шт | Соболева - 1 шт,37.0,data\product_images\6a9d4bdaff77.png,5.0,6.0,2.0,3.0,2.0,0.0,0.0,16.0,2.0,1.0
Одежда,IB1064-226,Футболка мужская Nike Court Advantage Top Print - Light Violet Ore/Black,Nike,8490 ₽,https://saletennis.com/catalog/product/futbolka-muzhskaia-nike-court-advantage-top-print-light-violet-ore-black-19242,XL: Парина - 1 шт,1.0,data\product_images\c765853d14d1.jpg,0.0,0.0,0.0,0.0,1.0,0.0,0.0,0.0,0.0,0.0
Одежда,FZ6907-478,Поло мужское Nike Court Advantage Polo - Armory Navy,Nike,8490 ₽,https://saletennis.com/catalog/product/polo-muzhskoie-nike-court-advantage-polo-armory-navy-19183,M: Тюмень (Народная) - 1 шт | L: Ижевск - 1 шт | XL: Соболева - 1 шт | Санкт-Петербург (Спортивная) - 1 шт,4.0,data\product_images\6b56351cd262.png,0.0,1.0,0.0,1.0,0.0,0.0,0.0,1.0,0.0,1.0
Одежда,KSK76-4718,Юбка детская 7/6 Kristy Skirt - Hydro,7/6,3990 ₽,https://saletennis.com/catalog/product/iubka-dietskaia-7-6-kristy-skirt-hydro-19411,XS: Тюмень (Народная) - 1 шт | Санкт-Петербург (Ярослава Гашека) - 1 шт | Уфа - 1 шт | Парина - 1 шт | Ижевск - 1 шт | Соболева - 1 шт | S: Основной склад Екатеринбург - 1 шт | Ижевск - 1 шт | Санкт-Петербург (Спортивная) - 1 шт | Уфа - 1 шт | Соболева - 1 шт | Тюмень (Народная) - 1 шт | Санкт-Петербург (Ярослава Гашека) - 1 шт | M: Основной склад Екатеринбург - 2 шт | Санкт-Петербург (Ярослава Гашека) - 1 шт | Парина - 1 шт | Ижевск - 1 шт | Санкт-Петербург (Спортивная) - 2 шт | L: Санкт-Петербург (Ярослава Гашека) - 1 шт | Тюмень (Народная) - 2 шт | Уфа - 1 шт | Санкт-Петербург (Спортивная) - 1 шт | Соболева - 1 шт | Парина - 1 шт | Основной склад Екатеринбург - 2 шт | XL: Ижевск - 1 шт | Основной склад Екатеринбург - 1 шт | Санкт-Петербург (Ярослава Гашека) - 1 шт | Парина - 1 шт | Соболева - 1 шт | Уфа - 1 шт | Санкт-Петербург (Спортивная) - 1 шт,36.0,data\product_images\9ea26560e383.png,5.0,5.0,6.0,4.0,4.0,0.0,0.0,4.0,4.0,4.0
Одежда,AD76-4313,Платье женское 7/6 Arina Dress - Light Blue/Blue,7/6,1790 ₽,https://saletennis.com/catalog/product/plat-ie-zhienskoie-7-6-arina-dress-light-blue-blue-17893,XXS: Основной склад Екатеринбург - 4 шт | Санкт-Петербург (Спортивная) - 1 шт | XS: Санкт-Петербург (Спортивная) - 1 шт | S: Основной склад Екатеринбург - 4 шт | M: Основной склад Екатеринбург - 3 шт | L: Основной склад Екатеринбург - 1 шт | Санкт-Петербург (Спортивная) - 1 шт | XL: Санкт-Петербург (Спортивная) - 1 шт,16.0,data\product_images\4dafebca1383.png,0.0,4.0,12.0,0.0,0.0,0.0,0.0,0.0,0.0,0.0
Одежда,62GBA21527,"Шорты женские Mizuno Flex 3"" Short - Tanager Turquoise",Mizuno,1990 ₽,https://saletennis.com/catalog/product/shorty-zhienskiie-mizuno-flex-3-short-tanager-turquoise-14589,S: Основной склад Екатеринбург - 1 шт | M: Уфа - 1 шт,2.0,data\product_images\0404ad193c8e.png,0.0,0.0,1.0,0.0,0.0,0.0,0.0,0.0,1.0,0.0
Одежда,II2602-503,Майка женская Nike Court Slam - Light Magenta/Tattoo/Black,Nike,8990 ₽,https://saletennis.com/catalog/product/maika-zhienskaia-nike-court-slam-light-magenta-tattoo-black-19231,XS: Санкт-Петербург (Спортивная) - 1 шт | Тюмень (Народная) - 1 шт | S: Уфа - 1 шт | Ижевск - 1 шт | Парина - 1 шт | L: Санкт-Петербург (Спортивная) - 1 шт,6.0,data\product_images\2f2b9e199011.png,0.0,2.0,0.0,0.0,1.0,0.0,0.0,1.0,1.0,1.0
Одежда,62GAC501-66,Футболка мужская Mizuno Daybreakers Graphic - Vibrant Red,Mizuno,3493 ₽,https://saletennis.com/catalog/product/futbolka-muzhskaia-mizuno-daybreakers-graphic-vibrant-red-18408,S: Соболева - 1 шт | XL: Соболева - 1 шт,2.0,data\product_images\cfddbda10bc8.png,0.0,0.0,0.0,2.0,0.0,0.0,0.0,0.0,0.0,0.0
Одежда,W1270018,Худи женское Bidi Badu Spectrum Chill - Yellow,Bidi Badu,3490 ₽,https://saletennis.com/catalog/product/khudi-zhienskoie-bidi-badu-spectrum-chill-yellow-17217,XS: Основной склад Екатеринбург - 1 шт | S: Основной склад Екатеринбург - 1 шт,2.0,data\product_images\7c0bab84a1dd.png,0.0,0.0,2.0,0.0,0.0,0.0,0.0,0.0,0.0,0.0
Одежда,AT276-4800,Топ женский под платье 7/6 Ana Top 2.0 - Pink,7/6,1495 ₽,https://saletennis.com/catalog/product/top-zhienskii-pod-plat-ie-7-6-ana-top-2-0-pink-17932,XXS: Основной склад Екатеринбург - 2 шт | XS: Основной склад Екатеринбург - 5 шт | S: Основной склад Екатеринбург - 1 шт | XL: Основной склад Екатеринбург - 2 шт,10.0,data\product_images\1b3de4bdd97f.png,0.0,0.0,10.0,0.0,0.0,0.0,0.0,0.0,0.0,0.0
Одежда,FZ6937-110,"Шорты мужские Nike Court Slam 6"" - Pale Ivory",Nike,7868 ₽,https://saletennis.com/catalog/product/shorty-muzhskiie-nike-court-slam-6-pale-ivory-17791,XL: Тюмень (Народная) - 1 шт,1.0,data\product_images\1f82525211c4.png,0.0,0.0,0.0,0.0,0.0,0.0,0.0,1.0,0.0,0.0
Одежда,FZ6512-499,Юбка женская Nike Court Ace Skirt - World Indigo,Nike,8632 ₽,https://saletennis.com/catalog/product/iubka-zhienskaia-nike-court-ace-skirt-world-indigo-18103,XS: Санкт-Петербург (Спортивная) - 1 шт,1.0,data\product_images\8bd4f2fe888c.png,0.0,1.0,0.0,0.0,0.0,0.0,0.0,0.0,0.0,0.0
Одежда,FZ6726-527,Юбка женская Nike Advantage Ace - Dusty Amethyst,Nike,7592 ₽,https://saletennis.com/catalog/product/iubka-zhienskaia-nike-advantage-ace-dusty-amethyst-17724,XS: Парина - 1 шт,1.0,data\product_images\158734b968e9.png,0.0,0.0,0.0,0.0,1.0,0.0,0.0,0.0,0.0,0.0
Одежда,62GAC701-22,Майка женская Mizuno Daybreakers Printed - Icelandic Blue,Mizuno,3143 ₽,https://saletennis.com/catalog/product/maika-zhienskaia-mizuno-daybreakers-printed-icelandic-blue-18412,XS: Соболева - 1 шт | S: Основной склад Екатеринбург - 1 шт | M: Основной склад Екатеринбург - 2 шт,4.0,data\product_images\15e4e1af41be.png,0.0,0.0,3.0,1.0,0.0,0.0,0.0,0.0,0.0,0.0
Одежда,DR10217987480013,Спортивный костюм Diadora - Black,Не определен,6990 ₽,https://saletennis.com/catalog/product/sportivnyi-kostium-diadora-black-15330,S: Основной склад Екатеринбург - 1 шт | XL: Тюмень (Народная) - 1 шт,2.0,data\product_images\030759acb201.png,0.0,0.0,1.0,0.0,0.0,0.0,0.0,1.0,0.0,0.0
Одежда,NT76-4718,Майка женская Nata Sleeveless T-shirt - Hydro,Не определен,4990 ₽,https://saletennis.com/catalog/product/maika-zhienskaia-nata-sleeveless-t-shirt-hydro-19284,XXS: Санкт-Петербург (Ярослава Гашека) - 1 шт | Санкт-Петербург (Спортивная) - 1 шт | Тюмень (Народная) - 1 шт | XS: Соболева - 1 шт | Санкт-Петербург (Спортивная) - 1 шт | Елизаветенское шоссе - 1 шт | Парина - 1 шт | Тюмень (Народная) - 1 шт | Санкт-Петербург (Ярослава Гашека) - 1 шт | S: Елизаветенское шоссе - 2 шт | Бисертская - 1 шт | Ижевск - 1 шт | Соболева - 2 шт | Санкт-Петербург (Спортивная) - 1 шт | Основной склад Екатеринбург - 3 шт | Санкт-Петербург (Ярослава Гашека) - 1 шт | Уфа - 1 шт | Парина - 2 шт | M: Соболева - 1 шт | Санкт-Петербург (Ярослава Гашека) - 1 шт | Бисертская - 1 шт | Тюмень (Народная) - 1 шт | Основной склад Екатеринбург - 2 шт | Ижевск - 1 шт | Санкт-Петербург (Спортивная) - 1 шт | Парина - 1 шт | Уфа - 1 шт | Елизаветенское шоссе - 1 шт | L: Соболева - 1 шт | Парина - 1 шт | Санкт-Петербург (Ярослава Гашека) - 1 шт | Санкт-Петербург (Спортивная) - 1 шт | XL: Санкт-Петербург (Спортивная) - 1 шт,39.0,data\product_images\892144388028.png,5.0,6.0,5.0,5.0,5.0,2.0,4.0,3.0,2.0,2.0
Одежда,62GAB701-01,Майка женская Mizuno Mugen Printed Tank - White,Mizuno,3490 ₽,https://saletennis.com/catalog/product/maika-zhienskaia-mizuno-mugen-printed-tank-white-17434,XS: Соболева - 1 шт | M: Основной склад Екатеринбург - 1 шт,2.0,data\product_images\d56b8084924e.png,0.0,0.0,1.0,1.0,0.0,0.0,0.0,0.0,0.0,0.0
Одежда,VS-76BK,Козырек 7/6 Visor - Black,7/6,1790 ₽,https://saletennis.com/catalog/product/kozyriek-7-6-visor-black-13217,Тюмень (Народная): 3 сет | Санкт-Петербург (Спортивная): 2 сет | Тюмень: 3 сет,8.0,data\product_images\11885db5a90a.png,0.0,2.0,0.0,0.0,0.0,0.0,0.0,6.0,0.0,0.0
Одежда,VT76-4201,Футболка мужская 7/6 Victory Cotton T-shirt - Grey,7/6,1995 ₽,https://saletennis.com/catalog/product/futbolka-muzhskaia-7-6-victory-cotton-t-shirt-grey-17879,S: Тюмень (Народная) - 1 шт | Основной склад Екатеринбург - 4 шт | M: Основной склад Екатеринбург - 3 шт | Тюмень (Народная) - 1 шт | Санкт-Петербург (Спортивная) - 1 шт | XXL: Основной склад Екатеринбург - 1 шт,11.0,data\product_images\7490c294abd9.png,0.0,1.0,8.0,0.0,0.0,0.0,0.0,2.0,0.0,0.0
Одежда,IB0782-617,Брюки женские Nike Court Advantage Tennis Pants - Laser Fuchsia/Black,Nike,9990 ₽,https://saletennis.com/catalog/product/briuki-zhienskiie-nike-court-advantage-tennis-pants-laser-fuchsia-black-18839,XS: Санкт-Петербург (Спортивная) - 1 шт | S: Соболева - 1 шт | Парина - 1 шт | M: Парина - 1 шт | Санкт-Петербург (Спортивная) - 1 шт,5.0,data\product_images\c1c4d83af58a.png,0.0,2.0,0.0,1.0,2.0,0.0,0.0,0.0,0.0,0.0
Одежда,MPT76-NV,Спортивные штаны мужские 7/6 Man Training Pants - Navy,7/6,1990 ₽,https://saletennis.com/catalog/product/sportivnyie-shtany-muzhskiie-7-6-man-training-pants-navy-15247,S: Основной склад Екатеринбург - 2 шт,2.0,data\product_images\8b5fd3a06f8b.png,0.0,0.0,2.0,0.0,0.0,0.0,0.0,0.0,0.0,0.0
Одежда,62GBB00208,"Шорты мужские Mizuno 8"" Laser Short - Vintage Indigo",Mizuno,3843 ₽,https://saletennis.com/catalog/product/shorty-muzhskiie-mizuno-8-laser-short-vintage-indigo-18210,M: Основной склад Екатеринбург - 1 шт | L: Тюмень (Народная) - 1 шт,2.0,data\product_images\ca0e091c70c6.png,0.0,0.0,1.0,0.0,0.0,0.0,0.0,1.0,0.0,0.0
Одежда,DT76-010,Топ 7/6 Daria Top - Black,7/6,2490 ₽,https://saletennis.com/catalog/product/top-7-6-daria-top-black-16711,XXS: Санкт-Петербург (Спортивная) - 2 шт | Основной склад Екатеринбург - 1 шт | Уфа - 1 шт | Тюмень (Народная) - 2 шт | XS: Санкт-Петербург (Спортивная) - 2 шт,8.0,data\product_images\067e90966306.png,0.0,4.0,1.0,0.0,0.0,0.0,0.0,2.0,1.0,0.0
Одежда,LS76-4104,Лонгслив мужской 7/6 Tony Longsleeve 2.0 Antarctica,7/6,4990 ₽,https://saletennis.com/catalog/product/longhsliv-muzhskoi-7-6-tony-longsleeve-2-0-antarctica-18606,S: Бисертская - 1 шт | Санкт-Петербург (Спортивная) - 1 шт | M: Бисертская - 1 шт | Санкт-Петербург (Спортивная) - 1 шт | Основной склад Екатеринбург - 1 шт | L: Тюмень (Народная) - 1 шт | Санкт-Петербург (Спортивная) - 1 шт | Основной склад Екатеринбург - 1 шт | XXL: Основной склад Екатеринбург - 1 шт | Санкт-Петербург (Спортивная) - 1 шт,10.0,data\product_images\b38471931fc4.png,0.0,4.0,3.0,0.0,0.0,2.0,0.0,1.0,0.0,0.0
Одежда,VT76-010,Футболка мужская 7/6 Victory Cotton T-shirt - Black,7/6,1990 ₽,https://saletennis.com/catalog/product/futbolka-muzhskaia-7-6-victory-cotton-t-shirt-black-17121,S: Санкт-Петербург (Спортивная) - 1 шт | Парина - 1 шт | Уфа - 1 шт | Основной склад Екатеринбург - 1 шт | Тюмень (Народная) - 1 шт | Соболева - 1 шт | M: Основной склад Екатеринбург - 1 шт | Санкт-Петербург (Спортивная) - 1 шт | Тюмень (Народная) - 1 шт | Соболева - 1 шт | Бисертская - 1 шт | L: Соболева - 1 шт | Санкт-Петербург (Спортивная) - 1 шт | Тюмень (Народная) - 1 шт | Уфа - 1 шт | Бисертская - 1 шт | XL: Основной склад Екатеринбург - 1 шт | Уфа - 1 шт | XXL: Санкт-Петербург (Спортивная) - 1 шт | Бисертская - 1 шт | Соболева - 1 шт,21.0,data\product_images\a0bb93266212.png,0.0,4.0,3.0,4.0,1.0,3.0,0.0,3.0,3.0,0.0
Одежда,G1270007,Толстовка детская Bidi Badu Protected Leafs Chill - Bordeaux,Bidi Badu,2676 ₽,https://saletennis.com/catalog/product/tolstovka-dietskaia-bidi-badu-protected-leafs-chill-bordeaux-15291,152: Бисертская - 1 шт | Санкт-Петербург (Спортивная) - 1 шт,2.0,data\product_images\727f179caa5e.png,0.0,1.0,0.0,0.0,0.0,1.0,0.0,0.0,0.0,0.0
Одежда,62GAC00214,Футболка мужская Mizuno Frontier Shadow Tee - Bellwether Blue,Mizuno,2933 ₽,https://saletennis.com/catalog/product/futbolka-muzhskaia-mizuno-frontier-shadow-tee-bellwether-blue-18185,M: Основной склад Екатеринбург - 1 шт,1.0,data\product_images\fadc591293d8.png,0.0,0.0,1.0,0.0,0.0,0.0,0.0,0.0,0.0,0.0
Одежда,DD8532-376,Поло мужское Nike Rafa Logo Polo - Vapor Green,Nike,6490 ₽,https://saletennis.com/catalog/product/polo-muzhskoie-nike-rafa-logo-polo-vapor-green-17334,XL: Бисертская - 1 шт,1.0,data\product_images\9b0a194bba7c.jpg,0.0,0.0,0.0,0.0,0.0,1.0,0.0,0.0,0.0,0.0
Одежда,ML76-4109,Лонгслив женский 7/6 Maya Longsleeve - Arona,7/6,5490 ₽,https://saletennis.com/catalog/product/longhsliv-zhienskii-7-6-maya-longsleeve-arona-18585,XS: Елизаветенское шоссе - 1 шт | Тюмень (Народная) - 1 шт | Соболева - 1 шт | Парина - 1 шт | S: Уфа - 1 шт | Елизаветенское шоссе - 1 шт | Бисертская - 1 шт | Соболева - 1 шт | Парина - 1 шт | Тюмень (Народная) - 1 шт | M: Соболева - 1 шт | Тюмень (Народная) - 1 шт | Санкт-Петербург (Спортивная) - 1 шт | L: Парина - 1 шт | Санкт-Петербург (Спортивная) - 1 шт,15.0,data\product_images\7a7b5c5f2d65.png,0.0,2.0,0.0,3.0,3.0,1.0,2.0,3.0,1.0,0.0
Одежда,B1270021,Толстовка детская Bidi Badu Melbourne Chill - Mint,Bidi Badu,3596 ₽,https://saletennis.com/catalog/product/tolstovka-dietskaia-bidi-badu-melbourne-chill-mint-17250,128: Основной склад Екатеринбург - 1 шт | 152: Санкт-Петербург (Спортивная) - 1 шт | Основной склад Екатеринбург - 2 шт,4.0,data\product_images\834996ce4c40.png,0.0,1.0,3.0,0.0,0.0,0.0,0.0,0.0,0.0,0.0
Одежда,IB0772-133,Поло женское Nike Cropped Tennis Polo - Sail/Midnight Navy,Nike,8990 ₽,https://saletennis.com/catalog/product/polo-zhienskoie-nike-cropped-tennis-polo-sail-midnight-navy-19180,S: Санкт-Петербург (Спортивная) - 1 шт | Парина - 1 шт | M: Парина - 1 шт | L: Парина - 1 шт,4.0,data\product_images\fc9a2c7a21c3.png,0.0,1.0,0.0,0.0,3.0,0.0,0.0,0.0,0.0,0.0
Одежда,FB5598-100,Кепка Nike Dri-FIT ADV Club Cap - White,Nike,4490 ₽,https://saletennis.com/catalog/product/kiepka-nike-dri-fit-adv-club-cap-white-15867,L/XL: Парина - 1 шт | Уфа - 1 шт | Тюмень (Народная) - 1 шт | Соболева - 1 шт | Ижевск - 1 шт | Санкт-Петербург (Спортивная) - 1 шт | M/L: Тюмень (Народная) - 1 шт,7.0,data\product_images\75bd81f98294.png,0.0,1.0,0.0,1.0,1.0,0.0,0.0,2.0,1.0,1.0
Одежда,NS76-14405,Юбка женская 7/6 Nata Skirt - Misty Blue,7/6,5990 ₽,https://saletennis.com/catalog/product/iubka-zhienskaia-7-6-nata-skirt-misty-blue-19293,XXS: Тюмень (Народная) - 2 шт | Санкт-Петербург (Спортивная) - 1 шт | Санкт-Петербург (Ярослава Гашека) - 1 шт | XS: Санкт-Петербург (Спортивная) - 1 шт | Тюмень (Народная) - 2 шт | Санкт-Петербург (Ярослава Гашека) - 1 шт | Соболева - 1 шт | S: Соболева - 1 шт | Уфа - 1 шт | Ижевск - 1 шт | Санкт-Петербург (Спортивная) - 2 шт | Парина - 1 шт | Основной склад Екатеринбург - 3 шт | Бисертская - 1 шт | Елизаветенское шоссе - 1 шт | Тюмень (Народная) - 1 шт | M: Санкт-Петербург (Ярослава Гашека) - 1 шт | Елизаветенское шоссе - 1 шт | Основной склад Екатеринбург - 2 шт | Тюмень (Народная) - 2 шт | Бисертская - 1 шт | Парина - 1 шт | Санкт-Петербург (Спортивная) - 1 шт | Ижевск - 1 шт | Уфа - 1 шт | L: Санкт-Петербург (Спортивная) - 1 шт | Бисертская - 1 шт | Елизаветенское шоссе - 1 шт | Санкт-Петербург (Ярослава Гашека) - 1 шт | XL: Санкт-Петербург (Спортивная) - 1 шт,37.0,data\product_images\bfb63f9977c4.png,4.0,7.0,5.0,2.0,2.0,3.0,3.0,7.0,2.0,2.0
Одежда,MJJ76-1215,Кофта мужская 7/6 Jackie Jacket Men - Shaved Chocolate,7/6,10990 ₽,https://saletennis.com/catalog/product/kofta-muzhskaia-7-6-jackie-jacket-men-shaved-chocolate-19377,S: Санкт-Петербург (Спортивная) - 1 шт | Ижевск - 1 шт | Парина - 1 шт | Елизаветенское шоссе - 1 шт | M: Ижевск - 1 шт | Тюмень (Народная) - 1 шт | Парина - 1 шт | Соболева - 1 шт | Елизаветенское шоссе - 1 шт | Санкт-Петербург (Ярослава Гашека) - 1 шт | Санкт-Петербург (Спортивная) - 1 шт | L: Ижевск - 1 шт | Елизаветенское шоссе - 1 шт | Санкт-Петербург (Спортивная) - 1 шт | Парина - 1 шт | Тюмень (Народная) - 1 шт | Соболева - 1 шт | Санкт-Петербург (Ярослава Гашека) - 1 шт | XL: Соболева - 1 шт | Ижевск - 1 шт | Санкт-Петербург (Спортивная) - 1 шт | Елизаветенское шоссе - 1 шт | Санкт-Петербург (Ярослава Гашека) - 1 шт | XXL: Елизаветенское шоссе - 1 шт | Парина - 1 шт | Санкт-Петербург (Спортивная) - 1 шт,26.0,data\product_images\0d3dea144411.png,3.0,5.0,0.0,3.0,4.0,0.0,5.0,2.0,0.0,4.0
Одежда,BSH76-1632,Шорты детские 7/6 Tema Shorts - Shell Pink,7/6,3490 ₽,https://saletennis.com/catalog/product/shorty-dietskiie-7-6-tema-shorts-shell-pink-19408,XS: Уфа - 1 шт | Санкт-Петербург (Ярослава Гашека) - 1 шт | Парина - 1 шт | Соболева - 1 шт | Тюмень (Народная) - 4 шт | Санкт-Петербург (Спортивная) - 1 шт | Ижевск - 1 шт | S: Основной склад Екатеринбург - 1 шт | Парина - 1 шт | Санкт-Петербург (Спортивная) - 1 шт | Уфа - 1 шт | Тюмень (Народная) - 4 шт | Санкт-Петербург (Ярослава Гашека) - 1 шт | Ижевск - 1 шт | M: Тюмень (Народная) - 3 шт | Санкт-Петербург (Ярослава Гашека) - 1 шт | Санкт-Петербург (Спортивная) - 1 шт | Ижевск - 1 шт | Уфа - 1 шт | L: Ижевск - 1 шт | Соболева - 1 шт | Парина - 1 шт | Санкт-Петербург (Спортивная) - 1 шт | Санкт-Петербург (Ярослава Гашека) - 1 шт | Основной склад Екатеринбург - 2 шт | Уфа - 1 шт | Тюмень (Народная) - 4 шт | XL: Уфа - 1 шт | Основной склад Екатеринбург - 1 шт | Парина - 1 шт | Ижевск - 1 шт | Санкт-Петербург (Ярослава Гашека) - 1 шт | Тюмень (Народная) - 4 шт | Соболева - 1 шт | Санкт-Петербург (Спортивная) - 1 шт,50.0,data\product_images\492bb9db3a63.png,5.0,5.0,4.0,3.0,4.0,0.0,0.0,19.0,5.0,5.0
Одежда,WSA76-0205,Шорты женские 7/6 Alex Shorts - Cream/Orange,7/6,2745 ₽,https://saletennis.com/catalog/product/shorty-zhienskiie-7-6-alex-shorts-cream-orange-17942,XXS: Санкт-Петербург (Спортивная) - 1 шт | Основной склад Екатеринбург - 4 шт | XS: Санкт-Петербург (Спортивная) - 2 шт | Основной склад Екатеринбург - 4 шт | S: Основной склад Екатеринбург - 4 шт | Санкт-Петербург (Спортивная) - 1 шт | M: Санкт-Петербург (Спортивная) - 1 шт | Основной склад Екатеринбург - 1 шт | L: Санкт-Петербург (Спортивная) - 1 шт,19.0,data\product_images\e26250883887.png,0.0,6.0,13.0,0.0,0.0,0.0,0.0,0.0,0.0,0.0
Одежда,VT76-100,Футболка мужская 7/6 Victory Cotton T-shirt - White,7/6,1990 ₽,https://saletennis.com/catalog/product/futbolka-muzhskaia-7-6-victory-cotton-t-shirt-white-17122,S: Основной склад Екатеринбург - 1 шт | Уфа - 1 шт | Тюмень (Народная) - 1 шт | Санкт-Петербург (Спортивная) - 2 шт | M: Тюмень (Народная) - 1 шт | Уфа - 1 шт | Соболева - 1 шт | Основной склад Екатеринбург - 1 шт | Санкт-Петербург (Спортивная) - 1 шт | L: Основной склад Екатеринбург - 2 шт | Уфа - 1 шт | XL: Основной склад Екатеринбург - 1 шт | XXL: Парина - 1 шт | Санкт-Петербург (Спортивная) - 1 шт,16.0,data\product_images\c4b9a7db6e7f.png,0.0,4.0,5.0,1.0,1.0,0.0,0.0,2.0,3.0,0.0
Одежда,GSH76-010,Шорты для девочек 7/6 Poly Shorts - Black,7/6,3490 ₽,https://saletennis.com/catalog/product/shorty-dlia-dievochiek-7-6-poly-shorts-black-17628,XS: Санкт-Петербург (Спортивная) - 1 шт | Санкт-Петербург (Ярослава Гашека) - 1 шт | Тюмень (Народная) - 1 шт | S: Санкт-Петербург (Спортивная) - 1 шт | Парина - 1 шт | Санкт-Петербург (Ярослава Гашека) - 1 шт | Уфа - 1 шт | Тюмень (Народная) - 1 шт | M: Ижевск - 1 шт | Санкт-Петербург (Спортивная) - 2 шт | Тюмень (Народная) - 1 шт | Санкт-Петербург (Ярослава Гашека) - 1 шт | Уфа - 1 шт | L: Санкт-Петербург (Ярослава Гашека) - 1 шт | Тюмень (Народная) - 1 шт | Санкт-Петербург (Спортивная) - 1 шт | Ижевск - 1 шт | XL: Тюмень (Народная) - 1 шт | Соболева - 1 шт | Ижевск - 1 шт,21.0,data\product_images\45a7ae0ef716.png,4.0,5.0,0.0,1.0,1.0,0.0,0.0,5.0,2.0,3.0
Одежда,M1470002,Шорты мужские Bidi Badu Crew 7'' - Grey,Bidi Badu,2196 ₽,https://saletennis.com/catalog/product/shorty-muzhskiie-bidi-badu-crew-7-grey-1-17260,L: Основной склад Екатеринбург - 1 шт | Уфа - 1 шт | XL: Основной склад Екатеринбург - 1 шт,3.0,data\product_images\e1c5a893e8dd.png,0.0,0.0,2.0,0.0,0.0,0.0,0.0,0.0,1.0,0.0
Одежда,W1300011,Платье женское Bidi Badu Kaleido - White/Mixed,Bidi Badu,3990 ₽,https://saletennis.com/catalog/product/plat-ie-zhienskoie-bidi-badu-kaleido-white-mixed-17218,XS: Санкт-Петербург (Спортивная) - 1 шт | S: Основной склад Екатеринбург - 2 шт,3.0,data\product_images\aa1f793debe5.png,0.0,1.0,2.0,0.0,0.0,0.0,0.0,0.0,0.0,0.0
Одежда,DR102179122C0013,Шорты мужские Diadora Bermuda Icon - White/Black/Lime,Не определен,3490 ₽,https://saletennis.com/catalog/product/shorty-muzhskiie-diadora-bermuda-icon-white-black-lime-15203,S: Основной склад Екатеринбург - 1 шт,1.0,data\product_images\c41e8035f978.png,0.0,0.0,1.0,0.0,0.0,0.0,0.0,0.0,0.0,0.0
Одежда,AS276-2520,Шорты под платье 7/6 Ana Shorts 2.0 - Potent Purple,7/6,2990 ₽,https://saletennis.com/catalog/product/shorty-pod-plat-ie-7-6-ana-shorts-2-0-potent-purple-18615,XS: Тюмень (Народная) - 1 шт | Уфа - 1 шт | Соболева - 1 шт | S: Ижевск - 1 шт | Тюмень (Народная) - 1 шт | L: Тюмень (Народная) - 1 шт,6.0,data\product_images\c785ee4048a9.png,0.0,0.0,0.0,1.0,0.0,0.0,0.0,3.0,1.0,1.0
Одежда,G2580030,Майка для девочки Bidi Badu Spectrum - Dark Blue/Blue/Aqua,Bidi Badu,1596 ₽,https://saletennis.com/catalog/product/maika-dlia-dievochki-bidi-badu-spectrum-dark-blue-blue-aqua-17536,152: Санкт-Петербург (Спортивная) - 1 шт | Основной склад Екатеринбург - 1 шт | 164: Санкт-Петербург (Спортивная) - 1 шт | Уфа - 1 шт | Основной склад Екатеринбург - 2 шт,6.0,data\product_images\a00c84c77c2d.png,0.0,2.0,3.0,0.0,0.0,0.0,0.0,0.0,1.0,0.0
Одежда,HM6766-276,Брюки мужские Nike Heritage Pants - Neutral Olive,Nike,8393 ₽,https://saletennis.com/catalog/product/briuki-muzhskiie-nike-heritage-pants-neutral-olive-18492,S: Тюмень (Народная) - 1 шт,1.0,data\product_images\2f77108de7be.png,0.0,0.0,0.0,0.0,0.0,0.0,0.0,1.0,0.0,0.0
Одежда,814793-TQ,Шорты женские Head Court Logo 7in Shorts W - Turquoise,Head,990 ₽,https://saletennis.com/catalog/product/shorty-zhienskiie-head-court-logo-7in-shorts-w-turquoise-14928,XS: Тюмень (Народная) - 1 шт | Основной склад Екатеринбург - 1 шт | L: Соболева - 1 шт,3.0,data\product_images\6c2e354595fe.png,0.0,0.0,1.0,1.0,0.0,0.0,0.0,1.0,0.0,0.0
Одежда,62GB2800-27,Юбка женская Mizuno Flying Skirt - Peace Blue,Mizuno,1990 ₽,https://saletennis.com/catalog/product/iubka-zhienskaia-mizuno-flying-skirt-peace-blue-14236,XS: Основной склад Екатеринбург - 1 шт,1.0,data\product_images\836feb8ab1ad.png,0.0,0.0,1.0,0.0,0.0,0.0,0.0,0.0,0.0,0.0
Одежда,ET76-3612,Футболка для девочек 7/6 Eva T-shirt 2.0 - Lavander Haze,7/6,2093 ₽,https://saletennis.com/catalog/product/futbolka-dlia-dievochiek-7-6-eva-t-shirt-2-0-lavander-haze-17910,M: Санкт-Петербург (Спортивная) - 1 шт | L: Санкт-Петербург (Спортивная) - 1 шт | XL: Основной склад Екатеринбург - 1 шт | Санкт-Петербург (Спортивная) - 1 шт,4.0,data\product_images\9696b35f7fcf.png,0.0,3.0,1.0,0.0,0.0,0.0,0.0,0.0,0.0,0.0
Одежда,WP76-BK,Спортивные штаны женские 7/6 Woman Pants - Black,7/6,3990 ₽,https://saletennis.com/catalog/product/sportivnyie-shtany-zhienskiie-7-6-woman-pants-black-15249,XS: Парина - 1 шт | Ижевск - 1 шт | Соболева - 1 шт | Санкт-Петербург (Спортивная) - 1 шт | Бисертская - 1 шт | S: Основной склад Екатеринбург - 2 шт | Уфа - 1 шт | Парина - 1 шт | Ижевск - 1 шт | Тюмень (Народная) - 1 шт | Соболева - 1 шт | M: Парина - 1 шт | Уфа - 1 шт | Ижевск - 1 шт | Санкт-Петербург (Спортивная) - 3 шт | Соболева - 1 шт | Тюмень (Народная) - 1 шт | L: Санкт-Петербург (Спортивная) - 1 шт | Ижевск - 1 шт | Тюмень (Народная) - 1 шт | Соболева - 1 шт | Бисертская - 1 шт | Уфа - 1 шт,26.0,data\product_images\de8aeddca4ff.png,0.0,5.0,2.0,4.0,3.0,2.0,0.0,3.0,3.0,4.0
Одежда,AS276-1215,Шорты под платье 7/6 Ana Shorts 2.0 - Shaved Chocolate,7/6,2990 ₽,https://saletennis.com/catalog/product/shorty-pod-plat-ie-7-6-ana-shorts-2-0-shaved-chocolate-19399,XXS: Санкт-Петербург (Спортивная) - 1 шт | XS: Санкт-Петербург (Ярослава Гашека) - 1 шт | Санкт-Петербург (Спортивная) - 1 шт | Тюмень (Народная) - 4 шт | Елизаветенское шоссе - 1 шт | Парина - 1 шт | S: Санкт-Петербург (Ярослава Гашека) - 1 шт | Тюмень (Народная) - 3 шт | Елизаветенское шоссе - 1 шт | Санкт-Петербург (Спортивная) - 1 шт | M: Санкт-Петербург (Ярослава Гашека) - 1 шт | Соболева - 1 шт | Тюмень (Народная) - 3 шт | Парина - 1 шт | Елизаветенское шоссе - 1 шт | Санкт-Петербург (Спортивная) - 3 шт | L: Санкт-Петербург (Спортивная) - 1 шт | Санкт-Петербург (Ярослава Гашека) - 1 шт | XL: Санкт-Петербург (Спортивная) - 1 шт | Санкт-Петербург (Ярослава Гашека) - 1 шт,29.0,data\product_images\0cdc3db0b4a4.png,5.0,8.0,0.0,1.0,2.0,0.0,3.0,10.0,0.0,0.0
Одежда,T76-010,Топ женский 7/6 Ana Top - Black,7/6,1990 ₽,https://saletennis.com/catalog/product/top-zhienskii-7-6-ana-top-black-17107,XXS: Тюмень (Народная) - 1 шт | Санкт-Петербург (Спортивная) - 1 шт,2.0,data\product_images\ac45404f7a6a.png,0.0,1.0,0.0,0.0,0.0,0.0,0.0,1.0,0.0,0.0
Одежда,W1300001,Платье женское Bidi Badu Colortwist - Turquoise/Blue,Bidi Badu,3990 ₽,https://saletennis.com/catalog/product/plat-ie-zhienskoie-bidi-badu-colortwist-turquoise-blue-14499,XS: Санкт-Петербург (Спортивная) - 1 шт | Основной склад Екатеринбург - 1 шт | S: Основной склад Екатеринбург - 1 шт,3.0,data\product_images\a80f868a0a9d.png,0.0,1.0,2.0,0.0,0.0,0.0,0.0,0.0,0.0,0.0
Одежда,WL76-BK,Леггинсы 7/6 Lana Leggings - Black,7/6,1990 ₽,https://saletennis.com/catalog/product/lieghghinsy-7-6-lana-leggings-black-16706,XS: Тюмень (Народная) - 1 шт | Основной склад Екатеринбург - 1 шт | Санкт-Петербург (Спортивная) - 1 шт | S: Тюмень (Народная) - 1 шт,4.0,data\product_images\06f23d248e09.png,0.0,1.0,1.0,0.0,0.0,0.0,0.0,2.0,0.0,0.0
Одежда,MD276-4104,Платье женское 7/6 Mari Dress 2.0 - Antarctica,7/6,6990 ₽,https://saletennis.com/catalog/product/plat-ie-zhienskoie-7-6-mari-dress-2-0-antarctica-18635,S: Соболева - 1 шт | Основной склад Екатеринбург - 1 шт | Ижевск - 1 шт | Парина - 1 шт | M: Ижевск - 1 шт | Основной склад Екатеринбург - 1 шт | Парина - 1 шт | Бисертская - 1 шт | Санкт-Петербург (Спортивная) - 1 шт | L: Санкт-Петербург (Спортивная) - 1 шт | Парина - 2 шт,12.0,data\product_images\f0c63034a35b.png,0.0,2.0,2.0,1.0,4.0,1.0,0.0,0.0,0.0,2.0
Одежда,62GAB502-20,Поло мужское Mizuno Mugen Shadow Polo - Blue Mirage,Mizuno,4790 ₽,https://saletennis.com/catalog/product/polo-muzhskoie-mizuno-mugen-shadow-polo-blue-mirage-17438,S: Основной склад Екатеринбург - 1 шт | M: Санкт-Петербург (Спортивная) - 1 шт,2.0,data\product_images\89833b4ebcb9.png,0.0,1.0,1.0,0.0,0.0,0.0,0.0,0.0,0.0,0.0
Одежда,MJJ76-4056,Кофта мужская 7/6 Jackie Jacket Men - Blue Lolite,7/6,4995 ₽,https://saletennis.com/catalog/product/kofta-muzhskaia-7-6-jackie-jacket-men-blue-lolite-17864,S: Уфа - 1 шт | Санкт-Петербург (Спортивная) - 1 шт | Основной склад Екатеринбург - 3 шт | M: Уфа - 1 шт | Тюмень (Народная) - 1 шт | Санкт-Петербург (Спортивная) - 2 шт | L: Бисертская - 1 шт | Тюмень (Народная) - 1 шт | Уфа - 1 шт | Основной склад Екатеринбург - 1 шт | XL: Тюмень (Народная) - 1 шт | Уфа - 1 шт | Санкт-Петербург (Спортивная) - 1 шт | Основной склад Екатеринбург - 4 шт | XXL: Санкт-Петербург (Спортивная) - 1 шт | Основной склад Екатеринбург - 2 шт,23.0,data\product_images\3cb05671ac07.png,0.0,5.0,10.0,0.0,0.0,1.0,0.0,3.0,4.0,0.0
Одежда,W2390012-DBBL,Юбка женская Bidi Badu Spike Printed - Dark Blue/Blue,Bidi Badu,1990 ₽,https://saletennis.com/catalog/product/iubka-zhienskaia-bidi-badu-spike-printed-dark-blue-blue-16386,XS: Основной склад Екатеринбург - 1 шт | S: Санкт-Петербург (Спортивная) - 1 шт | Основной склад Екатеринбург - 1 шт | M: Санкт-Петербург (Спортивная) - 1 шт,4.0,data\product_images\22ba1ab34951.png,0.0,2.0,2.0,0.0,0.0,0.0,0.0,0.0,0.0,0.0
Одежда,FZ6917-795,Шорты мужские Nike Court Victory 9in - Topaz Gold/White,Nike,5243 ₽,https://saletennis.com/catalog/product/shorty-muzhskiie-nike-court-victory-9in-topaz-gold-white-17382,L: Уфа - 1 шт | Тюмень (Народная) - 1 шт | XL: Уфа - 1 шт,3.0,data\product_images\56f262fc9b4a.png,0.0,0.0,0.0,0.0,0.0,0.0,0.0,1.0,2.0,0.0
Одежда,FZ6921-297,Футболка мужская Nike Victory - Parachute Beige/White,Nike,3990 ₽,https://saletennis.com/catalog/product/futbolka-muzhskaia-nike-victory-parachute-beige-white-17784,S: Парина - 1 шт,1.0,data\product_images\1e2bf82668a5.png,0.0,0.0,0.0,0.0,1.0,0.0,0.0,0.0,0.0,0.0
Одежда,FZ6910-736,Футболка мужская Nike Court Advantage Top - Light Lemon Twist,Nike,6490 ₽,https://saletennis.com/catalog/product/futbolka-muzhskaia-nike-court-advantage-top-light-lemon-twist-18459,M: Соболева - 1 шт,1.0,data\product_images\6663646be5f8.png,0.0,0.0,0.0,1.0,0.0,0.0,0.0,0.0,0.0,0.0
Одежда,WT76-010,Футболка женская 7/6 Alice T-shirt - Black,7/6,3192 ₽,https://saletennis.com/catalog/product/futbolka-zhienskaia-7-6-alice-t-shirt-black-17111,XXS: Санкт-Петербург (Спортивная) - 1 шт | Бисертская - 1 шт | Ижевск - 1 шт | XS: Санкт-Петербург (Спортивная) - 2 шт | Парина - 1 шт | Ижевск - 1 шт | Соболева - 1 шт | Елизаветенское шоссе - 1 шт | S: Бисертская - 1 шт | Санкт-Петербург (Спортивная) - 2 шт | Соболева - 1 шт | Парина - 2 шт | Ижевск - 1 шт | Елизаветенское шоссе - 1 шт | M: Ижевск - 1 шт | Санкт-Петербург (Спортивная) - 1 шт | Тюмень (Народная) - 1 шт | L: Санкт-Петербург (Спортивная) - 1 шт | XL: Санкт-Петербург (Спортивная) - 1 шт | Соболева - 1 шт,23.0,data\product_images\2dc6e540409e.png,0.0,8.0,0.0,3.0,3.0,2.0,2.0,1.0,0.0,4.0
Одежда,62GBB702-01,Юбка женская Mizuno Mugen 2in1 Skirt - White,Mizuno,3245 ₽,https://saletennis.com/catalog/product/iubka-zhienskaia-mizuno-mugen-2in1-skirt-white-17464,XS: Санкт-Петербург (Спортивная) - 1 шт | M: Основной склад Екатеринбург - 1 шт | L: Основной склад Екатеринбург - 2 шт | XL: Санкт-Петербург (Спортивная) - 1 шт,5.0,data\product_images\fd59da9ec3a6.png,0.0,2.0,3.0,0.0,0.0,0.0,0.0,0.0,0.0,0.0
Одежда,62GEC20209,Спортивная кофта женская Mizuno Frontier Shadow Jacket - Black,Mizuno,6993 ₽,https://saletennis.com/catalog/product/sportivnaia-kofta-zhienskaia-mizuno-frontier-shadow-jacket-black-18204,XS: Основной склад Екатеринбург - 1 шт | S: Основной склад Екатеринбург - 1 шт | M: Основной склад Екатеринбург - 1 шт,3.0,data\product_images\258c750979c6.png,0.0,0.0,3.0,0.0,0.0,0.0,0.0,0.0,0.0,0.0
Одежда,HM6759-661,Толстовка мужская Nike Heritage Hoodie - Cedar/Team Red,Nike,8393 ₽,https://saletennis.com/catalog/product/tolstovka-muzhskaia-nike-heritage-hoodie-cedar-team-red-18485,M: Парина - 1 шт,1.0,data\product_images\a09e825ebd3c.png,0.0,0.0,0.0,0.0,1.0,0.0,0.0,0.0,0.0,0.0
Одежда,IO0471-100,Юбка женская Nike Court Slam - White/White,Nike,10990 ₽,https://saletennis.com/catalog/product/iubka-zhienskaia-nike-court-slam-white-white-19262,XS: Санкт-Петербург (Спортивная) - 1 шт | S: Парина - 1 шт,2.0,data\product_images\c318cd0efa78.png,0.0,1.0,0.0,0.0,1.0,0.0,0.0,0.0,0.0,0.0
Одежда,KS76-1360,Юбка женская 7/6 Kris Skirt - Orange Blossom,7/6,2995 ₽,https://saletennis.com/catalog/product/iubka-zhienskaia-7-6-kris-skirt-orange-blossom-17938,XXS: Санкт-Петербург (Спортивная) - 1 шт | Основной склад Екатеринбург - 3 шт | XS: Основной склад Екатеринбург - 5 шт | Санкт-Петербург (Спортивная) - 2 шт | S: Санкт-Петербург (Спортивная) - 1 шт | Основной склад Екатеринбург - 1 шт | M: Основной склад Екатеринбург - 2 шт | Санкт-Петербург (Спортивная) - 1 шт | L: Санкт-Петербург (Спортивная) - 2 шт | Основной склад Екатеринбург - 2 шт | XL: Санкт-Петербург (Спортивная) - 1 шт,21.0,data\product_images\15b55af85995.png,0.0,8.0,13.0,0.0,0.0,0.0,0.0,0.0,0.0,0.0
Одежда,KS76-1215,Юбка женская 7/6 Kris Skirt - Shaved Chocolate,7/6,5990 ₽,https://saletennis.com/catalog/product/iubka-zhienskaia-7-6-kris-skirt-shaved-chocolate-19291,XXS: Санкт-Петербург (Ярослава Гашека) - 1 шт | Санкт-Петербург (Спортивная) - 1 шт | Тюмень (Народная) - 2 шт | XS: Соболева - 1 шт | Тюмень (Народная) - 1 шт | Санкт-Петербург (Спортивная) - 2 шт | Елизаветенское шоссе - 1 шт | Парина - 1 шт | S: Парина - 2 шт | Соболева - 1 шт | Ижевск - 1 шт | Санкт-Петербург (Спортивная) - 1 шт | Елизаветенское шоссе - 1 шт | Санкт-Петербург (Ярослава Гашека) - 1 шт | Уфа - 1 шт | M: Уфа - 1 шт | Ижевск - 1 шт | Парина - 2 шт | Соболева - 1 шт | Елизаветенское шоссе - 1 шт | Бисертская - 1 шт | Санкт-Петербург (Ярослава Гашека) - 1 шт | Тюмень (Народная) - 1 шт | L: Парина - 1 шт | Соболева - 1 шт | Санкт-Петербург (Ярослава Гашека) - 1 шт | Санкт-Петербург (Спортивная) - 1 шт | XL: Санкт-Петербург (Спортивная) - 1 шт,32.0,data\product_images\50b09315d4e8.png,4.0,6.0,0.0,4.0,6.0,1.0,3.0,4.0,2.0,2.0
Одежда,MTL76-1319,Футболка мужская 7/6 Loddy T-Shirt 2.0 - Antarctica/Ebony,7/6,4490 ₽,https://saletennis.com/catalog/product/futbolka-muzhskaia-7-6-loddy-t-shirt-2-0-antarctica-ebony-18617,S: Парина - 1 шт | Тюмень (Народная) - 1 шт | Основной склад Екатеринбург - 1 шт | M: Тюмень (Народная) - 1 шт | Основной склад Екатеринбург - 1 шт | Уфа - 1 шт | Соболева - 1 шт | L: Ижевск - 1 шт,8.0,data\product_images\297c605d844e.png,0.0,0.0,2.0,1.0,1.0,0.0,0.0,2.0,1.0,1.0
Обувь,IQ5176-700,Кроссовки женские Nike Zoom GP Challenge 1.5 Premium HC - Volt Tint/Lab Green/White/Sapphire,Nike,20490 ₽,https://saletennis.com/catalog/product/krossovki-zhienskiie-nike-zoom-gp-challenge-1-5-premium-hc-volt-tint-lab-green-white-sapphire-19036,39: Уфа - 1 пар,1.0,data\product_images\30c96a093024.png,0.0,0.0,0.0,0.0,0.0,0.0,0.0,0.0,1.0,0.0
Обувь,TACLS2515C,Кроссовки женские Joma Ace Lady Clay - Light Green/Grey,Joma,9368 ₽,https://saletennis.com/catalog/product/krossovki-zhienskiie-joma-ace-lady-clay-light-green-grey-17617,38: Ижевск - 1 пар | 39: Бисертская - 1 пар | Тюмень (Народная) - 1 пар,3.0,data\product_images\4607b88591fc.png,0.0,0.0,0.0,0.0,0.0,1.0,0.0,1.0,0.0,1.0
Обувь,275235-RDDB,Кроссовки детские Head Revolt Pro 4.5 Clay Junior - Red/Dark Blue,Head,8092 ₽,https://saletennis.com/catalog/product/krossovki-dietskiie-head-revolt-pro-4-5-clay-junior-red-dark-blue-17407,"36,5: Бисертская - 1 пар | Соболева - 1 пар",2.0,data\product_images\a8ef20cfdd7b.png,0.0,0.0,0.0,1.0,0.0,1.0,0.0,0.0,0.0,0.0
Обувь,AR8851-101,Кроссовки детские Nike Vapor X Junior - White/Volt/Black,Nike,11990 ₽,https://saletennis.com/catalog/product/krossovki-dietskiie-nike-vapor-x-junior-white-volt-black-9750,"33,5: Уфа - 1 пар | 36,5: Санкт-Петербург (Спортивная) - 1 пар | 38: Соболева - 1 пар",3.0,data\product_images\80f0d66cca0d.jpg,0.0,1.0,0.0,1.0,0.0,0.0,0.0,0.0,1.0,0.0
Обувь,TROLS2525AC,Кроссовки мужские Joma Roland - Beige,Joma,9368 ₽,https://saletennis.com/catalog/product/krossovki-muzhskiie-joma-roland-beige-17624,"43,5: Парина - 1 пар | Тюмень (Народная) - 1 пар | 44: Парина - 1 пар",3.0,data\product_images\2d3085d87f81.png,0.0,0.0,0.0,0.0,2.0,0.0,0.0,1.0,0.0,0.0
Обувь,273436-NVCG,Кроссовки мужские Head Sprint Team 4.0 Clay - Navy/Cantaloupe Green,Head,8902 ₽,https://saletennis.com/catalog/product/krossovki-muzhskiie-head-sprint-team-4-0-clay-navy-cantaloupe-green-18654,"42: Бисертская - 1 пар | 42,5: Бисертская - 1 пар | 43: Бисертская - 1 пар | Соболева - 1 пар | 44: Санкт-Петербург (Спортивная) - 1 пар | Парина - 1 пар",6.0,data\product_images\4b0a97276680.png,0.0,1.0,0.0,1.0,1.0,3.0,0.0,0.0,0.0,0.0
Обувь,TACLS2515AC,Кроссовки женские Joma Ace Lady - Light Green,Joma,9368 ₽,https://saletennis.com/catalog/product/krossovki-zhienskiie-joma-ace-lady-light-green-17613,"38: Ижевск - 1 пар | Парина - 1 пар | Санкт-Петербург (Спортивная) - 1 пар | 39: Санкт-Петербург (Спортивная) - 1 пар | Тюмень (Народная) - 1 пар | Ижевск - 1 пар | Соболева - 1 пар | Парина - 1 пар | 40,5: Парина - 1 пар",9.0,data\product_images\c65badc50dad.png,0.0,2.0,0.0,1.0,3.0,0.0,0.0,1.0,0.0,2.0
Обувь,FZ2158-700,Кроссовки женские Nike Vapor Pro 3 HC - Volt Tint/Sapphire/Lab Green,Nike,17490 ₽,https://saletennis.com/catalog/product/krossovki-zhienskiie-nike-vapor-pro-3-hc-volt-tint-sapphire-lab-green-19014,"38,5: Соболева - 1 пар | 40,5: Парина - 1 пар",2.0,data\product_images\fc2885d9721f.png,0.0,0.0,0.0,1.0,1.0,0.0,0.0,0.0,0.0,0.0
Обувь,TS76-BKWH,Кроссовки мужские 7/6 - Marble 2.0 - Black/White,7/6,5990 ₽,https://saletennis.com/catalog/product/krossovki-muzhskiie-7-6-marble-2-0-black-white-17063,"42,5: Санкт-Петербург (Ярослава Гашека) - 1 пар | Соболева - 1 пар | Ижевск - 1 пар | Санкт-Петербург (Спортивная) - 1 пар | 43: Ижевск - 1 пар | Санкт-Петербург (Ярослава Гашека) - 1 пар | Тюмень (Народная) - 1 пар | Парина - 1 пар | Соболева - 1 пар | Бисертская - 1 пар | 43,5: Соболева - 1 пар | Тюмень (Народная) - 1 пар | Бисертская - 1 пар | Парина - 1 пар | Ижевск - 1 пар | Санкт-Петербург (Ярослава Гашека) - 2 пар | Елизаветенское шоссе - 1 пар | 44: Бисертская - 1 пар",19.0,data\product_images\aeaa9283a8fe.png,4.0,1.0,0.0,3.0,2.0,3.0,1.0,2.0,0.0,3.0
Обувь,IB6555-100,Кроссовки мужские Nike Vapor 12 - Sail/Turf Orange/Blue Ribbon Heather/Black,Nike,21990 ₽,https://saletennis.com/catalog/product/krossovki-muzhskiie-nike-vapor-12-sail-turf-orange-blue-ribbon-heather-black-19026,41: Соболева - 1 пар | 42: Тюмень (Народная) - 1 пар,2.0,data\product_images\61f18bd31945.png,0.0,0.0,0.0,1.0,0.0,0.0,0.0,1.0,0.0,0.0
Обувь,1042A220-500,Кроссовки женские Asics Court FF 3 - Indigo Fog/White,Asics,12920 ₽,https://saletennis.com/catalog/product/krossovki-zhienskiie-asics-court-ff-3-indigo-fog-white-17802,"40,5: Санкт-Петербург (Спортивная) - 1 пар",1.0,data\product_images\2fccb54275d9.png,0.0,1.0,0.0,0.0,0.0,0.0,0.0,0.0,0.0,0.0
Обувь,FZ2155-402,Кроссовки мужские Nike Court Vapor Lite 3 HC - Hydrogen Blue/Midnight Navy/Hot Lava,Nike,10090 ₽,https://saletennis.com/catalog/product/krossovki-muzhskiie-nike-court-vapor-lite-3-hc-hydrogen-blue-midnight-navy-hot-lava-19016,"44: Ижевск - 1 пар | Уфа - 1 пар | 44,5: Уфа - 1 пар",3.0,data\product_images\925abd3e5743.png,0.0,0.0,0.0,0.0,0.0,0.0,0.0,0.0,2.0,1.0
Обувь,TSPINS2612OM,Кроссовки мужские Joma Spin Padel - Grey/Blue,Joma,7992 ₽,https://saletennis.com/catalog/product/krossovki-muzhskiie-joma-spin-padel-grey-blue-18728,"42: Тюмень (Народная) - 1 пар | 42,5: Ижевск - 1 пар | Тюмень (Народная) - 1 пар | 43: Ижевск - 1 пар | Основной склад Екатеринбург - 2 пар | Уфа - 1 пар | Соболева - 2 пар | 44: Ижевск - 1 пар | Уфа - 1 пар | Соболева - 1 пар | 45: Соболева - 1 пар | Ижевск - 1 пар",14.0,data\product_images\3cddd200c9cb.png,0.0,0.0,2.0,4.0,0.0,0.0,0.0,2.0,2.0,4.0
Обувь,275314-BNBK,Кроссовки детские Head Sprint 3.5 Junior - Banana/Black,Head,6877 ₽,https://saletennis.com/catalog/product/krossovki-dietskiie-head-sprint-3-5-junior-banana-black-15595,"38: Санкт-Петербург (Спортивная) - 1 пар | Уфа - 1 пар | 38,5: Тюмень (Народная) - 1 пар | Парина - 1 пар | 40: Ижевск - 1 пар",5.0,data\product_images\b5da9d6faca4.png,0.0,1.0,0.0,0.0,1.0,0.0,0.0,1.0,1.0,1.0
Обувь,273145-LINV,Кроссовки мужские Head Spint Pro 4.0 - Lime/Navy,Head,9490 ₽,https://saletennis.com/catalog/product/krossovki-muzhskiie-head-spint-pro-4-0-lime-navy-16980,"42,5: Соболева - 1 пар | Бисертская - 1 пар | Санкт-Петербург (Спортивная) - 2 пар | 43: Бисертская - 2 пар | Санкт-Петербург (Спортивная) - 1 пар | Соболева - 1 пар | Парина - 2 пар | 46,5: Парина - 1 пар",11.0,data\product_images\368f19c5c9fb.jpg,0.0,3.0,0.0,2.0,3.0,3.0,0.0,0.0,0.0,0.0
Обувь,FV5552-402,Кроссовки мужские Nike Court Air Zoom Vapor 12 HC - Midnight Navy/White,Nike,14490 ₽,https://saletennis.com/catalog/product/krossovki-muzhskiie-nike-court-air-zoom-vapor-12-hc-midnight-navy-white-18433,43: Парина - 1 пар | Уфа - 1 пар,2.0,data\product_images\20698ad878b9.png,0.0,0.0,0.0,0.0,1.0,0.0,0.0,0.0,1.0,0.0
Обувь,FZ2161-402,Кроссовки мужские Nike Vapor Pro 3 HC - Racer Blue/Black/White/Lightening,Nike,13490 ₽,https://saletennis.com/catalog/product/krossovki-muzhskiie-nike-vapor-pro-3-hc-racer-blue-black-white-lightening-18101,"42: Санкт-Петербург (Спортивная) - 1 пар | 42,5: Санкт-Петербург (Спортивная) - 1 пар | Соболева - 1 пар | 43: Санкт-Петербург (Спортивная) - 1 пар | 44,5: Тюмень (Народная) - 1 пар | Санкт-Петербург (Спортивная) - 1 пар | 45: Санкт-Петербург (Спортивная) - 1 пар | Тюмень (Народная) - 1 пар | Уфа - 1 пар",9.0,data\product_images\e6e96ca55403.png,0.0,5.0,0.0,1.0,0.0,0.0,0.0,2.0,1.0,0.0
Обувь,TACES2501C,Кроссовки мужские Joma Ace Pro Clay - Black/Orange/White,Joma,9490 ₽,https://saletennis.com/catalog/product/krossovki-muzhskiie-joma-ace-pro-clay-black-orange-white-17620,"43: Соболева - 1 пар | Ижевск - 1 пар | Парина - 1 пар | 43,5: Ижевск - 1 пар",4.0,data\product_images\8a92d403dc81.png,0.0,0.0,0.0,1.0,1.0,0.0,0.0,0.0,0.0,2.0
Обувь,274166-APVA,Кроссовки женские Head Sprint Pro 4.0 - Apricot/Vanilla,Head,12792 ₽,https://saletennis.com/catalog/product/krossovki-zhienskiie-head-sprint-pro-4-0-apricot-vanilla-18564,"38: Тюмень (Народная) - 1 пар | Санкт-Петербург (Спортивная) - 1 пар | 38,5: Тюмень (Народная) - 1 пар | 39: Парина - 1 пар | 40,5: Санкт-Петербург (Спортивная) - 1 пар",5.0,data\product_images\e81545e13ceb.png,0.0,2.0,0.0,0.0,1.0,0.0,0.0,2.0,0.0,0.0
Обувь,HV1488-100,Кроссовки мужские Nike Court Vapor 12 Hypersmash HC - White/Metallic Gold/Pure Platinum,Nike,15594 ₽,https://saletennis.com/catalog/product/krossovki-muzhskiie-nike-court-vapor-12-hypersmash-hc-white-metallic-gold-pure-platinum-18435,"42,5: Тюмень (Народная) - 1 пар | Парина - 1 пар | Санкт-Петербург (Спортивная) - 1 пар | 43: Ижевск - 1 пар | 44: Санкт-Петербург (Спортивная) - 1 пар",5.0,data\product_images\7151c4f91d20.png,0.0,2.0,0.0,0.0,1.0,0.0,0.0,1.0,0.0,1.0
Обувь,IQ6076-601,Кроссовки женские Nike Zoom GP Challenge 1.5 Premium HC - Pearl Pink/Chalk/Light Magenta,Nike,20490 ₽,https://saletennis.com/catalog/product/krossovki-zhienskiie-nike-zoom-gp-challenge-1-5-premium-hc-pearl-pink-chalk-light-magenta-19252,39: Ижевск - 1 пар,1.0,data\product_images\c4e02ea77cae.png,0.0,0.0,0.0,0.0,0.0,0.0,0.0,0.0,0.0,1.0
Обувь,275415-LINV,Кроссовки детские Head Sprint Court 4.0 Junior - Lime/Navy,Head,5824 ₽,https://saletennis.com/catalog/product/krossovki-dietskiie-head-sprint-court-4-0-junior-lime-navy-17410,40: Парина - 1 пар,1.0,data\product_images\e19adc1a24fd.png,0.0,0.0,0.0,0.0,1.0,0.0,0.0,0.0,0.0,0.0
Обувь,274415-TBCW,Кроссовки женские Head Sprint Team 4.0 Clay - Twilight Blue/Chalk White,Head,8902 ₽,https://saletennis.com/catalog/product/krossovki-zhienskiie-head-sprint-team-4-0-clay-twilight-blue-chalk-white-17422,"40,5: Бисертская - 1 пар",1.0,data\product_images\f3491b41e07f.png,0.0,0.0,0.0,0.0,0.0,1.0,0.0,0.0,0.0,0.0
Обувь,TSW101001-BKWH,Кроссовки Seven Six Sprint W - Black/White,Seven Six,3990 ₽,https://saletennis.com/catalog/product/krossovki-seven-six-sprint-w-black-white-15543,36: Соболева - 2 пар | Бисертская - 1 пар | Санкт-Петербург (Спортивная) - 1 пар | Тюмень - 1 пар | Парина - 2 пар | Тюмень (Народная) - 1 пар,8.0,data\product_images\bfc4aa3d6a98.png,0.0,1.0,0.0,2.0,2.0,1.0,0.0,2.0,0.0,0.0
Обувь,HV1485-100,Кроссовки мужские Nike Vapor Pro 3 HC Magnolia - White/Pure Platinum/Metallic Gold,Nike,13490 ₽,https://saletennis.com/catalog/product/krossovki-muzhskiie-nike-vapor-pro-3-hc-magnolia-white-pure-platinum-metallic-gold-18440,"44,5: Ижевск - 1 пар",1.0,data\product_images\9dd834da57c7.png,0.0,0.0,0.0,0.0,0.0,0.0,0.0,0.0,0.0,1.0
Обувь,TPOIS2531AC,Кроссовки мужские Joma T.Point - Black/Turquose,Joma,7868 ₽,https://saletennis.com/catalog/product/krossovki-muzhskiie-joma-t-point-black-turquose-17501,"43,5: Тюмень - 1 пар | Парина - 1 пар | 44: Тюмень - 1 пар",3.0,data\product_images\6e3917f23f60.png,0.0,0.0,0.0,0.0,1.0,0.0,0.0,2.0,0.0,0.0
Обувь,FV5552-001,Кроссовки мужские Nike Court Air Zoom Vapor 12 HC - Black/Dark Smoke Grey/White,Nike,17192 ₽,https://saletennis.com/catalog/product/krossovki-muzhskiie-nike-court-air-zoom-vapor-12-hc-black-dark-smoke-grey-white-17351,"41: Санкт-Петербург (Спортивная) - 1 пар | 42: Тюмень (Народная) - 1 пар | Санкт-Петербург (Спортивная) - 1 пар | Уфа - 1 пар | 42,5: Санкт-Петербург (Спортивная) - 2 пар | Бисертская - 1 пар | Ижевск - 2 пар | Парина - 1 пар | Тюмень (Народная) - 1 пар | 43: Ижевск - 2 пар | Соболева - 1 пар | Парина - 1 пар | Уфа - 2 пар | Бисертская - 1 пар | 44: Тюмень (Народная) - 1 пар | Уфа - 1 пар | Ижевск - 1 пар | 44,5: Ижевск - 1 пар | Санкт-Петербург (Спортивная) - 1 пар | 45: Ижевск - 1 пар | 45,5: Парина - 1 пар",25.0,data\product_images\3107e24e5e9a.png,0.0,5.0,0.0,1.0,3.0,2.0,0.0,3.0,4.0,7.0
Обувь,TACES2504C,Кроссовки мужские Joma Ace Pro Clay - Royal Blue,Joma,9368 ₽,https://saletennis.com/catalog/product/krossovki-muzhskiie-joma-ace-pro-clay-royal-blue-17622,"42,5: Бисертская - 1 пар | 43: Парина - 1 пар | 43,5: Тюмень (Народная) - 1 пар | Парина - 1 пар",4.0,data\product_images\eba18b1d347f.png,0.0,0.0,0.0,0.0,2.0,1.0,0.0,1.0,0.0,0.0
Обувь,FV5552-800,Кроссовки мужские Nike Court Air Zoom Vapor 12 HC - Apricot Agate,Nike,14990 ₽,https://saletennis.com/catalog/product/krossovki-muzhskiie-nike-court-air-zoom-vapor-12-hc-apricot-agate-17669,43: Парина - 1 пар,1.0,data\product_images\01e4afa74a2b.png,0.0,0.0,0.0,0.0,1.0,0.0,0.0,0.0,0.0,0.0
Обувь,TSETS2541AC,Кроссовки мужские Joma T.Set - Black/White,Joma,5618 ₽,https://saletennis.com/catalog/product/krossovki-muzhskiie-joma-t-set-black-white-17047,"40,5: Парина - 1 пар | 43: Парина - 1 пар | 43,5: Тюмень (Народная) - 1 пар",3.0,data\product_images\5b61d3d9442d.png,0.0,0.0,0.0,0.0,2.0,0.0,0.0,1.0,0.0,0.0
Обувь,61GC260314,Кроссовки мужские Mizuno Wave Enforce Tour 2 CC - Blue/White/Orange,Mizuno,17990 ₽,https://saletennis.com/catalog/product/krossovki-muzhskiie-mizuno-wave-enforce-tour-2-cc-blue-white-orange-19553,"41: Санкт-Петербург (Спортивная) - 1 пар | 42: Санкт-Петербург (Спортивная) - 1 пар | 42,5: Санкт-Петербург (Спортивная) - 1 пар | 43: Санкт-Петербург (Спортивная) - 1 пар | 44: Санкт-Петербург (Спортивная) - 1 пар | 44,5: Санкт-Петербург (Спортивная) - 1 пар | 45: Санкт-Петербург (Спортивная) - 1 пар | 46: Санкт-Петербург (Спортивная) - 1 пар",8.0,data\product_images\bc4e3bdbc98c.png,0.0,8.0,0.0,0.0,0.0,0.0,0.0,0.0,0.0,0.0
Обувь,275205-NVLI,Кроссовки детские Head Revolt Pro 4.5 Junior - Navy/Lime,Head,8092 ₽,https://saletennis.com/catalog/product/krossovki-dietskiie-head-revolt-pro-4-5-junior-navy-lime-17408,"33: Парина - 1 пар | 33,5: Парина - 1 пар | Санкт-Петербург (Спортивная) - 1 пар | 36,5: Тюмень (Народная) - 1 пар | Парина - 1 пар | 38,5: Парина - 1 пар",6.0,data\product_images\02f2e8ce9430.png,0.0,1.0,0.0,0.0,4.0,0.0,0.0,1.0,0.0,0.0
Обувь,TROLS2527AC,Кроссовки мужские Joma Roland - Petroleum,Joma,9368 ₽,https://saletennis.com/catalog/product/krossovki-muzhskiie-joma-roland-petroleum-17625,"42,5: Соболева - 1 пар | Тюмень (Народная) - 1 пар | Парина - 1 пар | 43: Парина - 1 пар | Соболева - 1 пар | 43,5: Бисертская - 1 пар | Парина - 1 пар | Соболева - 1 пар | Тюмень (Народная) - 1 пар | 44: Парина - 1 пар | 44,5: Парина - 1 пар",11.0,data\product_images\73887f8ccbb1.png,0.0,0.0,0.0,3.0,5.0,1.0,0.0,2.0,0.0,0.0
Обувь,273002-BKOR,Кроссовки мужские Head Spint Pro 3.5 SF - Black/Orange,Head,11990 ₽,https://saletennis.com/catalog/product/krossovki-muzhskiie-head-spint-pro-3-5-sf-black-orange-14412,"42,5: Соболева - 1 пар | Уфа - 1 пар | 44: Уфа - 1 пар",3.0,data\product_images\c35459bc3f6c.png,0.0,0.0,0.0,1.0,0.0,0.0,0.0,0.0,2.0,0.0
Обувь,HV1469-200,Кроссовки мужские Nike Vapor 12 Clay Premium - Light Violet Ore/Anthracite/Vast Grey,Nike,21490 ₽,https://saletennis.com/catalog/product/krossovki-muzhskiie-nike-vapor-12-clay-premium-light-violet-ore-anthracite-vast-grey-19227,"41: Соболева - 1 пар | 42: Ижевск - 1 пар | Санкт-Петербург (Спортивная) - 1 пар | 42,5: Ижевск - 1 пар | Соболева - 1 пар | Санкт-Петербург (Спортивная) - 1 пар | 43: Ижевск - 1 пар | Санкт-Петербург (Спортивная) - 1 пар | Соболева - 1 пар | Парина - 1 пар | 44: Соболева - 1 пар | Ижевск - 1 пар | 44,5: Соболева - 1 пар | Санкт-Петербург (Спортивная) - 1 пар | 45: Санкт-Петербург (Спортивная) - 1 пар | 45,5: Соболева - 1 пар | 46: Соболева - 1 пар",17.0,data\product_images\1d1e1a6ac985.png,0.0,5.0,0.0,7.0,1.0,0.0,0.0,0.0,0.0,4.0
Обувь,TS76-0116,Кроссовки мужские 7/6 Marble 2.0 - Green Blossom,7/6,6990 ₽,https://saletennis.com/catalog/product/krossovki-muzhskiie-7-6-marble-2-0-green-blossom-18241,"41: Санкт-Петербург (Ярослава Гашека) - 1 пар | 42: Елизаветенское шоссе - 1 пар | 43: Ижевск - 1 пар | Санкт-Петербург (Ярослава Гашека) - 1 пар | Соболева - 1 пар | Уфа - 1 пар | Елизаветенское шоссе - 1 пар | Тюмень (Народная) - 1 пар | Парина - 1 пар | Санкт-Петербург (Спортивная) - 1 пар | 43,5: Санкт-Петербург (Ярослава Гашека) - 1 пар | Елизаветенское шоссе - 1 пар | Уфа - 1 пар | Санкт-Петербург (Спортивная) - 1 пар | Парина - 1 пар | 44: Ижевск - 1 пар | Тюмень (Народная) - 1 пар | Санкт-Петербург (Спортивная) - 2 пар | Парина - 2 пар | Елизаветенское шоссе - 1 пар | Уфа - 1 пар | 44,5: Парина - 1 пар | Ижевск - 1 пар | Тюмень (Народная) - 1 пар | Санкт-Петербург (Ярослава Гашека) - 1 пар | Санкт-Петербург (Спортивная) - 1 пар | 45: Тюмень (Народная) - 1 пар | Уфа - 1 пар | Санкт-Петербург (Ярослава Гашека) - 1 пар | 46: Елизаветенское шоссе - 1 пар | 47: Парина - 1 пар",33.0,data\product_images\ff5341a91e3d.png,5.0,5.0,0.0,1.0,6.0,0.0,5.0,4.0,4.0,3.0
Обувь,DV2018-004,Кроссовки мужские Nike Court Vapor Light 2 - Black/Poison Green,Nike,8990 ₽,https://saletennis.com/catalog/product/krossovki-muzhskiie-nike-court-vapor-light-2-black-poison-green-15861,"42: Парина - 1 пар | Тюмень (Народная) - 1 пар | 42,5: Парина - 2 пар | Тюмень (Народная) - 1 пар | 43: Парина - 1 пар | 44: Парина - 1 пар | Соболева - 1 пар | 44,5: Парина - 1 пар",9.0,data\product_images\a86021cf096a.png,0.0,0.0,0.0,1.0,6.0,0.0,0.0,2.0,0.0,0.0
Обувь,273125-DBRD,Кроссовки мужские Head Spint Pro 4.0 - Dark Blue/Red,Head,10493 ₽,https://saletennis.com/catalog/product/krossovki-muzhskiie-head-spint-pro-4-0-dark-blue-red-16979,"42,5: Парина - 1 пар",1.0,data\product_images\4a8495112a69.jpg,0.0,0.0,0.0,0.0,1.0,0.0,0.0,0.0,0.0,0.0
Обувь,TS101001-WHBK,Кроссовки Seven Six Sprint - White/Black,Seven Six,3990 ₽,https://saletennis.com/catalog/product/krossovki-seven-six-sprint-white-black-15536,44: Парина - 1 пар | Соболева - 1 пар | Уфа - 1 пар | 45: Санкт-Петербург (Спортивная) - 1 пар | Бисертская - 1 пар | 46: Санкт-Петербург (Спортивная) - 1 пар,6.0,data\product_images\8f994d9ac64d.png,0.0,2.0,0.0,1.0,1.0,1.0,0.0,0.0,1.0,0.0
Обувь,FV5552-401,Кроссовки мужские Nike Court Air Zoom Vapor 12 HC - Racer Blue/Lightening/Deep Royal Blue,Nike,15490 ₽,https://saletennis.com/catalog/product/krossovki-muzhskiie-nike-court-air-zoom-vapor-12-hc-racer-blue-lightening-deep-royal-blue-18096,"43: Парина - 1 пар | Санкт-Петербург (Спортивная) - 1 пар | 45,5: Парина - 1 пар",3.0,data\product_images\f620b75bf99d.png,0.0,1.0,0.0,0.0,2.0,0.0,0.0,0.0,0.0,0.0
Обувь,KSL-313,Кроссовки детские 7/6 Leafy - Blue,7/6,5990 ₽,https://saletennis.com/catalog/product/krossovki-dietskiie-7-6-leafy-blue-18341,35: Санкт-Петербург (Спортивная) - 1 пар | Санкт-Петербург (Ярослава Гашека) - 1 пар | Тюмень (Народная) - 1 пар | Ижевск - 1 пар | 36: Санкт-Петербург (Ярослава Гашека) - 1 пар | Санкт-Петербург (Спортивная) - 1 пар | Парина - 2 пар | Уфа - 1 пар | 37: Санкт-Петербург (Ярослава Гашека) - 1 пар | Санкт-Петербург (Спортивная) - 1 пар | Соболева - 1 пар | Парина - 1 пар | Ижевск - 1 пар | Бисертская - 1 пар | 38: Соболева - 1 пар | Парина - 1 пар | Санкт-Петербург (Ярослава Гашека) - 1 пар | Бисертская - 1 пар,19.0,data\product_images\b801fc7a690b.png,4.0,3.0,0.0,2.0,4.0,2.0,0.0,1.0,1.0,2.0
Обувь,HQ6027-003,Кроссовки женские Nike Court Air Zoom Vapor 12 Clay - Light Silver/Black/Steam,Nike,20490 ₽,https://saletennis.com/catalog/product/krossovki-zhienskiie-nike-court-air-zoom-vapor-12-clay-light-silver-black-steam-19202,"38: Парина - 1 пар | Санкт-Петербург (Спортивная) - 1 пар | 38,5: Соболева - 1 пар | Парина - 1 пар | 39: Тюмень (Народная) - 1 пар | Парина - 1 пар | 40,5: Парина - 1 пар | Санкт-Петербург (Спортивная) - 1 пар | 41: Соболева - 1 пар | Санкт-Петербург (Спортивная) - 1 пар",10.0,data\product_images\dbc53b5cb800.png,0.0,3.0,0.0,2.0,4.0,0.0,0.0,1.0,0.0,0.0
Обувь,TPOIS2531C,Кроссовки мужские Joma T.Point Clay - Black/Turquose,Joma,7868 ₽,https://saletennis.com/catalog/product/krossovki-muzhskiie-joma-t-point-clay-black-turquose-17502,"43,5: Парина - 1 пар",1.0,data\product_images\5b35e51e2b28.png,0.0,0.0,0.0,0.0,1.0,0.0,0.0,0.0,0.0,0.0
Обувь,274246-LBDB,Кроссовки женские Head Revolt Pro 5.0 - Light Blue/Dark Blue,Head,12952 ₽,https://saletennis.com/catalog/product/krossovki-zhienskiie-head-revolt-pro-5-0-light-blue-dark-blue-18563,"38,5: Соболева - 2 пар",2.0,data\product_images\ac011d42f88f.png,0.0,0.0,0.0,2.0,0.0,0.0,0.0,0.0,0.0,0.0
Обувь,FZ2158-001,Кроссовки женские Nike Vapor Pro 3 HC - Black/White,Nike,17990 ₽,https://saletennis.com/catalog/product/krossovki-zhienskiie-nike-vapor-pro-3-hc-black-white-17681,"38: Ижевск - 1 пар | Уфа - 1 пар | 38,5: Уфа - 1 пар | 39: Бисертская - 1 пар | Ижевск - 1 пар | Тюмень (Народная) - 1 пар | 40: Уфа - 1 пар | Соболева - 1 пар | 40,5: Уфа - 2 пар | Соболева - 2 пар | Бисертская - 1 пар | Парина - 1 пар | 41: Тюмень (Народная) - 1 пар | Уфа - 1 пар | Парина - 1 пар | Соболева - 2 пар | 42: Парина - 1 пар | Тюмень (Народная) - 1 пар | 42,5: Санкт-Петербург (Спортивная) - 1 пар | Парина - 1 пар | 43: Санкт-Петербург (Спортивная) - 1 пар",24.0,data\product_images\dde4f2b177e0.png,0.0,2.0,0.0,5.0,4.0,2.0,0.0,3.0,6.0,2.0
Обувь,HQ6026-003,Кроссовки мужские Nike Court Air Zoom Vapor 12 Clay - Light Silver/Steam/White/Black,Nike,20490 ₽,https://saletennis.com/catalog/product/krossovki-muzhskiie-nike-court-air-zoom-vapor-12-clay-light-silver-steam-white-black-19206,"41: Парина - 1 пар | 42: Санкт-Петербург (Спортивная) - 1 пар | Ижевск - 1 пар | 42,5: Ижевск - 1 пар | 43: Парина - 1 пар | Ижевск - 1 пар | 44: Ижевск - 1 пар | Парина - 1 пар | 44,5: Парина - 1 пар | 45: Парина - 1 пар | 45,5: Санкт-Петербург (Спортивная) - 1 пар",11.0,data\product_images\93409f58c67a.png,0.0,2.0,0.0,0.0,5.0,0.0,0.0,0.0,0.0,4.0
Обувь,274405-TBCW,Кроссовки женские Head Sprint Team 4.0 - Twilight Blue/Chalk White,Head,8902 ₽,https://saletennis.com/catalog/product/krossovki-zhienskiie-head-sprint-team-4-0-twilight-blue-chalk-white-17420,"38,5: Парина - 1 пар | Бисертская - 1 пар | Соболева - 1 пар",3.0,data\product_images\b358daa55c6c.png,0.0,0.0,0.0,1.0,1.0,1.0,0.0,0.0,0.0,0.0
Обувь,FZ2155-001,Кроссовки мужские Nike Court Vapor Lite 3 HC - Black/White,Nike,8993 ₽,https://saletennis.com/catalog/product/krossovki-muzhskiie-nike-court-vapor-lite-3-hc-black-white-17353,"42: Соболева - 1 пар | Парина - 1 пар | Уфа - 2 пар | Тюмень (Народная) - 2 пар | Санкт-Петербург (Спортивная) - 1 пар | Ижевск - 1 пар | 42,5: Санкт-Петербург (Спортивная) - 1 пар | Бисертская - 1 пар | Уфа - 1 пар | Ижевск - 1 пар | Соболева - 1 пар | Тюмень (Народная) - 3 пар | 43: Соболева - 1 пар | Уфа - 2 пар | Ижевск - 2 пар | Бисертская - 1 пар | Санкт-Петербург (Спортивная) - 2 пар | 44: Тюмень (Народная) - 2 пар | Соболева - 1 пар | Уфа - 3 пар | Санкт-Петербург (Спортивная) - 1 пар | Парина - 2 пар | Ижевск - 2 пар | 44,5: Тюмень (Народная) - 1 пар | Парина - 1 пар | Уфа - 1 пар | Бисертская - 1 пар | Соболева - 1 пар | 45: Бисертская - 1 пар | Парина - 2 пар | Уфа - 1 пар | 45,5: Парина - 1 пар | Тюмень (Народная) - 1 пар",46.0,data\product_images\1d7624063af2.png,0.0,5.0,0.0,5.0,7.0,4.0,0.0,9.0,10.0,6.0
Обувь,273415-DBRD,Кроссовки мужские Head Sprint Team 4.0 Clay - Dark Blue/Red,Head,7693 ₽,https://saletennis.com/catalog/product/krossovki-muzhskiie-head-sprint-team-4-0-clay-dark-blue-red-17432,"42: Парина - 1 пар | Бисертская - 2 пар | Соболева - 1 пар | 42,5: Парина - 1 пар | Бисертская - 1 пар | Санкт-Петербург (Спортивная) - 1 пар | 43: Парина - 1 пар | Санкт-Петербург (Спортивная) - 1 пар",9.0,data\product_images\0e4d35ed3b56.png,0.0,2.0,0.0,1.0,3.0,3.0,0.0,0.0,0.0,0.0
Обувь,275516-RDDR,Кроссовки детские Head Sprint Velcro 4.0 - Red/Dark Red,Head,7490 ₽,https://saletennis.com/catalog/product/krossovki-dietskiie-head-sprint-velcro-4-0-red-dark-red-18578,"27: Тюмень (Народная) - 1 пар | 27,5: Уфа - 1 пар | Тюмень (Народная) - 1 пар | 28: Уфа - 1 пар | 34,5: Парина - 1 пар | 35: Парина - 1 пар",6.0,data\product_images\75d39f0aff69.png,0.0,0.0,0.0,0.0,2.0,0.0,0.0,2.0,2.0,0.0
Обувь,273226-RDDR,Кроссовки мужские Head Revolt Pro 5.0 - Red/Dark Red,Head,14990 ₽,https://saletennis.com/catalog/product/krossovki-muzhskiie-head-revolt-pro-5-0-red-dark-red-18569,42: Санкт-Петербург (Спортивная) - 1 пар,1.0,data\product_images\1216fe7a84ae.png,0.0,1.0,0.0,0.0,0.0,0.0,0.0,0.0,0.0,0.0
Обувь,HQ6034-003,Кроссовки мужские Nike Vapor Pro 3 Clay - Light Silver/Black,Nike,16990 ₽,https://saletennis.com/catalog/product/krossovki-muzhskiie-nike-vapor-pro-3-clay-light-silver-black-19228,"42: Ижевск - 1 пар | Бисертская - 1 пар | 42,5: Ижевск - 1 пар | 43: Бисертская - 1 пар | 44: Ижевск - 2 пар | Бисертская - 1 пар | 44,5: Ижевск - 1 пар | 45: Ижевск - 1 пар",9.0,data\product_images\73d88a72027e.png,0.0,0.0,0.0,0.0,0.0,3.0,0.0,0.0,0.0,6.0
Обувь,273404-BBWH,Кроссовки мужские Head Sprint Team 3.5 - Blueberry/White,Head,7493 ₽,https://saletennis.com/catalog/product/krossovki-muzhskiie-head-sprint-team-3-5-blueberry-white-15656,"43: Парина - 1 пар | Бисертская - 1 пар | 44,5: Уфа - 1 пар",3.0,data\product_images\9d44e1c8bf91.png,0.0,0.0,0.0,0.0,1.0,1.0,0.0,0.0,1.0,0.0
Обувь,FZ2155-800,Кроссовки мужские Nike Court Vapor Lite 3 HC - Apricot Agate,Nike,7990 ₽,https://saletennis.com/catalog/product/krossovki-muzhskiie-nike-court-vapor-lite-3-hc-apricot-agate-17671,"42: Тюмень (Народная) - 1 пар | Парина - 1 пар | Соболева - 1 пар | 42,5: Тюмень (Народная) - 1 пар | 43: Тюмень (Народная) - 1 пар | Уфа - 1 пар | 44,5: Парина - 1 пар",7.0,data\product_images\98b9953b128e.png,0.0,0.0,0.0,1.0,2.0,0.0,0.0,3.0,1.0,0.0
Обувь,HQ6030-501,Кроссовки женские Nike Vapor Pro 3 Clay - Light Thistle/Black/Sapphire,Nike,16990 ₽,https://saletennis.com/catalog/product/krossovki-zhienskiie-nike-vapor-pro-3-clay-light-thistle-black-sapphire-19023,41: Ижевск - 1 пар,1.0,data\product_images\12e320eca4ca.png,0.0,0.0,0.0,0.0,0.0,0.0,0.0,0.0,0.0,1.0
Обувь,IH1705-601,Кроссовки женские Nike Court Air Zoom Vapor 12 Clay - Pearl Pink/Chalk/Light Magenta,Nike,21490 ₽,https://saletennis.com/catalog/product/krossovki-zhienskiie-nike-court-air-zoom-vapor-12-clay-pearl-pink-chalk-light-magenta-19225,"38: Парина - 1 пар | Санкт-Петербург (Спортивная) - 1 пар | 38,5: Парина - 1 пар | Санкт-Петербург (Спортивная) - 1 пар | 40,5: Парина - 1 пар",5.0,data\product_images\d769029e17a5.png,0.0,2.0,0.0,0.0,3.0,0.0,0.0,0.0,0.0,0.0
Обувь,275506-BBTE,Кроссовки детские Head Sprint Velcro 4.0 - Blueberry/Teal,Head,7490 ₽,https://saletennis.com/catalog/product/krossovki-dietskiie-head-sprint-velcro-4-0-blueberry-teal-18577,"27: Парина - 1 пар | Соболева - 1 пар | 27,5: Соболева - 1 пар | Парина - 1 пар | 28: Соболева - 1 пар | Санкт-Петербург (Спортивная) - 1 пар | Парина - 1 пар | 31,5: Тюмень (Народная) - 1 пар | 33: Санкт-Петербург (Спортивная) - 1 пар | 33,5: Парина - 1 пар | Тюмень (Народная) - 1 пар",11.0,data\product_images\6aca89261479.png,0.0,2.0,0.0,3.0,4.0,0.0,0.0,2.0,0.0,0.0
Обувь,TS76-1264,Кроссовки мужские 7/6 Marble 2.0 - Orange Blossom,7/6,6990 ₽,https://saletennis.com/catalog/product/krossovki-muzhskiie-7-6-marble-2-0-orange-blossom-18250,"41: Санкт-Петербург (Ярослава Гашека) - 1 пар | Санкт-Петербург (Спортивная) - 1 пар | 42: Бисертская - 1 пар | Тюмень (Народная) - 1 пар | Соболева - 1 пар | Елизаветенское шоссе - 1 пар | Ижевск - 1 пар | Уфа - 1 пар | Парина - 1 пар | Санкт-Петербург (Спортивная) - 1 пар | 42,5: Санкт-Петербург (Ярослава Гашека) - 1 пар | Елизаветенское шоссе - 1 пар | Ижевск - 1 пар | Санкт-Петербург (Спортивная) - 1 пар | Бисертская - 1 пар | Соболева - 1 пар | Парина - 1 пар | 43: Ижевск - 1 пар | Тюмень (Народная) - 1 пар | Соболева - 1 пар | Санкт-Петербург (Ярослава Гашека) - 1 пар | Парина - 1 пар | Елизаветенское шоссе - 1 пар | Санкт-Петербург (Спортивная) - 1 пар | Бисертская - 1 пар | Основной склад Екатеринбург - 1 пар | 43,5: Елизаветенское шоссе - 1 пар | Уфа - 1 пар | Ижевск - 1 пар | Бисертская - 1 пар | Тюмень (Народная) - 1 пар | Парина - 1 пар | Санкт-Петербург (Ярослава Гашека) - 1 пар | Соболева - 1 пар | Санкт-Петербург (Спортивная) - 2 пар | 44: Бисертская - 1 пар | Соболева - 1 пар | Елизаветенское шоссе - 1 пар | Тюмень (Народная) - 1 пар | Парина - 1 пар | Санкт-Петербург (Ярослава Гашека) - 1 пар | Санкт-Петербург (Спортивная) - 1 пар | Ижевск - 1 пар | 44,5: Парина - 1 пар | Санкт-Петербург (Ярослава Гашека) - 1 пар | Санкт-Петербург (Спортивная) - 1 пар | Бисертская - 1 пар | Тюмень (Народная) - 1 пар | Ижевск - 1 пар | Соболева - 1 пар | 45: Парина - 2 пар | Ижевск - 1 пар | Санкт-Петербург (Спортивная) - 1 пар | Соболева - 1 пар | Уфа - 1 пар | Елизаветенское шоссе - 1 пар",58.0,data\product_images\bd5381447c11.png,6.0,9.0,1.0,7.0,8.0,6.0,6.0,5.0,3.0,7.0
Обувь,TS76-0201,Кроссовки мужские 7/6 Marble 2.0 - Dark Grey,7/6,11990 ₽,https://saletennis.com/catalog/product/krossovki-muzhskiie-7-6-marble-2-0-dark-grey-18734,"41: Елизаветенское шоссе - 1 пар | Парина - 1 пар | Соболева - 1 пар | Санкт-Петербург (Ярослава Гашека) - 1 пар | Санкт-Петербург (Спортивная) - 1 пар | Ижевск - 1 пар | 42: Санкт-Петербург (Ярослава Гашека) - 1 пар | Тюмень (Народная) - 1 пар | Ижевск - 1 пар | Уфа - 1 пар | Парина - 1 пар | Санкт-Петербург (Спортивная) - 1 пар | Бисертская - 1 пар | Елизаветенское шоссе - 1 пар | 42,5: Парина - 2 пар | Елизаветенское шоссе - 1 пар | Санкт-Петербург (Спортивная) - 1 пар | Бисертская - 1 пар | Соболева - 1 пар | Тюмень (Народная) - 1 пар | Санкт-Петербург (Ярослава Гашека) - 1 пар | 43: Бисертская - 1 пар | Ижевск - 1 пар | Елизаветенское шоссе - 1 пар | Основной склад Екатеринбург - 2 пар | Санкт-Петербург (Спортивная) - 2 пар | Тюмень (Народная) - 1 пар | Парина - 1 пар | Уфа - 1 пар | Санкт-Петербург (Ярослава Гашека) - 1 пар | Соболева - 1 пар | Тюмень - 1 пар | 43,5: Уфа - 1 пар | Санкт-Петербург (Спортивная) - 1 пар | Тюмень (Народная) - 1 пар | Основной склад Екатеринбург - 2 пар | Ижевск - 1 пар | Бисертская - 1 пар | Соболева - 1 пар | Тюмень - 1 пар | Парина - 1 пар | Санкт-Петербург (Ярослава Гашека) - 1 пар | Елизаветенское шоссе - 2 пар | 44: Уфа - 1 пар | Санкт-Петербург (Ярослава Гашека) - 1 пар | Бисертская - 1 пар | Елизаветенское шоссе - 1 пар | Тюмень - 1 пар | Соболева - 1 пар | Ижевск - 1 пар | Тюмень (Народная) - 1 пар | Парина - 1 пар | Основной склад Екатеринбург - 3 пар | Санкт-Петербург (Спортивная) - 1 пар | 44,5: Уфа - 1 пар | Санкт-Петербург (Спортивная) - 1 пар | Ижевск - 1 пар | Соболева - 1 пар | Основной склад Екатеринбург - 1 пар | Санкт-Петербург (Ярослава Гашека) - 1 пар | Елизаветенское шоссе - 1 пар | Тюмень (Народная) - 1 пар | Парина - 1 пар | Бисертская - 1 пар | 45: Бисертская - 1 пар | Елизаветенское шоссе - 1 пар | Парина - 1 пар | Тюмень - 1 пар | Ижевск - 1 пар | Санкт-Петербург (Ярослава Гашека) - 1 пар | Тюмень (Народная) - 1 пар | Уфа - 1 пар | Санкт-Петербург (Спортивная) - 1 пар | 47: Тюмень (Народная) - 1 пар | Бисертская - 1 пар | Санкт-Петербург (Спортивная) - 1 пар",83.0,data\product_images\a56ec108d55b.png,8.0,10.0,8.0,6.0,9.0,8.0,9.0,12.0,6.0,7.0
Обувь,HQ6026-403,Кроссовки мужские Nike Court Air Zoom Vapor 12 Clay - University Blue/Midnight Navy,Nike,20490 ₽,https://saletennis.com/catalog/product/krossovki-muzhskiie-nike-court-air-zoom-vapor-12-clay-university-blue-midnight-navy-19015,"41: Парина - 1 пар | 42: Санкт-Петербург (Спортивная) - 1 пар | 42,5: Уфа - 1 пар | Ижевск - 1 пар | 43: Уфа - 1 пар | Парина - 1 пар | Санкт-Петербург (Спортивная) - 1 пар | 44: Парина - 1 пар | Санкт-Петербург (Спортивная) - 1 пар | Уфа - 1 пар | 44,5: Парина - 1 пар | Санкт-Петербург (Спортивная) - 1 пар | 45: Санкт-Петербург (Спортивная) - 1 пар | Парина - 1 пар | 45,5: Парина - 1 пар",15.0,data\product_images\42afe2ed93af.png,0.0,5.0,0.0,0.0,6.0,0.0,0.0,0.0,3.0,1.0
Обувь,TROLLS2505AC,Кроссовки женские Joma Roland Lady - White/Mint,Joma,9992 ₽,https://saletennis.com/catalog/product/krossovki-zhienskiie-joma-roland-lady-white-mint-17623,"40,5: Парина - 1 пар",1.0,data\product_images\3d5afd6cea5a.png,0.0,0.0,0.0,0.0,1.0,0.0,0.0,0.0,0.0,0.0
Обувь,TACLS2501C,Кроссовки женские Joma Ace Lady Clay - Black,Joma,9992 ₽,https://saletennis.com/catalog/product/krossovki-zhienskiie-joma-ace-lady-clay-black-17616,38: Тюмень (Народная) - 1 пар | Тюмень - 1 пар,2.0,data\product_images\1b442afac8bb.png,0.0,0.0,0.0,0.0,0.0,0.0,0.0,2.0,0.0,0.0
Обувь,FV5554-106,Кроссовки женские Nike Court Air Zoom Vapor 12 HC - White/Cannon,Nike,20990 ₽,https://saletennis.com/catalog/product/krossovki-zhienskiie-nike-court-air-zoom-vapor-12-hc-white-cannon-18292,"40,5: Парина - 1 пар",1.0,data\product_images\0cdaf8879ca5.png,0.0,0.0,0.0,0.0,1.0,0.0,0.0,0.0,0.0,0.0
Обувь,275326-BBTE,Кроссовки детские Head Sprint Pro 4.0 - Blueberry/Teal,Head,8490 ₽,https://saletennis.com/catalog/product/krossovki-dietskiie-head-sprint-pro-4-0-blueberry-teal-18576,"33,5: Парина - 1 пар | 34,5: Санкт-Петербург (Спортивная) - 1 пар | 36,5: Соболева - 1 пар | Тюмень (Народная) - 1 пар | 38,5: Парина - 1 пар | Санкт-Петербург (Спортивная) - 1 пар | Тюмень (Народная) - 1 пар | 40: Соболева - 1 пар",8.0,data\product_images\075036b17b16.png,0.0,2.0,0.0,2.0,2.0,0.0,0.0,2.0,0.0,0.0
Обувь,TSETS2501AC,Кроссовки мужские Joma T.Set - Black/Turquose,Joma,5618 ₽,https://saletennis.com/catalog/product/krossovki-muzhskiie-joma-t-set-black-turquose-17503,"42,5: Ижевск - 1 пар | 43,5: Санкт-Петербург (Спортивная) - 1 пар | Ижевск - 1 пар",3.0,data\product_images\b6e7ed85ca17.jpg,0.0,1.0,0.0,0.0,0.0,0.0,0.0,0.0,0.0,2.0
Обувь,IB6560-700,Кроссовки женские Nike Zoom GP Challenge Pro HC - Volt Tint/Lab Green/White/Sapphire,Nike,13490 ₽,https://saletennis.com/catalog/product/krossovki-zhienskiie-nike-zoom-gp-challenge-pro-hc-volt-tint-lab-green-white-sapphire-19025,41: Уфа - 1 пар,1.0,data\product_images\2adc2def41ac.png,0.0,0.0,0.0,0.0,0.0,0.0,0.0,0.0,1.0,0.0
Обувь,KSL-205,Кроссовки детские 7/6 Leafy - Lemon,7/6,5990 ₽,https://saletennis.com/catalog/product/krossovki-dietskiie-7-6-leafy-lemon-18342,35: Тюмень (Народная) - 1 пар | 36: Санкт-Петербург (Ярослава Гашека) - 1 пар | Ижевск - 1 пар | Уфа - 1 пар | Санкт-Петербург (Спортивная) - 1 пар | Парина - 2 пар | 37: Уфа - 1 пар | Тюмень (Народная) - 1 пар | Соболева - 1 пар | Санкт-Петербург (Спортивная) - 1 пар | Санкт-Петербург (Ярослава Гашека) - 1 пар | Парина - 1 пар | 38: Санкт-Петербург (Ярослава Гашека) - 1 пар | Уфа - 1 пар | Соболева - 1 пар | Парина - 2 пар | Санкт-Петербург (Спортивная) - 1 пар,19.0,data\product_images\d0c34676ccdd.png,3.0,3.0,0.0,2.0,5.0,0.0,0.0,2.0,3.0,1.0
Обувь,HQ6034-001,Кроссовки мужские Nike Vapor Pro 3 Clay - Black/White,Nike,17490 ₽,https://saletennis.com/catalog/product/krossovki-muzhskiie-nike-vapor-pro-3-clay-black-white-18109,"42,5: Санкт-Петербург (Спортивная) - 1 пар | Уфа - 1 пар",2.0,data\product_images\08fc430d3161.png,0.0,1.0,0.0,0.0,0.0,0.0,0.0,0.0,1.0,0.0
Обувь,273435-NVLI,Кроссовки мужские Head Sprint Team 4.0 Clay - Navy/Lime,Head,8243 ₽,https://saletennis.com/catalog/product/krossovki-muzhskiie-head-sprint-team-4-0-clay-navy-lime-17433,44: Бисертская - 1 пар,1.0,data\product_images\5a9132ca55ff.png,0.0,0.0,0.0,0.0,0.0,1.0,0.0,0.0,0.0,0.0
Обувь,273113-BKRD,Кроссовки мужские Head Spint Pro 3.5 Clay - Black/Red,Head,11592 ₽,https://saletennis.com/catalog/product/krossovki-muzhskiie-head-spint-pro-3-5-clay-black-red-14705,42: Бисертская - 3 пар | 43: Бисертская - 2 пар,5.0,data\product_images\37f00836e199.png,0.0,0.0,0.0,0.0,0.0,5.0,0.0,0.0,0.0,0.0
Обувь,IQ5181-300,Кроссовки мужские Nike Zoom GP Challenge 1.5 HC - Saffron Quartz/Olive Flak/Sail/Black,Nike,20490 ₽,https://saletennis.com/catalog/product/krossovki-muzhskiie-nike-zoom-gp-challenge-1-5-hc-saffron-quartz-olive-flak-sail-black-19040,"41: Парина - 1 пар | 42: Парина - 1 пар | 42,5: Тюмень (Народная) - 1 пар | 43: Тюмень (Народная) - 1 пар | 44,5: Тюмень (Народная) - 1 пар",5.0,data\product_images\2ca3458c5fa0.png,0.0,0.0,0.0,0.0,2.0,0.0,0.0,3.0,0.0,0.0
Обувь,61GA247060,Кроссовки мужские Mizuno Wave Exceed Tour 6 AC - White/Fiery Coral/Citrus,Mizuno,18490 ₽,https://saletennis.com/catalog/product/krossovki-muzhskiie-mizuno-wave-exceed-tour-6-ac-white-fiery-coral-citrus-18040,41: Парина - 1 пар | 43: Парина - 1 пар,2.0,data\product_images\8b379bff2baa.png,0.0,0.0,0.0,0.0,2.0,0.0,0.0,0.0,0.0,0.0
Обувь,273105-BKWH,Кроссовки мужские Head Sprint Pro 4.0 SF - Black/White,Head,14167 ₽,https://saletennis.com/catalog/product/krossovki-muzhskiie-head-sprint-pro-4-0-sf-black-white-17429,42: Парина - 1 пар,1.0,data\product_images\785e98f1fc52.png,0.0,0.0,0.0,0.0,1.0,0.0,0.0,0.0,0.0,0.0
Обувь,FV5554-300,Кроссовки женские Nike Court Air Zoom Vapor 12 HC - Light Liquid Lime/Sapphire/Volt,Nike,20490 ₽,https://saletennis.com/catalog/product/krossovki-zhienskiie-nike-court-air-zoom-vapor-12-hc-light-liquid-lime-sapphire-volt-19009,39: Ижевск - 1 пар | Парина - 1 пар,2.0,data\product_images\ca02ca82e9b5.png,0.0,0.0,0.0,0.0,1.0,0.0,0.0,0.0,0.0,1.0
Обувь,KSB-201,Кроссовки детские 7/6 Bimby – Light Grey,7/6,3990 ₽,https://saletennis.com/catalog/product/krossovki-dietskiie-7-6-bimby-light-grey-18378,26: Ижевск - 1 пар | Санкт-Петербург (Спортивная) - 1 пар | Уфа - 1 пар | Санкт-Петербург (Ярослава Гашека) - 1 пар | 27: Уфа - 1 пар | Санкт-Петербург (Ярослава Гашека) - 1 пар | Ижевск - 1 пар | Санкт-Петербург (Спортивная) - 1 пар | 28: Санкт-Петербург (Ярослава Гашека) - 1 пар | Ижевск - 1 пар | Санкт-Петербург (Спортивная) - 1 пар | Бисертская - 1 пар | Уфа - 1 пар | 29: Ижевск - 1 пар | Парина - 1 пар | Санкт-Петербург (Спортивная) - 1 пар | Санкт-Петербург (Ярослава Гашека) - 1 пар | Тюмень (Народная) - 1 пар | 30: Тюмень (Народная) - 1 пар | 31: Уфа - 1 пар | Санкт-Петербург (Ярослава Гашека) - 1 пар | Соболева - 1 пар | Бисертская - 1 пар | Тюмень (Народная) - 1 пар | Парина - 1 пар | Санкт-Петербург (Спортивная) - 1 пар | 32: Уфа - 1 пар | Ижевск - 1 пар | Соболева - 1 пар | Парина - 1 пар | Основной склад Екатеринбург - 2 пар | Санкт-Петербург (Ярослава Гашека) - 1 пар | Санкт-Петербург (Спортивная) - 1 пар | Бисертская - 1 пар | Тюмень (Народная) - 1 пар | 33: Тюмень (Народная) - 1 пар | Уфа - 1 пар | Ижевск - 1 пар | Парина - 1 пар | Санкт-Петербург (Ярослава Гашека) - 1 пар | Основной склад Екатеринбург - 2 пар | Соболева - 1 пар | Бисертская - 1 пар | Санкт-Петербург (Спортивная) - 1 пар | 34: Бисертская - 1 пар | Парина - 1 пар | Тюмень (Народная) - 1 пар | Соболева - 1 пар | Санкт-Петербург (Ярослава Гашека) - 1 пар | Санкт-Петербург (Спортивная) - 1 пар | Ижевск - 1 пар | Основной склад Екатеринбург - 2 пар | Уфа - 1 пар | 35: Ижевск - 1 пар | Соболева - 1 пар | Парина - 1 пар | Основной склад Екатеринбург - 3 пар | Уфа - 1 пар | Санкт-Петербург (Ярослава Гашека) - 1 пар | Тюмень (Народная) - 1 пар | Санкт-Петербург (Спортивная) - 1 пар | Бисертская - 1 пар | 36: Соболева - 1 пар | Бисертская - 1 пар | Тюмень (Народная) - 1 пар | Уфа - 1 пар | Основной склад Екатеринбург - 1 пар | Парина - 1 пар | Санкт-Петербург (Спортивная) - 1 пар | Ижевск - 1 пар | Санкт-Петербург (Ярослава Гашека) - 1 пар,76.0,data\product_images\9ab2d0264c24.png,10.0,10.0,10.0,6.0,7.0,7.0,0.0,8.0,9.0,9.0
Обувь,TSMAS2532C,Кроссовки мужские Joma Smash Clay - White/Blue,Joma,8618 ₽,https://saletennis.com/catalog/product/krossovki-muzhskiie-joma-smash-clay-white-blue-17627,43: Ижевск - 1 пар,1.0,data\product_images\7aa854f2cc81.png,0.0,0.0,0.0,0.0,0.0,0.0,0.0,0.0,0.0,1.0
Обувь,273325-NVLI,Кроссовки мужские Head Revolt Evo 2.0 - Navy/Lime,Head,9990 ₽,https://saletennis.com/catalog/product/krossovki-muzhskiie-head-revolt-evo-2-0-navy-lime-16977,"42,5: Тюмень (Народная) - 1 пар | 43: Парина - 1 пар",2.0,data\product_images\7e5fc85df1b6.jpg,0.0,0.0,0.0,0.0,1.0,0.0,0.0,1.0,0.0,0.0
Обувь,IB2534-100,Кроссовки мужские Nike Court Air Zoom Vapor 12 HC - White/Hot Lava,Nike,15990 ₽,https://saletennis.com/catalog/product/krossovki-muzhskiie-nike-court-air-zoom-vapor-12-hc-white-hot-lava-18819,"42,5: Санкт-Петербург (Спортивная) - 1 пар | Парина - 1 пар | Ижевск - 1 пар",3.0,data\product_images\22bf50e90bea.png,0.0,1.0,0.0,0.0,1.0,0.0,0.0,0.0,0.0,1.0
Обувь,61GA227025,Кроссовки мужские Mizuno Wave Exceed Tour 5AC - Jetblue,Mizuno,13990 ₽,https://saletennis.com/catalog/product/krossovki-muzhskiie-mizuno-wave-exceed-tour-5ac-jetblue-15254,43: Парина - 1 пар,1.0,data\product_images\9ea0ccd0fbdc.png,0.0,0.0,0.0,0.0,1.0,0.0,0.0,0.0,0.0,0.0
Обувь,273163-FCBB,Кроссовки мужские Head Spint Pro 3.5 Clay - Fiery Coral/Blueberry,Head,11592 ₽,https://saletennis.com/catalog/product/krossovki-muzhskiie-head-spint-pro-3-5-clay-fiery-coral-blueberry-14706,"44,5: Бисертская - 1 пар",1.0,data\product_images\a78604632229.png,0.0,0.0,0.0,0.0,0.0,1.0,0.0,0.0,0.0,0.0
Обувь,TS76-4939,Кроссовки женские 7/6 Marble 2.0 - Blue Blossom,7/6,6990 ₽,https://saletennis.com/catalog/product/krossovki-zhienskiie-7-6-marble-2-0-blue-blossom-18246,35: Уфа - 1 пар | Санкт-Петербург (Спортивная) - 1 пар | 36: Санкт-Петербург (Ярослава Гашека) - 1 пар | Санкт-Петербург (Спортивная) - 1 пар | Уфа - 1 пар | 37: Ижевск - 1 пар | Санкт-Петербург (Ярослава Гашека) - 1 пар | Парина - 1 пар | Уфа - 1 пар | 39: Ижевск - 1 пар | Елизаветенское шоссе - 1 пар | 40: Парина - 1 пар,12.0,data\product_images\1a174c918a58.png,2.0,2.0,0.0,0.0,2.0,0.0,1.0,0.0,3.0,2.0
Обувь,FZ2161-401,Кроссовки мужские Nike Vapor Pro 3 HC - Psychic Blue/Black,Nike,13490 ₽,https://saletennis.com/catalog/product/krossovki-muzhskiie-nike-vapor-pro-3-hc-psychic-blue-black-18438,"42,5: Парина - 1 пар | Ижевск - 1 пар | 43: Уфа - 1 пар | Тюмень (Народная) - 1 пар | 44,5: Ижевск - 1 пар",5.0,data\product_images\ab5bffaa0d68.png,0.0,0.0,0.0,0.0,1.0,0.0,0.0,1.0,1.0,2.0
Обувь,273245-DBRD,Кроссовки мужские Head Revolt Pro 4.5 - Dark Blue/Red,Head,12142 ₽,https://saletennis.com/catalog/product/krossovki-muzhskiie-head-revolt-pro-4-5-dark-blue-red-17423,"44: Уфа - 1 пар | Парина - 1 пар | 44,5: Уфа - 1 пар",3.0,data\product_images\7a41cb0934df.png,0.0,0.0,0.0,0.0,1.0,0.0,0.0,0.0,2.0,0.0
Обувь,273414-BBWH,Кроссовки мужские Head Sprint Team 3.5 Clay - Blueberry/White,Head,7490 ₽,https://saletennis.com/catalog/product/krossovki-muzhskiie-head-sprint-team-3-5-clay-blueberry-white-15658,"42,5: Бисертская - 1 пар | 43: Тюмень - 1 пар | Соболева - 1 пар | 44: Бисертская - 1 пар",4.0,data\product_images\e6aa4f5b0e16.png,0.0,0.0,0.0,1.0,0.0,2.0,0.0,1.0,0.0,0.0
Обувь,FZ2155-400,Кроссовки мужские Nike Court Vapor Lite 3 HC - Thunder Blue,Nike,8618 ₽,https://saletennis.com/catalog/product/krossovki-muzhskiie-nike-court-vapor-lite-3-hc-thunder-blue-17672,"42: Тюмень (Народная) - 1 пар | 42,5: Тюмень (Народная) - 1 пар | 43: Санкт-Петербург (Спортивная) - 1 пар | Ижевск - 1 пар | 45: Соболева - 1 пар",5.0,data\product_images\7ee65e955e65.png,0.0,1.0,0.0,1.0,0.0,0.0,0.0,2.0,0.0,1.0
Обувь,61GA231828,Кроссовки мужские Mizuno Wave Exceed Light 2 AC - Mugen Blue,Mizuno,11618 ₽,https://saletennis.com/catalog/product/krossovki-muzhskiie-mizuno-wave-exceed-light-2-ac-mugen-blue-16741,43: Парина - 1 пар,1.0,data\product_images\eaefd1df3632.png,0.0,0.0,0.0,0.0,1.0,0.0,0.0,0.0,0.0,0.0
Обувь,TSETW2432AC,Кроссовки мужские Joma T.Set - White/Black,Joma,5993 ₽,https://saletennis.com/catalog/product/krossovki-muzhskiie-joma-t-set-white-black-16518,43: Парина - 1 пар,1.0,data\product_images\f4b91ff416f5.png,0.0,0.0,0.0,0.0,1.0,0.0,0.0,0.0,0.0,0.0
Обувь,HV1453-200,Кроссовки мужские Nike Vapor Pro 3 HC Premium - Light Violet Ore/Anthracite/Vast Grey/Barely,Nike,17990 ₽,https://saletennis.com/catalog/product/krossovki-muzhskiie-nike-vapor-pro-3-hc-premium-light-violet-ore-anthracite-vast-grey-barely-19230,"41: Парина - 1 пар | 42,5: Уфа - 1 пар | Парина - 1 пар | 43: Уфа - 1 пар | 44: Уфа - 1 пар | Тюмень (Народная) - 1 пар | 44,5: Тюмень (Народная) - 1 пар | Парина - 1 пар | 45: Парина - 1 пар | 45,5: Парина - 1 пар",10.0,data\product_images\907857c02988.png,0.0,0.0,0.0,0.0,5.0,0.0,0.0,2.0,3.0,0.0
Обувь,TSPILS2601OM,Кроссовки женские Joma Spin Lady - Black/Llime,Joma,7992 ₽,https://saletennis.com/catalog/product/krossovki-zhienskiie-joma-spin-lady-black-llime-18724,"37,5: Ижевск - 1 пар | 38,5: Санкт-Петербург (Спортивная) - 1 пар | Соболева - 1 пар | Уфа - 1 пар | 39: Соболева - 1 пар | Ижевск - 1 пар | 39,5: Санкт-Петербург (Спортивная) - 1 пар",7.0,data\product_images\4e1292f80e71.png,0.0,2.0,0.0,2.0,0.0,0.0,0.0,0.0,1.0,2.0
Обувь,61GA260002,Кроссовки мужские Mizuno Wave Enforce Tour 2 AC - White/Blue/Orange,Mizuno,17990 ₽,https://saletennis.com/catalog/product/krossovki-muzhskiie-mizuno-wave-enforce-tour-2-ac-white-blue-orange-19557,"41: Санкт-Петербург (Спортивная) - 1 пар | 42: Санкт-Петербург (Спортивная) - 1 пар | 42,5: Санкт-Петербург (Спортивная) - 1 пар | 43: Санкт-Петербург (Спортивная) - 1 пар | 44: Санкт-Петербург (Спортивная) - 1 пар | 44,5: Санкт-Петербург (Спортивная) - 1 пар | 45: Санкт-Петербург (Спортивная) - 1 пар | 46: Санкт-Петербург (Спортивная) - 1 пар | 47: Санкт-Петербург (Спортивная) - 1 пар",9.0,data\product_images\a5ed0dc9cd0d.png,0.0,9.0,0.0,0.0,0.0,0.0,0.0,0.0,0.0,0.0
Обувь,273235-NVLI,Кроссовки мужские Head Revolt Pro 4.5 Clay - Navy/Lime,Head,12142 ₽,https://saletennis.com/catalog/product/krossovki-muzhskiie-head-revolt-pro-4-5-clay-navy-lime-17426,"42: Соболева - 1 пар | Бисертская - 2 пар | Парина - 1 пар | 42,5: Соболева - 2 пар | Парина - 1 пар | Бисертская - 1 пар | Санкт-Петербург (Спортивная) - 1 пар | 43: Соболева - 1 пар | Парина - 1 пар | Санкт-Петербург (Спортивная) - 1 пар | 44: Санкт-Петербург (Спортивная) - 1 пар | 44,5: Бисертская - 2 пар | Парина - 1 пар",16.0,data\product_images\452e80df4ffd.png,0.0,3.0,0.0,4.0,4.0,5.0,0.0,0.0,0.0,0.0
Обувь,273104-DGBL,Кроссовки мужские Head Sprint Pro 3.5 - Dark Grey/Blue,Head,10143 ₽,https://saletennis.com/catalog/product/krossovki-muzhskiie-head-sprint-pro-3-5-dark-grey-blue-16542,"42: Парина - 1 пар | Санкт-Петербург (Спортивная) - 1 пар | 42,5: Парина - 1 пар | 43: Бисертская - 1 пар | Парина - 2 пар | Тюмень - 1 пар | Санкт-Петербург (Спортивная) - 1 пар | 44: Парина - 1 пар | Тюмень - 1 пар",10.0,data\product_images\be6cb33b22a9.png,0.0,2.0,0.0,0.0,5.0,1.0,0.0,2.0,0.0,0.0
Обувь,61GC247415,Кроссовки мужские Mizuno Wave Exceed Tour 6 CC - BellwetherBlue/White,Mizuno,14572 ₽,https://saletennis.com/catalog/product/krossovki-muzhskiie-mizuno-wave-exceed-tour-6-cc-bellwetherblue-white-17455,44: Санкт-Петербург (Спортивная) - 1 пар,1.0,data\product_images\2feab332b30d.jpg,0.0,1.0,0.0,0.0,0.0,0.0,0.0,0.0,0.0,0.0
Обувь,275225-RDDB,Кроссовки детские Head Revolt Pro 4.5 Junior - Red/Dark Blue,Head,8092 ₽,https://saletennis.com/catalog/product/krossovki-dietskiie-head-revolt-pro-4-5-junior-red-dark-blue-17409,"38,5: Уфа - 1 пар",1.0,data\product_images\cea6e4132f3d.png,0.0,0.0,0.0,0.0,0.0,0.0,0.0,0.0,1.0,0.0
Обувь,275414-BNBK,Кроссовки детские Head Sprint Velcro 3.0 - Banana/Black,Head,5824 ₽,https://saletennis.com/catalog/product/krossovki-dietskiie-head-sprint-velcro-3-0-banana-black-15598,"27: Соболева - 1 пар | 27,5: Соболева - 1 пар",2.0,data\product_images\22c733e58fa1.png,0.0,0.0,0.0,2.0,0.0,0.0,0.0,0.0,0.0,0.0
Обувь,275505-DBRD,Кроссовки детские Head Sprint Velcro 4.0 - Dark Blue/Red,Head,5243 ₽,https://saletennis.com/catalog/product/krossovki-dietskiie-head-sprint-velcro-4-0-dark-blue-red-17414,"27: Парина - 1 пар | 27,5: Парина - 1 пар | Санкт-Петербург (Спортивная) - 1 пар",3.0,data\product_images\81817969ac2b.png,0.0,1.0,0.0,0.0,2.0,0.0,0.0,0.0,0.0,0.0
Обувь,IB6554-001,Кроссовки женские Nike Vapor 12 Premium HC - Black/Light Lemon Twist,Nike,21990 ₽,https://saletennis.com/catalog/product/krossovki-zhienskiie-nike-vapor-12-premium-hc-black-light-lemon-twist-19022,"38,5: Ижевск - 1 пар | Санкт-Петербург (Спортивная) - 1 пар | Соболева - 1 пар | 39: Ижевск - 1 пар | Тюмень (Народная) - 1 пар | 40,5: Парина - 1 пар | Ижевск - 1 пар | Санкт-Петербург (Спортивная) - 1 пар | 41: Парина - 1 пар | Санкт-Петербург (Спортивная) - 1 пар",10.0,data\product_images\5be9778ed962.png,0.0,3.0,0.0,1.0,2.0,0.0,0.0,1.0,0.0,3.0
Обувь,IM4332-601,Кроссовки женские Nike Zoom GP Challenge Pro Clay - Pearl Pink/Pink Foam/Chalk/Light Magenta,Nike,14490 ₽,https://saletennis.com/catalog/product/krossovki-zhienskiie-nike-zoom-gp-challenge-pro-clay-pearl-pink-pink-foam-chalk-light-magenta-19253,38: Ижевск - 1 пар,1.0,data\product_images\5b502fe3aa0f.png,0.0,0.0,0.0,0.0,0.0,0.0,0.0,0.0,0.0,1.0
Обувь,TSETW2501AC,Кроссовки мужские Joma T.Set - Black/Green,Joma,5993 ₽,https://saletennis.com/catalog/product/krossovki-muzhskiie-joma-t-set-black-green-18362,"39: Санкт-Петербург (Спортивная) - 1 пар | 40,5: Тюмень (Народная) - 1 пар | Санкт-Петербург (Спортивная) - 1 пар | 41: Парина - 3 пар | Санкт-Петербург (Спортивная) - 1 пар | Уфа - 1 пар | 42: Парина - 7 пар | Уфа - 1 пар | 42,5: Уфа - 1 пар | Тюмень (Народная) - 1 пар | Ижевск - 1 пар | Парина - 1 пар | Соболева - 1 пар | 43: Уфа - 1 пар | Тюмень (Народная) - 1 пар | Ижевск - 1 пар | Парина - 4 пар | Соболева - 1 пар | 44: Санкт-Петербург (Спортивная) - 1 пар",30.0,data\product_images\7878ca646993.png,0.0,4.0,0.0,2.0,15.0,0.0,0.0,3.0,4.0,2.0
Обувь,1044A068-404,Кроссовки детские Asics Gel-Resolution 9 GS Clay - Mako Blue/Safety Yellow,Asics,9192 ₽,https://saletennis.com/catalog/product/krossovki-dietskiie-asics-gel-resolution-9-gs-clay-mako-blue-safety-yellow-16889,"32,5: Соболева - 2 пар",2.0,data\product_images\b896a4fea12d.png,0.0,0.0,0.0,2.0,0.0,0.0,0.0,0.0,0.0,0.0
Обувь,FV5554-301,Кроссовки женские Nike Court Air Zoom Vapor 12 HC - Barely Green/Coconut Milk/Steam,Nike,20490 ₽,https://saletennis.com/catalog/product/krossovki-zhienskiie-nike-court-air-zoom-vapor-12-hc-barely-green-coconut-milk-steam-19203,"39: Тюмень (Народная) - 1 пар | 40: Уфа - 1 пар | Санкт-Петербург (Спортивная) - 1 пар | Парина - 1 пар | 40,5: Бисертская - 1 пар | Санкт-Петербург (Спортивная) - 1 пар | 41: Санкт-Петербург (Спортивная) - 1 пар | Парина - 1 пар",8.0,data\product_images\e604a17067c0.png,0.0,3.0,0.0,0.0,2.0,1.0,0.0,1.0,1.0,0.0
Обувь,273103-BKRD,Кроссовки мужские Head Sprint Pro 3.5 - Black/Red,Head,8990 ₽,https://saletennis.com/catalog/product/krossovki-muzhskiie-head-sprint-pro-3-5-black-red-14701,43: Уфа - 1 пар | Парина - 1 пар,2.0,data\product_images\d13312af5162.png,0.0,0.0,0.0,0.0,1.0,0.0,0.0,0.0,1.0,0.0
Обувь,TROLLS2501AC,Кроссовки женские Joma Roland Lady - Black/Mint,Joma,9992 ₽,https://saletennis.com/catalog/product/krossovki-zhienskiie-joma-roland-lady-black-mint-17618,"38: Парина - 1 пар | Соболева - 1 пар | 39: Санкт-Петербург (Спортивная) - 1 пар | 40,5: Парина - 1 пар",4.0,data\product_images\c87e939ae825.png,0.0,1.0,0.0,1.0,2.0,0.0,0.0,0.0,0.0,0.0
Обувь,IB6558-100,Кроссовки мужские Nike Vapor Pro 3 Premium HC - Sail/Turf Orange/Blue Ribbon Heather/Black,Nike,17990 ₽,https://saletennis.com/catalog/product/krossovki-muzhskiie-nike-vapor-pro-3-premium-hc-sail-turf-orange-blue-ribbon-heather-black-19028,"42,5: Санкт-Петербург (Спортивная) - 1 пар",1.0,data\product_images\fc3607ef60db.png,0.0,1.0,0.0,0.0,0.0,0.0,0.0,0.0,0.0,0.0
Обувь,TACES2504AC,Кроссовки мужские Joma Ace Pro - Royal Blue/Orange,Joma,9490 ₽,https://saletennis.com/catalog/product/krossovki-muzhskiie-joma-ace-pro-royal-blue-orange-17555,"42,5: Ижевск - 1 пар | 43: Ижевск - 1 пар | Тюмень - 1 пар | Парина - 2 пар",5.0,data\product_images\d28ac262a95c.png,0.0,0.0,0.0,0.0,2.0,0.0,0.0,1.0,0.0,2.0
Обувь,FZ2161-403,Кроссовки мужские Nike Vapor Pro 3 HC - University Blue/Midnight Navy/White,Nike,17490 ₽,https://saletennis.com/catalog/product/krossovki-muzhskiie-nike-vapor-pro-3-hc-university-blue-midnight-navy-white-19017,"42: Ижевск - 1 пар | 42,5: Ижевск - 1 пар | Тюмень (Народная) - 1 пар | Парина - 1 пар | 43: Тюмень (Народная) - 1 пар | Ижевск - 1 пар | 44,5: Соболева - 1 пар | 45: Соболева - 1 пар | 45,5: Соболева - 1 пар",9.0,data\product_images\2faaef2fc36b.png,0.0,0.0,0.0,3.0,1.0,0.0,0.0,2.0,0.0,3.0
Обувь,KSB-001,Кроссовки детские 7/6 Bimby – White,7/6,3990 ₽,https://saletennis.com/catalog/product/krossovki-dietskiie-7-6-bimby-white-18381,26: Соболева - 1 пар | Парина - 1 пар | Бисертская - 1 пар | Санкт-Петербург (Спортивная) - 1 пар | Ижевск - 1 пар | 27: Уфа - 1 пар | Бисертская - 1 пар | Санкт-Петербург (Спортивная) - 1 пар | 28: Парина - 1 пар | Санкт-Петербург (Ярослава Гашека) - 1 пар | Санкт-Петербург (Спортивная) - 1 пар | Уфа - 1 пар | Ижевск - 1 пар | 29: Санкт-Петербург (Ярослава Гашека) - 1 пар | Тюмень (Народная) - 1 пар | 31: Уфа - 1 пар | Тюмень (Народная) - 1 пар | 33: Соболева - 1 пар | Ижевск - 1 пар | 34: Санкт-Петербург (Спортивная) - 1 пар | Санкт-Петербург (Ярослава Гашека) - 1 пар | 35: Санкт-Петербург (Спортивная) - 1 пар | Парина - 1 пар | Санкт-Петербург (Ярослава Гашека) - 1 пар | Уфа - 1 пар | Соболева - 1 пар | 36: Ижевск - 1 пар | Санкт-Петербург (Спортивная) - 1 пар | Парина - 1 пар | Соболева - 1 пар,30.0,data\product_images\9ad2fbeca050.png,4.0,6.0,0.0,4.0,4.0,2.0,0.0,2.0,4.0,4.0
Обувь,AR8851-009,Кроссовки детские Nike Vapor X Junior - Black/Volt/White,Nike,11990 ₽,https://saletennis.com/catalog/product/krossovki-dietskiie-nike-vapor-x-junior-black-volt-white-9751,"32: Парина - 1 пар | 33: Ижевск - 1 пар | Парина - 1 пар | Соболева - 1 пар | 33,5: Ижевск - 1 пар | Санкт-Петербург (Спортивная) - 1 пар | 34: Парина - 1 пар | 35: Тюмень (Народная) - 1 пар | Санкт-Петербург (Спортивная) - 2 пар | Уфа - 1 пар | 35,5: Санкт-Петербург (Спортивная) - 1 пар | Соболева - 1 пар | 36: Санкт-Петербург (Спортивная) - 1 пар | 36,5: Санкт-Петербург (Спортивная) - 1 пар | Тюмень (Народная) - 1 пар | 37,5: Тюмень (Народная) - 1 пар | Соболева - 1 пар | Парина - 1 пар | Бисертская - 1 пар | 38: Тюмень (Народная) - 1 пар | Санкт-Петербург (Спортивная) - 1 пар | Ижевск - 1 пар | Уфа - 1 пар | Парина - 1 пар | 38,5: Уфа - 1 пар | Тюмень (Народная) - 1 пар",27.0,data\product_images\6f50e305b664.jpg,0.0,7.0,0.0,3.0,5.0,1.0,0.0,5.0,3.0,3.0
Обувь,TACEW2409AC,Кроссовки мужские Joma Ace Pro - Lemon Fluor,Joma,8993 ₽,https://saletennis.com/catalog/product/krossovki-muzhskiie-joma-ace-pro-lemon-fluor-16676,"42,5: Тюмень - 1 пар | 44: Тюмень - 1 пар",2.0,data\product_images\b77f2cc68503.png,0.0,0.0,0.0,0.0,0.0,0.0,0.0,2.0,0.0,0.0
Обувь,TACEW2609AC,Кроссовки мужские Joma Ace Pro - Fluorescent Yellow/Purple,Joma,13192 ₽,https://saletennis.com/catalog/product/krossovki-muzhskiie-joma-ace-pro-fluorescent-yellow-purple-19191,"42: Соболева - 1 пар | 42,5: Парина - 1 пар | Соболева - 1 пар | Бисертская - 1 пар | 43: Соболева - 2 пар | Бисертская - 1 пар | Парина - 1 пар | 44: Парина - 1 пар | Бисертская - 1 пар | 44,5: Тюмень (Народная) - 1 пар | Соболева - 1 пар | 45: Тюмень (Народная) - 1 пар | 45,5: Парина - 1 пар",14.0,data\product_images\de67ea2b90ae.png,0.0,0.0,0.0,5.0,4.0,3.0,0.0,2.0,0.0,0.0
Обувь,TSETS2531AC,Кроссовки мужские Joma T.Set - Black/Lemon,Joma,5618 ₽,https://saletennis.com/catalog/product/krossovki-muzhskiie-joma-t-set-black-lemon-16895,43: Парина - 1 пар | Соболева - 1 пар | 44: Тюмень (Народная) - 1 пар,3.0,data\product_images\1f17dd9a9cea.png,0.0,0.0,0.0,1.0,1.0,0.0,0.0,1.0,0.0,0.0
Обувь,273014-BKFG,Кроссовки мужские Head Sprint Pro 3.5 SF Clay - Black/Forest Green,Head,13192 ₽,https://saletennis.com/catalog/product/krossovki-muzhskiie-head-sprint-pro-3-5-sf-clay-black-forest-green-15655,43: Бисертская - 1 пар,1.0,data\product_images\81c26914e942.png,0.0,0.0,0.0,0.0,0.0,1.0,0.0,0.0,0.0,0.0
Обувь,TS76-03RD,Кроссовки женские 7/6 - Marble Red,7/6,4990 ₽,https://saletennis.com/catalog/product/krossovki-zhienskiie-7-6-marble-red-16548,35: Парина - 1 пар,1.0,data\product_images\e942a28dc53d.png,0.0,0.0,0.0,0.0,1.0,0.0,0.0,0.0,0.0,0.0
Обувь,IB6550-700,Кроссовки женские Nike Vapor Pro 3 Premium HC - Light Lemon Twist,Nike,17990 ₽,https://saletennis.com/catalog/product/krossovki-zhienskiie-nike-vapor-pro-3-premium-hc-light-lemon-twist-19024,"38,5: Ижевск - 1 пар | 39: Уфа - 1 пар",2.0,data\product_images\b5e7f22f7d48.png,0.0,0.0,0.0,0.0,0.0,0.0,0.0,0.0,1.0,1.0
Обувь,FV5554-400,Кроссовки женские Nike Court Air Zoom Vapor 12 HC - Blue Beyond/Glacier Blue/Light Lemon,Nike,14693 ₽,https://saletennis.com/catalog/product/krossovki-zhienskiie-nike-court-air-zoom-vapor-12-hc-blue-beyond-glacier-blue-light-lemon-17348,39: Соболева - 1 пар,1.0,data\product_images\1e25a395d18d.png,0.0,0.0,0.0,1.0,0.0,0.0,0.0,0.0,0.0,0.0
Обувь,275315-LINV,Кроссовки детские Head Sprint Pro 4.0 Junior - Lime/Navy,Head,6877 ₽,https://saletennis.com/catalog/product/krossovki-dietskiie-head-sprint-pro-4-0-junior-lime-navy-17413,"33,5: Соболева - 1 пар | 39: Тюмень (Народная) - 1 пар | Уфа - 1 пар | 40: Соболева - 1 пар",4.0,data\product_images\d1e84c56dbd5.png,0.0,0.0,0.0,2.0,0.0,0.0,0.0,1.0,1.0,0.0
Обувь,TS76-WHBK,Кроссовки мужские 7/6 - Marble 2.0 - White/Black,7/6,5990 ₽,https://saletennis.com/catalog/product/krossovki-muzhskiie-7-6-marble-2-0-white-black-17064,"42,5: Тюмень (Народная) - 2 пар | Бисертская - 1 пар | 43: Соболева - 1 пар | Парина - 1 пар | Уфа - 1 пар | Санкт-Петербург (Ярослава Гашека) - 1 пар | Бисертская - 1 пар | Ижевск - 1 пар | 43,5: Санкт-Петербург (Ярослава Гашека) - 2 пар | Тюмень (Народная) - 1 пар | Парина - 1 пар | Бисертская - 1 пар | Ижевск - 1 пар | 44: Ижевск - 1 пар",16.0,data\product_images\499a1873d7cd.png,3.0,0.0,0.0,1.0,2.0,3.0,0.0,3.0,1.0,3.0
Обувь,TSLAMS2501OM,Кроссовки мужские Joma Slam - Black/Mint,Joma,7493 ₽,https://saletennis.com/catalog/product/krossovki-muzhskiie-joma-slam-black-mint-17500,43: Тюмень - 1 пар,1.0,data\product_images\e9049f2f53b4.png,0.0,0.0,0.0,0.0,0.0,0.0,0.0,1.0,0.0,0.0
Обувь,FV5552-400,Кроссовки мужские Nike Court Air Zoom Vapor 12 HC - Ashen Blue/Orange,Nike,14990 ₽,https://saletennis.com/catalog/product/krossovki-muzhskiie-nike-court-air-zoom-vapor-12-hc-ashen-blue-orange-17670,42: Уфа - 1 пар,1.0,data\product_images\33306c7fae10.png,0.0,0.0,0.0,0.0,0.0,0.0,0.0,0.0,1.0,0.0
Обувь,273156-RDDR,Кроссовки мужские Head Spint Pro 4.0 Clay - Red/Dark Red,Head,14990 ₽,https://saletennis.com/catalog/product/krossovki-muzhskiie-head-spint-pro-4-0-clay-red-dark-red-18572,"42,5: Парина - 1 пар",1.0,data\product_images\5123eb9e55bc.png,0.0,0.0,0.0,0.0,1.0,0.0,0.0,0.0,0.0,0.0
Обувь,TS76-4300,Кроссовки женские 7/6 Marble 2.0 - Light Grey,7/6,11990 ₽,https://saletennis.com/catalog/product/krossovki-zhienskiie-7-6-marble-2-0-light-grey-18733,35: Тюмень (Народная) - 1 пар | Санкт-Петербург (Спортивная) - 1 пар | Санкт-Петербург (Ярослава Гашека) - 1 пар | Елизаветенское шоссе - 1 пар | Соболева - 1 пар | Основной склад Екатеринбург - 3 пар | Ижевск - 1 пар | Бисертская - 1 пар | Парина - 1 пар | 36: Санкт-Петербург (Ярослава Гашека) - 1 пар | Тюмень (Народная) - 1 пар | Бисертская - 1 пар | Ижевск - 1 пар | Санкт-Петербург (Спортивная) - 1 пар | Соболева - 1 пар | Парина - 1 пар | Елизаветенское шоссе - 1 пар | 37: Ижевск - 1 пар | Соболева - 1 пар | Парина - 1 пар | Елизаветенское шоссе - 1 пар | Санкт-Петербург (Спортивная) - 1 пар | Бисертская - 1 пар | Уфа - 1 пар | Тюмень (Народная) - 1 пар | 38: Елизаветенское шоссе - 2 пар | Санкт-Петербург (Спортивная) - 1 пар | Бисертская - 1 пар | Соболева - 1 пар | Парина - 1 пар | 39: Бисертская - 1 пар | Санкт-Петербург (Спортивная) - 1 пар | Санкт-Петербург (Ярослава Гашека) - 1 пар | Парина - 1 пар | Елизаветенское шоссе - 1 пар | Соболева - 1 пар | Тюмень (Народная) - 1 пар | 40: Санкт-Петербург (Ярослава Гашека) - 1 пар | Санкт-Петербург (Спортивная) - 1 пар | Елизаветенское шоссе - 1 пар,43.0,data\product_images\d110ff23db4d.png,4.0,6.0,3.0,5.0,5.0,5.0,7.0,4.0,1.0,3.0
Обувь,FB3147-104,Кроссовки мужские Nike Zoom GP Challenge 1 HC - White/Radiant Emerald,Nike,13990 ₽,https://saletennis.com/catalog/product/krossovki-muzhskiie-nike-zoom-gp-challenge-1-hc-white-radiant-emerald-18296,"45,5: Бисертская - 1 пар",1.0,data\product_images\248662187fba.png,0.0,0.0,0.0,0.0,0.0,1.0,0.0,0.0,0.0,0.0
Обувь,273225-NVLI,Кроссовки мужские Head Revolt Pro 4.5 - Navy/Lime,Head,12142 ₽,https://saletennis.com/catalog/product/krossovki-muzhskiie-head-revolt-pro-4-5-navy-lime-17424,"41: Уфа - 1 пар | 42,5: Санкт-Петербург (Спортивная) - 1 пар",2.0,data\product_images\707b8971c253.png,0.0,1.0,0.0,0.0,0.0,0.0,0.0,0.0,1.0,0.0
Обувь,TROLS2531AC,Кроссовки мужские Joma Roland - Black/Blue/Orange,Joma,9368 ₽,https://saletennis.com/catalog/product/krossovki-muzhskiie-joma-roland-black-blue-orange-17556,"42,5: Санкт-Петербург (Спортивная) - 1 пар | 43: Парина - 1 пар | Ижевск - 1 пар | Соболева - 1 пар | 43,5: Парина - 1 пар | Соболева - 1 пар | Ижевск - 1 пар | 44: Санкт-Петербург (Спортивная) - 1 пар | Парина - 1 пар | Ижевск - 1 пар | 44,5: Соболева - 1 пар",11.0,data\product_images\5a40945c7bc4.png,0.0,2.0,0.0,3.0,3.0,0.0,0.0,0.0,0.0,3.0
Обувь,TS76-2124,Кроссовки женские 7/6 Marble 2.0 - Pink Blossom,7/6,6990 ₽,https://saletennis.com/catalog/product/krossovki-zhienskiie-7-6-marble-2-0-pink-blossom-18248,35: Санкт-Петербург (Ярослава Гашека) - 1 пар | Елизаветенское шоссе - 1 пар | Парина - 1 пар | Ижевск - 1 пар | 41: Ижевск - 1 пар | Санкт-Петербург (Спортивная) - 1 пар | 42: Уфа - 1 пар | Соболева - 1 пар | Санкт-Петербург (Спортивная) - 1 пар | Парина - 1 пар | Бисертская - 1 пар | Санкт-Петербург (Ярослава Гашека) - 1 пар,12.0,data\product_images\6f00e6fbbb87.png,2.0,2.0,0.0,1.0,2.0,1.0,1.0,0.0,1.0,2.0
Обувь,HQ6027-001,Кроссовки женские Nike Court Air Zoom Vapor 12 Clay - Black,Nike,21490 ₽,https://saletennis.com/catalog/product/krossovki-zhienskiie-nike-court-air-zoom-vapor-12-clay-black-17852,39: Ижевск - 1 пар,1.0,data\product_images\8aec37f6cc9e.png,0.0,0.0,0.0,0.0,0.0,0.0,0.0,0.0,0.0,1.0
Обувь,273115-BKWH,Кроссовки мужские Head Sprint Pro 4.0 SF Clay - Black/White,Head,14167 ₽,https://saletennis.com/catalog/product/krossovki-muzhskiie-head-sprint-pro-4-0-sf-clay-black-white-17430,"42: Бисертская - 2 пар | 42,5: Парина - 1 пар | Соболева - 1 пар | Бисертская - 1 пар | 43: Тюмень - 1 пар | Бисертская - 1 пар | Санкт-Петербург (Спортивная) - 1 пар | Парина - 1 пар | 44,5: Санкт-Петербург (Спортивная) - 1 пар | Тюмень (Народная) - 1 пар",11.0,data\product_images\f155948f4e93.png,0.0,2.0,0.0,1.0,2.0,4.0,0.0,2.0,0.0,0.0
Обувь,DV2018-401,Кроссовки мужские Nike Court Vapor Light 2 - Denim Turquoise,Nike,9093 ₽,https://saletennis.com/catalog/product/krossovki-muzhskiie-nike-court-vapor-light-2-denim-turquoise-16379,44: Парина - 1 пар | Соболева - 1 пар,2.0,data\product_images\6a1fcf0a254f.png,0.0,0.0,0.0,1.0,1.0,0.0,0.0,0.0,0.0,0.0
Обувь,275236-RDDR,Кроссовки детские Head Revolt Pro 5.0 Clay - Red/Dark Red,Head,9990 ₽,https://saletennis.com/catalog/product/krossovki-dietskiie-head-revolt-pro-5-0-clay-red-dark-red-18575,"36,5: Тюмень (Народная) - 1 пар",1.0,data\product_images\799d48888995.png,0.0,0.0,0.0,0.0,0.0,0.0,0.0,1.0,0.0,0.0
Обувь,AR8851-302,Кроссовки детские Nike Vapor X Junior - Ghost Green/Barley Volt,Nike,11990 ₽,https://saletennis.com/catalog/product/krossovki-dietskiie-nike-vapor-x-junior-ghost-green-barley-volt-10198,"32: Уфа - 1 пар | 33,5: Уфа - 1 пар | 38: Соболева - 1 пар | 38,5: Соболева - 1 пар | Парина - 1 пар",5.0,data\product_images\6e2c94c1008f.jpg,0.0,0.0,0.0,2.0,1.0,0.0,0.0,0.0,2.0,0.0
Обувь,HV1475-100,Кроссовки мужские Nike Vapor Lite 3 HC Premium - White/Hot Lava/Wolf Grey/Black,Nike,7990 ₽,https://saletennis.com/catalog/product/krossovki-muzhskiie-nike-vapor-lite-3-hc-premium-white-hot-lava-wolf-grey-black-19038,"42,5: Тюмень (Народная) - 1 пар | 44: Уфа - 1 пар | 45: Уфа - 1 пар | 46: Парина - 1 пар",4.0,data\product_images\dc2349fbaa4e.png,0.0,0.0,0.0,0.0,1.0,0.0,0.0,1.0,2.0,0.0
Обувь,DV2018-001,Кроссовки мужские Nike Court Vapor Light 2 - Black/White,Nike,9093 ₽,https://saletennis.com/catalog/product/krossovki-muzhskiie-nike-court-vapor-light-2-black-white-16210,"42,5: Бисертская - 1 пар | Парина - 1 пар",2.0,data\product_images\21032acc2933.png,0.0,0.0,0.0,0.0,1.0,1.0,0.0,0.0,0.0,0.0
Обувь,FZ2155-401,Кроссовки мужские Nike Court Vapor Lite 3 HC - Racer Blue/Lightening/White/Black,Nike,8393 ₽,https://saletennis.com/catalog/product/krossovki-muzhskiie-nike-court-vapor-lite-3-hc-racer-blue-lightening-white-black-18097,"42: Тюмень (Народная) - 1 пар | 42,5: Санкт-Петербург (Спортивная) - 1 пар | Соболева - 1 пар | Тюмень (Народная) - 1 пар | Ижевск - 1 пар | Парина - 1 пар | 43: Соболева - 1 пар | Тюмень (Народная) - 1 пар | Ижевск - 1 пар | 44: Соболева - 1 пар | Ижевск - 1 пар | Санкт-Петербург (Спортивная) - 1 пар | 44,5: Парина - 1 пар | Соболева - 1 пар | 45: Парина - 1 пар | Соболева - 1 пар",16.0,data\product_images\c4cb6c97985d.png,0.0,2.0,0.0,5.0,3.0,0.0,0.0,3.0,0.0,3.0
Обувь,273405-DBRD,Кроссовки мужские Head Sprint Team 4.0 - Dark Blue/Red,Head,7693 ₽,https://saletennis.com/catalog/product/krossovki-muzhskiie-head-sprint-team-4-0-dark-blue-red-17431,"42,5: Парина - 1 пар | 43: Санкт-Петербург (Спортивная) - 1 пар | 44,5: Санкт-Петербург (Спортивная) - 1 пар | Уфа - 1 пар",4.0,data\product_images\4dd8ef43e933.png,0.0,2.0,0.0,0.0,1.0,0.0,0.0,0.0,1.0,0.0
Обувь,CD0440-177,Кроссовки детские Nike Junior Court Lite 2 - White/University Red,Nike,7490 ₽,https://saletennis.com/catalog/product/krossovki-dietskiie-nike-junior-court-lite-2-white-university-red-18427,"37,5: Санкт-Петербург (Спортивная) - 1 пар",1.0,data\product_images\0f3f02e8b4e6.png,0.0,1.0,0.0,0.0,0.0,0.0,0.0,0.0,0.0,0.0
Обувь,FV5552-403,Кроссовки мужские Nike Court Air Zoom Vapor 12 HC - University Blue/Midnight Navy,Nike,20490 ₽,https://saletennis.com/catalog/product/krossovki-muzhskiie-nike-court-air-zoom-vapor-12-hc-university-blue-midnight-navy-19010,"41: Парина - 1 пар | 43: Парина - 1 пар | Санкт-Петербург (Спортивная) - 1 пар | Ижевск - 1 пар | 44,5: Санкт-Петербург (Спортивная) - 1 пар | 45: Санкт-Петербург (Спортивная) - 1 пар",6.0,data\product_images\c40216245f50.png,0.0,3.0,0.0,0.0,2.0,0.0,0.0,0.0,0.0,1.0
Обувь,HV1486-100,Кроссовки мужские Nike Court Air Zoom Vapor 12 Magnolia - White/Metallic Gold/Pure Platinum,Nike,15990 ₽,https://saletennis.com/catalog/product/krossovki-muzhskiie-nike-court-air-zoom-vapor-12-magnolia-white-metallic-gold-pure-platinum-18434,"42,5: Парина - 1 пар",1.0,data\product_images\de7b2c02f3f2.png,0.0,0.0,0.0,0.0,1.0,0.0,0.0,0.0,0.0,0.0
Обувь,273143-FGLN,Кроссовки мужские Head Spint Pro 3.5 Clay - Forest Green/Light Green,Head,8990 ₽,https://saletennis.com/catalog/product/krossovki-muzhskiie-head-spint-pro-3-5-clay-forest-green-light-green-14411,"44,5: Санкт-Петербург (Спортивная) - 1 пар | Ижевск - 1 пар",2.0,data\product_images\230c39966def.png,0.0,1.0,0.0,0.0,0.0,0.0,0.0,0.0,0.0,1.0
Обувь,TSPINS2632OM,Кроссовки мужские Joma Spin Padel - White/Navy/Orange,Joma,7992 ₽,https://saletennis.com/catalog/product/krossovki-muzhskiie-joma-spin-padel-white-navy-orange-18730,"42,5: Соболева - 1 пар | 43: Соболева - 1 пар | 44: Соболева - 1 пар",3.0,data\product_images\a78a1211fc62.png,0.0,0.0,0.0,3.0,0.0,0.0,0.0,0.0,0.0,0.0
Обувь,61GA267002,Кроссовки мужские Mizuno Wave Exceed Tour 7 AC - White/Blue/Orange,Mizuno,16990 ₽,https://saletennis.com/catalog/product/krossovki-muzhskiie-mizuno-wave-exceed-tour-7-ac-white-blue-orange-19558,"41: Санкт-Петербург (Спортивная) - 1 пар | 42: Санкт-Петербург (Спортивная) - 1 пар | 42,5: Санкт-Петербург (Спортивная) - 1 пар | 43: Санкт-Петербург (Спортивная) - 1 пар | 44: Санкт-Петербург (Спортивная) - 1 пар | 44,5: Санкт-Петербург (Спортивная) - 1 пар | 45: Санкт-Петербург (Спортивная) - 1 пар",7.0,data\product_images\457c3c8c3c7c.png,0.0,7.0,0.0,0.0,0.0,0.0,0.0,0.0,0.0,0.0
Обувь,TSPINS2631OM,Кроссовки мужские Joma Spin Padel - Orange/Black,Joma,7992 ₽,https://saletennis.com/catalog/product/krossovki-muzhskiie-joma-spin-padel-orange-black-18729,42: Соболева - 1 пар | Санкт-Петербург (Спортивная) - 1 пар | 43: Уфа - 1 пар | Соболева - 1 пар | 44: Ижевск - 1 пар,5.0,data\product_images\ff719d001caa.png,0.0,1.0,0.0,2.0,0.0,0.0,0.0,0.0,1.0,1.0
Обувь,TACES2501AC,Кроссовки мужские Joma Ace Pro - Black/Orange/White,Joma,9490 ₽,https://saletennis.com/catalog/product/krossovki-muzhskiie-joma-ace-pro-black-orange-white-17619,"42,5: Бисертская - 1 пар | Парина - 1 пар | Соболева - 1 пар | 43: Бисертская - 1 пар | Соболева - 1 пар | Парина - 1 пар | 43,5: Соболева - 1 пар",7.0,data\product_images\9ee5542c6642.png,0.0,0.0,0.0,3.0,2.0,2.0,0.0,0.0,0.0,0.0
Обувь,61GA243237,Кроссовки мужские Mizuno Wave Enforce Court AC - White/Neo Mint,Mizuno,12142 ₽,https://saletennis.com/catalog/product/krossovki-muzhskiie-mizuno-wave-enforce-court-ac-white-neo-mint-17604,"42,5: Санкт-Петербург (Спортивная) - 1 пар | Парина - 1 пар | 44: Тюмень (Народная) - 1 пар | 44,5: Соболева - 1 пар",4.0,data\product_images\418253f271d4.png,0.0,1.0,0.0,1.0,1.0,0.0,0.0,1.0,0.0,0.0
Обувь,TSMAS2527C,Кроссовки мужские Joma Smash Clay - Turquoise,Joma,8618 ₽,https://saletennis.com/catalog/product/krossovki-muzhskiie-joma-smash-clay-turquoise-17626,"43,5: Ижевск - 1 пар",1.0,data\product_images\4a8548308446.png,0.0,0.0,0.0,0.0,0.0,0.0,0.0,0.0,0.0,1.0
Обувь,CD0440-105,Кроссовки детские Nike Junior Court Lite 2 - White/Metallic Silver,Nike,7490 ₽,https://saletennis.com/catalog/product/krossovki-dietskiie-nike-junior-court-lite-2-white-metallic-silver-18426,"33,5: Уфа - 1 пар",1.0,data\product_images\c779fba5e583.png,0.0,0.0,0.0,0.0,0.0,0.0,0.0,0.0,1.0,0.0
Обувь,HQ6027-501,Кроссовки женские Nike Court Air Zoom Vapor 12 Clay - Sapphire/Black/Light Thistle,Nike,20490 ₽,https://saletennis.com/catalog/product/krossovki-zhienskiie-nike-court-air-zoom-vapor-12-clay-sapphire-black-light-thistle-19021,"37,5: Парина - 1 пар | 38: Парина - 1 пар | Санкт-Петербург (Спортивная) - 1 пар | 38,5: Ижевск - 1 пар | 39: Парина - 1 пар | Санкт-Петербург (Спортивная) - 2 пар | 40: Бисертская - 1 пар | 41: Бисертская - 1 пар | Парина - 1 пар",10.0,data\product_images\ad55b3ae1477.png,0.0,3.0,0.0,0.0,4.0,2.0,0.0,0.0,0.0,1.0
Обувь,61GA247061,Кроссовки мужские Mizuno Wave Exceed Tour 6 AC - Radiant Red,Mizuno,13990 ₽,https://saletennis.com/catalog/product/krossovki-muzhskiie-mizuno-wave-exceed-tour-6-ac-radiant-red-1-15538,43: Тюмень (Народная) - 1 пар,1.0,data\product_images\35fc869ff143.png,0.0,0.0,0.0,0.0,0.0,0.0,0.0,1.0,0.0,0.0
Обувь,FZ2161-108,Кроссовки мужские Nike Vapor Pro 3 HC - White/Dark Raisin/Volt Tint,Nike,17490 ₽,https://saletennis.com/catalog/product/krossovki-muzhskiie-nike-vapor-pro-3-hc-white-dark-raisin-volt-tint-19018,"42: Ижевск - 1 пар | 42,5: Парина - 2 пар | 44: Парина - 1 пар | 45: Парина - 1 пар",5.0,data\product_images\31f35fa3a17b.png,0.0,0.0,0.0,0.0,4.0,0.0,0.0,0.0,0.0,1.0
Обувь,IQ5179-005,Кроссовки мужские Nike Zoom GP Challenge 1.5 Clay - Steam/Black/Light Silver/White,Nike,20490 ₽,https://saletennis.com/catalog/product/krossovki-muzhskiie-nike-zoom-gp-challenge-1-5-clay-steam-black-light-silver-white-19254,"41: Соболева - 1 пар | 42: Ижевск - 1 пар | 43: Санкт-Петербург (Спортивная) - 1 пар | 44: Санкт-Петербург (Спортивная) - 1 пар | 44,5: Парина - 1 пар",5.0,data\product_images\9bc42d7b0e37.png,0.0,2.0,0.0,1.0,1.0,0.0,0.0,0.0,0.0,1.0
Обувь,273164-BNBK,Кроссовки мужские Head Spint Pro 3.5 Clay - Banana/Black,Head,10868 ₽,https://saletennis.com/catalog/product/krossovki-muzhskiie-head-spint-pro-3-5-clay-banana-black-15652,42: Парина - 1 пар | 43: Бисертская - 1 пар | Санкт-Петербург (Спортивная) - 2 пар,4.0,data\product_images\3f3b77b3dc1f.png,0.0,2.0,0.0,0.0,1.0,1.0,0.0,0.0,0.0,0.0
Обувь,274146-LBDB,Кроссовки женские Head Sprint Pro 4.0 - Light Blue/Dark Blue,Head,12792 ₽,https://saletennis.com/catalog/product/krossovki-zhienskiie-head-sprint-pro-4-0-light-blue-dark-blue-18565,"38,5: Соболева - 1 пар",1.0,data\product_images\df4854172c40.png,0.0,0.0,0.0,1.0,0.0,0.0,0.0,0.0,0.0,0.0
Обувь,61GC267514,Кроссовки мужские Mizuno Wave Exceed Tour 7 CC - Blue/White/Orange,Mizuno,16990 ₽,https://saletennis.com/catalog/product/krossovki-muzhskiie-mizuno-wave-exceed-tour-7-cc-blue-white-orange-19555,"41: Санкт-Петербург (Спортивная) - 1 пар | 42: Санкт-Петербург (Спортивная) - 1 пар | 42,5: Санкт-Петербург (Спортивная) - 1 пар | 43: Санкт-Петербург (Спортивная) - 1 пар | 44: Санкт-Петербург (Спортивная) - 1 пар | 44,5: Санкт-Петербург (Спортивная) - 1 пар | 45: Санкт-Петербург (Спортивная) - 1 пар | 46: Санкт-Петербург (Спортивная) - 1 пар",8.0,data\product_images\649cbd1ea733.png,0.0,8.0,0.0,0.0,0.0,0.0,0.0,0.0,0.0,0.0
Обувь,273135-DBRD,Кроссовки мужские Head Sprint Pro 4.0 Clay - Dark Blue/Red,Head,11992 ₽,https://saletennis.com/catalog/product/krossovki-muzhskiie-head-sprint-pro-4-0-clay-dark-blue-red-17427,"42: Бисертская - 1 пар | 42,5: Парина - 1 пар | Бисертская - 1 пар | 43: Санкт-Петербург (Спортивная) - 1 пар | Тюмень (Народная) - 1 пар",5.0,data\product_images\afd8e573ce47.png,0.0,1.0,0.0,0.0,1.0,2.0,0.0,1.0,0.0,0.0
Обувь,HQ5292-401,Кроссовки мужские Nike Vapor Lite 3 Clay - Racer Blue/Lightening/White/Black,Nike,8993 ₽,https://saletennis.com/catalog/product/krossovki-muzhskiie-nike-vapor-lite-3-clay-racer-blue-lightening-white-black-18108,"42,5: Ижевск - 1 пар | 43: Санкт-Петербург (Спортивная) - 1 пар",2.0,data\product_images\34450b56ad14.png,0.0,1.0,0.0,0.0,0.0,0.0,0.0,0.0,0.0,1.0
Обувь,FZ2161-002,Кроссовки мужские Nike Vapor Pro 3 HC - Black,Nike,18990 ₽,https://saletennis.com/catalog/product/krossovki-muzhskiie-nike-vapor-pro-3-hc-black-17683,"41: Парина - 1 пар | 42: Уфа - 1 пар | Парина - 1 пар | Санкт-Петербург (Спортивная) - 1 пар | Соболева - 1 пар | Ижевск - 1 пар | 42,5: Парина - 1 пар | Ижевск - 1 пар | Бисертская - 1 пар | Уфа - 1 пар | Соболева - 2 пар | Тюмень (Народная) - 1 пар | Санкт-Петербург (Спортивная) - 2 пар | 43: Парина - 1 пар | Тюмень (Народная) - 1 пар | Санкт-Петербург (Спортивная) - 1 пар | 44: Тюмень (Народная) - 1 пар | Парина - 1 пар | Уфа - 1 пар | Соболева - 2 пар | Ижевск - 1 пар | 44,5: Ижевск - 1 пар | Парина - 1 пар | Санкт-Петербург (Спортивная) - 1 пар | Соболева - 1 пар | 45: Санкт-Петербург (Спортивная) - 1 пар | Парина - 1 пар | 45,5: Уфа - 1 пар | Парина - 1 пар | Соболева - 1 пар | 46: Тюмень (Народная) - 1 пар",34.0,data\product_images\23ac968e5869.png,0.0,6.0,0.0,7.0,8.0,1.0,0.0,4.0,4.0,4.0
Обувь,61GA247028,Кроссовки мужские Mizuno Wave Exceed Tour 6 AC - Mugen Blue,Mizuno,18490 ₽,https://saletennis.com/catalog/product/krossovki-muzhskiie-mizuno-wave-exceed-tour-6-ac-mugen-blue-16742,43: Соболева - 1 пар,1.0,data\product_images\c6b151d57767.png,0.0,0.0,0.0,1.0,0.0,0.0,0.0,0.0,0.0,0.0
Обувь,61GA227038,Кроссовки мужские Mizuno Wave Exceed Tour 5 AC - Black,Mizuno,13990 ₽,https://saletennis.com/catalog/product/krossovki-muzhskiie-mizuno-wave-exceed-tour-5-ac-black-15074,44: Парина - 1 пар,1.0,data\product_images\f485020eaee4.png,0.0,0.0,0.0,0.0,1.0,0.0,0.0,0.0,0.0,0.0
Обувь,273133-FGLN,Кроссовки мужские Head Spint Pro 3.5 - Forest Green/Light Green,Head,10868 ₽,https://saletennis.com/catalog/product/krossovki-muzhskiie-head-spint-pro-3-5-forest-green-light-green-14410,43: Тюмень (Народная) - 1 пар | 44: Бисертская - 1 пар,2.0,data\product_images\0d3418dd309d.png,0.0,0.0,0.0,0.0,0.0,1.0,0.0,1.0,0.0,0.0
Обувь,IH1701-200,Кроссовки мужские Nike Vapor Pro 3 Clay - Light Violet Ore/Anthracite/Vast Grey,Nike,17990 ₽,https://saletennis.com/catalog/product/krossovki-muzhskiie-nike-vapor-pro-3-clay-light-violet-ore-anthracite-vast-grey-19229,"41: Соболева - 1 пар | 42: Соболева - 1 пар | 42,5: Соболева - 1 пар | 43: Парина - 1 пар | Соболева - 1 пар | 44: Ижевск - 1 пар | 44,5: Санкт-Петербург (Спортивная) - 1 пар | 45: Соболева - 1 пар",8.0,data\product_images\87e2f2aa8235.png,0.0,1.0,0.0,5.0,1.0,0.0,0.0,0.0,0.0,1.0
Обувь,273425-NVLI,Кроссовки мужские Head Sprint Team 4.0 - Navy/Lime,Head,8393 ₽,https://saletennis.com/catalog/product/krossovki-muzhskiie-head-sprint-team-4-0-navy-lime-16982,"44,5: Уфа - 1 пар",1.0,data\product_images\95bf40eb9b9a.png,0.0,0.0,0.0,0.0,0.0,0.0,0.0,0.0,1.0,0.0
Обувь,HQ2602-400,Кроссовки мужские Nike Court Air Zoom Vapor 12 Hypersmash - Racer Blue/Pure Platinum/Orange,Nike,15269 ₽,https://saletennis.com/catalog/product/krossovki-muzhskiie-nike-court-air-zoom-vapor-12-hypersmash-racer-blue-pure-platinum-orange-18326,"41: Парина - 1 пар | 42: Парина - 1 пар | Санкт-Петербург (Спортивная) - 1 пар | 42,5: Санкт-Петербург (Спортивная) - 1 пар | Тюмень (Народная) - 1 пар | Уфа - 1 пар | Парина - 1 пар | 43: Соболева - 1 пар | Уфа - 1 пар | Санкт-Петербург (Спортивная) - 1 пар | 44: Тюмень (Народная) - 1 пар | Санкт-Петербург (Спортивная) - 1 пар | Парина - 1 пар | Уфа - 1 пар | 44,5: Соболева - 1 пар | Санкт-Петербург (Спортивная) - 1 пар | 45: Тюмень (Народная) - 1 пар | Санкт-Петербург (Спортивная) - 1 пар",18.0,data\product_images\394d5e7208b8.png,0.0,6.0,0.0,2.0,4.0,0.0,0.0,3.0,3.0,0.0
Обувь,275405-DBRD,Кроссовки детские Head Sprint Court 4.0 Junior - Dark Blue/Red,Head,5824 ₽,https://saletennis.com/catalog/product/krossovki-dietskiie-head-sprint-court-4-0-junior-dark-blue-red-18142,"32: Санкт-Петербург (Спортивная) - 1 пар | 33: Парина - 1 пар | 33,5: Парина - 1 пар | 34,5: Соболева - 1 пар | Санкт-Петербург (Спортивная) - 1 пар",5.0,data\product_images\1b3b4185454b.png,0.0,2.0,0.0,1.0,2.0,0.0,0.0,0.0,0.0,0.0
Обувь,FZ2155-102,Кроссовки мужские Nike Court Vapor Lite 3 HC - White/Midnight Navy,Nike,8393 ₽,https://saletennis.com/catalog/product/krossovki-muzhskiie-nike-court-vapor-lite-3-hc-white-midnight-navy-18436,"43: Тюмень (Народная) - 1 пар | Уфа - 1 пар | 44: Тюмень (Народная) - 1 пар | 45,5: Парина - 1 пар",4.0,data\product_images\0f0ccf1792ae.png,0.0,0.0,0.0,0.0,1.0,0.0,0.0,2.0,1.0,0.0
Обувь,TSETS2501C,Кроссовки мужские Joma T.Set Clay - Black/Turquose,Joma,5618 ₽,https://saletennis.com/catalog/product/krossovki-muzhskiie-joma-t-set-clay-black-turquose-17504,"42,5: Парина - 1 пар | 43,5: Парина - 1 пар",2.0,data\product_images\a51ef5b9e701.png,0.0,0.0,0.0,0.0,2.0,0.0,0.0,0.0,0.0,0.0
Обувь,TROLLS2532AC,Кроссовки женские Joma Roland Lady - White/Yellow/Mint,Joma,9992 ₽,https://saletennis.com/catalog/product/krossovki-zhienskiie-joma-roland-lady-white-yellow-mint-17554,38: Соболева - 1 пар | Санкт-Петербург (Спортивная) - 1 пар,2.0,data\product_images\74bfde0de5cf.png,0.0,1.0,0.0,1.0,0.0,0.0,0.0,0.0,0.0,0.0
Обувь,TACLS2502AC,Кроссовки женские Joma Ace Lady - White/Blue,Joma,9992 ₽,https://saletennis.com/catalog/product/krossovki-zhienskiie-joma-ace-lady-white-blue-17615,38: Парина - 1 пар,1.0,data\product_images\27bb525a21ce.png,0.0,0.0,0.0,0.0,1.0,0.0,0.0,0.0,0.0,0.0
Обувь,274145-COWH,Кроссовки женские Head Sprint Pro 4.0 - Coral/White,Head,10493 ₽,https://saletennis.com/catalog/product/krossovki-zhienskiie-head-sprint-pro-4-0-coral-white-16975,"38,5: Бисертская - 1 пар",1.0,data\product_images\7492cc7cca11.jpg,0.0,0.0,0.0,0.0,0.0,1.0,0.0,0.0,0.0,0.0
Обувь,61GC260402,Кроссовки женские Mizuno Wave Enforce Tour 2 CC - White/Orange/Dahlia,Mizuno,17990 ₽,https://saletennis.com/catalog/product/krossovki-zhienskiie-mizuno-wave-enforce-tour-2-cc-white-orange-dahlia-19552,"38,5: Санкт-Петербург (Спортивная) - 1 пар | 39: Санкт-Петербург (Спортивная) - 1 пар | 40: Санкт-Петербург (Спортивная) - 1 пар | 40,5: Санкт-Петербург (Спортивная) - 1 пар | 41: Санкт-Петербург (Спортивная) - 1 пар | 42: Санкт-Петербург (Спортивная) - 1 пар",6.0,data\product_images\c2b8c15ef33c.png,0.0,6.0,0.0,0.0,0.0,0.0,0.0,0.0,0.0,0.0
Обувь,273144-DROR,Кроссовки мужские Head Spint Pro 3.5 Clay - Dark Red/Orange,Head,11592 ₽,https://saletennis.com/catalog/product/krossovki-muzhskiie-head-spint-pro-3-5-clay-dark-red-orange-15653,43: Бисертская - 1 пар | Санкт-Петербург (Спортивная) - 1 пар,2.0,data\product_images\90b3c684ddd7.png,0.0,1.0,0.0,0.0,0.0,1.0,0.0,0.0,0.0,0.0
Обувь,274176-APVA,Кроссовки женские Head Sprint Pro 4.0 Clay - Apricot/Vanilla,Head,12792 ₽,https://saletennis.com/catalog/product/krossovki-zhienskiie-head-sprint-pro-4-0-clay-apricot-vanilla-18566,"38,5: Тюмень (Народная) - 1 пар",1.0,data\product_images\dd83d06ba42b.png,0.0,0.0,0.0,0.0,0.0,0.0,0.0,1.0,0.0,0.0
Обувь,JMATW2604C,Кроссовки детские Joma Master 1000 Junior Clay - Royal/Blue,Joma,3992 ₽,https://saletennis.com/catalog/product/krossovki-dietskiie-joma-master-1000-junior-clay-royal-blue-19417,36: Тюмень (Народная) - 1 пар | 37: Парина - 1 пар | Тюмень (Народная) - 1 пар | 38: Парина - 1 пар | 39: Тюмень (Народная) - 1 пар | Соболева - 1 пар | Санкт-Петербург (Спортивная) - 1 пар,7.0,data\product_images\2472fb09d75e.png,0.0,1.0,0.0,1.0,2.0,0.0,0.0,3.0,0.0,0.0
Обувь,61GA250060,Кроссовки мужские Mizuno Wave Enforce Tour 2 AC - White/Baritone Blue/Fiery Cora,Mizuno,18990 ₽,https://saletennis.com/catalog/product/krossovki-muzhskiie-mizuno-wave-enforce-tour-2-ac-white-baritone-blue-fiery-cora-18039,43: Парина - 1 пар,1.0,data\product_images\b90bb02544cd.png,0.0,0.0,0.0,0.0,1.0,0.0,0.0,0.0,0.0,0.0
Обувь,1044A052-406,Кроссовки детские Asics Gel-Game 9 GS - Teal Blue/White,Asics,6293 ₽,https://saletennis.com/catalog/product/krossovki-dietskiie-asics-gel-game-9-gs-teal-blue-white-16885,"39,5: Санкт-Петербург (Спортивная) - 1 пар | Тюмень (Народная) - 1 пар | Ижевск - 1 пар",3.0,data\product_images\a9d4f5cf177c.png,0.0,1.0,0.0,0.0,0.0,0.0,0.0,1.0,0.0,1.0
Обувь,HQ5292-001,Кроссовки мужские Nike Vapor Lite 3 Clay - Black/White,Nike,8993 ₽,https://saletennis.com/catalog/product/krossovki-muzhskiie-nike-vapor-lite-3-clay-black-white-18437,"42: Ижевск - 1 пар | Бисертская - 1 пар | 42,5: Ижевск - 1 пар | Санкт-Петербург (Спортивная) - 1 пар | Бисертская - 1 пар | 43: Санкт-Петербург (Спортивная) - 1 пар | Ижевск - 1 пар",7.0,data\product_images\28acdd946d96.png,0.0,2.0,0.0,0.0,0.0,2.0,0.0,0.0,0.0,3.0
Обувь,HQ6026-401,Кроссовки мужские Nike Court Air Zoom Vapor 12 Clay - Racer Blue/Lightening/Deep Royal Blue,Nike,15490 ₽,https://saletennis.com/catalog/product/krossovki-muzhskiie-nike-court-air-zoom-vapor-12-clay-racer-blue-lightening-deep-royal-blue-18107,42: Бисертская - 1 пар,1.0,data\product_images\c2017764d6ff.png,0.0,0.0,0.0,0.0,0.0,1.0,0.0,0.0,0.0,0.0
Обувь,TSPINS2602OM,Кроссовки мужские Joma Spin Padel - White/Yellow,Joma,7992 ₽,https://saletennis.com/catalog/product/krossovki-muzhskiie-joma-spin-padel-white-yellow-18731,44: Ижевск - 1 пар,1.0,data\product_images\7322201e64f7.png,0.0,0.0,0.0,0.0,0.0,0.0,0.0,0.0,0.0,1.0
Обувь,TSW101001-WHBK,Кроссовки Seven Six Sprint W - White/Black,Seven Six,3990 ₽,https://saletennis.com/catalog/product/krossovki-seven-six-sprint-w-white-black-15544,36: Санкт-Петербург (Спортивная) - 1 пар | Тюмень (Народная) - 1 пар,2.0,data\product_images\cc7f990394ea.png,0.0,1.0,0.0,0.0,0.0,0.0,0.0,1.0,0.0,0.0
Обувь,IQ5175-001,Кроссовки женские Nike Zoom GP Challenge 1.5 Premium HC - Black/Light Lemon Twist/White,Nike,20490 ₽,https://saletennis.com/catalog/product/krossovki-zhienskiie-nike-zoom-gp-challenge-1-5-premium-hc-black-light-lemon-twist-white-19035,"38,5: Санкт-Петербург (Спортивная) - 1 пар | Парина - 1 пар | 39: Санкт-Петербург (Спортивная) - 1 пар | Тюмень (Народная) - 1 пар | 41: Парина - 1 пар",5.0,data\product_images\3470c5c88325.png,0.0,2.0,0.0,0.0,2.0,0.0,0.0,1.0,0.0,0.0
Обувь,275226-RDDR,Кроссовки детские Head Revolt Pro 5.0 - Red/Dark Red,Head,9990 ₽,https://saletennis.com/catalog/product/krossovki-dietskiie-head-revolt-pro-5-0-red-dark-red-18562,"31,5: Тюмень (Народная) - 1 пар | 32: Санкт-Петербург (Спортивная) - 1 пар | Тюмень (Народная) - 1 пар | 33: Тюмень (Народная) - 1 пар | 36,5: Парина - 1 пар | 39: Соболева - 1 пар",6.0,data\product_images\3b9de109e57e.png,0.0,1.0,0.0,1.0,1.0,0.0,0.0,3.0,0.0,0.0
Обувь,1042A279-500,Кроссовки женские Asics Gel-Resolution X - Ube/White,Asics,13993 ₽,https://saletennis.com/catalog/product/krossovki-zhienskiie-asics-gel-resolution-x-ube-white-17803,40: Тюмень (Народная) - 1 пар,1.0,data\product_images\5cf91cd26aae.png,0.0,0.0,0.0,0.0,0.0,0.0,0.0,1.0,0.0,0.0
Обувь,273114-DGBL,Кроссовки мужские Head Sprint Pro 3.5 Clay - Dark Grey/Blue,Head,11490 ₽,https://saletennis.com/catalog/product/krossovki-muzhskiie-head-sprint-pro-3-5-clay-dark-grey-blue-16545,"44: Бисертская - 1 пар | 44,5: Бисертская - 1 пар",2.0,data\product_images\1869fbdf699f.png,0.0,0.0,0.0,0.0,0.0,2.0,0.0,0.0,0.0,0.0
Обувь,273146-RDDR,Кроссовки мужские Head Spint Pro 4.0 - Red/Dark Red,Head,14990 ₽,https://saletennis.com/catalog/product/krossovki-muzhskiie-head-spint-pro-4-0-red-dark-red-18571,"42,5: Санкт-Петербург (Спортивная) - 1 пар | 43: Тюмень (Народная) - 1 пар | Санкт-Петербург (Спортивная) - 1 пар | 44: Соболева - 1 пар",4.0,data\product_images\2d76af950c2f.png,0.0,2.0,0.0,1.0,0.0,0.0,0.0,1.0,0.0,0.0
Обувь,273335-NVLI,Кроссовки мужские Head Revolt Evo 2.0 Clay - Navy/Lime,Head,9443 ₽,https://saletennis.com/catalog/product/krossovki-muzhskiie-head-revolt-evo-2-0-clay-navy-lime-16978,"42,5: Бисертская - 1 пар | 43: Санкт-Петербург (Спортивная) - 1 пар | Парина - 1 пар | Бисертская - 1 пар | 44: Санкт-Петербург (Спортивная) - 1 пар | Бисертская - 1 пар | Парина - 1 пар",7.0,data\product_images\7777e22ef658.jpg,0.0,2.0,0.0,0.0,2.0,3.0,0.0,0.0,0.0,0.0
Обувь,275404-ORDR,Кроссовки детские Head Sprint Velcro 3.0 - Orange/Dark Red,Head,2990 ₽,https://saletennis.com/catalog/product/krossovki-dietskiie-head-sprint-velcro-3-0-orange-dark-red-15599,27: Парина - 1 пар | Тюмень (Народная) - 1 пар,2.0,data\product_images\b026ec5874ac.png,0.0,0.0,0.0,0.0,1.0,0.0,0.0,1.0,0.0,0.0
Обувь,FV5554-001,Кроссовки женские Nike Court Air Zoom Vapor 12 HC - Black/White/Dark Smoke Grey,Nike,20490 ₽,https://saletennis.com/catalog/product/krossovki-zhienskiie-nike-court-air-zoom-vapor-12-hc-black-white-dark-smoke-grey-17347,"38: Санкт-Петербург (Спортивная) - 1 пар | Бисертская - 1 пар | Тюмень (Народная) - 1 пар | 38,5: Тюмень (Народная) - 2 пар | 39: Тюмень (Народная) - 2 пар | Уфа - 1 пар | Парина - 1 пар | 40: Бисертская - 1 пар | Уфа - 1 пар | Тюмень (Народная) - 1 пар | Санкт-Петербург (Спортивная) - 1 пар | 41: Тюмень (Народная) - 1 пар | Бисертская - 1 пар",15.0,data\product_images\afa8273d9ba7.png,0.0,2.0,0.0,0.0,1.0,3.0,0.0,7.0,2.0,0.0
Обувь,275305-DBRD,Кроссовки детские Head Sprint Pro 4.0 Junior - Dark Blue/Red,Head,6877 ₽,https://saletennis.com/catalog/product/krossovki-dietskiie-head-sprint-pro-4-0-junior-dark-blue-red-17412,"33,5: Парина - 1 пар | 36: Тюмень (Народная) - 1 пар | 38,5: Парина - 1 пар",3.0,data\product_images\b7d79781673d.png,0.0,0.0,0.0,0.0,2.0,0.0,0.0,1.0,0.0,0.0
Обувь,JMATW2613C,Кроссовки детские Joma Master 1000 Junior Clay - LIght Pink,Joma,3992 ₽,https://saletennis.com/catalog/product/krossovki-dietskiie-joma-master-1000-junior-clay-light-pink-19420,37: Парина - 1 пар | 38: Санкт-Петербург (Спортивная) - 1 пар | Соболева - 1 пар | Парина - 1 пар | 39: Соболева - 1 пар | Тюмень (Народная) - 1 пар | Санкт-Петербург (Спортивная) - 1 пар,7.0,data\product_images\7a73f404d530.png,0.0,2.0,0.0,2.0,2.0,0.0,0.0,1.0,0.0,0.0
Обувь,FZ2161-003,Кроссовки мужские Nike Vapor Pro 3 HC - Light Silver/Black/Steam/Phantom,Nike,16990 ₽,https://saletennis.com/catalog/product/krossovki-muzhskiie-nike-vapor-pro-3-hc-light-silver-black-steam-phantom-19207,"41: Парина - 1 пар | 42,5: Тюмень (Народная) - 1 пар | Ижевск - 1 пар | 43: Ижевск - 1 пар | Парина - 1 пар | 44: Тюмень (Народная) - 1 пар | Парина - 1 пар | 44,5: Парина - 1 пар | Тюмень (Народная) - 1 пар | 45,5: Парина - 1 пар",10.0,data\product_images\ef514a369242.png,0.0,0.0,0.0,0.0,5.0,0.0,0.0,3.0,0.0,2.0
Теннисные струны,1920003,"Теннисная струна Solinco Hyper-G 1,20 200 метров",Solinco,14990 ₽,https://saletennis.com/catalog/product/tiennisnaia-struna-solinco-hyper-g-1-20-200-mietrov-11067,Уфа: 1 сет | Ижевск: 1 сет | Парина: 1 сет,3.0,data\product_images\9bf446d081e9.png,0.0,0.0,0.0,0.0,1.0,0.0,0.0,0.0,1.0,1.0
Теннисные струны,02GDU125XB,"Теннисная струна Tecnifibre Duramix HD Black 1,25 12 метров",Tecnifibre,2490 ₽,https://saletennis.com/catalog/product/tiennisnaia-struna-tecnifibre-duramix-hd-black-1-25-12-mietrov-17631,Санкт-Петербург (Спортивная): 3 сет | Соболева: 5 сет,8.0,data\product_images\716ce13a6dbc.png,0.0,3.0,0.0,5.0,0.0,0.0,0.0,0.0,0.0,0.0
Теннисные струны,1920007,"Теннисная струна Solinco Revolution Blue 1,30 12 метров",Solinco,990 ₽,https://saletennis.com/catalog/product/tiennisnaia-struna-solinco-revolution-blue-1-30-12-mietrov-1-4969,Тюмень: 16 сет | Соболева: 26 сет | Парина: 6 сет | Санкт-Петербург (Спортивная): 22 сет | Уфа: 21 сет | Тюмень (Народная): 20 сет | Ижевск: 10 сет | Бисертская: 4 сет | Основной склад Екатеринбург: 36 сет,161.0,data\product_images\59c5dd9ad19b.png,0.0,22.0,36.0,26.0,6.0,4.0,0.0,36.0,21.0,10.0
Теннисные струны,1920547,"Теннисная струна Solinco Hyper-G Round 1,20 200 метров",Solinco,14990 ₽,https://saletennis.com/catalog/product/tiennisnaia-struna-solinco-hyper-g-round-1-20-200-mietrov-17606,Ижевск: 1 сет | Бисертская: 1 сет | Соболева: 1 сет | Санкт-Петербург (Спортивная): 1 сет | Тюмень (Народная): 1 сет,5.0,data\product_images\82eca2c1223c.png,0.0,1.0,0.0,1.0,0.0,1.0,0.0,1.0,0.0,1.0
Теннисные струны,WRZ906900,"Теннисная струна Wilson Revolve Black 1,25 200 метров",Wilson,17992 ₽,https://saletennis.com/catalog/product/tiennisnaia-struna-wilson-revolve-black-1-25-200-mietrov-9491,Бисертская: 1 сет | Санкт-Петербург (Спортивная): 1 сет | Тюмень (Народная): 1 сет,3.0,data\product_images\66dfcfeae175.jpg,0.0,1.0,0.0,0.0,0.0,1.0,0.0,1.0,0.0,0.0
Теннисные струны,281404-PK,"Теннисная струна Head Velocity MLT - Pink 1,35 12 метров",Head,1207 ₽,https://saletennis.com/catalog/product/tiennisnaia-struna-head-velocity-mlt-pink-1-35-12-mietrov-18152,Соболева: 1 сет | Санкт-Петербург (Спортивная): 7 сет | Тюмень (Народная): 2 сет,10.0,data\product_images\8ab2fdcb6241.png,0.0,7.0,0.0,1.0,0.0,0.0,0.0,2.0,0.0,0.0
Теннисные струны,281032-PT,"Теннисная струна Head Hawk Power 1,25 200 метров",Head,20242 ₽,https://saletennis.com/catalog/product/tiennisnaia-struna-head-hawk-power-1-25-200-mietrov-18231,Санкт-Петербург (Спортивная): 1 сет,1.0,data\product_images\2484e20dd008.png,0.0,1.0,0.0,0.0,0.0,0.0,0.0,0.0,0.0,0.0
Теннисные струны,281099,"Теннисная струна Head Rip Control 1,20 12 метров",Head,1612 ₽,https://saletennis.com/catalog/product/tennisnaya-struna-head-rip-control-12m120-3872-3872,Соболева: 1 сет | Ижевск: 2 сет,3.0,data\product_images\ab84e2302fb0.png,0.0,0.0,0.0,1.0,0.0,0.0,0.0,0.0,0.0,2.0
Теннисные струны,281204,"Теннисная струна Head Hawk Touch 1,25 12 метров",Head,1612 ₽,https://saletennis.com/catalog/product/tennisnaya-struna-head-hawk-touch-125mm12m-3586-3586,Парина: 9.5 сет,9.5,data\product_images\0ae8825def2f.jpg,0.0,0.0,0.0,0.0,9.5,0.0,0.0,0.0,0.0,0.0
Теннисные струны,243140,"Теннисная струна Babolat RPM Blast Rough Red 1,25 200 метров",Babolat,19992 ₽,https://saletennis.com/catalog/product/tiennisnaia-struna-babolat-rpm-blast-rough-red-1-25-200-mietrov-5948,Парина: 1 сет,1.0,data\product_images\315ecc3342c3.png,0.0,0.0,0.0,0.0,1.0,0.0,0.0,0.0,0.0,0.0
Теннисные струны,281304,"Теннисная струна Head Reflex MLT - Natural 1,35 12 метров",Head,1612 ₽,https://saletennis.com/catalog/product/tiennisnaia-struna-head-reflex-mlt-natural-1-35-12-mietrov-18151,Соболева: 2 сет | Санкт-Петербург (Спортивная): 2 сет | Парина: 2 сет,6.0,data\product_images\6f0ffbcdff4e.png,0.0,2.0,0.0,2.0,2.0,0.0,0.0,0.0,0.0,0.0
Теннисные струны,02GDU130XB,"Теннисная струна Tecnifibre Duramix HD Black 1,30 12 метров",Tecnifibre,2490 ₽,https://saletennis.com/catalog/product/tiennisnaia-struna-tecnifibre-duramix-hd-black-1-30-12-mietrov-17632,Соболева: 4 сет | Санкт-Петербург (Спортивная): 6 сет,10.0,data\product_images\2a7172207b70.png,0.0,6.0,0.0,4.0,0.0,0.0,0.0,0.0,0.0,0.0
Теннисные струны,241136,"Теннисная струна Babolat RPM Blast Rough Red 1,25 12 метров",Babolat,2290 ₽,https://saletennis.com/catalog/product/tiennisnaia-struna-babolat-rpm-blast-rough-red-1-25-12-mietrov-5639,Санкт-Петербург (Спортивная): 12 сет | Парина: 1 сет,13.0,data\product_images\2d75f518a60c.png,0.0,12.0,0.0,0.0,1.0,0.0,0.0,0.0,0.0,0.0
Теннисные струны,1920052,"Теннисная струна Solinco Barb Wire 1,30 200 метров",Solinco,14990 ₽,https://saletennis.com/catalog/product/tiennisnaia-struna-solinco-barb-wire-1-30-200-mietrov-1-4964,Тюмень (Народная): 1 сет | Ижевск: 1 сет | Основной склад Екатеринбург: 7 сет | Уфа: 1 сет | Соболева: 1 сет | Парина: 1 сет | Санкт-Петербург (Спортивная): 2 сет,14.0,data\product_images\6301ec09a6a8.png,0.0,2.0,7.0,1.0,1.0,0.0,0.0,1.0,1.0,1.0
Теннисные струны,281103-WH,"Теннисная струна Head Hawk - White 1,25 12 метров",Head,1612 ₽,https://saletennis.com/catalog/product/tiennisnaia-struna-head-hawk-white-1-25-12-mietrov-2-18008,Тюмень (Народная): 3.5 сет | Соболева: 5 сет | Уфа: 1 сет | Парина: 6 сет | Санкт-Петербург (Спортивная): 9 сет,24.5,data\product_images\e79d3727ca8f.png,0.0,9.0,0.0,5.0,6.0,0.0,0.0,3.5,1.0,0.0
Теннисные струны,192065,"Теннисная струна Solinco Confidential Soft Pink 1,30 12 метров",Solinco,1290 ₽,https://saletennis.com/catalog/product/tiennisnaia-struna-solinco-confidential-soft-pink-1-30-12-mietrov-19128,Парина: 5 сет | Основной склад Екатеринбург: 3 сет | Бисертская: 4 сет | Соболева: 5 сет | Тюмень (Народная): 10 сет,27.0,data\product_images\b2b766a9fc8d.png,0.0,0.0,3.0,5.0,5.0,4.0,0.0,10.0,0.0,0.0
Теннисные струны,WRZ997900,Теннисная струна Wilson Champion's Choice Duo 12 метров,Wilson,7493 ₽,https://saletennis.com/catalog/product/tiennisnaia-struna-wilson-champion-s-choice-duo-12-mietrov-5081,Парина: 6 сет | Ижевск: 3 сет | Уфа: 3 сет | Санкт-Петербург (Спортивная): 6 сет | Соболева: 3 сет | Тюмень (Народная): 3 сет,24.0,data\product_images\cb4e9ef903c3.jpg,0.0,6.0,0.0,3.0,6.0,0.0,0.0,3.0,3.0,3.0
Теннисные струны,281794-16YW,"Теннисная струна Head LYNX Yellow 1,30 12 метров",Head,1207 ₽,https://saletennis.com/catalog/product/tiennisnaia-struna-head-lynx-yellow-1-30-12-mietrov-13520,Ижевск: 4 сет | Уфа: 7 сет | Тюмень (Народная): 12 сет | Санкт-Петербург (Спортивная): 33.5 сет | Бисертская: 16 сет,72.5,data\product_images\957205b9ffd0.png,0.0,33.5,0.0,0.0,0.0,16.0,0.0,12.0,7.0,4.0
Теннисные струны,1920011,"Теннисная струна Solinco Outlast 1,30 12 метров",Solinco,890 ₽,https://saletennis.com/catalog/product/tiennisnaia-struna-solinco-outlast-1-30-12-mietrov-6543,Санкт-Петербург (Спортивная): 10 сет | Бисертская: 18 сет | Основной склад Екатеринбург: 24 сет | Ижевск: 6.5 сет | Уфа: 2 сет | Санкт-Петербург (Ярослава Гашека): 14 сет | Соболева: 15 сет | Парина: 14 сет | Тюмень (Народная): 13 сет,116.5,data\product_images\5101842505b4.png,14.0,10.0,24.0,15.0,14.0,18.0,0.0,13.0,2.0,6.5
Теннисные струны,04GRAS125L,"Теннисная струна Tecnifibre Razor Soft Lime 1,25 12 метров",Tecnifibre,1868 ₽,https://saletennis.com/catalog/product/tiennisnaia-struna-tecnifibre-razor-soft-lime-1-25-12-mietrov-16278,Санкт-Петербург (Спортивная): 3 сет,3.0,data\product_images\02c1833f98f1.png,0.0,3.0,0.0,0.0,0.0,0.0,0.0,0.0,0.0,0.0
Теннисные струны,281794-16AN,"Теннисная струна Head LYNX (антрацит) 1,30 200 метров",Head,15382 ₽,https://saletennis.com/catalog/product/tiennisnaia-struna-head-lynx-antratsit-1-30-200-mietrov-13011,Парина: 1 сет | Санкт-Петербург (Спортивная): 1 сет | Ижевск: 1 сет | Уфа: 1 сет,4.0,data\product_images\6aace0df5ca0.png,0.0,1.0,0.0,0.0,1.0,0.0,0.0,0.0,1.0,1.0
Теннисные струны,281006-16NT,"Теннисная струна Head FXP Natural 1,30 12 метров",Head,1369 ₽,https://saletennis.com/catalog/product/tiennisnaia-struna-head-fxp-natural-1-30-12-mietrov-9064,Санкт-Петербург (Спортивная): 1 сет,1.0,data\product_images\26755e94c861.png,0.0,1.0,0.0,0.0,0.0,0.0,0.0,0.0,0.0,0.0
Теннисные струны,281784-BL,"Теннисная струна Head LYNX Blue 1,25 12 метров",Head,1207 ₽,https://saletennis.com/catalog/product/tiennisnaia-struna-head-lynx-blue-1-25-12-mietrov-15843,Санкт-Петербург (Спортивная): 6 сет | Бисертская: 4 сет | Ижевск: 2 сет | Парина: 8.5 сет | Соболева: 6 сет,26.5,data\product_images\fbb13f954229.png,0.0,6.0,0.0,6.0,8.5,4.0,0.0,0.0,0.0,2.0
Теннисные струны,243141-113,"Теннисная струна Babolat RPM Hurricane - Yellow 1,35 12 метров",Babolat,1590 ₽,https://saletennis.com/catalog/product/tiennisnaia-struna-babolat-rpm-hurricane-yellow-1-35-12-mietrov-12676,Санкт-Петербург (Спортивная): 16 сет,16.0,data\product_images\7423dc7ab750.png,0.0,16.0,0.0,0.0,0.0,0.0,0.0,0.0,0.0,0.0
Теннисные струны,WR8302301130,"Теннисная струна Luxilon Alu Power 1,30 12 метров",Luxilon,3490 ₽,https://saletennis.com/catalog/product/tiennisnaia-struna-luxilon-alu-power-1-30-12-mietrov-11428,Санкт-Петербург (Ярослава Гашека): 14 сет | Бисертская: 0.5 сет | Тюмень (Народная): 16 сет | Парина: 8.5 сет | Соболева: 2 сет | Санкт-Петербург (Спортивная): 14 сет,55.0,data\product_images\6b637df616b9.png,14.0,14.0,0.0,2.0,8.5,0.5,0.0,16.0,0.0,0.0
Теннисные струны,281784,"Теннисная струна Head LYNX Blue 1,30 12 метров",Head,1207 ₽,https://saletennis.com/catalog/product/tiennisnaia-struna-head-lynx-blue-1-30-12-mietrov-16622,Бисертская: 2 сет | Тюмень (Народная): 2 сет | Ижевск: 3 сет | Тюмень: 2 сет | Парина: 6 сет | Соболева: 8 сет | Санкт-Петербург (Спортивная): 13 сет,36.0,data\product_images\86454fdd37a5.png,0.0,13.0,0.0,8.0,6.0,2.0,0.0,4.0,0.0,3.0
Теннисные струны,WR830000316,"Теннисная струна Wilson Revolve Twist - Grey 1,30 200 метров",Wilson,18193 ₽,https://saletennis.com/catalog/product/tiennisnaia-struna-wilson-revolve-twist-grey-1-30-200-mietrov-8965,Санкт-Петербург (Спортивная): 1 сет | Парина: 1 сет,2.0,data\product_images\ec5b0d3b079c.jpg,0.0,1.0,0.0,0.0,1.0,0.0,0.0,0.0,0.0,0.0
Теннисные струны,LNP12-FY,"Теннисная струна 7/6 Lion Pro - Yellow 1,24 12 метров",7/6,950 ₽,https://saletennis.com/catalog/product/tiennisnaia-struna-7-6-lion-pro-yellow-1-24-12-mietrov-15077,Уфа: 1 сет | Бисертская: 0.5 сет | Тюмень: 14 сет | Тюмень (Народная): 0.5 сет,16.0,data\product_images\384d80f45ecb.png,0.0,0.0,0.0,0.0,0.0,0.5,0.0,14.5,1.0,0.0
Теннисные струны,281794-16RD,"Теннисная струна Head LYNX (красный) 1,30 12 метров",Head,1207 ₽,https://saletennis.com/catalog/product/tiennisnaia-struna-head-lynx-krasnyi-1-30-12-mietrov-8269,Ижевск: 1 сет | Тюмень (Народная): 11.5 сет | Парина: 16 сет | Санкт-Петербург (Спортивная): 7.5 сет,36.0,data\product_images\060440a0c35d.png,0.0,7.5,0.0,0.0,16.0,0.0,0.0,11.5,0.0,1.0
Теннисные струны,01GHD130XN,"Теннисная струна Tecnifibre HDMX 1,25 12 метров",Tecnifibre,2990 ₽,https://saletennis.com/catalog/product/tiennisnaia-struna-tecnifibre-hdmx-1-25-12-mietrov-17633,Парина: 4 сет | Санкт-Петербург (Спортивная): 5 сет,9.0,data\product_images\fa2d55daa6e1.png,0.0,5.0,0.0,0.0,4.0,0.0,0.0,0.0,0.0,0.0
Теннисные струны,1920206,"Теннисная струна Solinco Confidential 1,20 200 метров",Solinco,14990 ₽,https://saletennis.com/catalog/product/tiennisnaia-struna-solinco-confidential-1-20-200-mietrov-13101,Парина: 1 сет | Ижевск: 1 сет | Уфа: 1 сет,3.0,data\product_images\f9ea04482405.jpg,0.0,0.0,0.0,0.0,1.0,0.0,0.0,0.0,1.0,1.0
Теннисные струны,241101,"Теннисная струна Babolat RPM Blast 1,30 12 метров",Babolat,2090 ₽,https://saletennis.com/catalog/product/tennisnaya-struna-babolat-rpm-blast-12-m130-748-748,Ижевск: 1 сет | Соболева: 13 сет | Тюмень (Народная): 7.5 сет | Парина: 11 сет | Тюмень: 13 сет | Санкт-Петербург (Спортивная): 11.5 сет,57.0,data\product_images\eda035cb2655.png,0.0,11.5,0.0,13.0,11.0,0.0,0.0,20.5,0.0,1.0
Теннисные струны,281794-17AN,"Теннисная струна Head LYNX (антрацит) 1,25 200 метров",Head,16192 ₽,https://saletennis.com/catalog/product/tiennisnaia-struna-head-lynx-antratsit-1-25-200-mietrov-8793,Бисертская: 1 сет | Парина: 1 сет | Уфа: 1 сет | Санкт-Петербург (Спортивная): 1 сет,4.0,data\product_images\48fd873bc8a7.png,0.0,1.0,0.0,0.0,1.0,1.0,0.0,0.0,1.0,0.0
Теннисные струны,281023-16LSI,"Теннисная струна Head Master Silver 1,30 12 метров",Head,397 ₽,https://saletennis.com/catalog/product/tiennisnaia-struna-head-master-silver-1-30-12-mietrov-8073,Нет информации о наличии,0.0,data\product_images\5f391c035be1.png,0.0,0.0,0.0,0.0,0.0,0.0,0.0,0.0,0.0,0.0
Теннисные струны,WRZ907600,"Теннисная струна Wilson Revolve Spin Black 1,30 12 метров",Wilson,1774 ₽,https://saletennis.com/catalog/product/tiennisnaia-struna-wilson-revolve-spin-black-1-30-12-mietrov-10569,Нет информации о наличии,0.0,data\product_images\35e6a0503557.png,0.0,0.0,0.0,0.0,0.0,0.0,0.0,0.0,0.0,0.0
Теннисные струны,281099-NT,"Теннисная струна Head Rip Control - Natural 1,30 12 метров",Head,1612 ₽,https://saletennis.com/catalog/product/tiennisnaia-struna-head-rip-control-natural-1-30-12-mietrov-17593,Нет информации о наличии,0.0,data\product_images\355d18d22f36.png,0.0,0.0,0.0,0.0,0.0,0.0,0.0,0.0,0.0,0.0
Теннисные струны,WR8314003125,"Теннисная струна Luxilon Element Infrared 1,25 12 метров",Luxilon,2690 ₽,https://saletennis.com/catalog/product/tiennisnaia-struna-luxilon-element-infrared-1-25-12-mietrov-19338,Нет информации о наличии,0.0,data\product_images\ad32f07c2d16.png,0.0,0.0,0.0,0.0,0.0,0.0,0.0,0.0,0.0,0.0
Теннисные струны,WRZ997110,"Теннисная струна Luxilon 4G 1,25 12 метров",Luxilon,3490 ₽,https://saletennis.com/catalog/product/tiennisnaia-struna-luxilon-4g-1-25-12-mietrov-1-4958,Нет информации о наличии,0.0,data\product_images\b59781c0e730.png,0.0,0.0,0.0,0.0,0.0,0.0,0.0,0.0,0.0,0.0
Теннисные струны,281404-YW,"Теннисная струна Head Velocity MLT - Yellow 1,35 12 метров",Head,1207 ₽,https://saletennis.com/catalog/product/tiennisnaia-struna-head-velocity-mlt-yellow-1-35-12-mietrov-18153,Нет информации о наличии,0.0,data\product_images\1ddc35c265d7.png,0.0,0.0,0.0,0.0,0.0,0.0,0.0,0.0,0.0,0.0
Теннисные струны,04RRAS125W,"Теннисная струна Tecnifibre Razor Soft White 1,30 12 метров",Tecnifibre,1743 ₽,https://saletennis.com/catalog/product/tiennisnaia-struna-tecnifibre-razor-soft-white-1-30-12-mietrov-17325,Нет информации о наличии,0.0,data\product_images\ccbd79afa97e.png,0.0,0.0,0.0,0.0,0.0,0.0,0.0,0.0,0.0,0.0
Теннисные струны,WRZ906500,"Теннисная струна Wilson Revolve White 1,30 12 метров",Wilson,1774 ₽,https://saletennis.com/catalog/product/tiennisnaia-struna-wilson-revolve-white-1-30-12-mietrov-5082,Нет информации о наличии,0.0,data\product_images\48bf9e71ff49.png,0.0,0.0,0.0,0.0,0.0,0.0,0.0,0.0,0.0,0.0
Теннисные струны,281799-OR,"Теннисная струна Head LYNX Tour Orange 1,25 12 метров",Head,1118 ₽,https://saletennis.com/catalog/product/tiennisnaia-struna-head-lynx-tour-orange-1-25-12-mietrov-10818,Нет информации о наличии,0.0,data\product_images\99e5303f64e7.png,0.0,0.0,0.0,0.0,0.0,0.0,0.0,0.0,0.0,0.0
Теннисные струны,1920100,"Теннисная струна Solinco Hyper-G 1,25 12,2 метров",Solinco,1290 ₽,https://saletennis.com/catalog/product/tiennisnaia-struna-solinco-hyper-g-1-25-12-2-mietrov-5843,Нет информации о наличии,0.0,data\product_images\b2329f1d0342.jpg,0.0,0.0,0.0,0.0,0.0,0.0,0.0,0.0,0.0,0.0
Теннисные струны,1920067,"Теннисная струна Solinco Tour Bite Soft 1,30 200 метров",Solinco,14990 ₽,https://saletennis.com/catalog/product/tiennisnaia-struna-solinco-tour-bite-soft-1-30-200-mietrov-9068,Нет информации о наличии,0.0,data\product_images\1cc43935f3f7.png,0.0,0.0,0.0,0.0,0.0,0.0,0.0,0.0,0.0,0.0
Теннисные струны,281790-GR,"Теннисная струна Head LYNX Tour Grey 1,25 12 метров",Head,1207 ₽,https://saletennis.com/catalog/product/tiennisnaia-struna-head-lynx-tour-grey-1-25-12-mietrov-12989,Нет информации о наличии,0.0,data\product_images\f6ec13b9607b.png,0.0,0.0,0.0,0.0,0.0,0.0,0.0,0.0,0.0,0.0
Теннисные струны,243142,"Теннисная струна Babolat PRO LAST - Grey 1,25 12 м",Babolat,690 ₽,https://saletennis.com/catalog/product/tiennisnaia-struna-babolat-pro-last-grey-1-25-12-m-11996,Нет информации о наличии,0.0,data\product_images\07bab97bf52f.png,0.0,0.0,0.0,0.0,0.0,0.0,0.0,0.0,0.0,0.0
Теннисные струны,281794-16GE,"Теннисная струна Head LYNX Green 1,30 200 метров",Head,16192 ₽,https://saletennis.com/catalog/product/tiennisnaia-struna-head-lynx-green-1-30-200-mietrov-12257,Нет информации о наличии,0.0,data\product_images\91e827a9ded3.png,0.0,0.0,0.0,0.0,0.0,0.0,0.0,0.0,0.0,0.0
Теннисные струны,281311-BK,"Теннисная струна Head Synthetic Gut - Black 1,30 12 метров",Head,721 ₽,https://saletennis.com/catalog/product/tiennisnaia-struna-head-synthetic-gut-black-1-30-12-mietrov-16191,Нет информации о наличии,0.0,data\product_images\6b8a5a85a025.png,0.0,0.0,0.0,0.0,0.0,0.0,0.0,0.0,0.0,0.0
Теннисные струны,WRZ906400,"Теннисная струна Wilson Revolve White 1,35 200 метров",Wilson,15743 ₽,https://saletennis.com/catalog/product/tiennisnaia-struna-wilson-revolve-white-1-35-200-mietrov-19074,Нет информации о наличии,0.0,data\product_images\2e1bf088b73c.png,0.0,0.0,0.0,0.0,0.0,0.0,0.0,0.0,0.0,0.0
Теннисные струны,243141,"Теннисная струна Babolat RPM Hurricane - Yellow 1,25 12 метров",Babolat,1590 ₽,https://saletennis.com/catalog/product/tiennisnaia-struna-babolat-rpm-hurricane-yellow-1-25-12-mietrov-15855,Нет информации о наличии,0.0,data\product_images\f363279db582.png,0.0,0.0,0.0,0.0,0.0,0.0,0.0,0.0,0.0,0.0
Теннисные струны,1920049,"Теннисная струна Solinco Barb Wire 1,20 12 метров",Solinco,1290 ₽,https://saletennis.com/catalog/product/tiennisnaia-struna-solinco-barb-wire-1-20-12-mietrov-1-4961,Тюмень (Народная): 1 сет | Ижевск: 14 сет | Парина: 19 сет | Бисертская: 6 сет | Соболева: 11 сет | Уфа: 1 сет | Санкт-Петербург (Спортивная): 4 сет,56.0,data\product_images\0ddb88a43b8c.png,0.0,4.0,0.0,11.0,19.0,6.0,0.0,1.0,1.0,14.0
Теннисные струны,281799-CP,"Теннисная струна Head LYNX Tour Champagne 1,25 200 метров",Head,13643 ₽,https://saletennis.com/catalog/product/tiennisnaia-struna-head-lynx-tour-champagne-1-25-200-mietrov-11894,Санкт-Петербург (Спортивная): 1 сет | Соболева: 1 сет | Парина: 1 сет,3.0,data\product_images\a7fe3277e5cc.png,0.0,1.0,0.0,1.0,1.0,0.0,0.0,0.0,0.0,0.0
Теннисные струны,1920099,"Теннисная струна Solinco Hyper-G 1,25 200 метров",Solinco,14990 ₽,https://saletennis.com/catalog/product/tiennisnaia-struna-solinco-hyper-g-1-25-200-mietrov-6963,Соболева: 1 сет | Уфа: 1 сет | Парина: 1 сет | Тюмень: 1 сет,4.0,data\product_images\8f917b1ae46a.png,0.0,0.0,0.0,1.0,1.0,0.0,0.0,1.0,1.0,0.0
Теннисные струны,SH12-RD,"Теннисная струна 7/6 Shark - Red 1,25 12 метров",7/6,990 ₽,https://saletennis.com/catalog/product/tiennisnaia-struna-7-6-shark-red-1-25-12-mietrov-15045,Санкт-Петербург (Спортивная): 17.5 сет | Ижевск: 13.5 сет | Тюмень: 16 сет | Бисертская: 19 сет | Санкт-Петербург (Ярослава Гашека): 16 сет | Парина: 17.5 сет | Соболева: 16.5 сет | Тюмень (Народная): 11 сет | Уфа: 2 сет,129.0,data\product_images\f6d7308fb048.png,16.0,17.5,0.0,16.5,17.5,19.0,0.0,27.0,2.0,13.5
Теннисные струны,OC12-SL,"Теннисная струна 7/6 Octopus - Silver 1,25 12 метров",7/6,1090 ₽,https://saletennis.com/catalog/product/tiennisnaia-struna-7-6-octopus-silver-1-25-12-mietrov-15039,Парина: 22 сет | Тюмень (Народная): 11 сет | Соболева: 1 сет | Бисертская: 11 сет | Уфа: 10 сет | Основной склад Екатеринбург: 4 сет | Санкт-Петербург (Спортивная): 1.5 сет | Тюмень: 15 сет,75.5,data\product_images\04148f063fa8.png,0.0,1.5,4.0,1.0,22.0,11.0,0.0,26.0,10.0,0.0
Теннисные струны,281002-NT,"Теннисная струна Head IntelliTour 1,30 12 метров",Head,1369 ₽,https://saletennis.com/catalog/product/tiennisnaia-struna-head-intellitour-1-30-12-mietrov-19100,Парина: 6 сет | Санкт-Петербург (Ярослава Гашека): 15 сет | Санкт-Петербург (Спортивная): 6 сет,27.0,data\product_images\a7b503883640.png,15.0,6.0,0.0,0.0,6.0,0.0,0.0,0.0,0.0,0.0
Теннисные струны,19200100,"Теннисная струна Solinco Outlast 1,25 12 метров",Solinco,890 ₽,https://saletennis.com/catalog/product/tiennisnaia-struna-solinco-outlast-1-25-12-mietrov-6542,Соболева: 17 сет | Ижевск: 6.5 сет | Санкт-Петербург (Спортивная): 16 сет | Уфа: 8.5 сет | Парина: 4 сет | Основной склад Екатеринбург: 6 сет | Тюмень (Народная): 17.5 сет | Бисертская: 2 сет,77.5,data\product_images\7358a46822fa.png,0.0,16.0,6.0,17.0,4.0,2.0,0.0,17.5,8.5,6.5
Теннисные струны,1920230,"Теннисная струна Solinco X-Natural 1,30 200 метров",Solinco,16490 ₽,https://saletennis.com/catalog/product/tiennisnaia-struna-solinco-x-natural-1-30-200-mietrov-14272,Парина: 1 сет | Санкт-Петербург (Спортивная): 1 сет,2.0,data\product_images\5e8051af0dda.png,0.0,1.0,0.0,0.0,1.0,0.0,0.0,0.0,0.0,0.0
Теннисные струны,281799-BK,"Теннисная струна Head LYNX Tour Black 1,30 12 метров",Head,1207 ₽,https://saletennis.com/catalog/product/tiennisnaia-struna-head-lynx-tour-black-1-30-12-mietrov-15461,Ижевск: 5 сет | Санкт-Петербург (Спортивная): 6.5 сет | Соболева: 26 сет | Тюмень: 11 сет | Парина: 22 сет | Бисертская: 11 сет | Уфа: 4 сет,85.5,data\product_images\4e713785217e.png,0.0,6.5,0.0,26.0,22.0,11.0,0.0,11.0,4.0,5.0
Теннисные струны,281033-15LYW,"Теннисная струна Head Master Yellow 1,30 12 метров",Head,446 ₽,https://saletennis.com/catalog/product/tiennisnaia-struna-head-master-yellow-1-30-12-mietrov-16624,Уфа: 11 сет | Соболева: 12 сет,23.0,data\product_images\13c09480ca2a.png,0.0,0.0,0.0,12.0,0.0,0.0,0.0,0.0,11.0,0.0
Теннисные струны,281128-17WH,"Теннисная струна Head Sonic Pro White 1,25 200 метров",Head,10117 ₽,https://saletennis.com/catalog/product/tiennisnaia-struna-head-sonic-pro-white-1-25-200-mietrov-12309,Бисертская: 1 сет | Парина: 1 сет | Санкт-Петербург (Спортивная): 1 сет | Соболева: 1 сет,4.0,data\product_images\9638bb2d0f8e.png,0.0,1.0,0.0,1.0,1.0,1.0,0.0,0.0,0.0,0.0
Теннисные струны,WRZ998400,"Теннисная струна Luxilon Alu Power Spin 1,27 12 метров",Luxilon,3490 ₽,https://saletennis.com/catalog/product/tennisnaya-struna-luxilon-alu-power-spin-127-12-m-s-bobiny-774-774,Соболева: 8.5 сет | Парина: 14.5 сет | Санкт-Петербург (Спортивная): 13 сет,36.0,data\product_images\c7d837687406.png,0.0,13.0,0.0,8.5,14.5,0.0,0.0,0.0,0.0,0.0
Теннисные струны,04GBL124XB,"Теннисная струна Tecnifibre Black Code 1,24 12 метров",Tecnifibre,2190 ₽,https://saletennis.com/catalog/product/tiennisnaia-struna-tecnifibre-black-code-1-24-12-mietrov-13659,Соболева: 6 сет | Бисертская: 1.5 сет | Санкт-Петербург (Спортивная): 3 сет | Ижевск: 1 сет | Парина: 1 сет,12.5,data\product_images\bcbda845b858.jpg,0.0,3.0,0.0,6.0,1.0,1.5,0.0,0.0,0.0,1.0
Теннисные струны,281204-16AN,"Теннисная струна Head Hawk Touch Antracite 1,30 12 метров",Head,1612 ₽,https://saletennis.com/catalog/product/tiennisnaia-struna-head-hawk-touch-antracite-1-30-12-mietrov-12951,Тюмень: 13 сет | Ижевск: 6 сет | Уфа: 9 сет | Санкт-Петербург (Спортивная): 8 сет | Парина: 13 сет | Тюмень (Народная): 14.5 сет | Соболева: 13 сет,76.5,data\product_images\ac9e8117ae3a.png,0.0,8.0,0.0,13.0,13.0,0.0,0.0,27.5,9.0,6.0
Теннисные струны,1920078,"Теннисная струна Solinco Tour Bite Diamond Rough 1,25 200 метров",Solinco,14990 ₽,https://saletennis.com/catalog/product/tiennisnaia-struna-solinco-tour-bite-diamond-rough-1-25-200-mietrov-1-4977,Соболева: 1 сет | Уфа: 1 сет,2.0,data\product_images\beb88cb5a323.png,0.0,0.0,0.0,1.0,0.0,0.0,0.0,0.0,1.0,0.0
Теннисные струны,WR8308201125BK,"Теннисная струна Luxilon 4G Black 1,25 12 метров",Luxilon,3290 ₽,https://saletennis.com/catalog/product/tiennisnaia-struna-luxilon-4g-black-1-25-12-mietrov-15830,Уфа: 12 сет | Санкт-Петербург (Спортивная): 0.5 сет,12.5,data\product_images\fb2f64f80a42.png,0.0,0.5,0.0,0.0,0.0,0.0,0.0,0.0,12.0,0.0
Теннисные струны,06GXON124O,"Струна для сквоша X-ONE Orange 1,24 12 метров",Не определен,2590 ₽,https://saletennis.com/catalog/product/struna-dlia-skvosha-x-one-orange-1-24-12-mietrov-17651,Парина: 19 сет,19.0,data\product_images\71d603371f76.png,0.0,0.0,0.0,0.0,19.0,0.0,0.0,0.0,0.0,0.0
Теннисные струны,241139-336,"Теннисная струна Babolat RPM Power Brown 1,30 12 метров",Babolat,1950 ₽,https://saletennis.com/catalog/product/tiennisnaia-struna-babolat-rpm-power-brown-1-30-12-mietrov-9836,Парина: 1 сет | Санкт-Петербург (Спортивная): 4 сет,5.0,data\product_images\519a2fd06514.png,0.0,4.0,0.0,0.0,1.0,0.0,0.0,0.0,0.0,0.0
Теннисные струны,281052,Теннисная струна Head Lynx Touch - Smoky 1.25 12м,Head,1207 ₽,https://saletennis.com/catalog/product/tiennisnaia-struna-head-lynx-touch-smoky-1-25-12m-14014,Санкт-Петербург (Спортивная): 0.5 сет | Парина: 11.5 сет,12.0,data\product_images\0a4aea4f0d65.png,0.0,0.5,0.0,0.0,11.5,0.0,0.0,0.0,0.0,0.0
Теннисные струны,EG12-NL,"Теннисная струна 7/6 Eagle - Natural 1,30 12 метров",7/6,1990 ₽,https://saletennis.com/catalog/product/tiennisnaia-struna-7-6-eagle-natural-1-30-12-mietrov-15071,Санкт-Петербург (Спортивная): 6 сет | Ижевск: 5 сет | Парина: 10 сет | Основной склад Екатеринбург: 1 сет | Уфа: 5 сет | Санкт-Петербург (Ярослава Гашека): 5 сет | Бисертская: 6 сет | Тюмень (Народная): 7 сет | Тюмень: 2 сет | Соболева: 11 сет,58.0,data\product_images\9a3bebb08882.png,5.0,6.0,1.0,11.0,10.0,6.0,0.0,9.0,5.0,5.0
Теннисные струны,01GXO130XN,"Теннисная струна Tecnifibre X-ONE Biphase 1,30 12 метров",Tecnifibre,3490 ₽,https://saletennis.com/catalog/product/tiennisnaia-struna-tecnifibre-x-one-biphase-1-30-12-mietrov-13671,Ижевск: 5 сет,5.0,data\product_images\331b74a187fd.png,0.0,0.0,0.0,0.0,0.0,0.0,0.0,0.0,0.0,5.0
Теннисные струны,281794,"Теннисная струна Head LYNX Green 1,25 200 метров",Head,15382 ₽,https://saletennis.com/catalog/product/tiennisnaia-struna-head-lynx-green-1-25-200-mietrov-12256,Парина: 1 сет | Бисертская: 1 сет,2.0,data\product_images\e525ba0703ad.png,0.0,0.0,0.0,0.0,1.0,1.0,0.0,0.0,0.0,0.0
Теннисные струны,WR8308301125,"Теннисная струна Luxilon 4G Black 1,25 200 метров",Luxilon,45990 ₽,https://saletennis.com/catalog/product/tiennisnaia-struna-luxilon-4g-black-1-25-200-mietrov-19080,Парина: 1 сет,1.0,data\product_images\572de18c318f.png,0.0,0.0,0.0,0.0,1.0,0.0,0.0,0.0,0.0,0.0
Теннисные струны,WR8313701130,"Теннисная струна Luxilon ECO Power - Green 1,30 12 метров",Luxilon,2190 ₽,https://saletennis.com/catalog/product/tiennisnaia-struna-luxilon-eco-power-green-1-30-12-mietrov-18924,Бисертская: 13 сет | Парина: 6 сет,19.0,data\product_images\13c7c8c60451.png,0.0,0.0,0.0,0.0,6.0,13.0,0.0,0.0,0.0,0.0
Теннисные струны,04RRAS120N,"Теннисная струна Tecnifibre Razor Soft 1,20 12 метров",Tecnifibre,2290 ₽,https://saletennis.com/catalog/product/tiennisnaia-struna-tecnifibre-razor-soft-1-20-12-mietrov-16276,Парина: 2.5 сет | Тюмень (Народная): 4 сет,6.5,data\product_images\cf49cddbf144.png,0.0,0.0,0.0,0.0,2.5,0.0,0.0,4.0,0.0,0.0
Теннисные струны,01GXO124XN,"Теннисная струна Tecnifibre X-ONE Biphase 1,24 12 метров",Tecnifibre,3490 ₽,https://saletennis.com/catalog/product/tiennisnaia-struna-tecnifibre-x-one-biphase-1-24-12-mietrov-17634,Парина: 1 сет,1.0,data\product_images\a8401250ab17.png,0.0,0.0,0.0,0.0,1.0,0.0,0.0,0.0,0.0,0.0
Теннисные струны,WRZ906600,"Теннисная струна Wilson Revolve White 1,25 200 метров",Wilson,17992 ₽,https://saletennis.com/catalog/product/tiennisnaia-struna-wilson-revolve-white-1-25-200-mietrov-12528,Санкт-Петербург (Спортивная): 1 сет | Парина: 1 сет | Бисертская: 1 сет,3.0,data\product_images\5e61b62a5025.png,0.0,1.0,0.0,0.0,1.0,1.0,0.0,0.0,0.0,0.0
Теннисные струны,PTGSPN-12BK,"Теннисная струна Yonex Polytour Spin Black 1,20 12 метров",Yonex,1990 ₽,https://saletennis.com/catalog/product/tiennisnaia-struna-yonex-polytour-spin-black-1-20-12-mietrov-19476,Санкт-Петербург (Спортивная): 13 сет | Санкт-Петербург (Ярослава Гашека): 13 сет,26.0,data\product_images\68658054af95.png,13.0,13.0,0.0,0.0,0.0,0.0,0.0,0.0,0.0,0.0
Теннисные струны,281033,"Теннисная струна Head Master Yellow 1,30 200 метров",Head,4666 ₽,https://saletennis.com/catalog/product/tiennisnaia-struna-head-master-yellow-1-30-200-mietrov-14135,Ижевск: 1 сет | Соболева: 1 сет,2.0,data\product_images\4480627ac701.png,0.0,0.0,0.0,1.0,0.0,0.0,0.0,0.0,0.0,1.0
Теннисные струны,281128-BK,"Теннисная струна Head Sonic Pro Black 1,30 200 метров",Head,10117 ₽,https://saletennis.com/catalog/product/tiennisnaia-struna-head-sonic-pro-black-1-30-200-mietrov-18374,Ижевск: 1 сет | Санкт-Петербург (Спортивная): 2 сет | Парина: 1 сет | Бисертская: 2 сет | Уфа: 1 сет,7.0,data\product_images\6f538f68ac16.png,0.0,2.0,0.0,0.0,1.0,2.0,0.0,0.0,1.0,1.0
Теннисные струны,04GBL132XB,"Теннисная струна Tecnifibre Black Code 1,32 12 метров",Tecnifibre,1690 ₽,https://saletennis.com/catalog/product/tiennisnaia-struna-tecnifibre-black-code-1-32-12-mietrov-13840,Тюмень (Народная): 12 сет | Санкт-Петербург (Спортивная): 15 сет | Ижевск: 2 сет,29.0,data\product_images\57b8de8ca96a.png,0.0,15.0,0.0,0.0,0.0,0.0,0.0,12.0,0.0,2.0
Теннисные струны,WRZ990109,"Теннисная струна Luxilon Element 1,30 12 метров",Luxilon,2990 ₽,https://saletennis.com/catalog/product/tiennisnaia-struna-luxilon-element-1-30-12-mietrov-4578,Соболева: 15 сет | Санкт-Петербург (Спортивная): 1 сет,16.0,data\product_images\471d49a51f1e.png,0.0,1.0,0.0,15.0,0.0,0.0,0.0,0.0,0.0,0.0
Теннисные струны,WR8302801130,"Теннисная струна Luxilon Alu Power Rough 1,30 12 метров",Luxilon,3490 ₽,https://saletennis.com/catalog/product/tiennisnaia-struna-luxilon-alu-power-rough-1-30-12-mietrov-10510,Бисертская: 0.5 сет | Ижевск: 1 сет | Уфа: 1 сет | Санкт-Петербург (Спортивная): 14 сет,16.5,data\product_images\a7f3a7a0eba8.png,0.0,14.0,0.0,0.0,0.0,0.5,0.0,0.0,1.0,1.0
Теннисные струны,281113,"Теннисная струна Head HAWK 1,20 200 метров",Head,20242 ₽,https://saletennis.com/catalog/product/tiennisnaia-struna-head-hawk-1-20-200-mietrov-17592,Санкт-Петербург (Спортивная): 1 сет,1.0,data\product_images\ee437b48c27b.png,0.0,1.0,0.0,0.0,0.0,0.0,0.0,0.0,0.0,0.0
Теннисные струны,RH12-BL,"Теннисная струна 7/6 Rhino - Blue 1,22 12 метров",7/6,890 ₽,https://saletennis.com/catalog/product/tiennisnaia-struna-7-6-rhino-blue-1-22-12-mietrov-15042,Тюмень: 4.5 сет | Санкт-Петербург (Ярослава Гашека): 14 сет | Тюмень (Народная): 7.5 сет | Уфа: 10 сет | Парина: 19 сет | Основной склад Екатеринбург: 1 сет | Санкт-Петербург (Спортивная): 20 сет | Соболева: 10 сет | Бисертская: 13 сет,99.0,data\product_images\5896dc91d1c2.png,14.0,20.0,1.0,10.0,19.0,13.0,0.0,12.0,10.0,0.0
Теннисные струны,241110,"Теннисная струна Babolat Xcel 1,30 12 метров",Babolat,2890 ₽,https://saletennis.com/catalog/product/tiennisnaia-struna-babolat-xcel-1-30-12-mietrov-4940,Парина: 5 сет,5.0,data\product_images\819a4d260dc9.png,0.0,0.0,0.0,0.0,5.0,0.0,0.0,0.0,0.0,0.0
Теннисные струны,04GBL128XV,"Теннисная струна Tecnifibre Black Code Lime 1,28 12 метров",Tecnifibre,2190 ₽,https://saletennis.com/catalog/product/tiennisnaia-struna-tecnifibre-black-code-lime-1-28-12-mietrov-16269,Ижевск: 9 сет | Уфа: 15.5 сет | Санкт-Петербург (Спортивная): 2 сет | Бисертская: 10 сет | Санкт-Петербург (Ярослава Гашека): 3 сет,39.5,data\product_images\a5ad9e2e0638.png,3.0,2.0,0.0,0.0,0.0,10.0,0.0,0.0,15.5,9.0
Теннисные струны,281794-17RD,"Теннисная струна Head LYNX (красный) 1,25 200 метров",Head,15382 ₽,https://saletennis.com/catalog/product/tiennisnaia-struna-head-lynx-krasnyi-1-25-200-mietrov-8268,Бисертская: 1 сет,1.0,data\product_images\3d71c5a9ca4b.jpg,0.0,0.0,0.0,0.0,0.0,1.0,0.0,0.0,0.0,0.0
Теннисные струны,281113-WH,"Теннисная струна Head Hawk White 1,25 200 метров",Head,18622 ₽,https://saletennis.com/catalog/product/tiennisnaia-struna-head-hawk-white-1-25-200-mietrov-16710,Ижевск: 1 сет | Санкт-Петербург (Спортивная): 1 сет | Парина: 1 сет,3.0,data\product_images\45589ad4dbe9.jpg,0.0,1.0,0.0,0.0,1.0,0.0,0.0,0.0,0.0,1.0
Теннисные струны,1920210,"Теннисная струна Solinco Confidential 1,25 200 метров",Solinco,14990 ₽,https://saletennis.com/catalog/product/tiennisnaia-struna-solinco-confidential-1-25-200-mietrov-10699,Тюмень: 1 сет | Санкт-Петербург (Спортивная): 2 сет,3.0,data\product_images\f121cb719746.png,0.0,2.0,0.0,0.0,0.0,0.0,0.0,1.0,0.0,0.0
Теннисные струны,281319-16WH,"Теннисная струна Head Master White 1,30 400 метров",Head,9712 ₽,https://saletennis.com/catalog/product/tiennisnaia-struna-head-master-white-1-30-400-mietrov-10462,Соболева: 1 сет,1.0,data\product_images\9da118a66a6a.png,0.0,0.0,0.0,1.0,0.0,0.0,0.0,0.0,0.0,0.0
Теннисные струны,281042,"Теннисная струна Head Lynx Touch - Smoky 1,30 12м",Head,1207 ₽,https://saletennis.com/catalog/product/tiennisnaia-struna-head-lynx-touch-smoky-1-30-12m-19102,Парина: 6 сет | Тюмень (Народная): 7 сет | Санкт-Петербург (Спортивная): 5 сет,18.0,data\product_images\9a82a41ad4b9.png,0.0,5.0,0.0,0.0,6.0,0.0,0.0,7.0,0.0,0.0
Теннисные струны,1920001,"Теннисная струна Solinco Tour Bite 1,20 12 метров",Solinco,1290 ₽,https://saletennis.com/catalog/product/tiennisnaia-struna-solinco-tour-bite-1-20-12-mietrov-1-4971,Уфа: 5 сет | Тюмень (Народная): 10 сет | Бисертская: 4 сет | Санкт-Петербург (Спортивная): 1 сет | Соболева: 8 сет | Парина: 23 сет,51.0,data\product_images\0c59cb69a836.png,0.0,1.0,0.0,8.0,23.0,4.0,0.0,10.0,5.0,0.0
Теннисные струны,04GRA125XW,"Теннисная струна Tecnifibre Razor Code White 1,30 12 метров",Tecnifibre,2490 ₽,https://saletennis.com/catalog/product/tiennisnaia-struna-tecnifibre-razor-code-white-1-30-12-mietrov-14565,Санкт-Петербург (Спортивная): 1 сет | Соболева: 6 сет | Тюмень (Народная): 3 сет,10.0,data\product_images\4cd21da9b3bf.png,0.0,1.0,0.0,6.0,0.0,0.0,0.0,3.0,0.0,0.0
Теннисные струны,281784-YW,"Теннисная струна Head LYNX (желтый) 1,25 12 метров",Head,1207 ₽,https://saletennis.com/catalog/product/tiennisnaia-struna-head-lynx-zhieltyi-1-25-12-mietrov-9066,Тюмень: 1 сет | Бисертская: 1.5 сет | Парина: 5 сет | Ижевск: 6 сет | Санкт-Петербург (Спортивная): 3 сет | Соболева: 4 сет | Тюмень (Народная): 1 сет,21.5,data\product_images\2caf11b8c3d7.jpg,0.0,3.0,0.0,4.0,5.0,1.5,0.0,2.0,0.0,6.0
Теннисные струны,1920048,"Теннисная струна Solinco Barb Wire 1,25 200 метров",Solinco,14990 ₽,https://saletennis.com/catalog/product/tiennisnaia-struna-solinco-barb-wire-1-25-200-mietrov-5842,Тюмень (Народная): 2 сет | Уфа: 1 сет | Парина: 1 сет | Санкт-Петербург (Спортивная): 1 сет,5.0,data\product_images\142089d12770.png,0.0,1.0,0.0,0.0,1.0,0.0,0.0,2.0,1.0,0.0
Теннисные струны,281033-16LSI,"Теннисная струна Head Master Silver 1,30 200 метров",Head,4666 ₽,https://saletennis.com/catalog/product/tiennisnaia-struna-head-master-silver-1-30-200-mietrov-10090,Санкт-Петербург (Спортивная): 1 сет | Соболева: 1 сет,2.0,data\product_images\f963dd3b68d3.png,0.0,1.0,0.0,1.0,0.0,0.0,0.0,0.0,0.0,0.0
Теннисные струны,281113-17WH,"Теннисная струна Head Hawk White 1,25 12 метров",Head,1288 ₽,https://saletennis.com/catalog/product/tiennisnaia-struna-head-hawk-white-1-25-12-mietrov-1-16709,Бисертская: 12 сет | Парина: 14 сет,26.0,data\product_images\f38b6a23d937.png,0.0,0.0,0.0,0.0,14.0,12.0,0.0,0.0,0.0,0.0
Теннисные струны,WRZ998800,"Теннисная струна Luxilon Alu Power Feel 1,20 12 метров",Luxilon,3490 ₽,https://saletennis.com/catalog/product/tiennisnaia-struna-luxilon-alu-power-feel-1-20-12-mietrov-5988,Санкт-Петербург (Спортивная): 1 сет | Тюмень (Народная): 13 сет | Соболева: 1 сет,15.0,data\product_images\d20f293a2268.jpg,0.0,1.0,0.0,1.0,0.0,0.0,0.0,13.0,0.0,0.0
Теннисные струны,WR830000116,"Теннисная струна Wilson Revolve Twist - Grey 1,30 12 метров",Wilson,1207 ₽,https://saletennis.com/catalog/product/tiennisnaia-struna-wilson-revolve-twist-grey-1-30-12-mietrov-8964,Ижевск: 5 сет,5.0,data\product_images\fafbc11a7cdc.jpg,0.0,0.0,0.0,0.0,0.0,0.0,0.0,0.0,0.0,5.0
Теннисные струны,241146,"Теннисная струна Babolat RPM Soft 1,30 12 метров",Babolat,975 ₽,https://saletennis.com/catalog/product/tiennisnaia-struna-babolat-rpm-soft-1-30-12-mietrov-12697,Ижевск: 5 сет | Парина: 13 сет | Тюмень (Народная): 15 сет | Санкт-Петербург (Спортивная): 10 сет | Уфа: 12 сет | Соболева: 1 сет | Бисертская: 15 сет | Санкт-Петербург (Ярослава Гашека): 13.5 сет,84.5,data\product_images\1224616105a1.png,13.5,10.0,0.0,1.0,13.0,15.0,0.0,15.0,12.0,5.0
Теннисные струны,WR8310601125,"Теннисная струна Luxilon Eco Spin Black 1,25 12 метров",Luxilon,2190 ₽,https://saletennis.com/catalog/product/tiennisnaia-struna-luxilon-eco-spin-black-1-25-12-mietrov-16572,Ижевск: 1 сет,1.0,data\product_images\3428d4eee59d.png,0.0,0.0,0.0,0.0,0.0,0.0,0.0,0.0,0.0,1.0
Теннисные струны,243144,"Теннисная струна Babolat Syn Gut - Black 1,25 12 метров",Babolat,890 ₽,https://saletennis.com/catalog/product/tiennisnaia-struna-babolat-syn-gut-black-1-25-12-mietrov-14825,Санкт-Петербург (Спортивная): 4.5 сет | Санкт-Петербург (Ярослава Гашека): 1 сет | Парина: 13 сет,18.5,data\product_images\6a784d353ca6.png,1.0,4.5,0.0,0.0,13.0,0.0,0.0,0.0,0.0,0.0
Теннисные струны,281099-17OR,"Теннисная струна Head Rip Control - Orange 1,25 12 метров",Head,1612 ₽,https://saletennis.com/catalog/product/tiennisnaia-struna-head-rip-control-orange-1-25-12-mietrov-14471,Соболева: 5 сет | Парина: 9 сет | Ижевск: 3 сет | Санкт-Петербург (Спортивная): 5 сет,22.0,data\product_images\eaaa7e0f0ed9.png,0.0,5.0,0.0,5.0,9.0,0.0,0.0,0.0,0.0,3.0
Теннисные струны,281028-WH,"Теннисная струна Head Sonic Pro White 1,25 12 метров",Head,893 ₽,https://saletennis.com/catalog/product/tiennisnaia-struna-head-sonic-pro-white-1-25-12-mietrov-12308,Санкт-Петербург (Спортивная): 4 сет | Парина: 3 сет | Тюмень (Народная): 4 сет | Соболева: 4 сет | Уфа: 0.5 сет,15.5,data\product_images\57f9013c0348.png,0.0,4.0,0.0,4.0,3.0,0.0,0.0,4.0,0.5,0.0
Теннисные струны,281028-BK,"Теннисная струна Head Sonic Pro Black 1,30 12 метров",Head,893 ₽,https://saletennis.com/catalog/product/tiennisnaia-struna-head-sonic-pro-black-1-30-12-mietrov-19105,Парина: 20 сет | Санкт-Петербург (Спортивная): 14.5 сет | Соболева: 10.5 сет | Уфа: 10 сет | Тюмень: 9 сет | Бисертская: 1.5 сет,65.5,data\product_images\8ce856f0a6f6.png,0.0,14.5,0.0,10.5,20.0,1.5,0.0,9.0,10.0,0.0
Теннисные струны,LP13-BK,"Теннисная струна 7/6 Lion Pro - Black 1,29 12 метров",7/6,950 ₽,https://saletennis.com/catalog/product/tiennisnaia-struna-7-6-lion-pro-black-1-29-12-mietrov-15034,Соболева: 10 сет | Санкт-Петербург (Спортивная): 2.5 сет | Парина: 26 сет | Тюмень: 1 сет | Уфа: 7 сет,46.5,data\product_images\9564b458aa54.png,0.0,2.5,0.0,10.0,26.0,0.0,0.0,1.0,7.0,0.0
Теннисные струны,285513,"Теннисная струна Head Sonic Pro Edge 1,30 12 метров",Head,964 ₽,https://saletennis.com/catalog/product/tennisnaya-struna-haed-sonic-pro-edge-16-130-12-m-1364-1364,Парина: 1 сет,1.0,data\product_images\69c9760f5665.png,0.0,0.0,0.0,0.0,1.0,0.0,0.0,0.0,0.0,0.0
Теннисные струны,241139,"Теннисная струна Babolat RPM Power - Electric Blue 1,30 12 метров",Babolat,1950 ₽,https://saletennis.com/catalog/product/tiennisnaia-struna-babolat-rpm-power-electric-blue-1-30-12-mietrov-10497,Соболева: 1 сет | Бисертская: 10.5 сет | Санкт-Петербург (Спортивная): 1 сет,12.5,data\product_images\d08c246cf146.png,0.0,1.0,0.0,1.0,0.0,10.5,0.0,0.0,0.0,0.0
Теннисные струны,1920029,"Теннисная струна Solinco Tour Bite 1,30 200 метров",Solinco,14990 ₽,https://saletennis.com/catalog/product/tiennisnaia-struna-solinco-tour-bite-1-30-200-mietrov-4974,Тюмень (Народная): 1 сет | Санкт-Петербург (Спортивная): 2 сет | Ижевск: 1 сет | Бисертская: 1 сет | Соболева: 1 сет | Уфа: 1 сет | Парина: 1 сет,8.0,data\product_images\f2df761cb30b.png,0.0,2.0,0.0,1.0,1.0,1.0,0.0,1.0,1.0,1.0
Теннисные струны,04GRE130XR,"Теннисная струна Tecnifibre RedCode 1,30 12 метров",Tecnifibre,1190 ₽,https://saletennis.com/catalog/product/tiennisnaia-struna-tecnifibre-redcode-1-30-12-mietrov-13832,Бисертская: 10 сет,10.0,data\product_images\b0781be97d06.png,0.0,0.0,0.0,0.0,0.0,10.0,0.0,0.0,0.0,0.0
Теннисные струны,WRZ906200,"Теннисная струна Wilson Revolve Orange 1,30 200 метров",Wilson,15743 ₽,https://saletennis.com/catalog/product/tiennisnaia-struna-wilson-revolve-orange-1-30-200-mietrov-4583,Санкт-Петербург (Спортивная): 1 сет | Парина: 1 сет,2.0,data\product_images\53e35c27797c.jpg,0.0,1.0,0.0,0.0,1.0,0.0,0.0,0.0,0.0,0.0
Теннисные струны,281404-BK,"Теннисная струна Head Velocity MLT Black 1,30 12 метров",Head,1207 ₽,https://saletennis.com/catalog/product/tiennisnaia-struna-head-velocity-mlt-black-1-30-12-mietrov-10820,Парина: 1 сет | Санкт-Петербург (Спортивная): 2 сет | Санкт-Петербург (Ярослава Гашека): 1 сет,4.0,data\product_images\d1adb58132f0.png,1.0,2.0,0.0,0.0,1.0,0.0,0.0,0.0,0.0,0.0
Теннисные струны,WRZ907500,"Теннисная струна Wilson Revolve Spin Green 1,25 200 метров",Wilson,18193 ₽,https://saletennis.com/catalog/product/tiennisnaia-struna-wilson-revolve-spin-green-1-25-200-mietrov-6199,Санкт-Петербург (Спортивная): 1 сет,1.0,data\product_images\33946f63b9e8.png,0.0,1.0,0.0,0.0,0.0,0.0,0.0,0.0,0.0,0.0
Теннисные струны,04GIC125XW,"Теннисная струна Tecnifibre Ice Code 1,25 12 метров",Tecnifibre,1990 ₽,https://saletennis.com/catalog/product/tiennisnaia-struna-tecnifibre-ice-code-1-25-12-mietrov-13655,Уфа: 5 сет | Парина: 1 сет | Соболева: 2 сет | Тюмень (Народная): 9 сет,17.0,data\product_images\1ba8b54db4dd.png,0.0,0.0,0.0,2.0,1.0,0.0,0.0,9.0,5.0,0.0
Теннисные струны,281234-AN,"Теннисная струна Head Hawk Touch Antracite 1,30 200 метров",Head,18622 ₽,https://saletennis.com/catalog/product/tiennisnaia-struna-head-hawk-touch-antracite-1-30-200-mietrov-12952,Основной склад Екатеринбург: 1 сет | Ижевск: 1 сет | Парина: 1 сет,3.0,data\product_images\b6809b2da658.jpg,0.0,0.0,1.0,0.0,1.0,0.0,0.0,0.0,0.0,1.0
Теннисные струны,281103,"Теннисная струна Head HAWK 1,25 12 метров",Head,1612 ₽,https://saletennis.com/catalog/product/tennisnaya-struna-head-hawk-12m125-3247-3247,Уфа: 13 сет | Санкт-Петербург (Спортивная): 2 сет | Парина: 6 сет | Соболева: 4 сет | Тюмень (Народная): 2 сет,27.0,data\product_images\e1afa08dd267.png,0.0,2.0,0.0,4.0,6.0,0.0,0.0,2.0,13.0,0.0
Теннисные струны,281794-16g-BL,"Теннисная струна Head LYNX (Голубой) 1,30 200 метров",Head,15382 ₽,https://saletennis.com/catalog/product/tiennisnaia-struna-head-lynx-goluboi-1-30-200-mietrov-12286,Санкт-Петербург (Спортивная): 1 сет | Парина: 1 сет,2.0,data\product_images\00c243a8089a.png,0.0,1.0,0.0,0.0,1.0,0.0,0.0,0.0,0.0,0.0
Теннисные струны,WRZ990144,"Теннисная струна Luxilon 4G Rough 1,25 12 метров",Luxilon,3490 ₽,https://saletennis.com/catalog/product/tiennisnaia-struna-luxilon-4g-rough-1-25-12-mietrov-8278,Санкт-Петербург (Спортивная): 3 сет | Тюмень (Народная): 2 сет | Санкт-Петербург (Ярослава Гашека): 16 сет | Соболева: 2 сет | Парина: 2 сет,25.0,data\product_images\04d38060c593.png,16.0,3.0,0.0,2.0,2.0,0.0,0.0,2.0,0.0,0.0
Теннисные струны,281304-NT,"Теннисная струна Head Reflex MLT Natural 1,25 12 метров",Head,1612 ₽,https://saletennis.com/catalog/product/tiennisnaia-struna-head-reflex-mlt-natural-1-25-12-mietrov-19103,Парина: 6 сет | Санкт-Петербург (Спортивная): 2 сет,8.0,data\product_images\1b68624dee26.png,0.0,2.0,0.0,0.0,6.0,0.0,0.0,0.0,0.0,0.0
Теннисные струны,281033-16LNT,"Теннисная струна Head Master Natural 1,30 12 метров",Head,397 ₽,https://saletennis.com/catalog/product/tiennisnaia-struna-head-master-natural-1-30-12-mietrov-7890,Тюмень (Народная): 10.5 сет | Соболева: 4 сет | Бисертская: 4 сет,18.5,data\product_images\a80a639dfb21.jpg,0.0,0.0,0.0,4.0,0.0,4.0,0.0,10.5,0.0,0.0
Теннисные струны,WR8310701125,"Теннисная струна Luxilon ECO Spin 1,25 12 метров",Luxilon,2190 ₽,https://saletennis.com/catalog/product/tiennisnaia-struna-luxilon-eco-spin-1-25-12-mietrov-16626,Тюмень (Народная): 7 сет | Санкт-Петербург (Спортивная): 11 сет | Уфа: 6 сет,24.0,data\product_images\143b278c5b28.png,0.0,11.0,0.0,0.0,0.0,0.0,0.0,7.0,6.0,0.0
Теннисные струны,04RIC130XW,"Теннисная струна Tecnifibre Ice Code 1,30 12 метров",Tecnifibre,1990 ₽,https://saletennis.com/catalog/product/tiennisnaia-struna-tecnifibre-ice-code-1-30-12-mietrov-14563,Парина: 4 сет | Бисертская: 2 сет | Соболева: 2.5 сет,8.5,data\product_images\2ddc6e3446be.png,0.0,0.0,0.0,2.5,4.0,2.0,0.0,0.0,0.0,0.0
Теннисные струны,281022-PT,"Теннисная струна Head Hawk Power - Petrol 1,30 12 метров",Head,1612 ₽,https://saletennis.com/catalog/product/tiennisnaia-struna-head-hawk-power-petrol-1-30-12-mietrov-18150,Бисертская: 2 сет | Парина: 15 сет | Санкт-Петербург (Спортивная): 18 сет | Ижевск: 5 сет | Санкт-Петербург (Ярослава Гашека): 16 сет | Тюмень (Народная): 2 сет | Соболева: 5 сет,63.0,data\product_images\8637eace2227.png,16.0,18.0,0.0,5.0,15.0,2.0,0.0,2.0,0.0,5.0
Теннисные струны,04GBL124XR,"Теннисная струна Tecnifibre Black Code Fire 1,24 12 метров",Tecnifibre,2190 ₽,https://saletennis.com/catalog/product/tiennisnaia-struna-tecnifibre-black-code-fire-1-24-12-mietrov-13830,Тюмень (Народная): 5 сет | Соболева: 4 сет | Санкт-Петербург (Спортивная): 2 сет | Ижевск: 14 сет,25.0,data\product_images\70cc9387057f.png,0.0,2.0,0.0,4.0,0.0,0.0,0.0,5.0,0.0,14.0
Теннисные струны,WRZ904600,"Теннисная струна Wilson Poly Pro Silver 1,30 12 метров",Wilson,640 ₽,https://saletennis.com/catalog/product/tiennisnaia-struna-wilson-poly-pro-silver-1-30-12-mietrov-18808,Тюмень (Народная): 16 сет | Парина: 12 сет,28.0,data\product_images\8ab79f00ee95.png,0.0,0.0,0.0,0.0,12.0,0.0,0.0,16.0,0.0,0.0
Теннисные струны,LNP12-BK,"Теннисная струна 7/6 Lion Pro - Black 1,24 12 метров",7/6,950 ₽,https://saletennis.com/catalog/product/tiennisnaia-struna-7-6-lion-pro-black-1-24-12-mietrov-15076,Тюмень: 2 сет | Санкт-Петербург (Спортивная): 10 сет | Тюмень (Народная): 15 сет | Парина: 5 сет,32.0,data\product_images\f855a1c9e87f.png,0.0,10.0,0.0,0.0,5.0,0.0,0.0,17.0,0.0,0.0
Теннисные струны,WRZ946300,"Теннисная струна Wilson Revolve Orange 1,25 12 метров",Wilson,1207 ₽,https://saletennis.com/catalog/product/tiennisnaia-struna-wilson-revolve-orange-1-25-12-mietrov-4580,Санкт-Петербург (Спортивная): 14 сет,14.0,data\product_images\9e8e94082433.jpg,0.0,14.0,0.0,0.0,0.0,0.0,0.0,0.0,0.0,0.0
Теннисные струны,04RRA130XC,"Теннисная струна Tecnifibre Razor Code Carbon 1,30 12 метров",Tecnifibre,2490 ₽,https://saletennis.com/catalog/product/tiennisnaia-struna-tecnifibre-razor-code-carbon-1-30-12-mietrov-13915,Тюмень (Народная): 1 сет | Парина: 10 сет | Бисертская: 13 сет | Санкт-Петербург (Спортивная): 4 сет,28.0,data\product_images\3805f3948c9e.png,0.0,4.0,0.0,0.0,10.0,13.0,0.0,1.0,0.0,0.0
Теннисные струны,LP12-BK,"Теннисная струна 7/6 Lion Pro - Black 1,24 200 метров",7/6,10490 ₽,https://saletennis.com/catalog/product/tiennisnaia-struna-7-6-lion-pro-black-1-24-200-mietrov-15033,Бисертская: 1 сет,1.0,data\product_images\38b2a4f21573.png,0.0,0.0,0.0,0.0,0.0,1.0,0.0,0.0,0.0,0.0
Теннисные струны,1920057,"Теннисная струна Solinco Tour Bite Soft 1,20 12,2 метров",Solinco,1290 ₽,https://saletennis.com/catalog/product/tiennisnaia-struna-solinco-tour-bite-soft-1-20-12-2-mietrov-9819,Бисертская: 1 сет | Соболева: 3 сет | Санкт-Петербург (Спортивная): 14 сет | Парина: 4.5 сет,22.5,data\product_images\d8164ff34238.jpg,0.0,14.0,0.0,3.0,4.5,1.0,0.0,0.0,0.0,0.0
Теннисные струны,04G4S130XB,"Теннисная струна Tecnifibre 4S 1,30 12 метров",Tecnifibre,2490 ₽,https://saletennis.com/catalog/product/tiennisnaia-struna-tecnifibre-4s-1-30-12-mietrov-13241,Санкт-Петербург (Спортивная): 8 сет | Парина: 15 сет | Соболева: 16 сет,39.0,data\product_images\c5d56c5c792e.png,0.0,8.0,0.0,16.0,15.0,0.0,0.0,0.0,0.0,0.0
Теннисные струны,241108,"Теннисная струна Babolat RPM Team Black 1,30 12 метров",Babolat,1850 ₽,https://saletennis.com/catalog/product/tiennisnaia-struna-babolat-rpm-team-black-1-30-12-mietrov-6721,Парина: 5 сет | Ижевск: 4 сет | Тюмень (Народная): 5 сет | Бисертская: 0.5 сет,14.5,data\product_images\65b2d9a3ccb5.png,0.0,0.0,0.0,0.0,5.0,0.5,0.0,5.0,0.0,4.0
Теннисные струны,281784-AN,"Теннисная струна Head LYNX (Серый) 1,25 12 метров",Head,1207 ₽,https://saletennis.com/catalog/product/tiennisnaia-struna-head-lynx-sieryi-1-25-12-mietrov-6670,Соболева: 6 сет | Парина: 6 сет | Тюмень: 1 сет | Санкт-Петербург (Спортивная): 11 сет,24.0,data\product_images\44c88faf19e6.png,0.0,11.0,0.0,6.0,6.0,0.0,0.0,1.0,0.0,0.0
Теннисные струны,1920077,"Теннисная струна Solinco Tour Bite Diamond Rough 1,30 12 метров",Solinco,1290 ₽,https://saletennis.com/catalog/product/tiennisnaia-struna-solinco-tour-bite-diamond-rough-1-30-12-mietrov-4978,Тюмень: 9.5 сет | Соболева: 15 сет | Тюмень (Народная): 3 сет | Бисертская: 5 сет | Основной склад Екатеринбург: 48 сет | Санкт-Петербург (Спортивная): 22 сет | Ижевск: 12 сет | Уфа: 15 сет | Парина: 14 сет,143.5,data\product_images\58a163ff1932.png,0.0,22.0,48.0,15.0,14.0,5.0,0.0,12.5,15.0,12.0
Теннисные струны,1920658,"Теннисная струна Solinco Confidential Soft Pink 1,30 200 метров",Solinco,14990 ₽,https://saletennis.com/catalog/product/tiennisnaia-struna-solinco-confidential-soft-pink-1-30-200-mietrov-19129,Парина: 1 сет | Ижевск: 1 сет,2.0,data\product_images\aa36b8510a50.png,0.0,0.0,0.0,0.0,1.0,0.0,0.0,0.0,0.0,1.0
Теннисные струны,1920028,"Теннисная струна Solinco Tour Bite 1,25 200 метров",Solinco,14990 ₽,https://saletennis.com/catalog/product/tiennisnaia-struna-solinco-tour-bite-1-25-200-mietrov-5845,Уфа: 1 сет | Санкт-Петербург (Спортивная): 2 сет,3.0,data\product_images\050840b97b33.png,0.0,2.0,0.0,0.0,0.0,0.0,0.0,0.0,1.0,0.0
Теннисные струны,1920079,"Теннисная струна Solinco Tour Bite Diamond Rough 1,25 12 метров",Solinco,1290 ₽,https://saletennis.com/catalog/product/tiennisnaia-struna-solinco-tour-bite-diamond-rough-1-25-12-mietrov-1-4976,Уфа: 12.5 сет | Ижевск: 7 сет | Бисертская: 8.5 сет | Тюмень: 4 сет | Тюмень (Народная): 13.5 сет | Соболева: 10 сет | Парина: 13 сет | Санкт-Петербург (Спортивная): 5 сет | Санкт-Петербург (Ярослава Гашека): 15 сет,88.5,data\product_images\522497f51890.png,15.0,5.0,0.0,10.0,13.0,8.5,0.0,17.5,12.5,7.0
Теннисные струны,RH12-BK,"Теннисная струна 7/6 Rhino - Black 1,22 200 метров",7/6,9990 ₽,https://saletennis.com/catalog/product/tiennisnaia-struna-7-6-rhino-black-1-22-200-mietrov-15064,Санкт-Петербург (Спортивная): 1 сет | Парина: 1 сет,2.0,data\product_images\0a76fc475584.png,0.0,1.0,0.0,0.0,1.0,0.0,0.0,0.0,0.0,0.0
Теннисные струны,WR8302001115,"Теннисная струна Luxilon Alu Power 1,15 12 метров",Luxilon,3490 ₽,https://saletennis.com/catalog/product/tiennisnaia-struna-luxilon-alu-power-1-15-12-mietrov-11208,Ижевск: 1 сет | Санкт-Петербург (Спортивная): 3 сет | Уфа: 3 сет | Парина: 3.5 сет | Тюмень (Народная): 1 сет | Соболева: 3 сет,14.5,data\product_images\e52c7f1f9771.png,0.0,3.0,0.0,3.0,3.5,0.0,0.0,1.0,3.0,1.0
Теннисные струны,LP129-FY,"Теннисная струна 7/6 Lion Pro - Yellow 1,29 12 метров",7/6,950 ₽,https://saletennis.com/catalog/product/tiennisnaia-struna-7-6-lion-pro-yellow-1-29-12-mietrov-15078,Уфа: 11 сет | Санкт-Петербург (Спортивная): 6 сет | Тюмень: 14.5 сет,31.5,data\product_images\34836eb464c4.png,0.0,6.0,0.0,0.0,0.0,0.0,0.0,14.5,11.0,0.0
Теннисные струны,WRZ941900,"Теннисная струна Wilson NXT Control 1,32 12 метров",Wilson,3637 ₽,https://saletennis.com/catalog/product/tiennisnaia-struna-wilson-nxt-control-1-32-12-mietrov-8281,Бисертская: 3.5 сет | Санкт-Петербург (Спортивная): 5 сет | Парина: 5 сет | Ижевск: 6 сет | Соболева: 5 сет | Тюмень (Народная): 6 сет,30.5,data\product_images\a209a6b05fb5.jpg,0.0,5.0,0.0,5.0,5.0,3.5,0.0,6.0,0.0,6.0
Теннисные струны,281794-17YW,"Теннисная струна Head LYNX Yellow 1,25 200 метров",Head,15382 ₽,https://saletennis.com/catalog/product/tiennisnaia-struna-head-lynx-yellow-1-25-200-mietrov-5935,Тюмень (Народная): 1 сет | Парина: 1 сет | Уфа: 1 сет,3.0,data\product_images\5ec6daa0975e.png,0.0,0.0,0.0,0.0,1.0,0.0,0.0,1.0,1.0,0.0
Теннисные струны,WR8310001125,"Теннисная струна Luxilon Eco Power 1,25 200 метров",Luxilon,20792 ₽,https://saletennis.com/catalog/product/tiennisnaia-struna-luxilon-eco-power-1-25-200-mietrov-18260,Ижевск: 1 сет,1.0,data\product_images\faf24dc7f55d.png,0.0,0.0,0.0,0.0,0.0,0.0,0.0,0.0,0.0,1.0
Теннисные струны,PTF-12RD,"Теннисная струна Yonex Polytour Force Bright Red 1,25 12 метров",Yonex,2290 ₽,https://saletennis.com/catalog/product/tiennisnaia-struna-yonex-polytour-force-bright-red-1-25-12-mietrov-19519,Санкт-Петербург (Спортивная): 13 сет,13.0,data\product_images\3347db37e036.png,0.0,13.0,0.0,0.0,0.0,0.0,0.0,0.0,0.0,0.0
Теннисные струны,04RRAS125N,"Теннисная струна Tecnifibre Razor Soft 1,25 12 метров",Tecnifibre,1868 ₽,https://saletennis.com/catalog/product/tiennisnaia-struna-tecnifibre-razor-soft-1-25-12-mietrov-14577,Тюмень (Народная): 5 сет | Уфа: 8 сет | Ижевск: 1 сет | Бисертская: 3.5 сет | Парина: 3 сет | Санкт-Петербург (Спортивная): 15 сет | Соболева: 2 сет,37.5,data\product_images\275d6f1fa50b.png,0.0,15.0,0.0,2.0,3.0,3.5,0.0,5.0,8.0,1.0
Теннисные струны,1920000,"Теннисная струна Solinco Tour Bite 1,15 12 метров",Solinco,1290 ₽,https://saletennis.com/catalog/product/tiennisnaia-struna-solinco-tour-bite-1-15-12-mietrov-4970,Тюмень (Народная): 3 сет | Ижевск: 5 сет | Парина: 1 сет,9.0,data\product_images\4fe4ead6372c.png,0.0,0.0,0.0,0.0,1.0,0.0,0.0,3.0,0.0,5.0
Теннисные струны,1920051,"Теннисная струна Solinco Barb Wire 1,30 12 метров",Solinco,1290 ₽,https://saletennis.com/catalog/product/tiennisnaia-struna-solinco-barb-wire-1-30-12-mietrov-1-4963,Ижевск: 11 сет | Уфа: 16 сет | Парина: 17 сет | Основной склад Екатеринбург: 13 сет | Тюмень (Народная): 11.5 сет | Бисертская: 17 сет | Соболева: 26 сет | Санкт-Петербург (Спортивная): 17 сет | Тюмень: 7 сет,135.5,data\product_images\ebc5e78d902f.png,0.0,17.0,13.0,26.0,17.0,17.0,0.0,18.5,16.0,11.0
Теннисные струны,06G305120G,"Струна для сквоша 305 SQUASH 1,20 9 метров",Не определен,2490 ₽,https://saletennis.com/catalog/product/struna-dlia-skvosha-305-squash-1-20-9-mietrov-17650,Парина: 1 сет,1.0,data\product_images\9b3afae78bd3.png,0.0,0.0,0.0,0.0,1.0,0.0,0.0,0.0,0.0,0.0
Теннисные струны,WRZ908100,"Теннисная струна Wilson Revolve Spin Black 1,25 200 метров",Wilson,21052 ₽,https://saletennis.com/catalog/product/tiennisnaia-struna-wilson-revolve-spin-black-1-25-200-mietrov-10325,Санкт-Петербург (Спортивная): 1 сет | Уфа: 1 сет,2.0,data\product_images\216c7145c535.png,0.0,1.0,0.0,0.0,0.0,0.0,0.0,0.0,1.0,0.0
Теннисные струны,04RRA120XC,"Теннисная струна Tecnifibre Razor Code Carbon 1,20 12 метров",Tecnifibre,1890 ₽,https://saletennis.com/catalog/product/tiennisnaia-struna-tecnifibre-razor-code-carbon-1-20-12-mietrov-13283,Бисертская: 1.5 сет | Санкт-Петербург (Спортивная): 1 сет,2.5,data\product_images\bead7ad5ef8f.png,0.0,1.0,0.0,0.0,0.0,1.5,0.0,0.0,0.0,0.0
Теннисные струны,1920002,"Теннисная струна Solinco Tour Bite 1,25 12 метров",Solinco,1290 ₽,https://saletennis.com/catalog/product/tiennisnaia-struna-solinco-tour-bite-1-25-12-mietrov-1-4972,Парина: 7.5 сет | Уфа: 2 сет | Тюмень: 13 сет | Соболева: 5 сет | Бисертская: 11 сет | Санкт-Петербург (Спортивная): 3 сет | Тюмень (Народная): 4 сет | Ижевск: 16 сет,61.5,data\product_images\ad2e1129892e.png,0.0,3.0,0.0,5.0,7.5,11.0,0.0,17.0,2.0,16.0
Теннисные струны,241136-113,"Теннисная струна Babolat RPM Blast Rough Yellow 1,35 12 метров",Babolat,2290 ₽,https://saletennis.com/catalog/product/tiennisnaia-struna-babolat-rpm-blast-rough-yellow-1-35-12-mietrov-6872,Бисертская: 3 сет | Тюмень (Народная): 3 сет | Парина: 3 сет,9.0,data\product_images\12f0f7c8ba5d.png,0.0,0.0,0.0,0.0,3.0,3.0,0.0,3.0,0.0,0.0
Теннисные струны,WRZ906800,"Теннисная струна Wilson Revolve Black 1,30 200 метров",Wilson,17992 ₽,https://saletennis.com/catalog/product/tiennisnaia-struna-wilson-revolve-black-1-30-200-mietrov-9529,Санкт-Петербург (Спортивная): 1 сет | Уфа: 1 сет | Тюмень (Народная): 1 сет | Соболева: 1 сет | Парина: 1 сет | Бисертская: 1 сет,6.0,data\product_images\b6ebd63fb180.png,0.0,1.0,0.0,1.0,1.0,1.0,0.0,1.0,1.0,0.0
Теннисные струны,243144-104,"Теннисная струна Babolat Syn Gut - Red 1,30 12 метров",Babolat,890 ₽,https://saletennis.com/catalog/product/tiennisnaia-struna-babolat-syn-gut-red-1-30-12-mietrov-12892,Санкт-Петербург (Спортивная): 3 сет,3.0,data\product_images\3fe7b9c7a19b.png,0.0,3.0,0.0,0.0,0.0,0.0,0.0,0.0,0.0,0.0
Теннисные струны,281103-BK,"Теннисная струна Head HAWK Black 1,30 12 метров",Head,1612 ₽,https://saletennis.com/catalog/product/tiennisnaia-struna-head-hawk-black-1-30-12-mietrov-19101,Ижевск: 17 сет | Соболева: 3 сет | Бисертская: 3 сет | Тюмень: 2.5 сет | Санкт-Петербург (Спортивная): 11 сет | Парина: 3 сет,39.5,data\product_images\6ce557bdfd3a.png,0.0,11.0,0.0,3.0,3.0,3.0,0.0,2.5,0.0,17.0
Теннисные струны,241143,Теннисная струна Babolat Addixion 1.25 12 метров,Babolat,1690 ₽,https://saletennis.com/catalog/product/tiennisnaia-struna-babolat-addixion-1-25-12-mietrov-13497,Парина: 8 сет | Ижевск: 1 сет,9.0,data\product_images\29ba72b977ae.png,0.0,0.0,0.0,0.0,8.0,0.0,0.0,0.0,0.0,1.0
Теннисные струны,281033-15LSI,"Теннисная струна Head Master Silver 1,40 200 метров",Head,4666 ₽,https://saletennis.com/catalog/product/tiennisnaia-struna-head-master-silver-1-40-200-mietrov-10091,Ижевск: 1 сет | Уфа: 1 сет,2.0,data\product_images\e02dc585460e.png,0.0,0.0,0.0,0.0,0.0,0.0,0.0,0.0,1.0,1.0
Теннисные струны,281099-17BK,"Теннисная струна Head Rip Control 17BK 1,25 12 метров",Head,1612 ₽,https://saletennis.com/catalog/product/tiennisnaia-struna-head-rip-control-17bk-1-25-12-mietrov-7601,Санкт-Петербург (Спортивная): 2 сет | Парина: 4 сет | Ижевск: 3 сет,9.0,data\product_images\50e3fc379276.jpg,0.0,2.0,0.0,0.0,4.0,0.0,0.0,0.0,0.0,3.0
Теннисные струны,281204-17AN,"Теннисная струна Head Hawk Touch Antracite 1,25 12 метров",Head,1612 ₽,https://saletennis.com/catalog/product/tiennisnaia-struna-head-hawk-touch-antracite-1-25-12-mietrov-7403,Соболева: 1 сет | Бисертская: 4 сет | Санкт-Петербург (Спортивная): 11 сет,16.0,data\product_images\c78aa6c21dda.png,0.0,11.0,0.0,1.0,0.0,4.0,0.0,0.0,0.0,0.0
Теннисные струны,1920036,"Теннисная струна Solinco Outlast 1,25 200 метров",Solinco,10490 ₽,https://saletennis.com/catalog/product/tiennisnaia-struna-solinco-outlast-1-25-200-mietrov-6965,Парина: 1 сет | Уфа: 1 сет | Бисертская: 1 сет | Ижевск: 1 сет | Соболева: 2 сет | Основной склад Екатеринбург: 4 сет | Тюмень (Народная): 2 сет | Санкт-Петербург (Спортивная): 1 сет,13.0,data\product_images\39cbc9f97f8f.png,0.0,1.0,4.0,2.0,1.0,1.0,0.0,2.0,1.0,1.0
Теннисные струны,WR830020116,"Теннисная струна Wilson Sensation Plus Black 1,34 12 метров",Wilson,1043 ₽,https://saletennis.com/catalog/product/tiennisnaia-struna-wilson-sensation-plus-black-1-34-12-mietrov-8381,Санкт-Петербург (Спортивная): 4 сет,4.0,data\product_images\a1627ab6dbbf.jpg,0.0,4.0,0.0,0.0,0.0,0.0,0.0,0.0,0.0,0.0
Теннисные струны,1920037,"Теннисная струна Solinco Outlast 1,30 200 метров",Solinco,10490 ₽,https://saletennis.com/catalog/product/tiennisnaia-struna-solinco-outlast-1-30-200-mietrov-6966,Тюмень (Народная): 1 сет | Парина: 1 сет | Основной склад Екатеринбург: 6 сет | Бисертская: 1 сет | Ижевск: 1 сет | Соболева: 1 сет | Уфа: 1 сет,12.0,data\product_images\68cec57b5269.png,0.0,0.0,6.0,1.0,1.0,1.0,0.0,1.0,1.0,1.0
Теннисные струны,243146,"Теннисная струна Babolat RPM Soft 1,30 200 метров",Babolat,14245 ₽,https://saletennis.com/catalog/product/tiennisnaia-struna-babolat-rpm-soft-1-30-200-mietrov-12698,Парина: 1 сет,1.0,data\product_images\bce59940174d.png,0.0,0.0,0.0,0.0,1.0,0.0,0.0,0.0,0.0,0.0
Теннисные струны,241145,"Теннисная струна Babolat SYNTHETIC GUT FORCE Natural 1,30 12 метров",Babolat,890 ₽,https://saletennis.com/catalog/product/tiennisnaia-struna-babolat-synthetic-gut-force-natural-1-30-12-mietrov-11201,Санкт-Петербург (Ярослава Гашека): 16 сет | Уфа: 1 сет | Парина: 2 сет,19.0,data\product_images\7d22a7130707.png,16.0,0.0,0.0,0.0,2.0,0.0,0.0,0.0,1.0,0.0
Теннисные струны,WR8310401125,"Теннисная струна Luxilon Lxn Eco Rouge 1,25 12 метров",Luxilon,2990 ₽,https://saletennis.com/catalog/product/tiennisnaia-struna-luxilon-lxn-eco-rouge-1-25-12-mietrov-16574,Санкт-Петербург (Спортивная): 0.5 сет | Санкт-Петербург (Ярослава Гашека): 15 сет | Ижевск: 1 сет | Парина: 1 сет,17.5,data\product_images\03fd84a387c1.png,15.0,0.5,0.0,0.0,1.0,0.0,0.0,0.0,0.0,1.0
Теннисные струны,LN12-BK,"Теннисная струна 7/6 Lion - Black 1,25 200 метров",7/6,10990 ₽,https://saletennis.com/catalog/product/tiennisnaia-struna-7-6-lion-black-1-25-200-mietrov-15032,Санкт-Петербург (Спортивная): 1 сет | Парина: 1 сет | Соболева: 1 сет,3.0,data\product_images\5e849aa41925.png,0.0,1.0,0.0,1.0,1.0,0.0,0.0,0.0,0.0,0.0
Теннисные струны,281204-18AN,"Теннисная струна Head Hawk Touch Antracite 1,20 12 метров",Head,1612 ₽,https://saletennis.com/catalog/product/tiennisnaia-struna-head-hawk-touch-antracite-1-20-12-mietrov-12950,Бисертская: 1 сет | Санкт-Петербург (Спортивная): 8 сет | Тюмень (Народная): 4 сет | Парина: 12 сет | Ижевск: 2 сет | Соболева: 1 сет | Уфа: 2 сет,30.0,data\product_images\bf0daa654e27.png,0.0,8.0,0.0,1.0,12.0,1.0,0.0,4.0,2.0,2.0
Теннисные струны,281784-17RD,"Теннисная струна Head LYNX (красный) 1,25 12 метров",Head,1369 ₽,https://saletennis.com/catalog/product/tiennisnaia-struna-head-lynx-krasnyi-1-25-12-mietrov-8388,Парина: 15.5 сет | Тюмень (Народная): 10 сет,25.5,data\product_images\76739c7b2940.jpg,0.0,0.0,0.0,0.0,15.5,0.0,0.0,10.0,0.0,0.0
Теннисные струны,02RMU130XB,"Теннисная струна Tecnifibre Multifeel Black 1,30 12 метров",Tecnifibre,1190 ₽,https://saletennis.com/catalog/product/tiennisnaia-struna-tecnifibre-multifeel-black-1-30-12-mietrov-15629,Санкт-Петербург (Спортивная): 5 сет,5.0,data\product_images\d467efb5bb42.jpg,0.0,5.0,0.0,0.0,0.0,0.0,0.0,0.0,0.0,0.0
Теннисные струны,AN12-FY,"Теннисная струна 7/6 Antelope - Yellow 1,25 12 метров",7/6,1090 ₽,https://saletennis.com/catalog/product/tiennisnaia-struna-7-6-antelope-yellow-1-25-12-mietrov-15068,Тюмень: 13 сет | Соболева: 23 сет | Тюмень (Народная): 13.5 сет | Парина: 1 сет | Бисертская: 5 сет | Уфа: 8 сет | Санкт-Петербург (Ярослава Гашека): 14 сет | Санкт-Петербург (Спортивная): 5 сет,82.5,data\product_images\2c6f84b5f345.png,14.0,5.0,0.0,23.0,1.0,5.0,0.0,26.5,8.0,0.0
Теннисные струны,7060ST-120TB,"Теннисная струна 7/6 Tour - Black 1,25 12 метров",7/6,790 ₽,https://saletennis.com/catalog/product/tiennisnaia-struna-7-6-tour-black-1-25-12-mietrov-13151,Основной склад Екатеринбург: 6 сет | Тюмень: 9 сет | Санкт-Петербург (Спортивная): 3 сет | Санкт-Петербург (Ярослава Гашека): 3 сет,21.0,data\product_images\58021e7a6c97.png,3.0,3.0,6.0,0.0,0.0,0.0,0.0,9.0,0.0,0.0
Теннисные струны,06R305110G,"Струна для сквоша 305 SQUASH 1,10 9 метров",Не определен,1500 ₽,https://saletennis.com/catalog/product/struna-dlia-skvosha-305-squash-1-10-9-mietrov-13963,Парина: 7 сет,7.0,data\product_images\051bcfd35338.png,0.0,0.0,0.0,0.0,7.0,0.0,0.0,0.0,0.0,0.0
Теннисные струны,281128-16WH,"Теннисная струна Head Sonic Pro White 1,30 12 метров",Head,893 ₽,https://saletennis.com/catalog/product/tiennisnaia-struna-head-sonic-pro-white-1-30-12-mietrov-8082,Тюмень: 1.5 сет | Санкт-Петербург (Спортивная): 17.5 сет | Санкт-Петербург (Ярослава Гашека): 3 сет | Соболева: 6 сет | Ижевск: 18 сет | Парина: 20 сет | Уфа: 18 сет,84.0,data\product_images\c7b816479395.png,3.0,17.5,0.0,6.0,20.0,0.0,0.0,1.5,18.0,18.0
Теннисные струны,1920043,"Теннисная струна Solinco Vanqush 1,35 12 метров",Solinco,1390 ₽,https://saletennis.com/catalog/product/tiennisnaia-struna-solinco-vanqush-1-35-12-mietrov-10110,Ижевск: 3 сет | Соболева: 5 сет | Бисертская: 8 сет | Тюмень (Народная): 1 сет | Парина: 14 сет,31.0,data\product_images\48d550faf458.png,0.0,0.0,0.0,5.0,14.0,8.0,0.0,1.0,0.0,3.0
Теннисные струны,1920032,"Теннисная струна Solinco Revolution Blue 1,25 200 метров",Solinco,12990 ₽,https://saletennis.com/catalog/product/tiennisnaia-struna-solinco-revolution-blue-1-25-200-mietrov-1-6544,Тюмень (Народная): 1 сет | Соболева: 1 сет | Парина: 1 сет | Санкт-Петербург (Спортивная): 1 сет,4.0,data\product_images\fb4919fec8e2.png,0.0,1.0,0.0,1.0,1.0,0.0,0.0,1.0,0.0,0.0
Теннисные струны,281113-BK,"Теннисная струна Head HAWK - Black 1,25 200 метров",Head,18622 ₽,https://saletennis.com/catalog/product/tiennisnaia-struna-head-hawk-black-1-25-200-mietrov-17977,Ижевск: 1 сет | Санкт-Петербург (Спортивная): 1 сет | Соболева: 1 сет | Парина: 1 сет,4.0,data\product_images\558ff61d0b48.png,0.0,1.0,0.0,1.0,1.0,0.0,0.0,0.0,0.0,1.0
Теннисные струны,WRZ941600,"Теннисная струна Wilson NXT Power 1,30 12 метров",Wilson,3637 ₽,https://saletennis.com/catalog/product/tiennisnaia-struna-wilson-nxt-power-1-30-12-mietrov-8282,Соболева: 4 сет | Санкт-Петербург (Спортивная): 6 сет | Уфа: 2 сет | Парина: 3 сет | Бисертская: 2 сет,17.0,data\product_images\9724ad6c1a37.jpg,0.0,6.0,0.0,4.0,3.0,2.0,0.0,0.0,2.0,0.0
Теннисные струны,06GXON118O,"Струна для сквоша X-ONE Orange 1,18 200 метров",Не определен,25994 ₽,https://saletennis.com/catalog/product/struna-dlia-skvosha-x-one-orange-1-18-200-mietrov-15094,Основной склад Екатеринбург: 1 сет | Парина: 1 сет,2.0,data\product_images\dd6386dd37b5.png,0.0,0.0,1.0,0.0,1.0,0.0,0.0,0.0,0.0,0.0
Теннисные струны,04GRA130XU,"Теннисная струна Tecnifibre Razor Code Blue 1,30 12 метров",Tecnifibre,1890 ₽,https://saletennis.com/catalog/product/tiennisnaia-struna-tecnifibre-razor-code-blue-1-30-12-mietrov-13665,Санкт-Петербург (Спортивная): 1 сет | Ижевск: 2 сет,3.0,data\product_images\81cc0eff50d6.png,0.0,1.0,0.0,0.0,0.0,0.0,0.0,0.0,0.0,2.0
Теннисные струны,243141-101,"Теннисная струна Babolat RPM Hurricane - White 1,25 12 метров",Babolat,1390 ₽,https://saletennis.com/catalog/product/tiennisnaia-struna-babolat-rpm-hurricane-white-1-25-12-mietrov-15797,Ижевск: 3 сет | Тюмень (Народная): 0.5 сет,3.5,data\product_images\ce05c17a9da7.png,0.0,0.0,0.0,0.0,0.0,0.0,0.0,0.5,0.0,3.0
Теннисные струны,WRZ990105,"Теннисная струна Luxilon Element 1,25 12 метров",Luxilon,2990 ₽,https://saletennis.com/catalog/product/tiennisnaia-struna-luxilon-element-1-25-12-mietrov-4576,Парина: 14 сет | Тюмень (Народная): 12 сет | Санкт-Петербург (Ярослава Гашека): 16 сет | Санкт-Петербург (Спортивная): 16 сет,58.0,data\product_images\2c09c948de9f.jpg,16.0,16.0,0.0,0.0,14.0,0.0,0.0,12.0,0.0,0.0
Теннисные струны,281794-BL,"Теннисная струна Head LYNX (Голубой) 1,25 12 метров",Head,1207 ₽,https://saletennis.com/catalog/product/tiennisnaia-struna-head-lynx-goluboi-1-25-12-mietrov-12283,Уфа: 14 сет | Тюмень: 0.5 сет | Соболева: 3 сет | Парина: 15 сет,32.5,data\product_images\83674a904414.png,0.0,0.0,0.0,3.0,15.0,0.0,0.0,0.5,14.0,0.0
Теннисные струны,281794-AN,"Теннисная струна Head LYNX (антрацит) 1,20 200 метров",Head,15382 ₽,https://saletennis.com/catalog/product/tiennisnaia-struna-head-lynx-antratsit-1-20-200-mietrov-18665,Санкт-Петербург (Спортивная): 1 сет,1.0,data\product_images\07a1d1e5add4.png,0.0,1.0,0.0,0.0,0.0,0.0,0.0,0.0,0.0,0.0
Теннисные струны,7060ST-12TB,"Теннисная струна 7/6 Comfort - Black 1,25 12 метров",7/6,790 ₽,https://saletennis.com/catalog/product/tiennisnaia-struna-7-6-comfort-black-1-25-12-mietrov-13128,Основной склад Екатеринбург: 11 сет,11.0,data\product_images\d373032bd35a.png,0.0,0.0,11.0,0.0,0.0,0.0,0.0,0.0,0.0,0.0
Теннисные струны,04G4S125XB,"Теннисная струна Tecnifibre 4S 1,25 12 метров",Tecnifibre,2490 ₽,https://saletennis.com/catalog/product/tiennisnaia-struna-tecnifibre-4s-1-25-12-mietrov-13240,Парина: 6 сет | Санкт-Петербург (Спортивная): 2 сет,8.0,data\product_images\ffa7b2d8db9b.png,0.0,2.0,0.0,0.0,6.0,0.0,0.0,0.0,0.0,0.0
Теннисные струны,241115,Теннисная струна Babolat Addiction 1.30 12 метров,Babolat,1690 ₽,https://saletennis.com/catalog/product/tennisnaya-struna-babolat-addiction-130-12-metrov-4065-4065,Парина: 11 сет,11.0,data\product_images\e1cb776c1037.png,0.0,0.0,0.0,0.0,11.0,0.0,0.0,0.0,0.0,0.0
Теннисные струны,WRZ941700,"Теннисная струна Wilson NXT Power 1,25 12 метров",Wilson,3637 ₽,https://saletennis.com/catalog/product/tiennisnaia-struna-wilson-nxt-power-1-25-12-mietrov-9851,Санкт-Петербург (Спортивная): 2 сет | Соболева: 2 сет | Уфа: 3 сет | Парина: 3 сет,10.0,data\product_images\a9c3059c12aa.jpg,0.0,2.0,0.0,2.0,3.0,0.0,0.0,0.0,3.0,0.0
Теннисные струны,04RRAS130N,"Теннисная струна Tecnifibre Razor Soft 1,30 12 метров",Tecnifibre,1868 ₽,https://saletennis.com/catalog/product/tiennisnaia-struna-tecnifibre-razor-soft-1-30-12-mietrov-14578,Бисертская: 5 сет | Парина: 7 сет | Санкт-Петербург (Спортивная): 9.5 сет | Тюмень (Народная): 6 сет | Ижевск: 9 сет | Уфа: 6 сет | Соболева: 4.5 сет,47.0,data\product_images\a6298cf6d3e3.png,0.0,9.5,0.0,4.5,7.0,5.0,0.0,6.0,6.0,9.0
Теннисные струны,04GBL124XV,"Теннисная струна Tecnifibre Black Code Lime 1,24 12 метров",Tecnifibre,2190 ₽,https://saletennis.com/catalog/product/tiennisnaia-struna-tecnifibre-black-code-lime-1-24-12-mietrov-13480,Уфа: 10.5 сет | Тюмень (Народная): 1 сет | Соболева: 11 сет | Бисертская: 7 сет | Ижевск: 8 сет,37.5,data\product_images\d89a0fcb732d.png,0.0,0.0,0.0,11.0,0.0,7.0,0.0,1.0,10.5,8.0
Теннисные струны,WRZ990142,"Теннисная струна Luxilon 4G 1,30 200 метров",Luxilon,36792 ₽,https://saletennis.com/catalog/product/tennisnaya-struna-luxilon-4g-130-200-metrov-3642-3642,Уфа: 1 сет,1.0,data\product_images\821545010fc6.jpg,0.0,0.0,0.0,0.0,0.0,0.0,0.0,0.0,1.0,0.0
Теннисные струны,WRZ995100SI,"Теннисная струна Luxilon Alu Power Silver 1,25 12 метров",Luxilon,3490 ₽,https://saletennis.com/catalog/product/tiennisnaia-struna-luxilon-alu-power-silver-1-25-12-mietrov-15833,Парина: 0.5 сет | Санкт-Петербург (Спортивная): 15 сет | Ижевск: 1 сет,16.5,data\product_images\dbd6ce97cb19.png,0.0,15.0,0.0,0.0,0.5,0.0,0.0,0.0,0.0,1.0
Теннисные струны,WR8310801128,Теннисная струна Luxilon Alu Power RG Blue 1.28 12 метров,Luxilon,3490 ₽,https://saletennis.com/catalog/product/tiennisnaia-struna-luxilon-alu-power-rg-blue-1-28-12-mietrov-17300,Санкт-Петербург (Спортивная): 1 сет,1.0,data\product_images\645fd4697d90.png,0.0,1.0,0.0,0.0,0.0,0.0,0.0,0.0,0.0,0.0
Теннисные струны,WRZ995200,"Теннисная струна Luxilon Alu Power Rough 1,25 12 метров",Luxilon,3490 ₽,https://saletennis.com/catalog/product/tiennisnaia-struna-luxilon-alu-power-rough-1-25-12-mietrov-4573,Санкт-Петербург (Спортивная): 10 сет | Бисертская: 0.5 сет,10.5,data\product_images\297e199f77b6.png,0.0,10.0,0.0,0.0,0.0,0.5,0.0,0.0,0.0,0.0
Теннисные струны,WRZ904700,"Теннисная струна Wilson Poly Pro Silver 1,25 12 метров",Wilson,640 ₽,https://saletennis.com/catalog/product/tiennisnaia-struna-wilson-poly-pro-silver-1-25-12-mietrov-19176,Тюмень (Народная): 12 сет,12.0,data\product_images\4a146161333d.png,0.0,0.0,0.0,0.0,0.0,0.0,0.0,12.0,0.0,0.0
Теннисные струны,WR8309701125DB,"Теннисная струна Luxilon 4G Desert Bronze 1,25 12 метров",Luxilon,3490 ₽,https://saletennis.com/catalog/product/tiennisnaia-struna-luxilon-4g-desert-bronze-1-25-12-mietrov-15831,Ижевск: 3 сет | Тюмень (Народная): 10 сет | Соболева: 1.5 сет | Санкт-Петербург (Спортивная): 8 сет | Бисертская: 2 сет | Парина: 2 сет | Уфа: 1 сет,27.5,data\product_images\d00c102f5532.png,0.0,8.0,0.0,1.5,2.0,2.0,0.0,10.0,1.0,3.0
Теннисные струны,1920006,"Теннисная струна Solinco Revolution Blue 1,25 12 метров",Solinco,990 ₽,https://saletennis.com/catalog/product/tiennisnaia-struna-solinco-revolution-blue-1-25-12-mietrov-1-4968,Парина: 14 сет | Ижевск: 14 сет | Основной склад Екатеринбург: 6 сет | Санкт-Петербург (Спортивная): 11 сет | Бисертская: 18 сет | Уфа: 4 сет | Тюмень (Народная): 4 сет | Соболева: 19 сет,90.0,data\product_images\4ed9ca11be2f.png,0.0,11.0,6.0,19.0,14.0,18.0,0.0,4.0,4.0,14.0
Теннисные струны,192099,"Теннисная струна Solinco Hyper-G 1,30 200 метров",Solinco,14990 ₽,https://saletennis.com/catalog/product/tiennisnaia-struna-solinco-hyper-g-1-30-200-mietrov-6964,Парина: 1 сет | Ижевск: 1 сет | Соболева: 1 сет | Уфа: 1 сет,4.0,data\product_images\14f22c4d978b.png,0.0,0.0,0.0,1.0,1.0,0.0,0.0,0.0,1.0,1.0
Теннисные струны,WRZ906700,"Теннисная струна Wilson Revolve Black 1,35 200 метров",Wilson,16868 ₽,https://saletennis.com/catalog/product/tiennisnaia-struna-wilson-revolve-black-1-35-200-mietrov-12527,Уфа: 1 сет | Бисертская: 1 сет | Тюмень (Народная): 1 сет | Ижевск: 1 сет,4.0,data\product_images\70f67d7b9da1.png,0.0,0.0,0.0,0.0,0.0,1.0,0.0,1.0,1.0,1.0
Теннисные струны,1920033,"Теннисная струна Solinco Revolution Blue 1,30 200 метров",Solinco,12990 ₽,https://saletennis.com/catalog/product/tiennisnaia-struna-solinco-revolution-blue-1-30-200-mietrov-6545,Уфа: 1 сет | Санкт-Петербург (Спортивная): 1 сет | Бисертская: 1 сет | Ижевск: 1 сет | Парина: 1 сет | Основной склад Екатеринбург: 4 сет | Соболева: 2 сет,11.0,data\product_images\e4eb22cd4516.png,0.0,1.0,4.0,2.0,1.0,1.0,0.0,0.0,1.0,1.0
Теннисные струны,WRZ946900,"Теннисная струна Wilson Revolve Black 1,25 12 метров",Wilson,1774 ₽,https://saletennis.com/catalog/product/tiennisnaia-struna-wilson-revolve-black-1-25-12-mietrov-5236,Парина: 13.5 сет | Санкт-Петербург (Спортивная): 5 сет | Бисертская: 13 сет | Тюмень: 2 сет | Тюмень (Народная): 3.5 сет | Соболева: 14 сет,51.0,data\product_images\b0eebfb92dd3.jpg,0.0,5.0,0.0,14.0,13.5,13.0,0.0,5.5,0.0,0.0
Теннисные струны,WRZ990111,"Теннисная струна Luxilon Element 1,30 200 метров",Luxilon,27192 ₽,https://saletennis.com/catalog/product/tiennisnaia-struna-luxilon-element-1-30-200-mietrov-4579,Парина: 1 сет,1.0,data\product_images\0023dced6c7c.jpg,0.0,0.0,0.0,0.0,1.0,0.0,0.0,0.0,0.0,0.0
Теннисные струны,281111-PK,"Теннисная струна Head Synthetic Gut - Pink 1,30 12 метров",Head,802 ₽,https://saletennis.com/catalog/product/tiennisnaia-struna-head-synthetic-gut-pink-1-30-12-mietrov-18375,Санкт-Петербург (Спортивная): 11 сет | Тюмень (Народная): 1 сет,12.0,data\product_images\3b40679b8bd7.png,0.0,11.0,0.0,0.0,0.0,0.0,0.0,1.0,0.0,0.0
Теннисные струны,WRZ997111,"Теннисная струна Luxilon 4G Soft 1,25 12 метров",Luxilon,3490 ₽,https://saletennis.com/catalog/product/tennisnaya-struna-luxilon-4g-soft-125-12-metrov-3646-3646,Санкт-Петербург (Спортивная): 2 сет | Парина: 3 сет | Соболева: 2 сет,7.0,data\product_images\569ff3e0802f.png,0.0,2.0,0.0,2.0,3.0,0.0,0.0,0.0,0.0,0.0
Теннисные струны,WRZ956800,"Теннисная струна Wilson Revolve Spin Green 1,30 12 метров",Wilson,1774 ₽,https://saletennis.com/catalog/product/tiennisnaia-struna-wilson-revolve-spin-green-1-30-12-mietrov-6081,Уфа: 10 сет | Санкт-Петербург (Спортивная): 3 сет | Парина: 3 сет | Тюмень (Народная): 8 сет | Тюмень: 4 сет | Бисертская: 12 сет | Ижевск: 2 сет | Соболева: 2 сет,44.0,data\product_images\e5bc0dcd692e.png,0.0,3.0,0.0,2.0,3.0,12.0,0.0,12.0,10.0,2.0
Теннисные струны,281111-WH,"Теннисная струна Head Synthetic Gut - White 1,30 12 метров",Head,721 ₽,https://saletennis.com/catalog/product/tiennisnaia-struna-head-synthetic-gut-white-1-30-12-mietrov-16193,Уфа: 13.5 сет | Бисертская: 1 сет,14.5,data\product_images\3b9aef01ec7b.png,0.0,0.0,0.0,0.0,0.0,1.0,0.0,0.0,13.5,0.0
Теннисные струны,WRZ956900,"Теннисная струна Wilson Revolve Spin Green 1,25 12 метров",Wilson,1774 ₽,https://saletennis.com/catalog/product/tiennisnaia-struna-wilson-revolve-spin-green-1-25-12-mietrov-6080,Тюмень (Народная): 15 сет | Бисертская: 15 сет | Парина: 16 сет | Санкт-Петербург (Спортивная): 2 сет | Соболева: 2 сет,50.0,data\product_images\47518336fa4d.png,0.0,2.0,0.0,2.0,16.0,15.0,0.0,15.0,0.0,0.0
Теннисные струны,241136-201,"Теннисная струна Babolat RPM Blast Rough Red 1,35 12 метров",Babolat,2290 ₽,https://saletennis.com/catalog/product/tiennisnaia-struna-babolat-rpm-blast-rough-red-1-35-12-mietrov-6871,Ижевск: 6 сет | Санкт-Петербург (Спортивная): 7.5 сет,13.5,data\product_images\ce8871994046.png,0.0,7.5,0.0,0.0,0.0,0.0,0.0,0.0,0.0,6.0
Теннисные струны,WR830170116,"Теннисная струна Wilson Sensation Green 1,30 12 метров",Wilson,1207 ₽,https://saletennis.com/catalog/product/tiennisnaia-struna-wilson-sensation-green-1-30-12-mietrov-9419,Тюмень (Народная): 3 сет,3.0,data\product_images\29cc92f2f2d2.jpg,0.0,0.0,0.0,0.0,0.0,0.0,0.0,3.0,0.0,0.0
Теннисные струны,01GXO124XB,"Теннисная струна Tecnifibre X-ONE Biphase Black 1,24 12 метров",Tecnifibre,3490 ₽,https://saletennis.com/catalog/product/tiennisnaia-struna-tecnifibre-x-one-biphase-black-1-24-12-mietrov-17635,Бисертская: 0.5 сет,0.5,data\product_images\368d5e87e432.png,0.0,0.0,0.0,0.0,0.0,0.5,0.0,0.0,0.0,0.0
Теннисные струны,WRZ996200AMB,"Теннисная струна Luxilon Original 1,30 12 метров",Luxilon,2990 ₽,https://saletennis.com/catalog/product/tiennisnaia-struna-luxilon-original-1-30-12-mietrov-11356,Соболева: 1 сет | Тюмень: 1.5 сет | Ижевск: 7 сет | Тюмень (Народная): 20 сет,29.5,data\product_images\0750bc3121ea.png,0.0,0.0,0.0,1.0,0.0,0.0,0.0,21.5,0.0,7.0
Теннисные струны,281794-set-BL,"Теннисная струна Head LYNX (Голубой) 1,30 12 метров",Head,1183 ₽,https://saletennis.com/catalog/product/tiennisnaia-struna-head-lynx-goluboi-1-30-12-mietrov-12285,Ижевск: 6 сет | Бисертская: 15 сет | Соболева: 8 сет | Санкт-Петербург (Спортивная): 16 сет | Уфа: 10.5 сет,55.5,data\product_images\b14841a1a235.jpg,0.0,16.0,0.0,8.0,0.0,15.0,0.0,0.0,10.5,6.0
Теннисные струны,1920600,"Теннисная струна Solinco Mach-10 1,30 12,2 метров",Solinco,1290 ₽,https://saletennis.com/catalog/product/tiennisnaia-struna-solinco-mach-10-1-30-12-2-mietrov-17602,Парина: 17 сет | Санкт-Петербург (Спортивная): 7 сет | Бисертская: 11 сет | Ижевск: 23 сет | Санкт-Петербург (Ярослава Гашека): 16 сет | Тюмень (Народная): 0.5 сет | Соболева: 1 сет,75.5,data\product_images\e5f22fc04473.png,16.0,7.0,0.0,1.0,17.0,11.0,0.0,0.5,0.0,23.0
Теннисные струны,04GBL128XB,"Теннисная струна Tecnifibre Black Code 1,28 12 метров",Tecnifibre,2190 ₽,https://saletennis.com/catalog/product/tiennisnaia-struna-tecnifibre-black-code-1-28-12-mietrov-13661,Парина: 1 сет | Тюмень (Народная): 2 сет | Ижевск: 1 сет | Бисертская: 7 сет,11.0,data\product_images\0f2774ea213a.jpg,0.0,0.0,0.0,0.0,1.0,7.0,0.0,2.0,0.0,1.0
Теннисные струны,04GBL128XR,"Теннисная струна Tecnifibre Black Code Fire 1,28 12 метров",Tecnifibre,2190 ₽,https://saletennis.com/catalog/product/tiennisnaia-struna-tecnifibre-black-code-fire-1-28-12-mietrov-15089,Тюмень (Народная): 6 сет,6.0,data\product_images\451d4f864599.png,0.0,0.0,0.0,0.0,0.0,0.0,0.0,6.0,0.0,0.0
Теннисные струны,AN12-BK,"Теннисная струна 7/6 Antelope - Black 1,25 12 метров",7/6,1090 ₽,https://saletennis.com/catalog/product/tiennisnaia-struna-7-6-antelope-black-1-25-12-mietrov-15066,Парина: 9 сет | Уфа: 2 сет | Соболева: 3 сет | Санкт-Петербург (Спортивная): 22 сет | Тюмень: 15.5 сет | Бисертская: 11.5 сет | Тюмень (Народная): 2.5 сет,65.5,data\product_images\26de2f9421f6.png,0.0,22.0,0.0,3.0,9.0,11.5,0.0,18.0,2.0,0.0
Теннисные струны,281414-PK,"Теннисная струна Head Velocity MLT Pink 1,30 12 метров",Head,1207 ₽,https://saletennis.com/catalog/product/tiennisnaia-struna-head-velocity-mlt-pink-1-30-12-mietrov-10821,Парина: 3 сет | Соболева: 3.5 сет | Санкт-Петербург (Спортивная): 16 сет | Тюмень (Народная): 2 сет,24.5,data\product_images\32c9aef5696f.png,0.0,16.0,0.0,3.5,3.0,0.0,0.0,2.0,0.0,0.0
Теннисные струны,RH-12BK,"Теннисная струна 7/6 Rhina - Black 1,22 200 метров",7/6,9990 ₽,https://saletennis.com/catalog/product/tiennisnaia-struna-7-6-rhina-black-1-22-200-mietrov-15072,Парина: 1 сет,1.0,data\product_images\75ba4bdd51f4.png,0.0,0.0,0.0,0.0,1.0,0.0,0.0,0.0,0.0,0.0
Теннисные струны,WRZ997112,"Теннисная струна Luxilon 4G 1,30 12 метров",Luxilon,3490 ₽,https://saletennis.com/catalog/product/tiennisnaia-struna-luxilon-4g-1-30-12-mietrov-2-4959,Уфа: 1 сет | Парина: 2 сет | Ижевск: 1 сет | Соболева: 15.5 сет | Санкт-Петербург (Спортивная): 9 сет | Тюмень (Народная): 2 сет,30.5,data\product_images\222f4658cfe6.png,0.0,9.0,0.0,15.5,2.0,0.0,0.0,2.0,1.0,1.0
Теннисные струны,WRZ949710,Теннисная струна Wilson Duo - Alu Power 1.25 & NXT Power 1.30 12 метров,Wilson,3637 ₽,https://saletennis.com/catalog/product/tiennisnaia-struna-wilson-duo-alu-power-1-25-nxt-power-1-30-12-mietrov-18174,Соболева: 1 сет | Санкт-Петербург (Спортивная): 1 сет,2.0,data\product_images\abc3052ef903.png,0.0,1.0,0.0,1.0,0.0,0.0,0.0,0.0,0.0,0.0
Теннисные струны,WRZ907800,"Теннисная струна Wilson Revolve Spin Green 1,30 200 метров",Wilson,18193 ₽,https://saletennis.com/catalog/product/tiennisnaia-struna-wilson-revolve-spin-green-1-30-200-mietrov-6082,Бисертская: 1 сет | Тюмень (Народная): 1 сет | Парина: 1 сет | Ижевск: 1 сет | Санкт-Петербург (Спортивная): 1 сет | Соболева: 1 сет | Уфа: 1 сет,7.0,data\product_images\4c8336a30cfc.jpg,0.0,1.0,0.0,1.0,1.0,1.0,0.0,1.0,1.0,1.0
Теннисные струны,WRZ942700,"Теннисная струна Wilson NXT 1,30 12 метров",Wilson,3637 ₽,https://saletennis.com/catalog/product/tiennisnaia-struna-wilson-nxt-1-30-12-mietrov-5990,Ижевск: 1 сет | Тюмень (Народная): 1 сет,2.0,data\product_images\a09d79eae2dd.jpg,0.0,0.0,0.0,0.0,0.0,0.0,0.0,1.0,0.0,1.0
Теннисные струны,PTGF-12RD,"Теннисная струна Yonex Polytour Fire Red 1,25 12 метров",Yonex,1990 ₽,https://saletennis.com/catalog/product/tiennisnaia-struna-yonex-polytour-fire-red-1-25-12-mietrov-19472,Санкт-Петербург (Ярослава Гашека): 14 сет,14.0,data\product_images\b8611e9a6785.png,14.0,0.0,0.0,0.0,0.0,0.0,0.0,0.0,0.0,0.0
Теннисные струны,281799-GR,"Теннисная струна Head LYNX Tour Anthracite 1,30 12 метров",Head,1207 ₽,https://saletennis.com/catalog/product/tiennisnaia-struna-head-lynx-tour-anthracite-1-30-12-mietrov-17722,Уфа: 6 сет | Соболева: 7.5 сет | Парина: 17 сет,30.5,data\product_images\84e6ba463f6a.png,0.0,0.0,0.0,7.5,17.0,0.0,0.0,0.0,6.0,0.0
Теннисные струны,281065-BL,"Теннисная струна Head Synthetic Gut PPS Blue - 1,24 12 метров",Head,802 ₽,https://saletennis.com/catalog/product/tiennisnaia-struna-head-synthetic-gut-pps-blue-1-24-12-mietrov-16738,Санкт-Петербург (Ярослава Гашека): 2 сет,2.0,data\product_images\547b8387d7ba.png,2.0,0.0,0.0,0.0,0.0,0.0,0.0,0.0,0.0,0.0
Теннисные струны,243144-156,"Теннисная струна Babolat Syn Gut - Pink 1,30 12 метров",Babolat,890 ₽,https://saletennis.com/catalog/product/tiennisnaia-struna-babolat-syn-gut-pink-1-30-12-mietrov-12138,Соболева: 1 сет,1.0,data\product_images\def70e2a6a9c.png,0.0,0.0,0.0,1.0,0.0,0.0,0.0,0.0,0.0,0.0
Теннисные струны,04RRA125XU,"Теннисная струна Tecnifibre Razor Code Blue 1,25 12 метров",Tecnifibre,1890 ₽,https://saletennis.com/catalog/product/tiennisnaia-struna-tecnifibre-razor-code-blue-1-25-12-mietrov-13914,Бисертская: 6 сет | Ижевск: 2 сет,8.0,data\product_images\1c10c127c54e.png,0.0,0.0,0.0,0.0,0.0,6.0,0.0,0.0,0.0,2.0
Ракетки для тенниса,14FIR2856,Теннисная ракетка Tecnifbre Fire 285 2026,Не определен,22672 ₽,https://saletennis.com/catalog/product/tiennisnaia-rakietka-tecnifbre-fire-285-2026-18914,2: Парина - 1 шт | Санкт-Петербург (Спортивная) - 1 шт | 3: Санкт-Петербург (Спортивная) - 1 шт,3.0,data\product_images\434f22487155.png,0.0,2.0,0.0,0.0,1.0,0.0,0.0,0.0,0.0,0.0
Ракетки для тенниса,235404,Теннисная ракетка Head Challenge MP 2024 - Blue,Head,11543 ₽,https://saletennis.com/catalog/product/tiennisnaia-rakietka-head-challenge-mp-2024-blue-15948,2: Парина - 1 шт | Тюмень (Народная) - 1 шт | Санкт-Петербург (Спортивная) - 1 шт | 3: Санкт-Петербург (Спортивная) - 1 шт | Ижевск - 1 шт | 4: Бисертская - 1 шт | Ижевск - 1 шт | Санкт-Петербург (Ярослава Гашека) - 1 шт | Тюмень (Народная) - 3 шт | Соболева - 1 шт | Уфа - 1 шт,13.0,data\product_images\33c0987b46de.png,1.0,2.0,0.0,1.0,1.0,1.0,0.0,4.0,1.0,2.0
Ракетки для тенниса,WR208610,Теннисная ракетка Wilson Blade 25 V10,Wilson,16192 ₽,https://saletennis.com/catalog/product/tiennisnaia-rakietka-wilson-blade-25-v10-18980,0: Тюмень (Народная) - 1 шт | Уфа - 1 шт | Ижевск - 2 шт,4.0,data\product_images\346a3ea9c5b8.png,0.0,0.0,0.0,0.0,0.0,0.0,0.0,1.0,1.0,2.0
Ракетки для тенниса,WR195810,Теннисная ракетка Wilson Allure SE Violet,Wilson,14977 ₽,https://saletennis.com/catalog/product/tiennisnaia-rakietka-wilson-allure-se-violet-18690,1: Ижевск - 1 шт,1.0,data\product_images\d165890ebdb7.png,0.0,0.0,0.0,0.0,0.0,0.0,0.0,0.0,0.0,1.0
Ракетки для тенниса,RK-FS-NVA,Теннисная ракетка Diadem Nova FS 100,Не определен,13490 ₽,https://saletennis.com/catalog/product/tiennisnaia-rakietka-diadem-nova-fs-100-14122,3: Санкт-Петербург (Спортивная) - 1 шт,1.0,data\product_images\db94aa67e294.png,0.0,1.0,0.0,0.0,0.0,0.0,0.0,0.0,0.0,0.0
Ракетки для тенниса,140481,Теннисная ракетка Babolat Ballfighter 23 - Blue/Yellow,Babolat,4447 ₽,https://saletennis.com/catalog/product/tiennisnaia-rakietka-babolat-ballfighter-23-blue-yellow-15803,0000: Тюмень (Народная) - 1 шт | Парина - 2 шт | Соболева - 2 шт,5.0,data\product_images\0cd7b11eed6a.png,0.0,0.0,0.0,2.0,2.0,0.0,0.0,1.0,0.0,0.0
Ракетки для тенниса,231235,Теннисная ракетка Head IG Gravity 21,Head,5662 ₽,https://saletennis.com/catalog/product/tiennisnaia-rakietka-head-ig-gravity-21-9384,0: Бисертская - 1 шт | Уфа - 1 шт | Парина - 2 шт | Санкт-Петербург (Спортивная) - 1 шт | Тюмень - 1 шт | Соболева - 1 шт | Ижевск - 1 шт | Тюмень (Народная) - 1 шт,9.0,data\product_images\196709dc6aa1.png,0.0,1.0,0.0,1.0,2.0,1.0,0.0,2.0,1.0,1.0
Ракетки для тенниса,140532-100,Теннисная ракетка Babolat Pure Drive 25 2025,Babolat,14167 ₽,https://saletennis.com/catalog/product/tiennisnaia-rakietka-babolat-pure-drive-25-2025-17170,0: Тюмень (Народная) - 1 шт | Парина - 2 шт | Ижевск - 1 шт,4.0,data\product_images\afd3192b85f9.png,0.0,0.0,0.0,0.0,2.0,0.0,0.0,1.0,0.0,1.0
Ракетки для тенниса,101524,Теннисная ракетка Babolat Pure Strike 98 2024,Babolat,19990 ₽,https://saletennis.com/catalog/product/tiennisnaia-rakietka-babolat-pure-strike-98-2024-16185,3: Парина - 3 шт,3.0,data\product_images\fed8aef92306.png,0.0,0.0,0.0,0.0,3.0,0.0,0.0,0.0,0.0,0.0
Ракетки для тенниса,232066,Теннисная ракетка Head Speed Pro Legend 2025,Head,28342 ₽,https://saletennis.com/catalog/product/tiennisnaia-rakietka-head-speed-pro-legend-2025-17612,3: Соболева - 1 шт | Парина - 2 шт | Санкт-Петербург (Спортивная) - 5 шт | Бисертская - 1 шт | Ижевск - 1 шт,10.0,data\product_images\c1ae49eb4e25.png,0.0,5.0,0.0,1.0,2.0,1.0,0.0,0.0,0.0,1.0
Ракетки для тенниса,231225,Теннисная ракетка Head IG Gravity Jr 23 2025,Head,5662 ₽,https://saletennis.com/catalog/product/tiennisnaia-rakietka-head-ig-gravity-jr-23-2025-18230,0: Тюмень - 3 шт | Уфа - 2 шт | Санкт-Петербург (Ярослава Гашека) - 1 шт | Ижевск - 1 шт | Парина - 2 шт | Соболева - 2 шт | Бисертская - 1 шт | Тюмень (Народная) - 1 шт,13.0,data\product_images\dcc03c9b2258.png,1.0,0.0,0.0,2.0,2.0,1.0,0.0,4.0,2.0,1.0
Ракетки для тенниса,WR215311,Теннисная ракетка Wilson Defyer 98 Pro V1,Wilson,31987 ₽,https://saletennis.com/catalog/product/tiennisnaia-rakietka-wilson-defyer-98-pro-v1-19356,2: Санкт-Петербург (Спортивная) - 1 шт | Соболева - 1 шт | 3: Бисертская - 1 шт | Ижевск - 2 шт | Санкт-Петербург (Спортивная) - 1 шт | 4: Санкт-Петербург (Спортивная) - 1 шт | Бисертская - 1 шт | Ижевск - 1 шт | Парина - 1 шт,10.0,data\product_images\07b1c5545259.png,0.0,3.0,0.0,1.0,1.0,2.0,0.0,0.0,0.0,3.0
Ракетки для тенниса,14FI300S,Теннисная ракетка Tecnifibre Tfight 300S Isoflex 2025,Tecnifibre,24743 ₽,https://saletennis.com/catalog/product/tiennisnaia-rakietka-tecnifibre-tfight-300s-isoflex-2025-17096,3: Соболева - 1 шт | Бисертская - 1 шт | Тюмень (Народная) - 1 шт | Ижевск - 1 шт | Санкт-Петербург (Спортивная) - 1 шт,5.0,data\product_images\df0707dce6f6.png,0.0,1.0,0.0,1.0,0.0,1.0,0.0,1.0,0.0,1.0
Ракетки для тенниса,232215-BL,Теннисная ракетка Head Paw 19 Blue,Head,3556 ₽,https://saletennis.com/catalog/product/tiennisnaia-rakietka-head-paw-19-blue-18558,0: Соболева - 1 шт,1.0,data\product_images\fcde125103c5.png,0.0,0.0,0.0,1.0,0.0,0.0,0.0,0.0,0.0,0.0
Ракетки для тенниса,JR76-A225,Теннисная ракетка 7/6 А2 Junior 25,7/6,9990 ₽,https://saletennis.com/catalog/product/tiennisnaia-rakietka-7-6-a2-junior-25-17800,0: Тюмень (Народная) - 3 шт | Уфа - 1 шт | Бисертская - 1 шт | Основной склад Екатеринбург - 2 шт | Парина - 2 шт | Соболева - 1 шт | Санкт-Петербург (Ярослава Гашека) - 3 шт | Санкт-Петербург (Спортивная) - 2 шт | 1: Парина - 2 шт | Тюмень (Народная) - 5 шт | Уфа - 2 шт | Санкт-Петербург (Спортивная) - 1 шт | Санкт-Петербург (Ярослава Гашека) - 2 шт,27.0,data\product_images\423db9a1e047.png,5.0,3.0,2.0,1.0,4.0,1.0,0.0,8.0,3.0,0.0
Ракетки для тенниса,235454,Теннисная ракетка Head Challenge Team L 2024 - Stealth,Head,12547 ₽,https://saletennis.com/catalog/product/tiennisnaia-rakietka-head-challenge-team-l-2024-stealth-15953,1: Тюмень (Народная) - 1 шт | Бисертская - 1 шт | Санкт-Петербург (Спортивная) - 4 шт | Соболева - 1 шт | Ижевск - 1 шт | 2: Санкт-Петербург (Ярослава Гашека) - 1 шт | Санкт-Петербург (Спортивная) - 2 шт | Бисертская - 1 шт | Соболева - 1 шт | Ижевск - 1 шт,14.0,data\product_images\ca3c4f55864a.png,1.0,6.0,0.0,2.0,0.0,2.0,0.0,1.0,0.0,2.0
Ракетки для тенниса,14TF441583,Теннисная ракетка Tecnifibre TF-40 V3 315 18X20,Tecnifibre,19990 ₽,https://saletennis.com/catalog/product/tiennisnaia-rakietka-tecnifibre-tf-40-v3-315-18x20-16928,3: Соболева - 1 шт | Парина - 2 шт | Бисертская - 1 шт | Ижевск - 1 шт,5.0,data\product_images\c62feee51668.png,0.0,0.0,0.0,1.0,2.0,1.0,0.0,0.0,0.0,1.0
Ракетки для тенниса,232056,Теннисная ракетка Head Speed Team 2026,Head,24292 ₽,https://saletennis.com/catalog/product/tiennisnaia-rakietka-head-speed-team-2026-18477,1: Соболева - 1 шт | Парина - 1 шт | 2: Ижевск - 2 шт | Парина - 2 шт | Тюмень (Народная) - 2 шт | Бисертская - 1 шт | Соболева - 1 шт | Санкт-Петербург (Спортивная) - 2 шт | Уфа - 2 шт,14.0,data\product_images\0c74543215ee.png,0.0,2.0,0.0,2.0,3.0,1.0,0.0,2.0,2.0,2.0
Ракетки для тенниса,WR204311,Теннисная ракетка Wilson Ultra 100L V5.0 Roland Garros 2026,Wilson,27532 ₽,https://saletennis.com/catalog/product/tiennisnaia-rakietka-wilson-ultra-100l-v5-0-roland-garros-2026-18989,3: Санкт-Петербург (Спортивная) - 1 шт,1.0,data\product_images\14c04b21f5e7.png,0.0,1.0,0.0,0.0,0.0,0.0,0.0,0.0,0.0,0.0
Ракетки для тенниса,WR207811,Теннисная ракетка Wilson Blade 98 16x19 V10,Wilson,31177 ₽,https://saletennis.com/catalog/product/tiennisnaia-rakietka-wilson-blade-98-16x19-v10-18982,4: Тюмень (Народная) - 1 шт | Санкт-Петербург (Спортивная) - 1 шт,2.0,data\product_images\42047fc93e0b.png,0.0,1.0,0.0,0.0,0.0,0.0,0.0,1.0,0.0,0.0
Ракетки для тенниса,235044,Теннисная ракетка Head Novak 17 2024,Head,3637 ₽,https://saletennis.com/catalog/product/tiennisnaia-rakietka-head-novak-17-2024-17734,0: Соболева - 1 шт | Ижевск - 1 шт | Санкт-Петербург (Ярослава Гашека) - 1 шт | Тюмень (Народная) - 1 шт | Парина - 1 шт | Санкт-Петербург (Спортивная) - 2 шт,7.0,data\product_images\53972161f0f6.png,1.0,2.0,0.0,1.0,1.0,0.0,0.0,1.0,0.0,1.0
Ракетки для тенниса,1920579,Теннисная ракетка Solinco Whiteout v.2 Camo 290,Solinco,21457 ₽,https://saletennis.com/catalog/product/tiennisnaia-rakietka-solinco-whiteout-v-2-camo-290-19141,2: Санкт-Петербург (Спортивная) - 2 шт | Парина - 1 шт | Ижевск - 1 шт | Соболева - 1 шт | Бисертская - 1 шт | Тюмень (Народная) - 1 шт | 3: Ижевск - 1 шт | Санкт-Петербург (Спортивная) - 2 шт | Бисертская - 1 шт | Парина - 2 шт | Тюмень (Народная) - 2 шт | Соболева - 2 шт,17.0,data\product_images\e09c4e690294.png,0.0,4.0,0.0,3.0,3.0,2.0,0.0,3.0,0.0,2.0
Ракетки для тенниса,WR215411,Теннисная ракетка Wilson Defyer 100 V1,Wilson,31582 ₽,https://saletennis.com/catalog/product/tiennisnaia-rakietka-wilson-defyer-100-v1-19355,2: Парина - 1 шт | 3: Ижевск - 1 шт | Бисертская - 1 шт | 4: Санкт-Петербург (Спортивная) - 1 шт | Парина - 1 шт,5.0,data\product_images\bfb48f28d2a1.png,0.0,1.0,0.0,0.0,2.0,1.0,0.0,0.0,0.0,1.0
Ракетки для тенниса,233356,Теннисная ракетка Head Extreme Elite 2026,Head,14977 ₽,https://saletennis.com/catalog/product/tiennisnaia-rakietka-head-extreme-elite-2026-18931,2: Ижевск - 1 шт | Тюмень (Народная) - 1 шт,2.0,data\product_images\40fa9dba96df.png,0.0,0.0,0.0,0.0,0.0,0.0,0.0,1.0,0.0,1.0
Ракетки для тенниса,14FIGHT526,Теннисная ракетка Tecnifibre T-Fight 26 Tour 2025,Tecnifibre,12952 ₽,https://saletennis.com/catalog/product/tiennisnaia-rakietka-tecnifibre-t-fight-26-tour-2025-18398,0: Санкт-Петербург (Спортивная) - 1 шт | Парина - 1 шт | Тюмень (Народная) - 1 шт | Соболева - 1 шт,4.0,data\product_images\00025f4d2801.png,0.0,1.0,0.0,1.0,1.0,0.0,0.0,1.0,0.0,0.0
Ракетки для тенниса,232236,Теннисная ракетка Head Boom MP UL 2026,Head,23482 ₽,https://saletennis.com/catalog/product/tiennisnaia-rakietka-head-boom-mp-ul-2026-18865,1: Парина - 2 шт | Тюмень (Народная) - 1 шт | Уфа - 1 шт | Ижевск - 1 шт | Санкт-Петербург (Спортивная) - 2 шт | Бисертская - 1 шт | 2: Санкт-Петербург (Спортивная) - 2 шт | Тюмень (Народная) - 1 шт | Соболева - 1 шт | Ижевск - 1 шт,13.0,data\product_images\72be55ec67f3.png,0.0,4.0,0.0,1.0,2.0,1.0,0.0,2.0,1.0,2.0
Ракетки для тенниса,1920633,Теннисная ракетка Solinco Whiteout v.2 Camo 305 18x20,Solinco,21862 ₽,https://saletennis.com/catalog/product/tiennisnaia-rakietka-solinco-whiteout-v-2-camo-305-18x20-19142,2: Санкт-Петербург (Спортивная) - 1 шт | Парина - 1 шт | 3: Тюмень (Народная) - 2 шт | Парина - 2 шт | Бисертская - 1 шт | Санкт-Петербург (Спортивная) - 1 шт | Соболева - 1 шт | Ижевск - 1 шт | 4: Тюмень (Народная) - 1 шт | Санкт-Петербург (Спортивная) - 1 шт | Парина - 1 шт | Соболева - 1 шт,14.0,data\product_images\1c160e877415.png,0.0,3.0,0.0,2.0,4.0,1.0,0.0,3.0,0.0,1.0
Ракетки для тенниса,192062,Теннисная ракетка Solinco Blackout v.2 Camo 285,Solinco,21457 ₽,https://saletennis.com/catalog/product/tiennisnaia-rakietka-solinco-blackout-v-2-camo-285-19139,2: Соболева - 1 шт | Парина - 1 шт | Санкт-Петербург (Спортивная) - 2 шт | Тюмень (Народная) - 2 шт | Ижевск - 2 шт | 3: Ижевск - 1 шт | Соболева - 1 шт | Тюмень (Народная) - 1 шт | Санкт-Петербург (Спортивная) - 1 шт,12.0,data\product_images\52d83047a442.png,0.0,3.0,0.0,2.0,1.0,0.0,0.0,3.0,0.0,3.0
Ракетки для тенниса,235004,Теннисная ракетка Head Novak 25 2024,Head,3880 ₽,https://saletennis.com/catalog/product/tiennisnaia-rakietka-head-novak-25-2024-16116,0: Парина - 1 шт | Соболева - 1 шт | Ижевск - 1 шт | Тюмень (Народная) - 1 шт | Санкт-Петербург (Спортивная) - 2 шт,6.0,data\product_images\36fa0c0e1022.png,0.0,2.0,0.0,1.0,1.0,0.0,0.0,1.0,0.0,1.0
Ракетки для тенниса,AR76-A1285,Теннисная ракетка 7/6 A1 285,7/6,9990 ₽,https://saletennis.com/catalog/product/tiennisnaia-rakietka-7-6-a1-285-15604,1: Санкт-Петербург (Спортивная) - 1 шт | Бисертская - 1 шт | Парина - 2 шт | Соболева - 2 шт | Ижевск - 1 шт,7.0,data\product_images\ef8dcf0d2a68.png,0.0,1.0,0.0,2.0,2.0,1.0,0.0,0.0,0.0,1.0
Ракетки для тенниса,235432,Теннисная ракетка Head Extreme Jr.21 2023,Head,2990 ₽,https://saletennis.com/catalog/product/tiennisnaia-rakietka-head-extreme-jr-21-2023-13979,0: Санкт-Петербург (Спортивная) - 1 шт | Тюмень - 1 шт | Соболева - 1 шт,3.0,data\product_images\b28e1f3faa3e.png,0.0,1.0,0.0,1.0,0.0,0.0,0.0,1.0,0.0,0.0
Ракетки для тенниса,14REBO1921,Теннисная ракетка Tecnifibre T-Rebound Tempo 19,Tecnifibre,2993 ₽,https://saletennis.com/catalog/product/tiennisnaia-rakietka-tecnifibre-t-rebound-tempo-19-13267,0: Парина - 2 шт | Тюмень (Народная) - 1 шт,3.0,data\product_images\8a7128e81256.png,0.0,0.0,0.0,0.0,2.0,0.0,0.0,1.0,0.0,0.0
Ракетки для тенниса,231405,Теннисная ракетка Head Radical Jr 26,Head,4447 ₽,https://saletennis.com/catalog/product/tennisnaya-raketka-head-radical-jr-26-4264-4264,0: Соболева - 2 шт | Ижевск - 1 шт | Парина - 2 шт | Тюмень (Народная) - 1 шт | Уфа - 2 шт | Санкт-Петербург (Спортивная) - 2 шт | Бисертская - 1 шт,11.0,data\product_images\4cb6ee01c2d5.png,0.0,2.0,0.0,2.0,2.0,1.0,0.0,1.0,2.0,1.0
Ракетки для тенниса,14TFX3054,Теннисная ракетка Tecnifibre TF-X1 305 v.2,Tecnifibre,19194 ₽,https://saletennis.com/catalog/product/tiennisnaia-rakietka-tecnifibre-tf-x1-305-v-2-16256,3: Парина - 2 шт | Соболева - 1 шт | Бисертская - 2 шт | Тюмень (Народная) - 1 шт,6.0,data\product_images\e68c511d9ee2.png,0.0,0.0,0.0,1.0,2.0,2.0,0.0,1.0,0.0,0.0
Ракетки для тенниса,WR173310,Теннисная ракетка Wilson Clash 25 V3.0,Wilson,16192 ₽,https://saletennis.com/catalog/product/tiennisnaia-rakietka-wilson-clash-25-v3-0-17150,0: Тюмень (Народная) - 1 шт | Бисертская - 1 шт | Ижевск - 1 шт | Санкт-Петербург (Спортивная) - 2 шт | Соболева - 2 шт | Парина - 1 шт,8.0,data\product_images\792a59250d87.png,0.0,2.0,0.0,2.0,1.0,1.0,0.0,1.0,0.0,1.0
Ракетки для тенниса,231125,Теннисная ракетка Head Gravity MP 2025,Head,26317 ₽,https://saletennis.com/catalog/product/tiennisnaia-rakietka-head-gravity-mp-2025-16876,3: Бисертская - 1 шт | Парина - 2 шт | 4: Соболева - 1 шт,4.0,data\product_images\c65e94238563.png,0.0,0.0,0.0,1.0,2.0,1.0,0.0,0.0,0.0,0.0
Ракетки для тенниса,14FI300SI,Теннисная ракетка Tecnifibre Tfight 300 IGA,Tecnifibre,22267 ₽,https://saletennis.com/catalog/product/tiennisnaia-rakietka-tecnifibre-tfight-300-iga-19084,2: Парина - 1 шт | Соболева - 1 шт | 3: Парина - 2 шт | Тюмень (Народная) - 1 шт | Санкт-Петербург (Спортивная) - 1 шт | Бисертская - 1 шт | Соболева - 1 шт | Ижевск - 1 шт | 4: Соболева - 1 шт | Парина - 1 шт,11.0,data\product_images\5aa34bbf833d.png,0.0,1.0,0.0,3.0,4.0,1.0,0.0,1.0,0.0,1.0
Ракетки для тенниса,WR124410H,Теннисная ракетка Wilson Minions 3.0 Jr. 19,Wilson,5618 ₽,https://saletennis.com/catalog/product/tiennisnaia-rakietka-wilson-minions-3-0-jr-19-16109,0: Санкт-Петербург (Спортивная) - 1 шт,1.0,data\product_images\162965a7962f.png,0.0,1.0,0.0,0.0,0.0,0.0,0.0,0.0,0.0,0.0
Ракетки для тенниса,232406,Теннисная ракетка Head Boom MP Alternate 2026,Head,25507 ₽,https://saletennis.com/catalog/product/tiennisnaia-rakietka-head-boom-mp-alternate-2026-18841,3: Соболева - 2 шт | Санкт-Петербург (Спортивная) - 2 шт | Тюмень (Народная) - 1 шт | Бисертская - 1 шт | Ижевск - 1 шт | Парина - 1 шт,8.0,data\product_images\a386be91fc44.png,0.0,2.0,0.0,2.0,1.0,1.0,0.0,1.0,0.0,1.0
Ракетки для тенниса,1920391,Теннисная ракетка Solinco Blackout 245,Solinco,14993 ₽,https://saletennis.com/catalog/product/tiennisnaia-rakietka-solinco-blackout-245-16726,0: Парина - 1 шт | Соболева - 1 шт,2.0,data\product_images\2884d09e7019.png,0.0,0.0,0.0,1.0,1.0,0.0,0.0,0.0,0.0,0.0
Ракетки для тенниса,231215,Теннисная ракетка Head IG Gravity Jr 25,Head,6067 ₽,https://saletennis.com/catalog/product/tiennisnaia-rakietka-head-ig-gravity-jr-25-15287,0: Санкт-Петербург (Спортивная) - 1 шт,1.0,data\product_images\69c2f1d635d0.png,0.0,1.0,0.0,0.0,0.0,0.0,0.0,0.0,0.0,0.0
Ракетки для тенниса,14FIR2606,Теннисная ракетка Tecnifbre Fire 260 2026,Не определен,21862 ₽,https://saletennis.com/catalog/product/tiennisnaia-rakietka-tecnifbre-fire-260-2026-18899,1: Парина - 1 шт | Ижевск - 1 шт | Соболева - 1 шт | 2: Ижевск - 1 шт | Тюмень (Народная) - 1 шт | Парина - 1 шт | Санкт-Петербург (Спортивная) - 1 шт,7.0,data\product_images\142ba0987df0.png,0.0,1.0,0.0,1.0,2.0,0.0,0.0,1.0,0.0,2.0
Ракетки для тенниса,234856,Теннисная ракетка Head Speed 25,Head,2990 ₽,https://saletennis.com/catalog/product/tiennisnaia-rakietka-head-speed-25-936,00: Санкт-Петербург (Спортивная) - 1 шт,1.0,data\product_images\2690b2673dee.jpg,0.0,1.0,0.0,0.0,0.0,0.0,0.0,0.0,0.0,0.0
Ракетки для тенниса,WR152411,Теннисная ракетка Wilson Blade 98S V9.0,Wilson,22990 ₽,https://saletennis.com/catalog/product/tiennisnaia-rakietka-wilson-blade-98s-v9-0-15820,4: Парина - 1 шт | Соболева - 1 шт,2.0,data\product_images\23eddeeda835.png,0.0,0.0,0.0,1.0,1.0,0.0,0.0,0.0,0.0,0.0
Ракетки для тенниса,231445,Теннисная ракетка Head Radical Jr 19,Head,3743 ₽,https://saletennis.com/catalog/product/tennisnaya-raketka-head-radical-jr-19-4261-4261,0: Уфа - 1 шт | Ижевск - 1 шт | Санкт-Петербург (Ярослава Гашека) - 2 шт | Парина - 2 шт | Соболева - 2 шт | Санкт-Петербург (Спортивная) - 2 шт | Бисертская - 1 шт,11.0,data\product_images\8d3872a26e15.png,2.0,2.0,0.0,2.0,2.0,1.0,0.0,0.0,1.0,1.0
Ракетки для тенниса,14FIGTE326,Теннисная ракетка Tecnifibre T-Fight Team 26,Tecnifibre,7118 ₽,https://saletennis.com/catalog/product/tiennisnaia-rakietka-tecnifibre-t-fight-team-26-16920,0: Парина - 1 шт,1.0,data\product_images\571849918ce8.jpg,0.0,0.0,0.0,0.0,1.0,0.0,0.0,0.0,0.0,0.0
Ракетки для тенниса,WR198010,Теннисная ракетка Wilson ENVY SE,Wilson,14977 ₽,https://saletennis.com/catalog/product/tiennisnaia-rakietka-wilson-envy-se-18987,1: Соболева - 1 шт | Санкт-Петербург (Спортивная) - 1 шт,2.0,data\product_images\d3672b10cdce.png,0.0,1.0,0.0,1.0,0.0,0.0,0.0,0.0,0.0,0.0
Ракетки для тенниса,KR76-F19,Теннисная ракетка 7/6 Fox 19,7/6,3192 ₽,https://saletennis.com/catalog/product/tiennisnaia-rakietka-7-6-fox-19-15112,0: Парина - 2 шт | Санкт-Петербург (Спортивная) - 2 шт | Санкт-Петербург (Ярослава Гашека) - 1 шт | Соболева - 2 шт | Бисертская - 2 шт | Основной склад Екатеринбург - 2 шт,11.0,data\product_images\345f352cadee.png,1.0,2.0,2.0,2.0,2.0,2.0,0.0,0.0,0.0,0.0
Ракетки для тенниса,KR76-B21,Теннисная ракетка 7/6 Bear 21,7/6,3990 ₽,https://saletennis.com/catalog/product/tiennisnaia-rakietka-7-6-bear-21-15109,0: Бисертская - 1 шт | Санкт-Петербург (Ярослава Гашека) - 2 шт | Соболева - 1 шт | Основной склад Екатеринбург - 2 шт | Ижевск - 1 шт | Уфа - 1 шт | Парина - 2 шт | Тюмень (Народная) - 2 шт | Санкт-Петербург (Спортивная) - 6 шт,18.0,data\product_images\bb5400dfe6ff.png,2.0,6.0,2.0,1.0,2.0,1.0,0.0,2.0,1.0,1.0
Ракетки для тенниса,231035,Теннисная ракетка Head Radical Team L 2025,Head,18490 ₽,https://saletennis.com/catalog/product/tiennisnaia-rakietka-head-radical-team-l-2025-17285,1: Ижевск - 1 шт | Парина - 2 шт | Уфа - 1 шт | Соболева - 1 шт | 2: Уфа - 1 шт | Санкт-Петербург (Спортивная) - 4 шт | Тюмень (Народная) - 2 шт | Парина - 2 шт | Бисертская - 1 шт,15.0,data\product_images\4171e1692c1f.png,0.0,4.0,0.0,1.0,4.0,1.0,0.0,2.0,2.0,1.0
Ракетки для тенниса,14TFX3004,Теннисная ракетка Tecnifibre TF-X1 300 v.2,Tecnifibre,18894 ₽,https://saletennis.com/catalog/product/tiennisnaia-rakietka-tecnifibre-tf-x1-300-v-2-16255,2: Ижевск - 1 шт | 3: Санкт-Петербург (Спортивная) - 1 шт | Парина - 1 шт | Тюмень (Народная) - 1 шт,4.0,data\product_images\ee02c7e9a5ba.png,0.0,1.0,0.0,0.0,1.0,0.0,0.0,1.0,0.0,1.0
Ракетки для тенниса,101526,Теннисная ракетка Babolat Pure Strike 18x20 2024,Babolat,19990 ₽,https://saletennis.com/catalog/product/tiennisnaia-rakietka-babolat-pure-strike-18x20-2024-16321,3: Парина - 2 шт,2.0,data\product_images\c320fcc8fbe2.png,0.0,0.0,0.0,0.0,2.0,0.0,0.0,0.0,0.0,0.0
Ракетки для тенниса,235103,Теннисная ракетка Head Radical Pro 2023,Head,17995 ₽,https://saletennis.com/catalog/product/tiennisnaia-rakietka-head-radical-pro-2023-14109,3: Санкт-Петербург (Спортивная) - 1 шт | Основной склад Екатеринбург - 3 шт | Бисертская - 1 шт | Парина - 2 шт | Ижевск - 1 шт | Тюмень (Народная) - 1 шт | Соболева - 2 шт,11.0,data\product_images\50914cb7854b.png,0.0,1.0,3.0,2.0,2.0,1.0,0.0,1.0,0.0,1.0
Ракетки для тенниса,233306,Теннисная ракетка Head Extreme Pro 2026,Head,24292 ₽,https://saletennis.com/catalog/product/tiennisnaia-rakietka-head-extreme-pro-2026-19094,3: Парина - 3 шт | Ижевск - 1 шт | Соболева - 1 шт | Бисертская - 1 шт | 4: Парина - 1 шт,7.0,data\product_images\0045b5665544.png,0.0,0.0,0.0,1.0,4.0,1.0,0.0,0.0,0.0,1.0
Ракетки для тенниса,235014,Теннисная ракетка Head Novak 23 2024,Head,3637 ₽,https://saletennis.com/catalog/product/tiennisnaia-rakietka-head-novak-23-2024-16115,0: Тюмень - 1 шт | Санкт-Петербург (Спортивная) - 1 шт,2.0,data\product_images\3096dd05242d.png,0.0,1.0,0.0,0.0,0.0,0.0,0.0,1.0,0.0,0.0
Ракетки для тенниса,231205,Теннисная ракетка Head IG Gravity Jr 26 2025,Head,7282 ₽,https://saletennis.com/catalog/product/tiennisnaia-rakietka-head-ig-gravity-jr-26-2025-17488,0: Тюмень - 1 шт,1.0,data\product_images\11a6edc376c9.png,0.0,0.0,0.0,0.0,0.0,0.0,0.0,1.0,0.0,0.0
Ракетки для тенниса,WR172010,Теннисная ракетка Wilson Slam Boys Junior 21,Wilson,3493 ₽,https://saletennis.com/catalog/product/tiennisnaia-rakietka-wilson-slam-boys-junior-21-17492,0: Санкт-Петербург (Ярослава Гашека) - 1 шт | Парина - 2 шт | Ижевск - 1 шт | Бисертская - 1 шт | Уфа - 2 шт | Санкт-Петербург (Спортивная) - 1 шт | Тюмень (Народная) - 1 шт,9.0,data\product_images\36e4f29940ef.png,1.0,1.0,0.0,0.0,2.0,1.0,0.0,1.0,2.0,1.0
Ракетки для тенниса,WR171910,Теннисная ракетка Wilson Slam Boys Junior 23,Wilson,4042 ₽,https://saletennis.com/catalog/product/tiennisnaia-rakietka-wilson-slam-boys-junior-23-17493,0: Парина - 1 шт | Ижевск - 1 шт | Уфа - 1 шт | Тюмень (Народная) - 1 шт,4.0,data\product_images\b7a81a558de4.png,0.0,0.0,0.0,0.0,1.0,0.0,0.0,1.0,1.0,1.0
Ракетки для тенниса,231476,Теннисная ракетка Head Jannik 23,Head,3880 ₽,https://saletennis.com/catalog/product/tiennisnaia-rakietka-head-jannik-23-19367,0: Уфа - 1 шт | Ижевск - 2 шт | Санкт-Петербург (Спортивная) - 1 шт | Соболева - 2 шт | Парина - 2 шт | Санкт-Петербург (Ярослава Гашека) - 1 шт,9.0,data\product_images\2c5737f07384.png,1.0,1.0,0.0,2.0,2.0,0.0,0.0,0.0,1.0,2.0
Ракетки для тенниса,AR76-A1300,Теннисная ракетка 7/6 A1 300,7/6,10794 ₽,https://saletennis.com/catalog/product/tiennisnaia-rakietka-7-6-a1-300-15605,2: Ижевск - 1 шт,1.0,data\product_images\6db936a8fb88.png,0.0,0.0,0.0,0.0,0.0,0.0,0.0,0.0,0.0,1.0
Ракетки для тенниса,1920666,Теннисная ракетка Solinco Blackout v.2 Camo 245,Solinco,13762 ₽,https://saletennis.com/catalog/product/tiennisnaia-rakietka-solinco-blackout-v-2-camo-245-19137,0: Тюмень (Народная) - 1 шт | Парина - 2 шт | Ижевск - 1 шт | Санкт-Петербург (Спортивная) - 2 шт | Бисертская - 1 шт,7.0,data\product_images\776917ea5b8b.png,0.0,2.0,0.0,0.0,2.0,1.0,0.0,1.0,0.0,1.0
Ракетки для тенниса,14FIR2706,Теннисная ракетка Tecnifbre Fire 270 2026,Не определен,21052 ₽,https://saletennis.com/catalog/product/tiennisnaia-rakietka-tecnifbre-fire-270-2026-18900,2: Ижевск - 1 шт | Санкт-Петербург (Спортивная) - 1 шт,2.0,data\product_images\930225626c0a.png,0.0,1.0,0.0,0.0,0.0,0.0,0.0,0.0,0.0,1.0
Ракетки для тенниса,235442,Теннисная ракетка Head Extreme Jr.19 2023,Head,2874 ₽,https://saletennis.com/catalog/product/tiennisnaia-rakietka-head-extreme-jr-19-2023-13978,0: Санкт-Петербург (Спортивная) - 1 шт | Санкт-Петербург (Ярослава Гашека) - 1 шт | Парина - 4 шт | Ижевск - 1 шт | Соболева - 2 шт | Тюмень - 1 шт | Тюмень (Народная) - 1 шт | Уфа - 1 шт | Бисертская - 2 шт | Основной склад Екатеринбург - 2 шт,16.0,data\product_images\0c02aa534833.png,1.0,1.0,2.0,2.0,4.0,2.0,0.0,2.0,1.0,1.0
Ракетки для тенниса,230114,Теннисная ракетка Head Boom MP 2024,Head,17320 ₽,https://saletennis.com/catalog/product/tiennisnaia-rakietka-head-boom-mp-2024-15846,3: Уфа - 1 шт | Ижевск - 2 шт | Парина - 1 шт | Санкт-Петербург (Спортивная) - 1 шт | 4: Бисертская - 1 шт | Соболева - 1 шт,7.0,data\product_images\734ba3a57a8a.png,0.0,1.0,0.0,1.0,1.0,1.0,0.0,0.0,1.0,2.0
Ракетки для тенниса,231615,Теннисная ракетка Head Radical MP 2025 Tropical,Head,25990 ₽,https://saletennis.com/catalog/product/tiennisnaia-rakietka-head-radical-mp-2025-tropical-17610,4: Тюмень (Народная) - 1 шт | Соболева - 1 шт,2.0,data\product_images\ab852465d1f5.png,0.0,0.0,0.0,1.0,0.0,0.0,0.0,1.0,0.0,0.0
Ракетки для тенниса,230016,Теннисная ракетка Head IG Speed 25 2026,Head,7490 ₽,https://saletennis.com/catalog/product/tiennisnaia-rakietka-head-ig-speed-25-2026-19465,0: Ижевск - 1 шт | Парина - 2 шт | Санкт-Петербург (Спортивная) - 1 шт | Санкт-Петербург (Ярослава Гашека) - 1 шт | Уфа - 1 шт | Соболева - 2 шт,8.0,data\product_images\ba20021cfe36.png,1.0,1.0,0.0,2.0,2.0,0.0,0.0,0.0,1.0,1.0
Ракетки для тенниса,140482-100,Теннисная ракетка Babolat Ballfighter 25 - Multicolor,Babolat,4118 ₽,https://saletennis.com/catalog/product/tiennisnaia-rakietka-babolat-ballfighter-25-multicolor-16317,0: Парина - 1 шт | Тюмень (Народная) - 1 шт | Санкт-Петербург (Спортивная) - 1 шт,3.0,data\product_images\f8cac5ba098e.png,0.0,1.0,0.0,0.0,1.0,0.0,0.0,1.0,0.0,0.0
Ракетки для тенниса,233376,Теннисная ракетка Head Extreme MP XL 2026,Head,24292 ₽,https://saletennis.com/catalog/product/tiennisnaia-rakietka-head-extreme-mp-xl-2026-19111,3: Соболева - 1 шт,1.0,data\product_images\d397250cdf8e.png,0.0,0.0,0.0,1.0,0.0,0.0,0.0,0.0,0.0,0.0
Ракетки для тенниса,230536,Теннисная ракетка Head Coco 25,Head,3880 ₽,https://saletennis.com/catalog/product/tiennisnaia-rakietka-head-coco-25-19365,0: Соболева - 1 шт | Санкт-Петербург (Спортивная) - 1 шт,2.0,data\product_images\a0df0461aa76.png,0.0,1.0,0.0,1.0,0.0,0.0,0.0,0.0,0.0,0.0
Ракетки для тенниса,WR151610U,Теннисная ракетка Wilson Blade 25 V9.0,Wilson,13993 ₽,https://saletennis.com/catalog/product/tiennisnaia-rakietka-wilson-blade-25-v9-0-15818,0: Соболева - 1 шт | Бисертская - 1 шт | Парина - 1 шт | Тюмень (Народная) - 1 шт | Санкт-Петербург (Спортивная) - 1 шт,5.0,data\product_images\e07485c75f39.png,0.0,1.0,0.0,1.0,1.0,1.0,0.0,1.0,0.0,0.0
Ракетки для тенниса,12CAR135XT,Ракетка для сквоша Tecnifiber Corbonflex X-TOP 135,Не определен,10990 ₽,https://saletennis.com/catalog/product/rakietka-dlia-skvosha-tecnifiber-corbonflex-x-top-135-15098,Парина: 1 сет,1.0,data\product_images\d875234bf4f4.png,0.0,0.0,0.0,0.0,1.0,0.0,0.0,0.0,0.0,0.0
Ракетки для тенниса,14BULL17NW,Теннисная ракетка Tecnifibre Bullit 17,Tecnifibre,3637 ₽,https://saletennis.com/catalog/product/tiennisnaia-rakietka-tecnifibre-bullit-17-13263,0: Ижевск - 1 шт,1.0,data\product_images\58076858323c.png,0.0,0.0,0.0,0.0,0.0,0.0,0.0,0.0,0.0,1.0
Ракетки для тенниса,WR201510,Теннисная ракетка Wilson Pro Staff 97UL Classic,Wilson,28342 ₽,https://saletennis.com/catalog/product/tiennisnaia-rakietka-wilson-pro-staff-97ul-classic-18689,2: Соболева - 2 шт | Ижевск - 3 шт | Бисертская - 2 шт | Уфа - 3 шт | Парина - 3 шт | Тюмень (Народная) - 3 шт | Санкт-Петербург (Спортивная) - 2 шт,18.0,data\product_images\e56a98388029.png,0.0,2.0,0.0,2.0,3.0,2.0,0.0,3.0,3.0,3.0
Ракетки для тенниса,233326,Теннисная ракетка Head Extreme MP L 2026,Head,23077 ₽,https://saletennis.com/catalog/product/tiennisnaia-rakietka-head-extreme-mp-l-2026-18933,2: Уфа - 1 шт | Соболева - 1 шт | Парина - 1 шт | Тюмень (Народная) - 1 шт | 3: Санкт-Петербург (Спортивная) - 1 шт,5.0,data\product_images\47e806a30c54.png,0.0,1.0,0.0,1.0,1.0,0.0,0.0,1.0,1.0,0.0
Ракетки для тенниса,235424,Теннисная ракетка Head Challenge Team 2024 - Purple,Head,12952 ₽,https://saletennis.com/catalog/product/tiennisnaia-rakietka-head-challenge-team-2024-purple-15951,1: Бисертская - 1 шт | Ижевск - 1 шт | Парина - 1 шт | Санкт-Петербург (Спортивная) - 1 шт,4.0,data\product_images\8354cd2de907.png,0.0,1.0,0.0,0.0,1.0,1.0,0.0,0.0,0.0,1.0
Ракетки для тенниса,14FI30SI,Теннисная ракетка Tecnifibre Tfight 300S IGA,Tecnifibre,23077 ₽,https://saletennis.com/catalog/product/tiennisnaia-rakietka-tecnifibre-tfight-300s-iga-19085,3: Бисертская - 1 шт | Тюмень (Народная) - 1 шт | Соболева - 1 шт | Санкт-Петербург (Спортивная) - 1 шт | Ижевск - 1 шт | Парина - 1 шт,6.0,data\product_images\d42ad560afbe.png,0.0,1.0,0.0,1.0,1.0,1.0,0.0,1.0,0.0,1.0
Ракетки для тенниса,14TEMP264E,Теннисная ракетка Tecnifibre Tempo IGA 26,Tecnifibre,11243 ₽,https://saletennis.com/catalog/product/tiennisnaia-rakietka-tecnifibre-tempo-iga-26-16923,0: Санкт-Петербург (Спортивная) - 1 шт | Тюмень (Народная) - 1 шт,2.0,data\product_images\0240182f02d7.png,0.0,1.0,0.0,0.0,0.0,0.0,0.0,1.0,0.0,0.0
Ракетки для тенниса,232606,Теннисная ракетка Head Squared,Head,25515 ₽,https://saletennis.com/catalog/product/tiennisnaia-rakietka-head-squared-18791,3: Санкт-Петербург (Спортивная) - 1 шт,1.0,data\product_images\049a4ceb038d.png,0.0,1.0,0.0,0.0,0.0,0.0,0.0,0.0,0.0,0.0
Ракетки для тенниса,WR207911,Теннисная ракетка Wilson Blade 98 18x20 V10,Wilson,31177 ₽,https://saletennis.com/catalog/product/tiennisnaia-rakietka-wilson-blade-98-18x20-v10-18983,4: Тюмень (Народная) - 1 шт | Парина - 1 шт | Санкт-Петербург (Спортивная) - 1 шт,3.0,data\product_images\4cd735fe83ec.png,0.0,1.0,0.0,0.0,1.0,0.0,0.0,1.0,0.0,0.0
Ракетки для тенниса,232046,Теннисная ракетка Head Speed MP UL 2026,Head,23482 ₽,https://saletennis.com/catalog/product/tiennisnaia-rakietka-head-speed-mp-ul-2026-18475,1: Тюмень (Народная) - 1 шт | Парина - 1 шт | Ижевск - 1 шт | 2: Соболева - 2 шт | Санкт-Петербург (Спортивная) - 2 шт | Уфа - 2 шт | Бисертская - 1 шт | Тюмень (Народная) - 1 шт | Парина - 1 шт | Ижевск - 1 шт,13.0,data\product_images\3dc98830cf1b.png,0.0,2.0,0.0,2.0,2.0,1.0,0.0,2.0,2.0,2.0
Ракетки для тенниса,KR76-F25,Теннисная ракетка 7/6 Fox 25,7/6,3990 ₽,https://saletennis.com/catalog/product/tiennisnaia-rakietka-7-6-fox-25-15115,0: Парина - 2 шт | Санкт-Петербург (Ярослава Гашека) - 2 шт | Бисертская - 1 шт | Санкт-Петербург (Спортивная) - 7 шт | Уфа - 1 шт,13.0,data\product_images\29d0ba8d7818.png,2.0,7.0,0.0,0.0,2.0,1.0,0.0,0.0,1.0,0.0
Ракетки для тенниса,WR171510,Теннисная ракетка Wilson Burn Spin Junior 26,Wilson,9743 ₽,https://saletennis.com/catalog/product/tiennisnaia-rakietka-wilson-burn-spin-junior-26-17146,0: Тюмень (Народная) - 1 шт,1.0,data\product_images\4c37a9068498.png,0.0,0.0,0.0,0.0,0.0,0.0,0.0,1.0,0.0,0.0
Ракетки для тенниса,0298,Теннисная ракетка Solinco Shadow 21,Solinco,2990 ₽,https://saletennis.com/catalog/product/tiennisnaia-rakietka-solinco-shadow-21-14012,0: Соболева - 1 шт,1.0,data\product_images\4af8921d156c.png,0.0,0.0,0.0,1.0,0.0,0.0,0.0,0.0,0.0,0.0
Ракетки для тенниса,14FI315S5,Теннисная ракетка Tecnifibre Tfight 315S Isoflex 2025,Tecnifibre,25118 ₽,https://saletennis.com/catalog/product/tiennisnaia-rakietka-tecnifibre-tfight-315s-isoflex-2025-17098,3: Ижевск - 1 шт | Парина - 2 шт | Бисертская - 1 шт | Тюмень (Народная) - 1 шт | Санкт-Петербург (Спортивная) - 2 шт | Соболева - 2 шт,9.0,data\product_images\2c0dcb219cad.png,0.0,2.0,0.0,2.0,2.0,1.0,0.0,1.0,0.0,1.0
Ракетки для тенниса,235814,Теннисная ракетка Head COCO Jr 23,Head,3637 ₽,https://saletennis.com/catalog/product/tiennisnaia-rakietka-head-coco-jr-23-1-16644,0: Ижевск - 1 шт,1.0,data\product_images\8d5da50f7a67.png,0.0,0.0,0.0,0.0,0.0,0.0,0.0,0.0,0.0,1.0
Ракетки для тенниса,KR76-F21,Теннисная ракетка 7/6 Fox 21,7/6,3990 ₽,https://saletennis.com/catalog/product/tiennisnaia-rakietka-7-6-fox-21-15113,0: Бисертская - 1 шт | Санкт-Петербург (Спортивная) - 4 шт | Соболева - 1 шт | Основной склад Екатеринбург - 1 шт | Санкт-Петербург (Ярослава Гашека) - 2 шт | Парина - 1 шт | Тюмень (Народная) - 1 шт,11.0,data\product_images\476a120c7ac7.png,2.0,4.0,1.0,1.0,1.0,1.0,0.0,1.0,0.0,0.0
Ракетки для тенниса,230164,Теннисная ракетка Head Boom Jr 2024,Head,9990 ₽,https://saletennis.com/catalog/product/tiennisnaia-rakietka-head-boom-jr-2024-16389,1: Парина - 1 шт,1.0,data\product_images\a08270c25367.png,0.0,0.0,0.0,0.0,1.0,0.0,0.0,0.0,0.0,0.0
Ракетки для тенниса,AR76-A2300,Теннисная ракетка 7/6 A2 300,7/6,14990 ₽,https://saletennis.com/catalog/product/tiennisnaia-rakietka-7-6-a2-300-17799,2: Соболева - 2 шт | Тюмень (Народная) - 2 шт | Санкт-Петербург (Ярослава Гашека) - 2 шт | Парина - 1 шт | Санкт-Петербург (Спортивная) - 1 шт | Уфа - 1 шт | Ижевск - 1 шт | 3: Бисертская - 1 шт | Ижевск - 2 шт | Основной склад Екатеринбург - 5 шт | Санкт-Петербург (Спортивная) - 2 шт | Санкт-Петербург (Ярослава Гашека) - 2 шт | Парина - 2 шт | Соболева - 2 шт | 4: Санкт-Петербург (Спортивная) - 2 шт | Ижевск - 1 шт | Парина - 1 шт | Тюмень (Народная) - 2 шт | Бисертская - 2 шт | Санкт-Петербург (Ярослава Гашека) - 2 шт | Соболева - 1 шт,37.0,data\product_images\ff6998f19714.png,6.0,5.0,5.0,5.0,4.0,3.0,0.0,4.0,1.0,4.0
Ракетки для тенниса,236054,Теннисная ракетка Head Speed Jr. 2024,Head,10490 ₽,https://saletennis.com/catalog/product/tiennisnaia-rakietka-head-speed-jr-2024-15841,0: Тюмень (Народная) - 1 шт | Парина - 1 шт | Соболева - 1 шт | Уфа - 1 шт | 1: Соболева - 1 шт | Уфа - 2 шт,7.0,data\product_images\0d53ccccb05a.png,0.0,0.0,0.0,2.0,1.0,0.0,0.0,1.0,3.0,0.0
Ракетки для тенниса,235024,Теннисная ракетка Head Novak 21 2024,Head,3637 ₽,https://saletennis.com/catalog/product/tiennisnaia-rakietka-head-novak-21-2024-16114,0: Парина - 2 шт | Тюмень (Народная) - 2 шт | Соболева - 2 шт | Бисертская - 1 шт | Уфа - 1 шт | Санкт-Петербург (Спортивная) - 1 шт,9.0,data\product_images\2c44781d77e9.png,0.0,1.0,0.0,2.0,2.0,1.0,0.0,2.0,1.0,0.0
Ракетки для тенниса,101556,Теннисная ракетка Babolat Pure Drive Super Lite 2025,Babolat,21862 ₽,https://saletennis.com/catalog/product/tiennisnaia-rakietka-babolat-pure-drive-super-lite-2025-18397,0: Ижевск - 1 шт | Парина - 1 шт,2.0,data\product_images\db5f1cc6edd4.png,0.0,0.0,0.0,0.0,1.0,0.0,0.0,0.0,0.0,1.0
Ракетки для тенниса,14FIR2556,Теннисная ракетка Tecnifbre Fire 255 2026,Не определен,18622 ₽,https://saletennis.com/catalog/product/tiennisnaia-rakietka-tecnifbre-fire-255-2026-18898,0: Тюмень (Народная) - 1 шт | Соболева - 1 шт | Санкт-Петербург (Спортивная) - 1 шт | Парина - 1 шт | 1: Бисертская - 1 шт | Тюмень (Народная) - 1 шт | Ижевск - 1 шт | Санкт-Петербург (Спортивная) - 1 шт | Соболева - 1 шт | Парина - 1 шт,10.0,data\product_images\a331b6482c9e.png,0.0,2.0,0.0,2.0,2.0,1.0,0.0,2.0,0.0,1.0
Ракетки для тенниса,140533-100,Теннисная ракетка Babolat Pure Drive 25 W 2025,Babolat,12547 ₽,https://saletennis.com/catalog/product/tiennisnaia-rakietka-babolat-pure-drive-25-w-2025-17832,0: Парина - 1 шт,1.0,data\product_images\f2cbdf9f362d.png,0.0,0.0,0.0,0.0,1.0,0.0,0.0,0.0,0.0,0.0
Ракетки для тенниса,233032,Теннисная ракетка Head COCO Jr. 19,Head,2490 ₽,https://saletennis.com/catalog/product/tiennisnaia-rakietka-head-coco-jr-19-13369,0: Санкт-Петербург (Спортивная) - 1 шт,1.0,data\product_images\e097120850a2.png,0.0,1.0,0.0,0.0,0.0,0.0,0.0,0.0,0.0,0.0
Ракетки для тенниса,232226,Теннисная ракетка Head Boom MP L 2026,Head,24292 ₽,https://saletennis.com/catalog/product/tiennisnaia-rakietka-head-boom-mp-l-2026-18864,2: Уфа - 1 шт | Санкт-Петербург (Спортивная) - 1 шт | Ижевск - 1 шт | Парина - 1 шт | Бисертская - 1 шт,5.0,data\product_images\eb50a51347e9.png,0.0,1.0,0.0,0.0,1.0,1.0,0.0,0.0,1.0,1.0
Ракетки для тенниса,231105,Теннисная ракетка Head Gravity Pro 2025,Head,19990 ₽,https://saletennis.com/catalog/product/tiennisnaia-rakietka-head-gravity-pro-2025-17282,3: Уфа - 2 шт | Соболева - 1 шт | Санкт-Петербург (Спортивная) - 4 шт | Ижевск - 2 шт | Основной склад Екатеринбург - 4 шт | Бисертская - 1 шт | Парина - 2 шт | 4: Санкт-Петербург (Спортивная) - 1 шт | Бисертская - 1 шт | Соболева - 1 шт | Парина - 1 шт,20.0,data\product_images\4120b5d2feb9.png,0.0,5.0,4.0,2.0,3.0,2.0,0.0,0.0,2.0,2.0
Ракетки для тенниса,140246,Теннисная ракетка Babolat Nadal Junior 19 (2019),Babolat,2919 ₽,https://saletennis.com/catalog/product/tiennisnaia-rakietka-babolat-nadal-junior-19-2019-10814,0000: Соболева - 1 шт | Бисертская - 1 шт,2.0,data\product_images\8773398da56b.png,0.0,0.0,0.0,1.0,0.0,1.0,0.0,0.0,0.0,0.0
Ракетки для тенниса,231025,Теннисная ракетка Head Radical Team 2025,Head,20243 ₽,https://saletennis.com/catalog/product/tiennisnaia-rakietka-head-radical-team-2025-17284,2: Уфа - 1 шт | Парина - 1 шт | Ижевск - 1 шт | Тюмень (Народная) - 1 шт,4.0,data\product_images\fdb7dd311b0e.png,0.0,0.0,0.0,0.0,1.0,0.0,0.0,1.0,1.0,1.0
Ракетки для тенниса,231005,Теннисная ракетка Head Radical Pro 2025,Head,19490 ₽,https://saletennis.com/catalog/product/tiennisnaia-rakietka-head-radical-pro-2025-17551,3: Уфа - 2 шт | Основной склад Екатеринбург - 2 шт | Парина - 2 шт | Ижевск - 2 шт | Соболева - 2 шт | Бисертская - 2 шт | Санкт-Петербург (Спортивная) - 5 шт | Тюмень (Народная) - 2 шт | 4: Санкт-Петербург (Спортивная) - 1 шт,20.0,data\product_images\f13ad50b25f6.png,0.0,6.0,2.0,2.0,2.0,2.0,0.0,2.0,2.0,2.0
Ракетки для тенниса,140480,Теннисная ракетка Babolat Ballfighter 21 - Blue/Red,Babolat,3743 ₽,https://saletennis.com/catalog/product/tiennisnaia-rakietka-babolat-ballfighter-21-blue-red-15802,000: Санкт-Петербург (Спортивная) - 1 шт | Парина - 2 шт | Тюмень (Народная) - 2 шт | Санкт-Петербург (Ярослава Гашека) - 1 шт | Бисертская - 1 шт | Уфа - 1 шт,8.0,data\product_images\2c1b2013db68.png,1.0,1.0,0.0,0.0,2.0,1.0,0.0,2.0,1.0,0.0
Ракетки для тенниса,230124,Теннисная ракетка Head Boom MP L 2024,Head,17994 ₽,https://saletennis.com/catalog/product/tiennisnaia-rakietka-head-boom-mp-l-2024-15847,3: Парина - 1 шт,1.0,data\product_images\fd4181fa39d8.png,0.0,0.0,0.0,0.0,1.0,0.0,0.0,0.0,0.0,0.0
Ракетки для тенниса,140479,Теннисная ракетка Babolat Ballfighter 19 - Blue/Red,Babolat,3743 ₽,https://saletennis.com/catalog/product/tiennisnaia-rakietka-babolat-ballfighter-19-blue-red-15801,0000: Парина - 1 шт | Соболева - 1 шт | Уфа - 1 шт,3.0,data\product_images\2904d075feb2.png,0.0,0.0,0.0,1.0,1.0,0.0,0.0,0.0,1.0,0.0
Ракетки для тенниса,235824,Теннисная ракетка Head COCO Jr 21,Head,3637 ₽,https://saletennis.com/catalog/product/tiennisnaia-rakietka-head-coco-jr-21-1-16643,0: Санкт-Петербург (Спортивная) - 1 шт,1.0,data\product_images\23ff4ecf14bf.png,0.0,1.0,0.0,0.0,0.0,0.0,0.0,0.0,0.0,0.0
Ракетки для тенниса,233149,Теннисная ракетка Head Extreme Junior 19,Head,2990 ₽,https://saletennis.com/catalog/product/tiennisnaia-rakietka-head-extreme-junior-19-9562,0: Соболева - 1 шт | Тюмень (Народная) - 1 шт | Санкт-Петербург (Спортивная) - 1 шт,3.0,data\product_images\86edfe98f868.jpg,0.0,1.0,0.0,1.0,0.0,0.0,0.0,1.0,0.0,0.0
Ракетки для тенниса,233336,Теннисная ракетка Head Extreme MP UL 2026,Head,21862 ₽,https://saletennis.com/catalog/product/tiennisnaia-rakietka-head-extreme-mp-ul-2026-19093,1: Бисертская - 1 шт | Соболева - 2 шт | Ижевск - 2 шт | Уфа - 1 шт | Тюмень (Народная) - 2 шт | Парина - 2 шт | Санкт-Петербург (Спортивная) - 2 шт | 2: Соболева - 1 шт | Тюмень (Народная) - 1 шт | Парина - 1 шт | Санкт-Петербург (Спортивная) - 1 шт,16.0,data\product_images\2a6a6a9fa021.png,0.0,3.0,0.0,3.0,3.0,1.0,0.0,3.0,1.0,2.0
Ракетки для тенниса,7T58G095,Теннисная ракетка Prince x Hydrogen Skulls 290,Не определен,16990 ₽,https://saletennis.com/catalog/product/tiennisnaia-rakietka-prince-x-hydrogen-skulls-290-16569,4: Парина - 1 шт | Санкт-Петербург (Спортивная) - 1 шт,2.0,data\product_images\57cff4009481.png,0.0,1.0,0.0,0.0,1.0,0.0,0.0,0.0,0.0,0.0
Ракетки для тенниса,101578-323,Теннисная ракетка Babolat Pure Strike 98 18/20 2026,Babolat,26722 ₽,https://saletennis.com/catalog/product/tiennisnaia-rakietka-babolat-pure-strike-98-18-20-2026-18913,3: Парина - 1 шт,1.0,data\product_images\0c64fbd277ea.png,0.0,0.0,0.0,0.0,1.0,0.0,0.0,0.0,0.0,0.0
Ракетки для тенниса,RK-FS-ELV-TOUR,Теннисная ракетка Diadem Elevate FS 98 Tour,Не определен,9990 ₽,https://saletennis.com/catalog/product/tiennisnaia-rakietka-diadem-elevate-fs-98-tour-14120,3: Парина - 1 шт,1.0,data\product_images\ec4b399098a1.png,0.0,0.0,0.0,0.0,1.0,0.0,0.0,0.0,0.0,0.0
Ракетки для тенниса,232206,Теннисная ракетка Head Boom Pro 2026,Head,26722 ₽,https://saletennis.com/catalog/product/tiennisnaia-rakietka-head-boom-pro-2026-18866,3: Санкт-Петербург (Спортивная) - 1 шт | Соболева - 1 шт | Бисертская - 1 шт | Парина - 1 шт,4.0,data\product_images\4eeb9e794443.png,0.0,1.0,0.0,1.0,1.0,1.0,0.0,0.0,0.0,0.0
Ракетки для тенниса,233346,Теннисная ракетка Head Extreme Team 2026,Head,20647 ₽,https://saletennis.com/catalog/product/tiennisnaia-rakietka-head-extreme-team-2026-18934,1: Уфа - 1 шт | Парина - 1 шт | Соболева - 1 шт | Санкт-Петербург (Спортивная) - 1 шт | 2: Соболева - 1 шт | Тюмень (Народная) - 1 шт | Санкт-Петербург (Спортивная) - 3 шт | Парина - 1 шт | Бисертская - 1 шт | Ижевск - 1 шт | Уфа - 1 шт,13.0,data\product_images\97218a50c195.png,0.0,4.0,0.0,2.0,2.0,1.0,0.0,1.0,2.0,1.0
Ракетки для тенниса,AR76-A2285,Теннисная ракетка 7/6 A2 285,7/6,14990 ₽,https://saletennis.com/catalog/product/tiennisnaia-rakietka-7-6-a2-285-17798,1: Санкт-Петербург (Ярослава Гашека) - 2 шт | Санкт-Петербург (Спортивная) - 2 шт | 2: Соболева - 2 шт | Санкт-Петербург (Ярослава Гашека) - 2 шт | Основной склад Екатеринбург - 10 шт | Парина - 2 шт | Уфа - 1 шт | Санкт-Петербург (Спортивная) - 1 шт | Ижевск - 1 шт | Тюмень (Народная) - 2 шт | Бисертская - 1 шт | 3: Санкт-Петербург (Ярослава Гашека) - 2 шт | Парина - 1 шт | Соболева - 1 шт | Санкт-Петербург (Спортивная) - 2 шт | Уфа - 1 шт | Основной склад Екатеринбург - 1 шт | Тюмень (Народная) - 1 шт,35.0,data\product_images\ca9a289b337b.png,6.0,5.0,11.0,3.0,3.0,1.0,0.0,3.0,2.0,1.0
Ракетки для тенниса,236014,Теннисная ракетка Head Speed MP 2024,Head,20994 ₽,https://saletennis.com/catalog/product/tiennisnaia-rakietka-head-speed-mp-2024-15851,4: Соболева - 1 шт | Бисертская - 1 шт | Санкт-Петербург (Спортивная) - 1 шт | Ижевск - 1 шт | Парина - 1 шт | Тюмень (Народная) - 1 шт,6.0,data\product_images\a614b7b85217.png,0.0,1.0,0.0,1.0,1.0,1.0,0.0,1.0,0.0,1.0
Ракетки для тенниса,232205-BL,Теннисная ракетка Head Paw 21 Blue,Head,3556 ₽,https://saletennis.com/catalog/product/tiennisnaia-rakietka-head-paw-21-blue-18560,0: Санкт-Петербург (Спортивная) - 1 шт | Бисертская - 1 шт | Парина - 1 шт | Соболева - 1 шт | Уфа - 1 шт | Тюмень (Народная) - 1 шт,6.0,data\product_images\309802d36e75.png,0.0,1.0,0.0,1.0,1.0,1.0,0.0,1.0,1.0,0.0
Ракетки для тенниса,233316,Теннисная ракетка Head Extreme MP 2026,Head,24292 ₽,https://saletennis.com/catalog/product/tiennisnaia-rakietka-head-extreme-mp-2026-18932,3: Парина - 1 шт | Бисертская - 1 шт | Соболева - 1 шт | Санкт-Петербург (Спортивная) - 1 шт | Тюмень (Народная) - 1 шт | 4: Соболева - 1 шт | Санкт-Петербург (Спортивная) - 1 шт,7.0,data\product_images\7207e776006b.png,0.0,2.0,0.0,2.0,1.0,1.0,0.0,1.0,0.0,0.0
Ракетки для тенниса,232106,Теннисная ракетка Head Speed Elite 2026,Head,16192 ₽,https://saletennis.com/catalog/product/tiennisnaia-rakietka-head-speed-elite-2026-19095,2: Санкт-Петербург (Спортивная) - 1 шт,1.0,data\product_images\d0979e04deca.png,0.0,1.0,0.0,0.0,0.0,0.0,0.0,0.0,0.0,0.0
Ракетки для тенниса,WR125711,Теннисная ракетка Wilson Pro Staff 97 V14,Wilson,23990 ₽,https://saletennis.com/catalog/product/tiennisnaia-rakietka-wilson-pro-staff-97-v14-14720,3: Ижевск - 2 шт | Санкт-Петербург (Спортивная) - 2 шт | Уфа - 1 шт,5.0,data\product_images\a92036187b18.png,0.0,2.0,0.0,0.0,0.0,0.0,0.0,0.0,1.0,2.0
Ракетки для тенниса,WR118010H,Теннисная ракетка Wilson Pro Staff Precision Jr. 23,Wilson,5592 ₽,https://saletennis.com/catalog/product/tiennisnaia-rakietka-wilson-pro-staff-precision-jr-23-15822,0: Соболева - 1 шт | Тюмень (Народная) - 1 шт | Парина - 1 шт | Уфа - 1 шт | Бисертская - 1 шт,5.0,data\product_images\13fc26b87bc9.png,0.0,0.0,0.0,1.0,1.0,1.0,0.0,1.0,1.0,0.0
Ракетки для тенниса,236034,Теннисная ракетка Head Speed Team 2024,Head,20990 ₽,https://saletennis.com/catalog/product/tiennisnaia-rakietka-head-speed-team-2024-15935,1: Соболева - 1 шт | Уфа - 2 шт | Тюмень (Народная) - 2 шт | Парина - 1 шт | 2: Парина - 3 шт | Бисертская - 2 шт | Соболева - 1 шт | Санкт-Петербург (Спортивная) - 1 шт | Уфа - 2 шт | Тюмень (Народная) - 2 шт | Ижевск - 1 шт | 3: Санкт-Петербург (Спортивная) - 1 шт,19.0,data\product_images\eaf37faabcbc.png,0.0,2.0,0.0,2.0,4.0,2.0,0.0,4.0,4.0,1.0
Ракетки для тенниса,14FIR3056,Теннисная ракетка Tecnifbre Fire 305S 2026,Не определен,24697 ₽,https://saletennis.com/catalog/product/tiennisnaia-rakietka-tecnifbre-fire-305s-2026-18916,3: Парина - 1 шт | Бисертская - 1 шт | Санкт-Петербург (Спортивная) - 1 шт | Соболева - 1 шт | Ижевск - 1 шт | 4: Парина - 1 шт | Санкт-Петербург (Спортивная) - 1 шт,7.0,data\product_images\16246043ce94.png,0.0,2.0,0.0,1.0,2.0,1.0,0.0,0.0,0.0,1.0
Ракетки для тенниса,230134,Теннисная ракетка Head Boom Team 2024,Head,17994 ₽,https://saletennis.com/catalog/product/tiennisnaia-rakietka-head-boom-team-2024-15840,3: Ижевск - 1 шт | Уфа - 1 шт,2.0,data\product_images\aacaccf6816d.png,0.0,0.0,0.0,0.0,0.0,0.0,0.0,0.0,1.0,1.0
Ракетки для тенниса,12CAR12024,Ракетка для сквоша Tecnifiber Carboflex X-TOP V2 120,Не определен,16569 ₽,https://saletennis.com/catalog/product/rakietka-dlia-skvosha-tecnifiber-carboflex-x-top-v2-120-17657,Парина: 1 сет,1.0,data\product_images\fc08ccc5f345.png,0.0,0.0,0.0,0.0,1.0,0.0,0.0,0.0,0.0,0.0
Ракетки для тенниса,14FIR3006,Теннисная ракетка Tecnifbre Fire 300 2026,Не определен,23887 ₽,https://saletennis.com/catalog/product/tiennisnaia-rakietka-tecnifbre-fire-300-2026-18915,2: Санкт-Петербург (Спортивная) - 1 шт | 3: Санкт-Петербург (Спортивная) - 1 шт | Парина - 1 шт | Тюмень (Народная) - 2 шт,5.0,data\product_images\56032a39a60b.png,0.0,2.0,0.0,0.0,1.0,0.0,0.0,2.0,0.0,0.0
Ракетки для тенниса,232246,Теннисная ракетка Head Boom Team 2026,Head,23482 ₽,https://saletennis.com/catalog/product/tiennisnaia-rakietka-head-boom-team-2026-18867,1: Санкт-Петербург (Спортивная) - 2 шт | Парина - 1 шт | 2: Санкт-Петербург (Спортивная) - 2 шт | Соболева - 1 шт | Парина - 2 шт | Бисертская - 2 шт | Ижевск - 2 шт | Тюмень (Народная) - 2 шт,14.0,data\product_images\53e9282f25c5.png,0.0,4.0,0.0,1.0,3.0,2.0,0.0,2.0,0.0,2.0
Ракетки для тенниса,AR76-A2255,Теннисная ракетка 7/6 A2 255,7/6,12990 ₽,https://saletennis.com/catalog/product/tiennisnaia-rakietka-7-6-a2-255-17796,1: Санкт-Петербург (Спортивная) - 3 шт | Ижевск - 2 шт | Парина - 2 шт | Соболева - 1 шт | Тюмень (Народная) - 1 шт | Бисертская - 2 шт | Уфа - 1 шт | Основной склад Екатеринбург - 7 шт | Санкт-Петербург (Ярослава Гашека) - 1 шт | 2: Бисертская - 1 шт | Соболева - 1 шт | Тюмень (Народная) - 2 шт | Уфа - 1 шт | Санкт-Петербург (Спортивная) - 2 шт | Санкт-Петербург (Ярослава Гашека) - 2 шт,29.0,data\product_images\697762354ca9.png,3.0,5.0,7.0,2.0,2.0,3.0,0.0,3.0,2.0,2.0
Ракетки для тенниса,WR126210,Теннисная ракетка Wilson Pro Staff 25 v14.0,Wilson,13293 ₽,https://saletennis.com/catalog/product/tiennisnaia-rakietka-wilson-pro-staff-25-v14-0-14606,0: Парина - 1 шт | Ижевск - 1 шт | Санкт-Петербург (Спортивная) - 1 шт,3.0,data\product_images\30e773501b83.png,0.0,1.0,0.0,0.0,1.0,0.0,0.0,0.0,0.0,1.0
Ракетки для тенниса,231154,Теннисная ракетка Head Extreme JR 2024,Head,10843 ₽,https://saletennis.com/catalog/product/tiennisnaia-rakietka-head-extreme-jr-2024-15932,0: Ижевск - 1 шт | Бисертская - 1 шт | Уфа - 1 шт | Соболева - 1 шт | Тюмень (Народная) - 1 шт | 1: Тюмень (Народная) - 1 шт | Соболева - 1 шт | Санкт-Петербург (Спортивная) - 2 шт | Парина - 2 шт,11.0,data\product_images\4fec79614103.png,0.0,2.0,0.0,2.0,2.0,1.0,0.0,2.0,1.0,1.0
Ракетки для тенниса,102573-100,Теннисная ракетка Babolat Pure Aero Super Lite 2026,Babolat,23482 ₽,https://saletennis.com/catalog/product/tiennisnaia-rakietka-babolat-pure-aero-super-lite-2026-18743,2: Парина - 1 шт,1.0,data\product_images\bf0748f32e7b.png,0.0,0.0,0.0,0.0,1.0,0.0,0.0,0.0,0.0,0.0
Ракетки для тенниса,235133,Теннисная ракетка Head Radical Team L 2023,Head,17990 ₽,https://saletennis.com/catalog/product/tiennisnaia-rakietka-head-radical-team-l-2023-14110,3: Бисертская - 1 шт,1.0,data\product_images\30f1c7e4779e.png,0.0,0.0,0.0,0.0,0.0,1.0,0.0,0.0,0.0,0.0
Ракетки для тенниса,14BULL21NW,Теннисная ракетка Tecnifibre Bullit 21,Tecnifibre,3743 ₽,https://saletennis.com/catalog/product/tiennisnaia-rakietka-tecnifibre-bullit-21-14263,0: Соболева - 1 шт | Бисертская - 1 шт,2.0,data\product_images\6a37e010f9bf.png,0.0,0.0,0.0,1.0,0.0,1.0,0.0,0.0,0.0,0.0
Ракетки для тенниса,WR199610,Теннисная ракетка Wilson Burn V6 100LS,Wilson,21052 ₽,https://saletennis.com/catalog/product/tiennisnaia-rakietka-wilson-burn-v6-100ls-18692,3: Санкт-Петербург (Спортивная) - 1 шт | Парина - 1 шт,2.0,data\product_images\7f21f73ce3dc.png,0.0,1.0,0.0,0.0,1.0,0.0,0.0,0.0,0.0,0.0
Ракетки для тенниса,231404,Теннисная ракетка Head Extreme Jr.26 2024,Head,4042 ₽,https://saletennis.com/catalog/product/tiennisnaia-rakietka-head-extreme-jr-26-2024-16771,0: Тюмень - 1 шт | Парина - 1 шт | Бисертская - 1 шт | Ижевск - 1 шт,4.0,data\product_images\0ce0c042fcaf.png,0.0,0.0,0.0,0.0,1.0,1.0,0.0,1.0,0.0,1.0
Ракетки для тенниса,232026,Теннисная ракетка Head Speed MP 2026,Head,26317 ₽,https://saletennis.com/catalog/product/tiennisnaia-rakietka-head-speed-mp-2026-18473,3: Уфа - 1 шт | Соболева - 1 шт | Бисертская - 1 шт | Парина - 1 шт | Санкт-Петербург (Спортивная) - 2 шт | Тюмень (Народная) - 1 шт,7.0,data\product_images\6a883179d003.png,0.0,2.0,0.0,1.0,1.0,1.0,0.0,1.0,1.0,0.0
Ракетки для тенниса,101534,Теннисная ракетка Babolat Pure Strike 100 16x20 2024,Babolat,19990 ₽,https://saletennis.com/catalog/product/tiennisnaia-rakietka-babolat-pure-strike-100-16x20-2024-16325,3: Парина - 2 шт | Тюмень (Народная) - 1 шт,3.0,data\product_images\9ec2039add7f.png,0.0,0.0,0.0,0.0,2.0,0.0,0.0,1.0,0.0,0.0
Ракетки для тенниса,KR76-B19,Теннисная ракетка 7/6 Bear 19,7/6,3192 ₽,https://saletennis.com/catalog/product/tiennisnaia-rakietka-7-6-bear-19-15108,0: Бисертская - 2 шт | Основной склад Екатеринбург - 3 шт | Тюмень (Народная) - 1 шт | Парина - 3 шт | Ижевск - 1 шт | Уфа - 1 шт | Санкт-Петербург (Спортивная) - 4 шт | Соболева - 3 шт,18.0,data\product_images\4e19ca17a4ce.png,0.0,4.0,3.0,3.0,3.0,2.0,0.0,1.0,1.0,1.0
Ракетки для тенниса,231216,Теннисная ракетка Head IG Boom XCEED,Head,10927 ₽,https://saletennis.com/catalog/product/tiennisnaia-rakietka-head-ig-boom-xceed-1-19317,2: Тюмень (Народная) - 1 шт | Бисертская - 1 шт | Санкт-Петербург (Спортивная) - 2 шт | Уфа - 1 шт | Соболева - 1 шт | Ижевск - 1 шт,7.0,data\product_images\cba64915c43a.png,0.0,2.0,0.0,1.0,0.0,1.0,0.0,1.0,1.0,1.0
Ракетки для тенниса,140517-100,Теннисная ракетка Babolat Aero Junior 25 - Grey/Fluorescent Yellow,Babolat,9307 ₽,https://saletennis.com/catalog/product/tiennisnaia-rakietka-babolat-aero-junior-25-grey-fluorescent-yellow-18754,0: Парина - 2 шт,2.0,data\product_images\39c38b42f830.png,0.0,0.0,0.0,0.0,2.0,0.0,0.0,0.0,0.0,0.0
Ракетки для тенниса,231262,Теннисная ракетка Head Radical 25 Comp - Red,Head,6067 ₽,https://saletennis.com/catalog/product/tiennisnaia-rakietka-head-radical-25-comp-red-16682,0: Тюмень (Народная) - 1 шт,1.0,data\product_images\74131c2768eb.png,0.0,0.0,0.0,0.0,0.0,0.0,0.0,1.0,0.0,0.0
Ракетки для тенниса,KR76-B25,Теннисная ракетка 7/6 Bear 25,7/6,3990 ₽,https://saletennis.com/catalog/product/tiennisnaia-rakietka-7-6-bear-25-15111,0: Санкт-Петербург (Ярослава Гашека) - 2 шт | Уфа - 1 шт | Тюмень (Народная) - 4 шт | Санкт-Петербург (Спортивная) - 9 шт | Парина - 2 шт | Соболева - 1 шт,19.0,data\product_images\383a5710a474.png,2.0,9.0,0.0,1.0,2.0,0.0,0.0,4.0,1.0,0.0
Ракетки для тенниса,14FIT2653,Теннисная ракетка Tecnifibre TFIT 265 STORM,Tecnifibre,10118 ₽,https://saletennis.com/catalog/product/tiennisnaia-rakietka-tecnifibre-tfit-265-storm-16929,2: Санкт-Петербург (Спортивная) - 2 шт | Соболева - 3 шт | Парина - 2 шт | Бисертская - 2 шт,9.0,data\product_images\bb271e3f5310.png,0.0,2.0,0.0,3.0,2.0,2.0,0.0,0.0,0.0,0.0
Ракетки для тенниса,230414,Теннисная ракетка Head Boom MP Alternate 2024,Head,19990 ₽,https://saletennis.com/catalog/product/tiennisnaia-rakietka-head-boom-mp-alternate-2024-16251,3: Тюмень (Народная) - 2 шт | Уфа - 1 шт | Ижевск - 2 шт | Парина - 2 шт | Соболева - 1 шт | Бисертская - 1 шт | 4: Санкт-Петербург (Спортивная) - 1 шт,10.0,data\product_images\3e8f17e48954.png,0.0,1.0,0.0,1.0,2.0,1.0,0.0,2.0,1.0,2.0
Ракетки для тенниса,231114,Теннисная ракетка Head Extreme MP 2024,Head,17990 ₽,https://saletennis.com/catalog/product/tiennisnaia-rakietka-head-extreme-mp-2024-16393,3: Соболева - 2 шт | Ижевск - 2 шт | Санкт-Петербург (Спортивная) - 3 шт | Бисертская - 2 шт | Уфа - 1 шт | Тюмень (Народная) - 4 шт | 4: Тюмень (Народная) - 1 шт | Санкт-Петербург (Спортивная) - 2 шт | Ижевск - 1 шт | Парина - 1 шт,19.0,data\product_images\412ddfeab7dd.png,0.0,5.0,0.0,2.0,1.0,2.0,0.0,5.0,1.0,3.0
Ракетки для тенниса,232025,Теннисная ракетка Head Instinct Team L 2025,Head,14993 ₽,https://saletennis.com/catalog/product/tiennisnaia-rakietka-head-instinct-team-l-2025-17484,1: Санкт-Петербург (Спортивная) - 1 шт | Парина - 1 шт | 2: Санкт-Петербург (Спортивная) - 2 шт | Тюмень (Народная) - 1 шт | Соболева - 1 шт | Парина - 1 шт | Уфа - 1 шт | Бисертская - 1 шт | Ижевск - 1 шт,10.0,data\product_images\96327e7614a6.png,0.0,3.0,0.0,1.0,2.0,1.0,0.0,1.0,1.0,1.0
Ракетки для тенниса,WR178711,Теннисная ракетка Wilson Ultra 99 Pro V5.0,Wilson,31177 ₽,https://saletennis.com/catalog/product/tiennisnaia-rakietka-wilson-ultra-99-pro-v5-0-18046,3: Парина - 1 шт | Санкт-Петербург (Спортивная) - 1 шт | Уфа - 1 шт | Ижевск - 1 шт,4.0,data\product_images\b3fd23104c15.png,0.0,1.0,0.0,0.0,1.0,0.0,0.0,0.0,1.0,1.0
Ракетки для тенниса,WR199710,Теннисная ракетка Wilson Burn V6 100 ULS,Wilson,20242 ₽,https://saletennis.com/catalog/product/tiennisnaia-rakietka-wilson-burn-v6-100-uls-18869,1: Соболева - 1 шт | Парина - 1 шт | 2: Парина - 2 шт | Санкт-Петербург (Спортивная) - 1 шт | Соболева - 1 шт,6.0,data\product_images\cee866845059.png,0.0,1.0,0.0,2.0,3.0,0.0,0.0,0.0,0.0,0.0
Ракетки для тенниса,WR201311,Теннисная ракетка Wilson Pro Staff 97 Classic,Wilson,30772 ₽,https://saletennis.com/catalog/product/tiennisnaia-rakietka-wilson-pro-staff-97-classic-18687,3: Санкт-Петербург (Спортивная) - 1 шт,1.0,data\product_images\dc2027e2a8b3.png,0.0,1.0,0.0,0.0,0.0,0.0,0.0,0.0,0.0,0.0
Ракетки для тенниса,235034,Теннисная ракетка Head Novak 19 2024,Head,3637 ₽,https://saletennis.com/catalog/product/tiennisnaia-rakietka-head-novak-19-2024-16113,0: Соболева - 1 шт | Уфа - 1 шт | Парина - 1 шт | Бисертская - 3 шт,6.0,data\product_images\2e7e4d8bb76c.png,0.0,0.0,0.0,1.0,1.0,3.0,0.0,0.0,1.0,0.0
Ракетки для тенниса,101551-100,Теннисная ракетка Babolat Pure Drive 98 2025,Babolat,29557 ₽,https://saletennis.com/catalog/product/tiennisnaia-rakietka-babolat-pure-drive-98-2025-17173,3: Санкт-Петербург (Спортивная) - 1 шт | Тюмень (Народная) - 1 шт | Парина - 1 шт,3.0,data\product_images\e3674aff14f1.png,0.0,1.0,0.0,0.0,1.0,0.0,0.0,1.0,0.0,0.0
Ракетки для тенниса,234943,Теннисная ракетка Head Radical Jr 19 2023,Head,3880 ₽,https://saletennis.com/catalog/product/tiennisnaia-rakietka-head-radical-jr-19-2023-14755,0: Санкт-Петербург (Ярослава Гашека) - 1 шт | Соболева - 2 шт | Тюмень (Народная) - 1 шт | Тюмень - 1 шт | Основной склад Екатеринбург - 2 шт | Парина - 4 шт | Уфа - 1 шт | Санкт-Петербург (Спортивная) - 2 шт | Ижевск - 1 шт | Бисертская - 4 шт,19.0,data\product_images\78357246a525.png,1.0,2.0,2.0,2.0,4.0,4.0,0.0,2.0,1.0,1.0
Ракетки для тенниса,WR174311,Теннисная ракетка Wilson Shift 99 V1.0 RG,Wilson,27192 ₽,https://saletennis.com/catalog/product/tiennisnaia-rakietka-wilson-shift-99-v1-0-rg-17571,3: Ижевск - 1 шт,1.0,data\product_images\19e3455c299e.png,0.0,0.0,0.0,0.0,0.0,0.0,0.0,0.0,0.0,1.0
Ракетки для тенниса,231134,Теннисная ракетка Head Extreme Team 2024,Head,13990 ₽,https://saletennis.com/catalog/product/tiennisnaia-rakietka-head-extreme-team-2024-16396,2: Санкт-Петербург (Спортивная) - 1 шт | Уфа - 1 шт | Ижевск - 2 шт,4.0,data\product_images\f09b65a46472.png,0.0,1.0,0.0,0.0,0.0,0.0,0.0,0.0,1.0,2.0
Ракетки для тенниса,235113,Теннисная ракетка Head Radical MP 2023,Head,20990 ₽,https://saletennis.com/catalog/product/tiennisnaia-rakietka-head-radical-mp-2023-14161,2: Тюмень (Народная) - 1 шт | Санкт-Петербург (Спортивная) - 1 шт | Парина - 1 шт | Уфа - 1 шт | Ижевск - 1 шт | 3: Парина - 1 шт | 4: Ижевск - 1 шт,7.0,data\product_images\9ccb4ff95a78.png,0.0,1.0,0.0,0.0,2.0,0.0,0.0,1.0,1.0,2.0
Ракетки для тенниса,RK-V3-ELV,Теннисная ракетка Diadem Elevate 98 v.3,Не определен,13990 ₽,https://saletennis.com/catalog/product/tiennisnaia-rakietka-diadem-elevate-98-v-3-15425,3: Парина - 1 шт,1.0,data\product_images\27ae098020c4.png,0.0,0.0,0.0,0.0,1.0,0.0,0.0,0.0,0.0,0.0
Ракетки для тенниса,233132,Теннисная ракетка Head Novak Jr. 19,Head,2490 ₽,https://saletennis.com/catalog/product/tiennisnaia-rakietka-head-novak-jr-19-13397,0: Тюмень - 1 шт | Санкт-Петербург (Спортивная) - 1 шт,2.0,data\product_images\a9d085769f43.png,0.0,1.0,0.0,0.0,0.0,0.0,0.0,1.0,0.0,0.0
Ракетки для тенниса,WR1259111,Теннисная ракетка Wilson Pro Staff 97L V14,Wilson,23490 ₽,https://saletennis.com/catalog/product/tiennisnaia-rakietka-wilson-pro-staff-97l-v14-14461,2: Тюмень (Народная) - 1 шт | Соболева - 1 шт | 3: Соболева - 1 шт,3.0,data\product_images\96504af3f3d7.png,0.0,0.0,0.0,2.0,0.0,0.0,0.0,1.0,0.0,0.0
Ракетки для тенниса,239806,Теннисная ракетка Head Gravity Tour Zverev,Head,26317 ₽,https://saletennis.com/catalog/product/tiennisnaia-rakietka-head-gravity-tour-zverev-19316,3: Соболева - 1 шт | Уфа - 1 шт | Санкт-Петербург (Ярослава Гашека) - 1 шт | Ижевск - 1 шт | Санкт-Петербург (Спортивная) - 1 шт | Бисертская - 1 шт | 4: Санкт-Петербург (Спортивная) - 1 шт | Парина - 1 шт,8.0,data\product_images\0ffdf6dccc8d.png,1.0,2.0,0.0,1.0,1.0,1.0,0.0,0.0,1.0,1.0
Ракетки для тенниса,WR193610H,Теннисная ракетка Wilson Roland Garros 2026 Elite 21,Wilson,5662 ₽,https://saletennis.com/catalog/product/tiennisnaia-rakietka-wilson-roland-garros-2026-elite-21-18697,0: Парина - 1 шт | Ижевск - 1 шт | Санкт-Петербург (Спортивная) - 1 шт | Тюмень (Народная) - 1 шт | Санкт-Петербург (Ярослава Гашека) - 1 шт,5.0,data\product_images\a61acf498f62.png,1.0,1.0,0.0,0.0,1.0,0.0,0.0,1.0,0.0,1.0
Ракетки для тенниса,235804,Теннисная ракетка Head COCO Jr 25,Head,3637 ₽,https://saletennis.com/catalog/product/tiennisnaia-rakietka-head-coco-jr-25-1-16645,0: Соболева - 1 шт,1.0,data\product_images\f3aac4086384.png,0.0,0.0,0.0,1.0,0.0,0.0,0.0,0.0,0.0,0.0
Ракетки для тенниса,WR201411,Теннисная ракетка Wilson Pro Staff 97L Classic,Wilson,28342 ₽,https://saletennis.com/catalog/product/tiennisnaia-rakietka-wilson-pro-staff-97l-classic-18688,2: Парина - 1 шт | Соболева - 1 шт | 3: Ижевск - 1 шт | Санкт-Петербург (Спортивная) - 1 шт | Парина - 1 шт,5.0,data\product_images\f58b5e5a59d4.png,0.0,1.0,0.0,1.0,2.0,0.0,0.0,0.0,0.0,1.0
Ракетки для тенниса,231444,Теннисная ракетка Head Extreme Jr 19,Head,3880 ₽,https://saletennis.com/catalog/product/tiennisnaia-rakietka-head-extreme-jr-19-18030,0: Бисертская - 1 шт | Уфа - 2 шт | Соболева - 1 шт | Тюмень (Народная) - 2 шт | Парина - 2 шт | Ижевск - 1 шт | Санкт-Петербург (Ярослава Гашека) - 1 шт | Санкт-Петербург (Спортивная) - 1 шт,11.0,data\product_images\0cfb4cbba09a.png,1.0,1.0,0.0,1.0,2.0,1.0,0.0,2.0,2.0,1.0
Ракетки для тенниса,WR118910H,Теннисная ракетка Wilson Ultra Power Jr.21,Wilson,3894 ₽,https://saletennis.com/catalog/product/tiennisnaia-rakietka-wilson-ultra-power-jr-21-18058,0: Тюмень (Народная) - 1 шт,1.0,data\product_images\98e79c976181.png,0.0,0.0,0.0,0.0,0.0,0.0,0.0,1.0,0.0,0.0
Ракетки для тенниса,WR117910,Теннисная ракетка Wilson Pro Staff Precision Jr. 25,Wilson,4194 ₽,https://saletennis.com/catalog/product/tiennisnaia-rakietka-wilson-pro-staff-precision-jr-25-15907,0: Санкт-Петербург (Спортивная) - 2 шт | Ижевск - 1 шт | Соболева - 2 шт | Парина - 1 шт,6.0,data\product_images\c3db7611b198.png,0.0,2.0,0.0,2.0,1.0,0.0,0.0,0.0,0.0,1.0
Ракетки для тенниса,AR76-A1255,Теннисная ракетка 7/6 A1 255,7/6,7995 ₽,https://saletennis.com/catalog/product/tiennisnaia-rakietka-7-6-a1-255-15600,2: Соболева - 2 шт | Парина - 2 шт | Бисертская - 1 шт | Ижевск - 2 шт | Санкт-Петербург (Спортивная) - 2 шт | Тюмень (Народная) - 2 шт | Уфа - 1 шт | Основной склад Екатеринбург - 1 шт,13.0,data\product_images\35e56ee6c0af.png,0.0,2.0,1.0,2.0,2.0,1.0,0.0,2.0,1.0,2.0
Ракетки для тенниса,231415,Теннисная ракетка Head Radical Jr 25,Head,4042 ₽,https://saletennis.com/catalog/product/tennisnaya-raketka-head-radical-jr-25-4263-4263,0: Санкт-Петербург (Спортивная) - 1 шт | Бисертская - 2 шт | Парина - 3 шт | Уфа - 1 шт | Ижевск - 1 шт | Соболева - 2 шт,10.0,data\product_images\215edc013081.png,0.0,1.0,0.0,2.0,3.0,2.0,0.0,0.0,1.0,1.0
Ракетки для тенниса,WR173011,Теннисная ракетка Wilson Clash 100UL V3.0,Wilson,24292 ₽,https://saletennis.com/catalog/product/tiennisnaia-rakietka-wilson-clash-100ul-v3-0-17210,1: Соболева - 1 шт,1.0,data\product_images\c32679aa52b9.png,0.0,0.0,0.0,1.0,0.0,0.0,0.0,0.0,0.0,0.0
Ракетки для тенниса,232076,Теннисная ракетка Head Speed MP Legend 2025,Head,28342 ₽,https://saletennis.com/catalog/product/tiennisnaia-rakietka-head-speed-mp-legend-2025-17611,2: Парина - 1 шт | Санкт-Петербург (Спортивная) - 1 шт | Соболева - 1 шт | 4: Парина - 1 шт | Ижевск - 1 шт,5.0,data\product_images\34b94fdeca73.png,0.0,1.0,0.0,1.0,2.0,0.0,0.0,0.0,0.0,1.0
Ракетки для тенниса,7T58E095,Теннисная ракетка Prince x Hydrogen Skulls 260,Не определен,16490 ₽,https://saletennis.com/catalog/product/tiennisnaia-rakietka-prince-x-hydrogen-skulls-260-16567,1: Парина - 2 шт,2.0,data\product_images\09a9397bdf49.png,0.0,0.0,0.0,0.0,2.0,0.0,0.0,0.0,0.0,0.0
Ракетки для тенниса,235844,Теннисная ракетка Head COCO Jr 17,Head,3637 ₽,https://saletennis.com/catalog/product/tiennisnaia-rakietka-head-coco-jr-17-1-17728,0: Бисертская - 1 шт | Соболева - 1 шт,2.0,data\product_images\7e04820a6f95.png,0.0,0.0,0.0,1.0,0.0,1.0,0.0,0.0,0.0,0.0
Ракетки для тенниса,JR76-A226,Теннисная ракетка 7/6 А2 Junior 26,7/6,9990 ₽,https://saletennis.com/catalog/product/tiennisnaia-rakietka-7-6-a2-junior-26-17801,0: Ижевск - 1 шт | Парина - 2 шт | Санкт-Петербург (Ярослава Гашека) - 2 шт | Тюмень (Народная) - 1 шт | Санкт-Петербург (Спортивная) - 2 шт | Соболева - 2 шт | Уфа - 1 шт | Бисертская - 1 шт | 1: Ижевск - 1 шт | Бисертская - 1 шт | Парина - 1 шт | Санкт-Петербург (Ярослава Гашека) - 2 шт | Тюмень (Народная) - 3 шт | Соболева - 1 шт,21.0,data\product_images\f1944a67c5b5.png,4.0,2.0,0.0,3.0,3.0,2.0,0.0,4.0,1.0,2.0
Ракетки для тенниса,WR203510,Теннисная ракетка Wilson Pro Staff Precision NXT 26,Wilson,11332 ₽,https://saletennis.com/catalog/product/tiennisnaia-rakietka-wilson-pro-staff-precision-nxt-26-18696,0: Уфа - 1 шт | Тюмень (Народная) - 1 шт,2.0,data\product_images\a9bd51cf20f5.png,0.0,0.0,0.0,0.0,0.0,0.0,0.0,1.0,1.0,0.0
Ракетки для тенниса,WR193310H,Теннисная ракетка Wilson Roland Garros 2026 Elite Comp Jr 26,Wilson,8902 ₽,https://saletennis.com/catalog/product/tiennisnaia-rakietka-wilson-roland-garros-2026-elite-comp-jr-26-18701,0: Парина - 1 шт | Тюмень (Народная) - 1 шт | Санкт-Петербург (Спортивная) - 1 шт | Ижевск - 1 шт,4.0,data\product_images\bcca78b73338.png,0.0,1.0,0.0,0.0,1.0,0.0,0.0,1.0,0.0,1.0
Ракетки для тенниса,232115,Теннисная ракетка Head IG Extreme Xceed,Head,10927 ₽,https://saletennis.com/catalog/product/tiennisnaia-rakietka-head-ig-extreme-xceed-18669,1: Санкт-Петербург (Спортивная) - 1 шт | Парина - 1 шт | 2: Санкт-Петербург (Ярослава Гашека) - 1 шт | Соболева - 1 шт | Парина - 1 шт | Санкт-Петербург (Спортивная) - 2 шт | Бисертская - 1 шт | Тюмень (Народная) - 2 шт | Ижевск - 1 шт | Уфа - 2 шт,13.0,data\product_images\bf5350e17e14.png,1.0,3.0,0.0,1.0,2.0,1.0,0.0,2.0,2.0,1.0
Ракетки для тенниса,14TF440563,Теннисная ракетка Tecnifibre TF-40 V3 305 16X19,Tecnifibre,18990 ₽,https://saletennis.com/catalog/product/tiennisnaia-rakietka-tecnifibre-tf-40-v3-305-16x19-16925,3: Соболева - 1 шт | Ижевск - 1 шт,2.0,data\product_images\d1eeee0e1738.png,0.0,0.0,0.0,1.0,0.0,0.0,0.0,0.0,0.0,1.0
Ракетки для тенниса,7T59I091,Теннисная ракетка Prince Beast 265 LTD Edition,Не определен,15990 ₽,https://saletennis.com/catalog/product/tiennisnaia-rakietka-prince-beast-265-ltd-edition-16561,2: Парина - 1 шт,1.0,data\product_images\fa4e8ae1e411.png,0.0,0.0,0.0,0.0,1.0,0.0,0.0,0.0,0.0,0.0
Ракетки для тенниса,236123,Теннисная ракетка Head Prestige MP 2023,Head,18294 ₽,https://saletennis.com/catalog/product/tiennisnaia-rakietka-head-prestige-mp-2023-15476,4: Парина - 2 шт,2.0,data\product_images\617d2457af9a.png,0.0,0.0,0.0,0.0,2.0,0.0,0.0,0.0,0.0,0.0
Ракетки для тенниса,231486,Теннисная ракетка Head Jannik 25,Head,3880 ₽,https://saletennis.com/catalog/product/tiennisnaia-rakietka-head-jannik-25-19368,0: Ижевск - 1 шт | Соболева - 1 шт | Парина - 1 шт | Санкт-Петербург (Спортивная) - 1 шт,4.0,data\product_images\2ce8d10e4292.png,0.0,1.0,0.0,1.0,1.0,0.0,0.0,0.0,0.0,1.0
Ракетки для тенниса,236064,Теннисная ракетка Head Speed Jr 25 2024,Head,8795 ₽,https://saletennis.com/catalog/product/tiennisnaia-rakietka-head-speed-jr-25-2024-16397,0: Ижевск - 1 шт | Уфа - 2 шт | Парина - 2 шт,5.0,data\product_images\0a06b47623fe.png,0.0,0.0,0.0,0.0,2.0,0.0,0.0,0.0,2.0,1.0
Ракетки для тенниса,235414,Теннисная ракетка Head Challenge MP 2024 - Red,Head,11543 ₽,https://saletennis.com/catalog/product/tiennisnaia-rakietka-head-challenge-mp-2024-red-15949,2: Соболева - 1 шт | 3: Санкт-Петербург (Спортивная) - 1 шт | Ижевск - 1 шт | 4: Соболева - 1 шт | Уфа - 1 шт | Парина - 1 шт | Санкт-Петербург (Спортивная) - 1 шт | Тюмень (Народная) - 1 шт | Бисертская - 1 шт | Ижевск - 1 шт,10.0,data\product_images\8f4eb4e45567.png,0.0,2.0,0.0,2.0,1.0,1.0,0.0,1.0,1.0,2.0
Ракетки для тенниса,231104,Теннисная ракетка Head Extreme Pro 2024,Head,17990 ₽,https://saletennis.com/catalog/product/tiennisnaia-rakietka-head-extreme-pro-2024-16395,3: Тюмень (Народная) - 3 шт | Соболева - 2 шт | Уфа - 2 шт | Санкт-Петербург (Спортивная) - 1 шт | Ижевск - 1 шт | Бисертская - 2 шт | Парина - 1 шт | 4: Санкт-Петербург (Спортивная) - 1 шт | Парина - 1 шт,14.0,data\product_images\0496bd0ffb26.png,0.0,2.0,0.0,2.0,2.0,2.0,0.0,3.0,2.0,1.0
Ракетки для тенниса,WR180310,Теннисная ракетка Wilson Intrigue Girls Junior 25,Wilson,4042 ₽,https://saletennis.com/catalog/product/tiennisnaia-rakietka-wilson-intrigue-girls-junior-25-17491,0: Соболева - 2 шт | Тюмень (Народная) - 1 шт | Парина - 2 шт,5.0,data\product_images\af9f9a181c1a.png,0.0,0.0,0.0,2.0,2.0,0.0,0.0,1.0,0.0,0.0
Ракетки для тенниса,14FI305S,Теннисная ракетка Tecnifibre Tfight 305S Isoflex 2025,Tecnifibre,23993 ₽,https://saletennis.com/catalog/product/tiennisnaia-rakietka-tecnifibre-tfight-305s-isoflex-2025-17097,3: Санкт-Петербург (Спортивная) - 1 шт | Бисертская - 1 шт | Парина - 1 шт | Ижевск - 2 шт | Соболева - 1 шт,6.0,data\product_images\8fafd075a932.png,0.0,1.0,0.0,1.0,1.0,1.0,0.0,0.0,0.0,2.0
Ракетки для тенниса,231424,Теннисная ракетка Head Extreme Jr23,Head,4042 ₽,https://saletennis.com/catalog/product/tiennisnaia-rakietka-head-extreme-jr23-18009,0: Соболева - 1 шт | Уфа - 1 шт,2.0,data\product_images\d13a1db15aa3.png,0.0,0.0,0.0,1.0,0.0,0.0,0.0,0.0,1.0,0.0
Ракетки для тенниса,235834,Теннисная ракетка Head COCO Jr 19,Head,3637 ₽,https://saletennis.com/catalog/product/tiennisnaia-rakietka-head-coco-jr-19-1-17729,0: Санкт-Петербург (Ярослава Гашека) - 1 шт | Тюмень - 1 шт | Санкт-Петербург (Спортивная) - 1 шт,3.0,data\product_images\623ad7d22abc.png,1.0,1.0,0.0,0.0,0.0,0.0,0.0,1.0,0.0,0.0
Ракетки для тенниса,14TEMP194E,Теннисная ракетка Tecnifibre Tempo IGA 19,Tecnifibre,3368 ₽,https://saletennis.com/catalog/product/tiennisnaia-rakietka-tecnifibre-tempo-iga-19-17208,0: Санкт-Петербург (Спортивная) - 1 шт | Соболева - 1 шт,2.0,data\product_images\d11465e972fa.png,0.0,1.0,0.0,1.0,0.0,0.0,0.0,0.0,0.0,0.0
Ракетки для тенниса,231434,Теннисная ракетка Head Extreme Jr.21,Head,2874 ₽,https://saletennis.com/catalog/product/tiennisnaia-rakietka-head-extreme-jr-21-13373,0: Соболева - 1 шт | Санкт-Петербург (Ярослава Гашека) - 1 шт | Тюмень (Народная) - 1 шт | Парина - 1 шт | Санкт-Петербург (Спортивная) - 2 шт,6.0,data\product_images\59c8e67e8d83.png,1.0,2.0,0.0,1.0,1.0,0.0,0.0,1.0,0.0,0.0
Ракетки для тенниса,1920250-18x20,Теннисная ракетка Solinco Whiteout 305 18x20,Solinco,20993 ₽,https://saletennis.com/catalog/product/tiennisnaia-rakietka-solinco-whiteout-305-18x20-16248,3: Парина - 1 шт | Тюмень (Народная) - 1 шт | Соболева - 2 шт | Бисертская - 1 шт | 4: Соболева - 1 шт,6.0,data\product_images\0fe2b2738cf9.png,0.0,0.0,0.0,3.0,1.0,1.0,0.0,1.0,0.0,0.0
Ракетки для тенниса,231234,Теннисная ракетка Head Graphene Touch Radical XTR,Head,16192 ₽,https://saletennis.com/catalog/product/tiennisnaia-rakietka-head-graphene-touch-radical-xtr-15930,3: Санкт-Петербург (Спортивная) - 1 шт | Ижевск - 1 шт,2.0,data\product_images\3a44da9d84fa.png,0.0,1.0,0.0,0.0,0.0,0.0,0.0,0.0,0.0,1.0
Ракетки для тенниса,232436,Теннисная ракетка Head Boom Team Alternate 2026,Head,23482 ₽,https://saletennis.com/catalog/product/tiennisnaia-rakietka-head-boom-team-alternate-2026-18840,2: Санкт-Петербург (Спортивная) - 1 шт,1.0,data\product_images\d34d91b1d3ce.png,0.0,1.0,0.0,0.0,0.0,0.0,0.0,0.0,0.0,0.0
Ракетки для тенниса,14TF441563,Теннисная ракетка Tecnifibre TF-40 V3 315 16X19,Tecnifibre,18695 ₽,https://saletennis.com/catalog/product/tiennisnaia-rakietka-tecnifibre-tf-40-v3-315-16x19-16927,3: Ижевск - 1 шт | Соболева - 1 шт | Санкт-Петербург (Спортивная) - 1 шт | Парина - 2 шт,5.0,data\product_images\a1e6a828065b.png,0.0,1.0,0.0,1.0,2.0,0.0,0.0,0.0,0.0,1.0
Ракетки для тенниса,232216,Теннисная ракетка Head Boom MP 2026,Head,25507 ₽,https://saletennis.com/catalog/product/tiennisnaia-rakietka-head-boom-mp-2026-18863,2: Парина - 1 шт | Санкт-Петербург (Спортивная) - 1 шт | 3: Соболева - 1 шт | Ижевск - 1 шт | Уфа - 1 шт | Санкт-Петербург (Спортивная) - 3 шт | Парина - 1 шт,9.0,data\product_images\fcfb42c47262.png,0.0,4.0,0.0,1.0,2.0,0.0,0.0,0.0,1.0,1.0
Ракетки для тенниса,233366,Теннисная ракетка Head Extreme Jr 2026,Head,12547 ₽,https://saletennis.com/catalog/product/tiennisnaia-rakietka-head-extreme-jr-2026-19109,0: Парина - 1 шт | Тюмень (Народная) - 1 шт | Бисертская - 1 шт | Соболева - 1 шт | 1: Тюмень (Народная) - 1 шт | Санкт-Петербург (Спортивная) - 2 шт | Парина - 1 шт | Бисертская - 1 шт | Соболева - 1 шт,10.0,data\product_images\8e0c1ceb1d96.png,0.0,2.0,0.0,2.0,2.0,2.0,0.0,2.0,0.0,0.0
Ракетки для тенниса,232086,Теннисная ракетка Head Speed Jr 2026,Head,12952 ₽,https://saletennis.com/catalog/product/tiennisnaia-rakietka-head-speed-jr-2026-19096,0: Санкт-Петербург (Ярослава Гашека) - 1 шт | Ижевск - 1 шт | Бисертская - 1 шт | Уфа - 1 шт | Соболева - 1 шт | Санкт-Петербург (Спортивная) - 2 шт | 1: Уфа - 1 шт | Санкт-Петербург (Ярослава Гашека) - 1 шт | Ижевск - 2 шт,11.0,data\product_images\b219dd699b83.png,2.0,2.0,0.0,1.0,0.0,1.0,0.0,0.0,2.0,3.0
Ракетки для тенниса,RK-RSE26-TL,Теннисная ракетка Diadem Rise 26 Teal,Не определен,8990 ₽,https://saletennis.com/catalog/product/tiennisnaia-rakietka-diadem-rise-26-teal-14178,0: Бисертская - 1 шт,1.0,data\product_images\19dee15e326b.png,0.0,0.0,0.0,0.0,0.0,1.0,0.0,0.0,0.0,0.0
Ракетки для тенниса,230546,Теннисная ракетка Head Coco 23,Head,3880 ₽,https://saletennis.com/catalog/product/tiennisnaia-rakietka-head-coco-23-19364,0: Санкт-Петербург (Ярослава Гашека) - 1 шт | Ижевск - 2 шт | Уфа - 2 шт | Санкт-Петербург (Спортивная) - 1 шт,6.0,data\product_images\7a0d1442c81d.png,1.0,1.0,0.0,0.0,0.0,0.0,0.0,0.0,2.0,2.0
Ракетки для тенниса,231145,Теннисная ракетка Head Gravity Team 2025,Head,24292 ₽,https://saletennis.com/catalog/product/tiennisnaia-rakietka-head-gravity-team-2025-16878,1: Парина - 1 шт | 2: Санкт-Петербург (Спортивная) - 2 шт | Бисертская - 2 шт | Ижевск - 2 шт | Парина - 2 шт | Тюмень (Народная) - 3 шт | Соболева - 2 шт | Уфа - 2 шт | 3: Уфа - 1 шт | Санкт-Петербург (Спортивная) - 1 шт,18.0,data\product_images\d3cff027793a.png,0.0,3.0,0.0,2.0,3.0,2.0,0.0,3.0,3.0,2.0
Ракетки для тенниса,140516-100,Теннисная ракетка Babolat Drive 25 Junior 2025,Babolat,7118 ₽,https://saletennis.com/catalog/product/tiennisnaia-rakietka-babolat-drive-25-junior-2025-17164,0: Санкт-Петербург (Спортивная) - 2 шт | Тюмень (Народная) - 1 шт,3.0,data\product_images\2206ac1815b6.png,0.0,2.0,0.0,0.0,0.0,0.0,0.0,1.0,0.0,0.0
Ракетки для тенниса,14FI295R,Теннисная ракетка Tecnifibre Tfight 295 RS,Tecnifibre,18622 ₽,https://saletennis.com/catalog/product/tiennisnaia-rakietka-tecnifibre-tfight-295-rs-13445,4: Парина - 1 шт,1.0,data\product_images\8f11a2eef769.png,0.0,0.0,0.0,0.0,1.0,0.0,0.0,0.0,0.0,0.0
Ракетки для тенниса,WR125811,Теннисная ракетка Wilson Pro Staff X V14,Wilson,26593 ₽,https://saletennis.com/catalog/product/tiennisnaia-rakietka-wilson-pro-staff-x-v14-15823,3: Парина - 1 шт | Тюмень (Народная) - 2 шт,3.0,data\product_images\6040282dfd52.png,0.0,0.0,0.0,0.0,1.0,0.0,0.0,2.0,0.0,0.0
Ракетки для тенниса,230104,Теннисная ракетка Head Boom Pro 2024,Head,16495 ₽,https://saletennis.com/catalog/product/tiennisnaia-rakietka-head-boom-pro-2024-15848,3: Ижевск - 1 шт | Парина - 3 шт | Санкт-Петербург (Спортивная) - 2 шт | Соболева - 1 шт | Бисертская - 1 шт,8.0,data\product_images\7f336c33cb50.png,0.0,2.0,0.0,1.0,3.0,1.0,0.0,0.0,0.0,1.0
Ракетки для тенниса,1920232,Теннисная ракетка Solinco Blackout 265,Solinco,19493 ₽,https://saletennis.com/catalog/product/tiennisnaia-rakietka-solinco-blackout-265-13230,1: Тюмень (Народная) - 1 шт | Парина - 1 шт | 2: Парина - 1 шт,3.0,data\product_images\20800b3b8bf1.png,0.0,0.0,0.0,0.0,2.0,0.0,0.0,1.0,0.0,0.0
Ракетки для тенниса,236941,Теннисная ракетка Head Extreme Junior 19 2021,Head,2490 ₽,https://saletennis.com/catalog/product/tiennisnaia-rakietka-head-extreme-junior-19-2021-12997,0: Бисертская - 1 шт | Санкт-Петербург (Спортивная) - 2 шт | Парина - 1 шт | Тюмень (Народная) - 1 шт | Соболева - 1 шт,6.0,data\product_images\53cce88dd26b.png,0.0,2.0,0.0,1.0,1.0,1.0,0.0,1.0,0.0,0.0
Ракетки для тенниса,7T59K091,Теннисная ракетка Prince Beast 300 LTD Edition,Не определен,16490 ₽,https://saletennis.com/catalog/product/tiennisnaia-rakietka-prince-beast-300-ltd-edition-16563,2: Санкт-Петербург (Спортивная) - 1 шт | Парина - 1 шт,2.0,data\product_images\699a04d6426b.png,0.0,1.0,0.0,0.0,1.0,0.0,0.0,0.0,0.0,0.0
Ракетки для тенниса,232266,Теннисная ракетка Head Boom Jr 25 2026,Head,13762 ₽,https://saletennis.com/catalog/product/tiennisnaia-rakietka-head-boom-jr-25-2026-19108,0: Санкт-Петербург (Спортивная) - 2 шт | Уфа - 1 шт | Ижевск - 2 шт | Парина - 2 шт | Тюмень (Народная) - 1 шт | Соболева - 2 шт | Бисертская - 2 шт,12.0,data\product_images\c24e33698857.png,0.0,2.0,0.0,2.0,2.0,2.0,0.0,1.0,1.0,2.0
Ракетки для тенниса,140518-100,Теннисная ракетка Babolat Aero Junior 26 - Grey/Fluorescent Yellow,Babolat,9712 ₽,https://saletennis.com/catalog/product/tiennisnaia-rakietka-babolat-aero-junior-26-grey-fluorescent-yellow-18755,0: Соболева - 2 шт | Парина - 1 шт | Санкт-Петербург (Спортивная) - 2 шт,5.0,data\product_images\dac21ec9b71e.png,0.0,2.0,0.0,2.0,1.0,0.0,0.0,0.0,0.0,0.0
Ракетки для тенниса,WR172110,Теннисная ракетка Wilson Slam Boys Junior 19,Wilson,2994 ₽,https://saletennis.com/catalog/product/tiennisnaia-rakietka-wilson-slam-boys-junior-19-17318,0: Соболева - 1 шт | Уфа - 1 шт | Тюмень (Народная) - 2 шт | Парина - 2 шт | Бисертская - 1 шт | Санкт-Петербург (Спортивная) - 1 шт,8.0,data\product_images\81d96485d9a3.png,0.0,1.0,0.0,1.0,2.0,1.0,0.0,2.0,1.0,0.0
Ракетки для тенниса,14FIGHTX25,Теннисная ракетка Tecnifibre T-Fight 25 Tour 2023,Tecnifibre,11243 ₽,https://saletennis.com/catalog/product/tiennisnaia-rakietka-tecnifibre-t-fight-25-tour-2023-14569,0: Соболева - 1 шт | Парина - 1 шт | Тюмень (Народная) - 1 шт | Бисертская - 1 шт,4.0,data\product_images\4c464a026b68.png,0.0,0.0,0.0,1.0,1.0,1.0,0.0,1.0,0.0,0.0
Ракетки для тенниса,234933,Теннисная ракетка Head Radical Jr 21 2023,Head,3880 ₽,https://saletennis.com/catalog/product/tiennisnaia-rakietka-head-radical-jr-21-2023-14756,0: Парина - 3 шт | Тюмень - 2 шт | Соболева - 5 шт | Санкт-Петербург (Спортивная) - 2 шт | Бисертская - 5 шт | Санкт-Петербург (Ярослава Гашека) - 1 шт,18.0,data\product_images\154d330b77d6.png,1.0,2.0,0.0,5.0,3.0,5.0,0.0,2.0,0.0,0.0
Ракетки для тенниса,230144,Теннисная ракетка Head Boom Team L 2024,Head,17490 ₽,https://saletennis.com/catalog/product/tiennisnaia-rakietka-head-boom-team-l-2024-15850,1: Ижевск - 1 шт | Соболева - 1 шт | Тюмень (Народная) - 1 шт | 2: Тюмень (Народная) - 1 шт,4.0,data\product_images\605e904556cd.png,0.0,0.0,0.0,1.0,0.0,0.0,0.0,2.0,0.0,1.0
Ракетки для тенниса,12CARJUN24,Ракетка для сквоша Tecnifiber Carboflex Junior V2,Не определен,5844 ₽,https://saletennis.com/catalog/product/rakietka-dlia-skvosha-tecnifiber-carboflex-junior-v2-17655,Парина: 2 сет,2.0,data\product_images\0934f514f677.png,0.0,0.0,0.0,0.0,2.0,0.0,0.0,0.0,0.0,0.0
Ракетки для тенниса,WR180510,Теннисная ракетка Wilson Intrigue Girls Junior 21,Wilson,3493 ₽,https://saletennis.com/catalog/product/tiennisnaia-rakietka-wilson-intrigue-girls-junior-21-17489,0: Санкт-Петербург (Ярослава Гашека) - 1 шт | Ижевск - 1 шт | Парина - 1 шт,3.0,data\product_images\1ea11e06b51c.png,1.0,0.0,0.0,0.0,1.0,0.0,0.0,0.0,0.0,1.0
Ракетки для тенниса,232426,Теннисная ракетка Head Boom MP UL Alternate 2026,Head,23482 ₽,https://saletennis.com/catalog/product/tiennisnaia-rakietka-head-boom-mp-ul-alternate-2026-18843,1: Соболева - 1 шт | Уфа - 1 шт | Бисертская - 1 шт | Ижевск - 1 шт | 2: Санкт-Петербург (Спортивная) - 1 шт,5.0,data\product_images\40a6150b7e86.png,0.0,1.0,0.0,1.0,0.0,1.0,0.0,0.0,1.0,1.0
Ракетки для тенниса,14TF449063,Теннисная ракетка Tecnifibre TF-40 V3 290,Tecnifibre,17990 ₽,https://saletennis.com/catalog/product/tiennisnaia-rakietka-tecnifibre-tf-40-v3-290-16924,3: Тюмень (Народная) - 1 шт | Соболева - 1 шт,2.0,data\product_images\30c9ef10134e.png,0.0,0.0,0.0,1.0,0.0,0.0,0.0,1.0,0.0,0.0
Ракетки для тенниса,235344,Теннисная ракетка Head MX Spark Elite - White,Head,5990 ₽,https://saletennis.com/catalog/product/tiennisnaia-rakietka-head-mx-spark-elite-white-17057,1: Тюмень (Народная) - 2 шт | Санкт-Петербург (Спортивная) - 1 шт,3.0,data\product_images\cb57958d0a4b.png,0.0,1.0,0.0,0.0,0.0,0.0,0.0,2.0,0.0,0.0
Ракетки для тенниса,WR145311,Теннисная ракетка Wilson Shift 99 V1.0,Wilson,24143 ₽,https://saletennis.com/catalog/product/tiennisnaia-rakietka-wilson-shift-99-v1-0-15825,3: Ижевск - 1 шт | Парина - 1 шт | Санкт-Петербург (Спортивная) - 1 шт | Соболева - 1 шт | Тюмень (Народная) - 2 шт,6.0,data\product_images\d73518a92dcf.png,0.0,1.0,0.0,1.0,1.0,0.0,0.0,2.0,0.0,1.0
Ракетки для тенниса,231236,Теннисная ракетка Head IG Gravity XCEED,Head,11332 ₽,https://saletennis.com/catalog/product/tiennisnaia-rakietka-head-ig-gravity-xceed-18653,4: Парина - 1 шт,1.0,data\product_images\f201e200a0bc.png,0.0,0.0,0.0,0.0,1.0,0.0,0.0,0.0,0.0,0.0
Ракетки для тенниса,230034,Теннисная ракетка Head IG Speed 21 2024,Head,5500 ₽,https://saletennis.com/catalog/product/tiennisnaia-rakietka-head-ig-speed-21-2024-17286,0: Санкт-Петербург (Спортивная) - 1 шт | Соболева - 2 шт | Основной склад Екатеринбург - 2 шт | Бисертская - 2 шт | Санкт-Петербург (Ярослава Гашека) - 1 шт | Уфа - 1 шт | Тюмень (Народная) - 2 шт | Парина - 2 шт,13.0,data\product_images\4ece6bb99129.png,1.0,1.0,2.0,2.0,2.0,2.0,0.0,2.0,1.0,0.0
Ракетки для тенниса,232256,Теннисная ракетка Head Boom Jr 2026,Head,12952 ₽,https://saletennis.com/catalog/product/tiennisnaia-rakietka-head-boom-jr-2026-19092,0: Санкт-Петербург (Спортивная) - 1 шт | Соболева - 1 шт | Бисертская - 1 шт | Тюмень (Народная) - 1 шт | Санкт-Петербург (Ярослава Гашека) - 1 шт | Уфа - 1 шт | 1: Ижевск - 1 шт | Санкт-Петербург (Спортивная) - 2 шт | Санкт-Петербург (Ярослава Гашека) - 1 шт | Парина - 2 шт | Уфа - 1 шт | Бисертская - 1 шт,14.0,data\product_images\e27332b2b8e2.png,2.0,3.0,0.0,1.0,2.0,2.0,0.0,1.0,2.0,1.0
Ракетки для тенниса,WR199510,Теннисная ракетка Wilson Burn V6 100S,Wilson,22267 ₽,https://saletennis.com/catalog/product/tiennisnaia-rakietka-wilson-burn-v6-100s-18693,2: Соболева - 1 шт | Парина - 1 шт | 3: Тюмень (Народная) - 1 шт | 4: Парина - 1 шт,4.0,data\product_images\e9e6e98fb54c.png,0.0,0.0,0.0,1.0,2.0,0.0,0.0,1.0,0.0,0.0
Ракетки для тенниса,1920584,Теннисная ракетка Solinco Whiteout v.2 Camo 305,Solinco,21862 ₽,https://saletennis.com/catalog/product/tiennisnaia-rakietka-solinco-whiteout-v-2-camo-305-19143,2: Ижевск - 1 шт | Соболева - 1 шт | 3: Соболева - 1 шт | Тюмень (Народная) - 2 шт | Бисертская - 2 шт | Санкт-Петербург (Спортивная) - 1 шт | Парина - 1 шт | Ижевск - 2 шт | 4: Бисертская - 1 шт | Ижевск - 1 шт | Соболева - 1 шт | Санкт-Петербург (Спортивная) - 1 шт,15.0,data\product_images\50a55702f0fb.png,0.0,2.0,0.0,3.0,1.0,3.0,0.0,2.0,0.0,4.0
Ракетки для тенниса,KR76-F26,Теннисная ракетка 7/6 Fox 26,7/6,3990 ₽,https://saletennis.com/catalog/product/tiennisnaia-rakietka-7-6-fox-26-17060,0: Тюмень (Народная) - 1 шт | Санкт-Петербург (Ярослава Гашека) - 2 шт | Парина - 1 шт | Санкт-Петербург (Спортивная) - 5 шт | Основной склад Екатеринбург - 4 шт | Уфа - 2 шт,15.0,data\product_images\bfbf502d6007.png,2.0,5.0,4.0,0.0,1.0,0.0,0.0,1.0,2.0,0.0
Ракетки для тенниса,14TEMP212E,Теннисная ракетка Tecnifibre Tempo 21,Tecnifibre,3368 ₽,https://saletennis.com/catalog/product/tiennisnaia-rakietka-tecnifibre-tempo-21-14267,0: Соболева - 1 шт,1.0,data\product_images\a5cfc76ec1c5.png,0.0,0.0,0.0,1.0,0.0,0.0,0.0,0.0,0.0,0.0
Ракетки для тенниса,1920625,Теннисная ракетка Solinco Blackout v.2 Camo 300,Solinco,21862 ₽,https://saletennis.com/catalog/product/tiennisnaia-rakietka-solinco-blackout-v-2-camo-300-19140,2: Тюмень (Народная) - 1 шт | 3: Тюмень (Народная) - 2 шт | Ижевск - 1 шт | Санкт-Петербург (Спортивная) - 2 шт | Бисертская - 1 шт | Соболева - 1 шт | Парина - 2 шт | 4: Парина - 1 шт | Соболева - 1 шт | Тюмень (Народная) - 1 шт | Санкт-Петербург (Спортивная) - 1 шт,14.0,data\product_images\2906e74c9c70.png,0.0,3.0,0.0,2.0,3.0,1.0,0.0,4.0,0.0,1.0
Ракетки для тенниса,RK-SUP19-RD,Теннисная ракетка Diadem Super 19 Red,Не определен,1990 ₽,https://saletennis.com/catalog/product/tiennisnaia-rakietka-diadem-super-19-red-14124,0: Парина - 1 шт,1.0,data\product_images\90df2c63b44b.png,0.0,0.0,0.0,0.0,1.0,0.0,0.0,0.0,0.0,0.0
Ракетки для тенниса,WR175711,Теннисная ракетка Wilson RF 01 Future Lite,Wilson,25912 ₽,https://saletennis.com/catalog/product/tiennisnaia-rakietka-wilson-rf-01-future-lite-17570,2: Санкт-Петербург (Спортивная) - 1 шт,1.0,data\product_images\f9b69063e384.png,0.0,1.0,0.0,0.0,0.0,0.0,0.0,0.0,0.0,0.0
Ракетки для тенниса,239816,Теннисная ракетка Head Gravity MP Zverev,Head,26317 ₽,https://saletennis.com/catalog/product/tiennisnaia-rakietka-head-gravity-mp-zverev-19315,2: Санкт-Петербург (Спортивная) - 1 шт | Парина - 1 шт | 3: Ижевск - 1 шт | Тюмень (Народная) - 2 шт | Санкт-Петербург (Ярослава Гашека) - 1 шт | 4: Соболева - 1 шт | Тюмень (Народная) - 1 шт | Парина - 1 шт,9.0,data\product_images\0a38d00d72b3.png,1.0,1.0,0.0,1.0,2.0,0.0,0.0,3.0,0.0,1.0
Ракетки для тенниса,AR76-A2270,Теннисная ракетка 7/6 A2 270,7/6,13990 ₽,https://saletennis.com/catalog/product/tiennisnaia-rakietka-7-6-a2-270-17797,1: Основной склад Екатеринбург - 4 шт | Санкт-Петербург (Ярослава Гашека) - 3 шт | Парина - 2 шт | Соболева - 2 шт | Бисертская - 2 шт | Ижевск - 2 шт | Уфа - 1 шт | Санкт-Петербург (Спортивная) - 2 шт | 2: Основной склад Екатеринбург - 1 шт | Парина - 1 шт | Санкт-Петербург (Ярослава Гашека) - 2 шт | Соболева - 2 шт | Ижевск - 3 шт | Тюмень (Народная) - 1 шт | Бисертская - 2 шт | 3: Санкт-Петербург (Ярослава Гашека) - 2 шт | Санкт-Петербург (Спортивная) - 2 шт,34.0,data\product_images\b41be7117ddc.png,7.0,4.0,5.0,4.0,3.0,4.0,0.0,1.0,1.0,5.0
Ракетки для тенниса,231414,Теннисная ракетка Head Extreme Jr.25,Head,2990 ₽,https://saletennis.com/catalog/product/tiennisnaia-rakietka-head-extreme-jr-25-13375,0: Парина - 2 шт | Бисертская - 1 шт | Санкт-Петербург (Спортивная) - 2 шт | Уфа - 1 шт | Тюмень - 1 шт,7.0,data\product_images\16ff39e0f692.png,0.0,2.0,0.0,0.0,2.0,1.0,0.0,1.0,1.0,0.0
Ракетки для тенниса,232005,Теннисная ракетка Head Instinct MP 2025,Head,19432 ₽,https://saletennis.com/catalog/product/tiennisnaia-rakietka-head-instinct-mp-2025-17482,2: Санкт-Петербург (Спортивная) - 1 шт | Соболева - 1 шт | 3: Соболева - 1 шт | Ижевск - 2 шт | Бисертская - 1 шт | Парина - 1 шт | Тюмень (Народная) - 2 шт | Санкт-Петербург (Спортивная) - 2 шт | 4: Санкт-Петербург (Спортивная) - 2 шт | Парина - 1 шт | Тюмень (Народная) - 1 шт,15.0,data\product_images\e908781b4df8.png,0.0,5.0,0.0,2.0,2.0,1.0,0.0,3.0,0.0,2.0
Ракетки для тенниса,WR171810,Теннисная ракетка Wilson Slam Boys Junior 25,Wilson,4042 ₽,https://saletennis.com/catalog/product/tiennisnaia-rakietka-wilson-slam-boys-junior-25-17494,0: Парина - 1 шт | Соболева - 1 шт | Уфа - 1 шт | Бисертская - 1 шт | Санкт-Петербург (Спортивная) - 1 шт,5.0,data\product_images\ce8fb244fca3.png,0.0,1.0,0.0,1.0,1.0,1.0,0.0,0.0,1.0,0.0
Ракетки для тенниса,140237,Теннисная ракетка Babolat Ballfighter 17 Blue/Orange/Black,Babolat,2269 ₽,https://saletennis.com/catalog/product/tiennisnaia-rakietka-babolat-ballfighter-17-blue-orange-black-9464,0000: Соболева - 2 шт | Парина - 2 шт,4.0,data\product_images\e72311ac5422.jpg,0.0,0.0,0.0,2.0,2.0,0.0,0.0,0.0,0.0,0.0
Ракетки для тенниса,231425,Теннисная ракетка Head Radical Jr 23,Head,4042 ₽,https://saletennis.com/catalog/product/tennisnaya-raketka-head-radical-jr-23-4259-4259,0: Парина - 2 шт | Санкт-Петербург (Спортивная) - 3 шт | Тюмень - 1 шт | Уфа - 2 шт | Бисертская - 1 шт | Санкт-Петербург (Ярослава Гашека) - 1 шт | Соболева - 1 шт,11.0,data\product_images\c8b297155f07.png,1.0,3.0,0.0,1.0,2.0,1.0,0.0,1.0,2.0,0.0
Ракетки для тенниса,0297,Теннисная ракетка Solinco Shadow 19,Solinco,2990 ₽,https://saletennis.com/catalog/product/tiennisnaia-rakietka-solinco-shadow-19-14011,0: Бисертская - 1 шт | Соболева - 1 шт,2.0,data\product_images\d06afac2d885.png,0.0,0.0,0.0,1.0,0.0,1.0,0.0,0.0,0.0,0.0
Ракетки для тенниса,235173,Теннисная ракетка Head Radical Jr 2023 26,Head,11193 ₽,https://saletennis.com/catalog/product/tiennisnaia-rakietka-head-radical-jr-2023-26-14790,0: Санкт-Петербург (Спортивная) - 1 шт | Тюмень (Народная) - 2 шт | Парина - 1 шт,4.0,data\product_images\b473001ed7db.png,0.0,1.0,0.0,0.0,1.0,0.0,0.0,2.0,0.0,0.0
Ракетки для тенниса,14TEMP192E,Теннисная ракетка Tecnifibre Tempo 19,Tecnifibre,3368 ₽,https://saletennis.com/catalog/product/tiennisnaia-rakietka-tecnifibre-tempo-19-14266,0: Соболева - 1 шт,1.0,data\product_images\545158ef0b24.png,0.0,0.0,0.0,1.0,0.0,0.0,0.0,0.0,0.0,0.0
Ракетки для тенниса,WR118810H,Теннисная ракетка Wilson Ultra Power Jr.23,Wilson,5662 ₽,https://saletennis.com/catalog/product/tiennisnaia-rakietka-wilson-ultra-power-jr-23-18059,0: Парина - 1 шт | Соболева - 1 шт | Тюмень - 1 шт,3.0,data\product_images\a59a206d32c7.png,0.0,0.0,0.0,1.0,1.0,0.0,0.0,1.0,0.0,0.0
Ракетки для тенниса,WR118110H,Теннисная ракетка Wilson Pro Staff Precision Jr. 21,Wilson,3894 ₽,https://saletennis.com/catalog/product/tiennisnaia-rakietka-wilson-pro-staff-precision-jr-21-15906,0: Санкт-Петербург (Ярослава Гашека) - 1 шт | Парина - 2 шт | Соболева - 3 шт | Тюмень (Народная) - 1 шт | Ижевск - 1 шт,8.0,data\product_images\60bfe7a2d36d.png,1.0,0.0,0.0,3.0,2.0,0.0,0.0,1.0,0.0,1.0
Ракетки для тенниса,236004,Теннисная ракетка Head Speed Pro 2024,Head,17995 ₽,https://saletennis.com/catalog/product/tiennisnaia-rakietka-head-speed-pro-2024-15842,3: Ижевск - 2 шт | Уфа - 2 шт | Бисертская - 3 шт | Основной склад Екатеринбург - 2 шт | Парина - 3 шт | Соболева - 2 шт | Тюмень (Народная) - 1 шт | 4: Уфа - 1 шт,16.0,data\product_images\e911f91e7535.png,0.0,0.0,2.0,2.0,3.0,3.0,0.0,1.0,3.0,2.0
Ракетки для тенниса,231015,Теннисная ракетка Head Radical MP 2025,Head,22990 ₽,https://saletennis.com/catalog/product/tiennisnaia-rakietka-head-radical-mp-2025-17283,4: Тюмень (Народная) - 2 шт | Санкт-Петербург (Спортивная) - 2 шт | Соболева - 1 шт | Парина - 1 шт,6.0,data\product_images\b14df3917be6.png,0.0,2.0,0.0,1.0,1.0,0.0,0.0,2.0,0.0,0.0
Ракетки для тенниса,231435,Теннисная ракетка Head Radical Jr 21,Head,2990 ₽,https://saletennis.com/catalog/product/tennisnaya-raketka-head-radical-jr-21-4262-4262,0: Тюмень (Народная) - 1 шт | Бисертская - 1 шт | Ижевск - 1 шт | Санкт-Петербург (Спортивная) - 3 шт | Парина - 2 шт | Уфа - 1 шт | Соболева - 2 шт,11.0,data\product_images\2b557c49d962.png,0.0,3.0,0.0,2.0,2.0,1.0,0.0,1.0,1.0,1.0
Ракетки для тенниса,231115,Теннисная ракетка Head Gravity Tour 2025,Head,26317 ₽,https://saletennis.com/catalog/product/tiennisnaia-rakietka-head-gravity-tour-2025-16879,3: Парина - 2 шт | Соболева - 2 шт | Тюмень (Народная) - 1 шт | Санкт-Петербург (Спортивная) - 3 шт | Бисертская - 2 шт | Ижевск - 2 шт | 4: Парина - 1 шт | Соболева - 1 шт | Санкт-Петербург (Спортивная) - 2 шт,16.0,data\product_images\57d4e27595fa.png,0.0,5.0,0.0,3.0,3.0,2.0,0.0,1.0,0.0,2.0
Ракетки для тенниса,WR149811,Теннисная ракетка Wilson Blade 98 16x19 V9.0,Wilson,22990 ₽,https://saletennis.com/catalog/product/tiennisnaia-rakietka-wilson-blade-98-16x19-v9-0-15646,4: Тюмень (Народная) - 1 шт,1.0,data\product_images\fda17e4b731f.png,0.0,0.0,0.0,0.0,0.0,0.0,0.0,1.0,0.0,0.0
Ракетки для тенниса,WR198110,Теннисная ракетка Wilson US OPEN Pro 100,Wilson,18622 ₽,https://saletennis.com/catalog/product/tiennisnaia-rakietka-wilson-us-open-pro-100-18991,2: Тюмень (Народная) - 1 шт,1.0,data\product_images\a4a9059cf1a8.png,0.0,0.0,0.0,0.0,0.0,0.0,0.0,1.0,0.0,0.0
Ракетки для тенниса,234032,Теннисная ракетка Head IG Speed Jr 21,Head,4952 ₽,https://saletennis.com/catalog/product/tiennisnaia-rakietka-head-ig-speed-jr-21-14774,0: Бисертская - 1 шт | Санкт-Петербург (Спортивная) - 1 шт | Тюмень (Народная) - 2 шт | Парина - 3 шт | Соболева - 2 шт | Ижевск - 1 шт,10.0,data\product_images\577ed4006de1.png,0.0,1.0,0.0,2.0,3.0,1.0,0.0,2.0,0.0,1.0
Ракетки для тенниса,WR151411,Теннисная ракетка Wilson RF 01,Wilson,28342 ₽,https://saletennis.com/catalog/product/tiennisnaia-rakietka-wilson-rf-01-16468,2: Соболева - 1 шт | 3: Санкт-Петербург (Спортивная) - 1 шт | 4: Парина - 1 шт,3.0,data\product_images\ef2cb9329c79.png,0.0,1.0,0.0,1.0,1.0,0.0,0.0,0.0,0.0,0.0
Ракетки для тенниса,230024,Теннисная ракетка Head IG Speed 23 2024,Head,6067 ₽,https://saletennis.com/catalog/product/tiennisnaia-rakietka-head-ig-speed-23-2024-17982,0: Уфа - 1 шт | Бисертская - 1 шт | Ижевск - 1 шт | Тюмень (Народная) - 2 шт | Соболева - 3 шт,8.0,data\product_images\535aced8cdf5.png,0.0,0.0,0.0,3.0,0.0,1.0,0.0,2.0,1.0,1.0
Ракетки для тенниса,192066,Теннисная ракетка Solinco Blackout v.2 Camo 265,Solinco,21052 ₽,https://saletennis.com/catalog/product/tiennisnaia-rakietka-solinco-blackout-v-2-camo-265-19138,1: Бисертская - 1 шт | Санкт-Петербург (Спортивная) - 2 шт | Тюмень (Народная) - 1 шт | Парина - 1 шт | Ижевск - 1 шт | 2: Парина - 1 шт | Санкт-Петербург (Спортивная) - 1 шт | Ижевск - 1 шт,9.0,data\product_images\934b00d8f1e5.png,0.0,3.0,0.0,0.0,2.0,1.0,0.0,1.0,0.0,2.0
Ракетки для тенниса,230006,Теннисная ракетка Head IG Speed 26 2026,Head,6472 ₽,https://saletennis.com/catalog/product/tiennisnaia-rakietka-head-ig-speed-26-2026-19366,0: Уфа - 1 шт | Соболева - 3 шт | Ижевск - 2 шт | Бисертская - 1 шт | Парина - 2 шт | Санкт-Петербург (Спортивная) - 2 шт | 1: Санкт-Петербург (Спортивная) - 1 шт,12.0,data\product_images\b8335161693f.png,0.0,3.0,0.0,3.0,2.0,1.0,0.0,0.0,1.0,2.0
Ракетки для тенниса,KR76-B26,Теннисная ракетка 7/6 Bear 26,7/6,3990 ₽,https://saletennis.com/catalog/product/tiennisnaia-rakietka-7-6-bear-26-17059,0: Соболева - 1 шт | Санкт-Петербург (Спортивная) - 4 шт | Парина - 2 шт | Основной склад Екатеринбург - 3 шт | Тюмень (Народная) - 2 шт | Санкт-Петербург (Ярослава Гашека) - 2 шт,14.0,data\product_images\d89e745824c5.png,2.0,4.0,3.0,1.0,2.0,0.0,0.0,2.0,0.0,0.0
Ракетки для тенниса,232096,Теннисная ракетка Head Speed Jr 25 2026,Head,12547 ₽,https://saletennis.com/catalog/product/tiennisnaia-rakietka-head-speed-jr-25-2026-19097,0: Ижевск - 1 шт | Уфа - 2 шт | Парина - 3 шт | Тюмень (Народная) - 3 шт | Санкт-Петербург (Ярослава Гашека) - 2 шт | Бисертская - 2 шт | Соболева - 2 шт | Санкт-Петербург (Спортивная) - 2 шт,17.0,data\product_images\b9b4b3a01a8d.png,2.0,2.0,0.0,2.0,3.0,2.0,0.0,3.0,2.0,1.0
Ракетки для тенниса,235444,Теннисная ракетка Head Challenge Team L 2024 - Coral,Head,12547 ₽,https://saletennis.com/catalog/product/tiennisnaia-rakietka-head-challenge-team-l-2024-coral-15952,1: Санкт-Петербург (Спортивная) - 2 шт | Ижевск - 1 шт | Тюмень (Народная) - 1 шт | Уфа - 1 шт | 2: Тюмень - 1 шт | Уфа - 2 шт | Тюмень (Народная) - 2 шт | Санкт-Петербург (Спортивная) - 4 шт | Бисертская - 2 шт | Соболева - 2 шт | Ижевск - 2 шт | Парина - 3 шт,23.0,data\product_images\1d03da7ca82a.png,0.0,6.0,0.0,2.0,3.0,2.0,0.0,4.0,3.0,3.0
Ракетки для тенниса,140526-100,Теннисная ракетка Babolat Pure Strike 26 2026,Babolat,12142 ₽,https://saletennis.com/catalog/product/tiennisnaia-rakietka-babolat-pure-strike-26-2026-18762,0: Соболева - 1 шт,1.0,data\product_images\11d0768604cb.png,0.0,0.0,0.0,1.0,0.0,0.0,0.0,0.0,0.0,0.0
Ракетки для тенниса,231045,Теннисная ракетка Head Radical Jr 26 2025,Head,12952 ₽,https://saletennis.com/catalog/product/tiennisnaia-rakietka-head-radical-jr-26-2025-17550,0: Соболева - 1 шт | Бисертская - 1 шт | Уфа - 1 шт | Санкт-Петербург (Спортивная) - 2 шт | Тюмень (Народная) - 3 шт | 1: Санкт-Петербург (Спортивная) - 3 шт | Тюмень (Народная) - 1 шт | Уфа - 1 шт,13.0,data\product_images\5dc19f08f069.png,0.0,5.0,0.0,1.0,0.0,1.0,0.0,4.0,2.0,0.0
Ракетки для тенниса,232276,Теннисная ракетка Head Boom Elite 2026,Head,16192 ₽,https://saletennis.com/catalog/product/tiennisnaia-rakietka-head-boom-elite-2026-19066,2: Бисертская - 1 шт | Санкт-Петербург (Спортивная) - 4 шт | Ижевск - 1 шт,6.0,data\product_images\26e11885831c.png,0.0,4.0,0.0,0.0,0.0,1.0,0.0,0.0,0.0,1.0
Ракетки для тенниса,235434,Теннисная ракетка Head Challenge Team 2024 - Mint,Head,12952 ₽,https://saletennis.com/catalog/product/tiennisnaia-rakietka-head-challenge-team-2024-mint-15950,1: Парина - 1 шт | Санкт-Петербург (Спортивная) - 2 шт | 2: Соболева - 2 шт | Санкт-Петербург (Спортивная) - 1 шт | Уфа - 1 шт | Парина - 1 шт | Бисертская - 2 шт,10.0,data\product_images\73db9884106f.png,0.0,3.0,0.0,2.0,2.0,2.0,0.0,0.0,1.0,0.0
Ракетки для тенниса,231226,Теннисная ракетка Head IG Speed Xceed,Head,10927 ₽,https://saletennis.com/catalog/product/tiennisnaia-rakietka-head-ig-speed-xceed-18037,2: Соболева - 1 шт | Тюмень (Народная) - 1 шт | Ижевск - 1 шт | Уфа - 1 шт | Санкт-Петербург (Спортивная) - 2 шт,6.0,data\product_images\3002bb88739d.png,0.0,2.0,0.0,1.0,0.0,0.0,0.0,1.0,1.0,1.0
Ракетки для тенниса,12CARJUNXT,Ракетка для сквоша Tecnifiber Carboflex Junior X-TOP,Не определен,6293 ₽,https://saletennis.com/catalog/product/rakietka-dlia-skvosha-tecnifiber-carboflex-junior-x-top-16283,Парина: 3 сет,3.0,data\product_images\76a59a6d77a4.png,0.0,0.0,0.0,0.0,3.0,0.0,0.0,0.0,0.0,0.0
Ракетки для тенниса,140454,Теннисная ракетка Babolat RAFA Junior 19,Babolat,2790 ₽,https://saletennis.com/catalog/product/tiennisnaia-rakietka-babolat-rafa-junior-19-12887,0: Тюмень (Народная) - 1 шт | Парина - 3 шт | Бисертская - 2 шт | Санкт-Петербург (Спортивная) - 2 шт | Санкт-Петербург (Ярослава Гашека) - 1 шт,9.0,data\product_images\662d0a19d578.png,1.0,2.0,0.0,0.0,3.0,2.0,0.0,1.0,0.0,0.0
Ракетки для тенниса,140487-100,Теннисная ракетка Babolat B'Fly 25 - Navy/Pink,Babolat,4447 ₽,https://saletennis.com/catalog/product/tiennisnaia-rakietka-babolat-b-fly-25-navy-pink-16316,00: Тюмень (Народная) - 1 шт | Санкт-Петербург (Спортивная) - 1 шт,2.0,data\product_images\c6e2d3fa895e.png,0.0,1.0,0.0,0.0,0.0,0.0,0.0,1.0,0.0,0.0
Ракетки для тенниса,235033,Теннисная ракетка Head IG Gravity Jr 21 2023,Head,5257 ₽,https://saletennis.com/catalog/product/tiennisnaia-rakietka-head-ig-gravity-jr-21-2023-15235,0: Уфа - 1 шт | Тюмень (Народная) - 2 шт | Бисертская - 1 шт | Парина - 1 шт | Санкт-Петербург (Спортивная) - 2 шт | Соболева - 1 шт,8.0,data\product_images\9eee14d317dc.png,0.0,2.0,0.0,1.0,1.0,1.0,0.0,2.0,1.0,0.0
Ракетки для тенниса,KR76-B23,Теннисная ракетка 7/6 Bear 23,7/6,3990 ₽,https://saletennis.com/catalog/product/tiennisnaia-rakietka-7-6-bear-23-15110,0: Соболева - 1 шт | Тюмень (Народная) - 2 шт | Ижевск - 1 шт | Санкт-Петербург (Спортивная) - 1 шт | Основной склад Екатеринбург - 8 шт | Парина - 1 шт | Санкт-Петербург (Ярослава Гашека) - 3 шт | Уфа - 1 шт,18.0,data\product_images\31a77c56f6bc.png,3.0,1.0,8.0,1.0,1.0,0.0,0.0,2.0,1.0,1.0
Ракетки для тенниса,14FIGHTX26,Теннисная ракетка Tecnifibre T-Fight 26 Tour 2023,Tecnifibre,11993 ₽,https://saletennis.com/catalog/product/tiennisnaia-rakietka-tecnifibre-t-fight-26-tour-2023-14570,0: Санкт-Петербург (Спортивная) - 1 шт | Тюмень (Народная) - 1 шт | Ижевск - 1 шт | Парина - 2 шт,5.0,data\product_images\1dfa5b4c5eb5.png,0.0,1.0,0.0,0.0,2.0,0.0,0.0,1.0,0.0,1.0
Ракетки для тенниса,14BULL19NW,Теннисная ракетка Tecnifibre Bullit 19,Tecnifibre,2993 ₽,https://saletennis.com/catalog/product/tiennisnaia-rakietka-tecnifibre-bullit-19-13264,0: Соболева - 2 шт | Санкт-Петербург (Спортивная) - 1 шт | Парина - 1 шт,4.0,data\product_images\1ed8d0f68628.png,0.0,1.0,0.0,2.0,1.0,0.0,0.0,0.0,0.0,0.0
Мячи для тенниса,WR8218401001,Теннисные мячи Wilson 3B Championship Legacy White,Wilson,802 ₽,https://saletennis.com/catalog/product/tiennisnyie-miachi-wilson-3b-championship-legacy-white-19353,Нет информации о наличии,0.0,data\product_images\b713035cde5f.png,0.0,0.0,0.0,0.0,0.0,0.0,0.0,0.0,0.0,0.0
Мячи для тенниса,WR8218402001,Теннисные мячи Wilson 3B Championship Legacy Yellow,Wilson,802 ₽,https://saletennis.com/catalog/product/tiennisnyie-miachi-wilson-3b-championship-legacy-yellow-19354,Нет информации о наличии,0.0,data\product_images\ed44a794d562.png,0.0,0.0,0.0,0.0,0.0,0.0,0.0,0.0,0.0,0.0
Мячи для тенниса,TB-003-48,Теннисные мячи 7/6 3B Red x 48,7/6,8490 ₽,https://saletennis.com/catalog/product/tiennisnyie-miachi-7-6-3b-red-x-48-16969,Основной склад Екатеринбург: 8 сет | Санкт-Петербург (Спортивная): 1 сет,9.0,data\product_images\d5f89e674080.png,0.0,1.0,8.0,0.0,0.0,0.0,0.0,0.0,0.0,0.0
Мячи для тенниса,TB-005,Теннисные мячи 7/6 Green 3 X 24,7/6,11990 ₽,https://saletennis.com/catalog/product/tiennisnyie-miachi-7-6-green-3-x-24-13781,Нет информации о наличии,0.0,data\product_images\8e81e694b2b6.png,0.0,0.0,0.0,0.0,0.0,0.0,0.0,0.0,0.0,0.0
Мячи для тенниса,TB76-007,Теннисные мячи 7/6 Championship 3B,7/6,553 ₽,https://saletennis.com/catalog/product/tiennisnyie-miachi-7-6-championship-3b-15119,Нет информации о наличии,0.0,data\product_images\909bc4e5be8e.png,0.0,0.0,0.0,0.0,0.0,0.0,0.0,0.0,0.0,0.0
Мячи для тенниса,570703,Теннисные мячи Head 3B Tour 3 x 24,Head,18990 ₽,https://saletennis.com/catalog/product/tiennisnyie-miachi-head-3b-tour-3-x-24-8499,Нет информации о наличии,0.0,data\product_images\3f4c54b223ff.png,0.0,0.0,0.0,0.0,0.0,0.0,0.0,0.0,0.0,0.0
Мячи для тенниса,578413,Теннисные мячи Head Green 3 x 24,Head,13990 ₽,https://saletennis.com/catalog/product/tiennisnyie-miachi-head-green-3-x-24-18085,Нет информации о наличии,0.0,data\product_images\de518dbc7881.png,0.0,0.0,0.0,0.0,0.0,0.0,0.0,0.0,0.0,0.0
Мячи для тенниса,J897-9.5,Мяч подарочный 7/6 Jumbo Tennis Ball 9.5' - Yellow,7/6,1990 ₽,https://saletennis.com/catalog/product/miach-podarochnyi-7-6-jumbo-tennis-ball-9-5-yellow-15253,Санкт-Петербург (Ярослава Гашека): 3 сет | Тюмень: 1 сет | Тюмень (Народная): 15 сет | Парина: 2 сет | Основной склад Екатеринбург: 1 сет | Санкт-Петербург (Спортивная): 6 сет | Соболева: 2 сет,30.0,data\product_images\060d5aed9caa.jpg,3.0,6.0,1.0,2.0,2.0,0.0,0.0,16.0,0.0,0.0
Мячи для тенниса,571071,Теннисные мячи Head 3B Pro Blue,Head,590 ₽,https://saletennis.com/catalog/product/tennisnye-myachi-head-3b-pro-blue-89-89,Нет информации о наличии,0.0,data\product_images\abb67147a0bf.png,0.0,0.0,0.0,0.0,0.0,0.0,0.0,0.0,0.0,0.0
Мячи для тенниса,575203,Теннисные мячи Head 3B Championship 2022,Head,474 ₽,https://saletennis.com/catalog/product/tiennisnyie-miachi-head-3b-championship-2022-13477,Нет информации о наличии,0.0,data\product_images\d192ce006df1.png,0.0,0.0,0.0,0.0,0.0,0.0,0.0,0.0,0.0,0.0
Мячи для тенниса,578270,Теннисные мячи Head TIP Orange пакет 72 мяча,Head,11990 ₽,https://saletennis.com/catalog/product/tiennisnyie-miachi-head-tip-orange-pakiet-72-miacha-7705,Основной склад Екатеринбург: 3 сет,3.0,data\product_images\d9c14271bd93.png,0.0,0.0,3.0,0.0,0.0,0.0,0.0,0.0,0.0,0.0
Мячи для тенниса,WRT115000,Теннисные мячи Wilson 4B Roland Garros Clay,Wilson,1190 ₽,https://saletennis.com/catalog/product/tiennisnyie-miachi-wilson-4b-roland-garros-clay-10374,Нет информации о наличии,0.0,data\product_images\a013a9fe4db9.png,0.0,0.0,0.0,0.0,0.0,0.0,0.0,0.0,0.0,0.0
Мячи для тенниса,575703,Теннисные мячи Head 3B Team,Head,450 ₽,https://saletennis.com/catalog/product/tennisnye-myachi-head-3b-team-414-414,Нет информации о наличии,0.0,data\product_images\a01a8c92043b.png,0.0,0.0,0.0,0.0,0.0,0.0,0.0,0.0,0.0,0.0
Мячи для тенниса,578423,Теннисные мячи Head Stage 2 Orange 3 Х 24,Head,14490 ₽,https://saletennis.com/catalog/product/tiennisnyie-miachi-head-stage-2-orange-3-kh-24-19068,Нет информации о наличии,0.0,data\product_images\597c7cfe2420.png,0.0,0.0,0.0,0.0,0.0,0.0,0.0,0.0,0.0,0.0
Мячи для тенниса,570823,Теннисные мячи Head 3B Tour XT,Head,805 ₽,https://saletennis.com/catalog/product/tiennisnyie-miachi-head-3b-tour-xt-10161,Нет информации о наличии,0.0,data\product_images\a34398991cd6.png,0.0,0.0,0.0,0.0,0.0,0.0,0.0,0.0,0.0,0.0
Мячи для тенниса,578433,Теннисные мячи Head Red 3 ball,Head,638 ₽,https://saletennis.com/catalog/product/tiennisnyie-miachi-head-red-3-ball-18027,Основной склад Екатеринбург: 16 сет | Санкт-Петербург (Спортивная): 38 сет | Ижевск: 13 сет | Бисертская: 9 сет | Соболева: 21 сет | Уфа: 11 сет | Парина: 11 сет | Тюмень (Народная): 13 сет | Санкт-Петербург (Ярослава Гашека): 9 сет,141.0,data\product_images\85264d5d17e5.png,9.0,38.0,16.0,21.0,11.0,9.0,0.0,13.0,11.0,13.0
Мячи для тенниса,603758,Теннисные мячи Dunlop Indoor Foam 12 Balls,Dunlop,5990 ₽,https://saletennis.com/catalog/product/tiennisnyie-miachi-dunlop-indoor-foam-12-balls-18396,Нет информации о наличии,0.0,data\product_images\106c901b1114.png,0.0,0.0,0.0,0.0,0.0,0.0,0.0,0.0,0.0,0.0
Мячи для тенниса,J897-6.0,Мяч подарочный 7/6 Jumbo Tennis Ball 6' - Yellow,7/6,1490 ₽,https://saletennis.com/catalog/product/miach-podarochnyi-7-6-jumbo-tennis-ball-6-yellow-15252,Основной склад Екатеринбург: 3 сет | Санкт-Петербург (Ярослава Гашека): 2 сет | Тюмень: 1 сет | Санкт-Петербург (Спортивная): 5 сет | Соболева: 2 сет | Парина: 3 сет | Тюмень (Народная): 7 сет,23.0,data\product_images\aefe7cbfca0b.jpg,2.0,5.0,3.0,2.0,3.0,0.0,0.0,8.0,0.0,0.0
Мячи для тенниса,TB-001,Теннисные мячи 7/6 3B Pro,7/6,650 ₽,https://saletennis.com/catalog/product/tiennisnyie-miachi-7-6-3b-pro-11296,Нет информации о наличии,0.0,data\product_images\93261e67bbb5.png,0.0,0.0,0.0,0.0,0.0,0.0,0.0,0.0,0.0,0.0
Мячи для тенниса,578123,Теннисные мячи Head T.I.P. Orange 3 ball,Head,595 ₽,https://saletennis.com/catalog/product/tennisnye-myachi-head-tip-orange-3-ball-2591-2591,Нет информации о наличии,0.0,data\product_images\c93b149307fa.png,0.0,0.0,0.0,0.0,0.0,0.0,0.0,0.0,0.0,0.0
Мячи для тенниса,TB76-006,Теннисные мячи 7/6 Pro 3 X 24,7/6,14990 ₽,https://saletennis.com/catalog/product/tiennisnyie-miachi-7-6-pro-3-x-24-15107,Нет информации о наличии,0.0,data\product_images\933f4ae235e0.png,0.0,0.0,0.0,0.0,0.0,0.0,0.0,0.0,0.0,0.0
Мячи для тенниса,TB-004,Теннисные мячи 7/6 Orange 3 X 24,7/6,11990 ₽,https://saletennis.com/catalog/product/tiennisnyie-miachi-7-6-orange-3-x-24-13782,Нет информации о наличии,0.0,data\product_images\1c63e0d66fc8.png,0.0,0.0,0.0,0.0,0.0,0.0,0.0,0.0,0.0,0.0
Мячи для тенниса,WRT116200,Теннисные мячи Wilson 4B US Open,Wilson,1090 ₽,https://saletennis.com/catalog/product/tiennisnyie-miachi-wilson-4b-us-open-7992,Нет информации о наличии,0.0,data\product_images\3426390d9aad.jpg,0.0,0.0,0.0,0.0,0.0,0.0,0.0,0.0,0.0,0.0
Мячи для тенниса,601613,Теннисные мячи Dunlop Fort Clay Court 4B,Dunlop,1290 ₽,https://saletennis.com/catalog/product/tiennisnyie-miachi-dunlop-fort-clay-court-4b-19083,Нет информации о наличии,0.0,data\product_images\763f683894eb.png,0.0,0.0,0.0,0.0,0.0,0.0,0.0,0.0,0.0,0.0
Мячи для тенниса,340982,Теннисные мячи Slazenger Wimbledon 2026 4B,Не определен,1490 ₽,https://saletennis.com/catalog/product/tiennisnyie-miachi-slazenger-wimbledon-2026-4b-19001,Нет информации о наличии,0.0,data\product_images\2e43c15aea1e.png,0.0,0.0,0.0,0.0,0.0,0.0,0.0,0.0,0.0,0.0
Мячи для тенниса,578410,Теннисные мячи Head Green пакет 72 мяча,Head,11990 ₽,https://saletennis.com/catalog/product/tiennisnyie-miachi-head-green-pakiet-72-miacha-17056,Основной склад Екатеринбург: 1 сет,1.0,data\product_images\2341e3df58ad.png,0.0,0.0,1.0,0.0,0.0,0.0,0.0,0.0,0.0,0.0
Мячи для тенниса,TB-003,Теннисные мячи 7/6 3B Red,7/6,690 ₽,https://saletennis.com/catalog/product/tiennisnyie-miachi-7-6-3b-red-11297,Нет информации о наличии,0.0,data\product_images\13f3c2abf269.png,0.0,0.0,0.0,0.0,0.0,0.0,0.0,0.0,0.0,0.0
Аксессуары,52ATPCON50,Овергрип Tecnifibre Contact Pro White 50 pk,Tecnifibre,17990 ₽,https://saletennis.com/catalog/product/ovierghrip-tecnifibre-contact-pro-white-50-pk-18386,Уфа: 1 сет | Парина: 1 сет | Соболева: 1 сет | Бисертская: 1 сет,4.0,data\product_images\06198ee3d845.png,0.0,0.0,0.0,1.0,1.0,1.0,0.0,0.0,1.0,0.0
Аксессуары,285080-BN,Повязка на голову Head Headband - Banana,Head,608 ₽,https://saletennis.com/catalog/product/poviazka-na-gholovu-head-headband-banana-17048,Уфа: 2 сет | Ижевск: 1 сет | Санкт-Петербург (Спортивная): 2 сет,5.0,data\product_images\6fdc3cacce64.png,0.0,2.0,0.0,0.0,0.0,0.0,0.0,0.0,2.0,1.0
Аксессуары,288400-40,Комплект ручки Head № 4,Head,590 ₽,https://saletennis.com/catalog/product/kompliekt-ruchki-head-4-13952,Парина: 1 сет | Основной склад Екатеринбург: 5 сет,6.0,data\product_images\fba2cc6bb001.png,0.0,0.0,5.0,0.0,1.0,0.0,0.0,0.0,0.0,0.0
Аксессуары,KL2657,Брелок-сумка Adidas Padel Wallet Multigame - Black,Adidas,3490 ₽,https://saletennis.com/catalog/product/brielok-sumka-adidas-padel-wallet-multigame-black-19060,Соболева: 2 сет | Парина: 2 сет,4.0,data\product_images\d2b2b4abcbf7.png,0.0,0.0,0.0,2.0,2.0,0.0,0.0,0.0,0.0,0.0
Аксессуары,285080-RD,Повязка на голову Head Headband - Red,Head,608 ₽,https://saletennis.com/catalog/product/poviazka-na-gholovu-head-headband-red-1-13360,Парина: 1 сет | Тюмень (Народная): 1 сет | Санкт-Петербург (Спортивная): 2 сет | Уфа: 1 сет | Ижевск: 2 сет,7.0,data\product_images\c45b4b7bd225.png,0.0,2.0,0.0,0.0,1.0,0.0,0.0,1.0,1.0,2.0
Аксессуары,TL-Donut,Виброгаситель Tennis Life - Cake,Не определен,200 ₽,https://saletennis.com/catalog/product/vibroghasitiel-tennis-life-cake-15808,Тюмень (Народная): 2 сет | Уфа: 1 сет | Соболева: 7 сет | Парина: 7 сет | Бисертская: 5 сет,22.0,data\product_images\a92ae00467bf.png,0.0,0.0,0.0,7.0,7.0,5.0,0.0,2.0,1.0,0.0
Аксессуары,700045,Виброгаситель Babolat Strawberry X 2,Babolat,950 ₽,https://saletennis.com/catalog/product/vibroghasitiel-babolat-strawberry-x-2-7895,Парина: 2 сет | Тюмень (Народная): 1 сет,3.0,data\product_images\48f35f90c8a7.png,0.0,0.0,0.0,0.0,2.0,0.0,0.0,1.0,0.0,0.0
Аксессуары,285080-BL,Повязка на голову Head Headband - Blue,Head,608 ₽,https://saletennis.com/catalog/product/poviazka-na-gholovu-head-headband-blue-1-13356,Парина: 3 сет | Санкт-Петербург (Спортивная): 2 сет,5.0,data\product_images\156c2645476d.png,0.0,2.0,0.0,0.0,3.0,0.0,0.0,0.0,0.0,0.0
Аксессуары,STО76-1AS,Овергрип 7/6 Super Tacky 1 PK - Assorted,7/6,250 ₽,https://saletennis.com/catalog/product/ovierghrip-7-6-super-tacky-1-pk-assorted-16715,Соболева: 8 сет | Ижевск: 18 сет | Елизаветенское шоссе: 10 сет | Санкт-Петербург (Ярослава Гашека): 9 сет | Уфа: 36 сет | Бисертская: 2 сет | Парина: 22 сет,105.0,data\product_images\dcb46abf1db5.png,9.0,0.0,0.0,8.0,22.0,2.0,10.0,0.0,36.0,18.0
Аксессуары,008-м,Полотенце Tennis Team 50x90 Red,Не определен,1490 ₽,https://saletennis.com/catalog/product/polotientsie-tennis-team-50x90-red-18364,Основной склад Екатеринбург: 20 сет | Санкт-Петербург (Спортивная): 2 сет | Соболева: 1 сет | Тюмень (Народная): 2 сет | Бисертская: 5 сет,30.0,data\product_images\5600bc3b3c1c.jpg,0.0,2.0,20.0,1.0,0.0,5.0,0.0,2.0,0.0,0.0
Аксессуары,285525,Виброгаситель Head Pro Damp Jar,Head,243 ₽,https://saletennis.com/catalog/product/vibroghasitiel-head-pro-damp-jar-6702,Соболева: 12 сет | Санкт-Петербург (Спортивная): 2 сет | Парина: 25 сет,39.0,data\product_images\6f01dde8d679.png,0.0,2.0,0.0,12.0,25.0,0.0,0.0,0.0,0.0,0.0
Аксессуары,285631,Овергрип Head Prime Tour 12 pack - Pink,Head,2584 ₽,https://saletennis.com/catalog/product/ovierghrip-head-prime-tour-12-pack-pink-13975,Санкт-Петербург (Спортивная): 2 сет | Тюмень (Народная): 2 сет | Бисертская: 3 сет | Парина: 3 сет | Уфа: 2 сет | Ижевск: 3 сет,15.0,data\product_images\e1b57bbacdfe.png,0.0,2.0,0.0,0.0,3.0,3.0,0.0,2.0,2.0,3.0
Аксессуары,100,"Брелок мячик в ассортименте (Pink, Purple, Green)",Не определен,250 ₽,https://saletennis.com/catalog/product/brielok-miachik-v-assortimientie-pink-purple-green-6358,Санкт-Петербург (Спортивная): 1 сет | Уфа: 6 сет | Ижевск: 2 сет,9.0,data\product_images\9130ccaa02ff.png,0.0,1.0,0.0,0.0,0.0,0.0,0.0,0.0,6.0,2.0
Аксессуары,STO76-3WH,Овергрип 7/6 Super Tacky - White 3 pk,7/6,690 ₽,https://saletennis.com/catalog/product/ovierghrip-7-6-super-tacky-white-3-pk-14378,Ижевск: 3 сет,3.0,data\product_images\6d415a98feed.png,0.0,0.0,0.0,0.0,0.0,0.0,0.0,0.0,0.0,3.0
Аксессуары,WR8405001001,Виброгаситель Wilson Animal Dampener,Wilson,400 ₽,https://saletennis.com/catalog/product/vibroghasitiel-wilson-animal-dampener-12497,Тюмень (Народная): 7 сет | Бисертская: 30 сет | Соболева: 21 сет | Санкт-Петербург (Спортивная): 25 сет | Ижевск: 16 сет | Уфа: 16 сет | Парина: 34 сет | Тюмень: 14 сет,163.0,data\product_images\6c4905e2b02e.jpg,0.0,25.0,0.0,21.0,34.0,30.0,0.0,21.0,16.0,16.0
Аксессуары,WR8441701001,Протектор Wilson Blade 98 Pro 18x20 V9.0,Wilson,2017 ₽,https://saletennis.com/catalog/product/protiektor-wilson-blade-98-pro-18x20-v9-0-17574,Основной склад Екатеринбург: 17 сет,17.0,data\product_images\7a299f514f1a.png,0.0,0.0,17.0,0.0,0.0,0.0,0.0,0.0,0.0,0.0
Аксессуары,285511-YW,Виброгаситель Head Xtra Damp Yellow,Head,607 ₽,https://saletennis.com/catalog/product/vibroghasitiel-head-xtra-damp-yellow-5758,Тюмень (Народная): 8 сет | Парина: 10 сет | Соболева: 9 сет | Бисертская: 6 сет | Санкт-Петербург (Ярослава Гашека): 2 сет | Уфа: 7 сет | Санкт-Петербург (Спортивная): 15 сет | Ижевск: 7 сет,64.0,data\product_images\cdd36832ea20.png,2.0,15.0,0.0,9.0,10.0,6.0,0.0,8.0,7.0,7.0
Аксессуары,001-YE,Овергрип Solinco Wonder Yellow 1pk,Solinco,300 ₽,https://saletennis.com/catalog/product/ovierghrip-solinco-wonder-yellow-1pk-19123,Парина: 10 сет | Уфа: 5 сет | Тюмень (Народная): 3 сет | Соболева: 2 сет | Бисертская: 1 сет,21.0,data\product_images\8da80d110598.png,0.0,0.0,0.0,2.0,10.0,1.0,0.0,3.0,5.0,0.0
Аксессуары,76WBL-NV,Напульсники 7/6 Wristband Long - Navy,7/6,490 ₽,https://saletennis.com/catalog/product/napul-sniki-7-6-wristband-long-navy-15500,Санкт-Петербург (Ярослава Гашека): 6 сет | Парина: 1 сет | Санкт-Петербург (Спортивная): 17 сет,24.0,data\product_images\1bc32fae8d9c.png,6.0,17.0,0.0,0.0,1.0,0.0,0.0,0.0,0.0,0.0
Аксессуары,710227,Защитная лента Babolat Super Tape black 5pk,Babolat,990 ₽,https://saletennis.com/catalog/product/zashchitnaia-lienta-babolat-super-tape-black-5pk-18903,Санкт-Петербург (Спортивная): 3 сет,3.0,data\product_images\c94ef926e40e.png,0.0,3.0,0.0,0.0,0.0,0.0,0.0,0.0,0.0,0.0
Аксессуары,52ATPPLAWH,Овергрип Tecnifibre Players Pro - White,Tecnifibre,1190 ₽,https://saletennis.com/catalog/product/ovierghrip-tecnifibre-players-pro-white-13420,Парина: 4 сет | Тюмень (Народная): 6 сет | Уфа: 1 сет,11.0,data\product_images\288cc06fad25.png,0.0,0.0,0.0,0.0,4.0,0.0,0.0,6.0,1.0,0.0
Аксессуары,285080-AN,Повязка на голову Head Headband - Antracite,Head,608 ₽,https://saletennis.com/catalog/product/poviazka-na-gholovu-head-headband-antracite-1-13647,Ижевск: 2 сет | Парина: 1 сет | Тюмень (Народная): 1 сет | Санкт-Петербург (Спортивная): 4 сет,8.0,data\product_images\3559b643cd1b.png,0.0,4.0,0.0,0.0,1.0,0.0,0.0,1.0,0.0,2.0
Аксессуары,STO76-3YW,Овергрип 7/6 Super Tacky - Yellow 3 pk,7/6,690 ₽,https://saletennis.com/catalog/product/ovierghrip-7-6-super-tacky-yellow-3-pk-14379,Парина: 13 сет | Ижевск: 8 сет | Санкт-Петербург (Спортивная): 2 сет | Соболева: 10 сет | Тюмень: 1 сет | Уфа: 15 сет | Санкт-Петербург (Ярослава Гашека): 6 сет | Бисертская: 4 сет | Основной склад Екатеринбург: 22 сет | Тюмень (Народная): 9 сет,90.0,data\product_images\6591cfcb2dae.png,6.0,2.0,22.0,10.0,13.0,4.0,0.0,10.0,15.0,8.0
Аксессуары,101-004,"Магнит Milo ""I CAN PLAY IN TOP 10 ATP""",Не определен,300 ₽,https://saletennis.com/catalog/product/maghnit-milo-i-can-play-in-top-10-atp-5418,Санкт-Петербург (Спортивная): 7 сет,7.0,data\product_images\acbd38405496.jpg,0.0,7.0,0.0,0.0,0.0,0.0,0.0,0.0,0.0,0.0
Аксессуары,X0015MP,Трафарет Logo W Stencil для тенниса,Не определен,1207 ₽,https://saletennis.com/catalog/product/trafariet-logo-w-stencil-dlia-tiennisa-9244,Основной склад Екатеринбург: 6 сет,6.0,data\product_images\c1043eaacdc2.png,0.0,0.0,6.0,0.0,0.0,0.0,0.0,0.0,0.0,0.0
Аксессуары,TL-Superman,Виброгаситель Tennis Life Superheroes - Superman,Не определен,200 ₽,https://saletennis.com/catalog/product/vibroghasitiel-tennis-life-superheroes-superman-14189,Парина: 11 сет | Бисертская: 1 сет | Уфа: 5 сет,17.0,data\product_images\27e768281f64.png,0.0,0.0,0.0,0.0,11.0,1.0,0.0,0.0,5.0,0.0
Аксессуары,285005,Виброгаситель Head Sinner Dampener White/Black,Head,608 ₽,https://saletennis.com/catalog/product/vibroghasitiel-head-sinner-dampener-white-black-19268,Санкт-Петербург (Спортивная): 10 сет | Тюмень (Народная): 8 сет | Ижевск: 4 сет | Уфа: 2 сет | Парина: 9 сет | Соболева: 11 сет | Санкт-Петербург (Ярослава Гашека): 1 сет | Бисертская: 15 сет,60.0,data\product_images\95820bfbe3fb.png,1.0,10.0,0.0,11.0,9.0,15.0,0.0,8.0,2.0,4.0
Аксессуары,TC76-GR,Теннисные носки 7/6 Tour Crew - Grey,7/6,790 ₽,https://saletennis.com/catalog/product/tiennisnyie-noski-7-6-tour-crew-grey-17068,34-38: Бисертская - 4 пар | Санкт-Петербург (Спортивная) - 4 пар | Тюмень (Народная) - 6 пар | Соболева - 3 пар | Парина - 2 пар | 38-42: Соболева - 8 пар | Ижевск - 1 пар | Парина - 12 пар | Уфа - 5 пар | Тюмень (Народная) - 10 пар | Санкт-Петербург (Спортивная) - 3 пар | 43-46: Санкт-Петербург (Спортивная) - 11 пар | Парина - 10 пар | Санкт-Петербург (Ярослава Гашека) - 5 пар | Соболева - 12 пар | Елизаветенское шоссе - 5 пар | Ижевск - 3 пар | Уфа - 9 пар | Бисертская - 9 пар,122.0,data\product_images\c070bee7a78d.png,5.0,18.0,0.0,23.0,24.0,13.0,5.0,16.0,14.0,4.0
Аксессуары,WR8436101001,Протектор Wilson Pro Staff 97L/UL V14,Wilson,2017 ₽,https://saletennis.com/catalog/product/protiektor-wilson-pro-staff-97l-ul-v14-17949,Основной склад Екатеринбург: 18 сет | Парина: 1 сет,19.0,data\product_images\55d952095c89.png,0.0,0.0,18.0,0.0,1.0,0.0,0.0,0.0,0.0,0.0
Аксессуары,285712,Овергрип Head Xtremsoft assorty,Head,350 ₽,https://saletennis.com/catalog/product/ovierghrip-head-xtremsoft-assorty-4277,Соболева: 3 сет | Тюмень: 2 сет | Парина: 15 сет | Ижевск: 9 сет | Бисертская: 4 сет | Санкт-Петербург (Спортивная): 26 сет,59.0,data\product_images\8cce022d895c.png,0.0,26.0,0.0,3.0,15.0,4.0,0.0,2.0,0.0,9.0
Аксессуары,S1490008,Носки Bidi Badu No Party No Show Move 3pk - Black,Bidi Badu,676 ₽,https://saletennis.com/catalog/product/noski-bidi-badu-no-party-no-show-move-3pk-black-14538,35-38: Тюмень (Народная) - 2 пар | Парина - 2 пар | Бисертская - 1 пар,5.0,data\product_images\8cb4af44d96c.png,0.0,0.0,0.0,0.0,2.0,1.0,0.0,2.0,0.0,0.0
Аксессуары,STO76-3TB,Овергрип 7/6 Super Tacky - Tiffany Blue 3 pk,7/6,690 ₽,https://saletennis.com/catalog/product/ovierghrip-7-6-super-tacky-tiffany-blue-3-pk-16708,Санкт-Петербург (Ярослава Гашека): 5 сет | Уфа: 8 сет | Парина: 2 сет | Санкт-Петербург (Спортивная): 12 сет,27.0,data\product_images\ba9423ae3b2c.png,5.0,12.0,0.0,0.0,2.0,0.0,0.0,0.0,8.0,0.0
Аксессуары,285515-AS,Виброгаситель Head Pro Damp Mix,Head,607 ₽,https://saletennis.com/catalog/product/vibrogasitel-head-pro-damp-mix-4244-4244,Ижевск: 4 сет | Санкт-Петербург (Ярослава Гашека): 4 сет | Санкт-Петербург (Спортивная): 3 сет | Уфа: 12 сет,23.0,data\product_images\76378c01f01e.png,4.0,3.0,0.0,0.0,0.0,0.0,0.0,0.0,12.0,4.0
Аксессуары,WRZ470800,Грип Wilson Pro Performance Black,Wilson,1045 ₽,https://saletennis.com/catalog/product/grip-wilson-pro-performance-black-6079,Санкт-Петербург (Спортивная): 3 сет | Соболева: 3 сет | Уфа: 1 сет | Тюмень (Народная): 1 сет | Парина: 2 сет,10.0,data\product_images\8bb490eb2cfd.png,0.0,3.0,0.0,3.0,2.0,0.0,0.0,1.0,1.0,0.0
Аксессуары,76WBL-BLACK,Напульсники 7/6 Wristband Long - Black,7/6,490 ₽,https://saletennis.com/catalog/product/napul-sniki-7-6-wristband-long-black-12970,Парина: 9 сет | Бисертская: 5 сет | Ижевск: 8 сет | Санкт-Петербург (Ярослава Гашека): 18 сет | Санкт-Петербург (Спортивная): 23 сет | Уфа: 8 сет | Елизаветенское шоссе: 5 сет | Соболева: 7 сет,83.0,data\product_images\cd01ce86ae8a.jpg,18.0,23.0,0.0,7.0,9.0,5.0,5.0,0.0,8.0,8.0
Аксессуары,285018-WH,Защитная лента Head Protection Tape - White,Head,1207 ₽,https://saletennis.com/catalog/product/zashchitnaia-lienta-head-protection-tape-white-11646,Санкт-Петербург (Спортивная): 16 сет | Бисертская: 3 сет | Ижевск: 5 сет | Соболева: 9 сет | Санкт-Петербург (Ярослава Гашека): 2 сет | Парина: 7 сет | Уфа: 9 сет | Тюмень (Народная): 8 сет,59.0,data\product_images\b638b6d36a99.png,2.0,16.0,0.0,9.0,7.0,3.0,0.0,8.0,9.0,5.0
Аксессуары,285070-OR,Пара напульсников Head 5 Synthetic Wristband - Orange,Head,1094 ₽,https://saletennis.com/catalog/product/para-napul-snikov-head-5-synthetic-wristband-orange-13352,Тюмень (Народная): 6 сет | Соболева: 4 сет | Ижевск: 3 сет | Тюмень: 2 сет | Уфа: 3 сет | Парина: 7 сет | Бисертская: 2 сет | Санкт-Петербург (Спортивная): 9 сет,36.0,data\product_images\c91b52d2d18e.png,0.0,9.0,0.0,4.0,7.0,2.0,0.0,8.0,3.0,3.0
Аксессуары,285661,Овергрип Head Prime Tour 1 шт - Mint,Head,350 ₽,https://saletennis.com/catalog/product/ovierghrip-head-prime-tour-1-sht-mint-13138,Ижевск: 9 сет | Бисертская: 43 сет | Санкт-Петербург (Спортивная): 1 сет | Санкт-Петербург (Ярослава Гашека): 56 сет | Соболева: 21 сет | Парина: 15 сет | Уфа: 22 сет | Тюмень: 15 сет,182.0,data\product_images\40e8c7216f30.png,56.0,1.0,0.0,21.0,15.0,43.0,0.0,15.0,22.0,9.0
Аксессуары,285313,Грип Head Hydrosorb Comfort Black,Head,802 ₽,https://saletennis.com/catalog/product/grip-head-hydrosorb-comfort-black-10622,Бисертская: 1 сет | Парина: 1 сет | Ижевск: 3 сет | Санкт-Петербург (Спортивная): 2 сет | Уфа: 3 сет | Соболева: 2 сет,12.0,data\product_images\d6344df2b085.png,0.0,2.0,0.0,2.0,1.0,1.0,0.0,0.0,3.0,3.0
Аксессуары,285621,Овергрип Head Prime Tour - Mint,Head,721 ₽,https://saletennis.com/catalog/product/ovierghrip-head-prime-tour-mint-13135,Соболева: 4 сет | Ижевск: 8 сет | Санкт-Петербург (Спортивная): 15 сет | Санкт-Петербург (Ярослава Гашека): 3 сет | Бисертская: 5 сет | Уфа: 13 сет | Парина: 4 сет | Тюмень (Народная): 1 сет,53.0,data\product_images\c0e3c3dba548.png,3.0,15.0,0.0,4.0,4.0,5.0,0.0,1.0,13.0,8.0
Аксессуары,WR8403801001,Виброгаситель Wilson Roland Garros Tennis Ball,Wilson,1045 ₽,https://saletennis.com/catalog/product/vibroghasitiel-wilson-roland-garros-tennis-ball-18269,Санкт-Петербург (Спортивная): 1 сет | Парина: 2 сет | Санкт-Петербург (Ярослава Гашека): 1 сет | Соболева: 2 сет,6.0,data\product_images\41298dcb882d.png,1.0,1.0,0.0,2.0,2.0,0.0,0.0,0.0,0.0,0.0
Аксессуары,LT-76,Лента утяжелитель 7/6,7/6,1200 ₽,https://saletennis.com/catalog/product/lienta-utiazhielitiel-7-6-14369,Уфа: 1 сет | Тюмень (Народная): 5 сет | Санкт-Петербург (Ярослава Гашека): 2 сет | Парина: 2 сет | Санкт-Петербург (Спортивная): 7 сет | Тюмень: 3 сет | Ижевск: 4 сет,24.0,data\product_images\7e9de8ec8088.png,2.0,7.0,0.0,0.0,2.0,0.0,0.0,8.0,1.0,4.0
Аксессуары,76VC-BK,Виброгаситель 7/6 Dampener - Court Black,7/6,150 ₽,https://saletennis.com/catalog/product/vibroghasitiel-7-6-dampener-court-black-12965,Тюмень (Народная): 9 сет | Ижевск: 9 сет | Санкт-Петербург (Спортивная): 17 сет | Соболева: 30 сет | Парина: 26 сет | Тюмень: 9 сет | Санкт-Петербург (Ярослава Гашека): 3 сет | Бисертская: 8 сет | Уфа: 35 сет,146.0,data\product_images\a5b556b7e7c9.jpg,3.0,17.0,0.0,30.0,26.0,8.0,0.0,18.0,35.0,9.0
Аксессуары,HR76-AS,Кольцо на ручку ракетки 7/6 assorty,7/6,105 ₽,https://saletennis.com/catalog/product/kol-tso-na-ruchku-rakietki-7-6-assorty-14380,Ижевск: 24 сет | Санкт-Петербург (Спортивная): 62 сет | Тюмень (Народная): 45 сет | Тюмень: 30 сет | Санкт-Петербург (Ярослава Гашека): 47 сет | Бисертская: 48 сет | Соболева: 33 сет | Уфа: 31 сет | Парина: 28 сет,348.0,data\product_images\f19cd01e3aa5.png,47.0,62.0,0.0,33.0,28.0,48.0,0.0,75.0,31.0,24.0
Аксессуары,WRZ4040BK,Овергрип Wilson Pro Soft Overgrip Black 3pk,Wilson,1045 ₽,https://saletennis.com/catalog/product/ovierghrip-wilson-pro-soft-overgrip-black-3pk-5986,Соболева: 6 сет | Бисертская: 3 сет | Парина: 7 сет,16.0,data\product_images\3f174e4aff66.png,0.0,0.0,0.0,6.0,7.0,3.0,0.0,0.0,0.0,0.0
Аксессуары,282010-BW,Грип Head Leather Tour - Brown,Head,2260 ₽,https://saletennis.com/catalog/product/grip-head-leather-tour-brown-13136,Соболева: 5 сет | Парина: 4 сет | Санкт-Петербург (Ярослава Гашека): 2 сет | Тюмень (Народная): 1 сет | Санкт-Петербург (Спортивная): 5 сет,17.0,data\product_images\885b86827754.png,2.0,5.0,0.0,5.0,4.0,0.0,0.0,1.0,0.0,0.0
Аксессуары,51ATPWAMBK,Грип Tecnifibre WAX MAX Grip - Black,Tecnifibre,1290 ₽,https://saletennis.com/catalog/product/grip-tecnifibre-wax-max-grip-black-13514,Санкт-Петербург (Спортивная): 1 сет,1.0,data\product_images\402028f9d292.png,0.0,1.0,0.0,0.0,0.0,0.0,0.0,0.0,0.0,0.0
Аксессуары,76WBL-2OR,Пара напульсников 7/6 Wristband Long - Orange,7/6,1190 ₽,https://saletennis.com/catalog/product/para-napul-snikov-7-6-wristband-long-orange-18239,Бисертская: 1 сет | Санкт-Петербург (Ярослава Гашека): 2 сет | Ижевск: 6 сет | Санкт-Петербург (Спортивная): 3 сет | Парина: 3 сет | Уфа: 6 сет | Тюмень (Народная): 6 сет | Тюмень: 1 сет | Елизаветенское шоссе: 1 сет,29.0,data\product_images\975ce1af7595.png,2.0,3.0,0.0,0.0,3.0,1.0,1.0,7.0,6.0,6.0
Аксессуары,710227-105,Защитная лента Babolat Super Tape black 1pk,Babolat,240 ₽,https://saletennis.com/catalog/product/zashchitnaia-lienta-babolat-super-tape-black-1pk-17505,Тюмень: 3 сет | Парина: 1 сет,4.0,data\product_images\63bfcb38ae03.png,0.0,0.0,0.0,0.0,1.0,0.0,0.0,3.0,0.0,0.0
Аксессуары,WRZ742500,Маркер Wilson Stencil,Wilson,1207 ₽,https://saletennis.com/catalog/product/markier-wilson-stencil-9848,Ижевск: 1 сет | Основной склад Екатеринбург: 11 сет | Санкт-Петербург (Спортивная): 3 сет,15.0,data\product_images\9dda87fcaa11.png,0.0,3.0,11.0,0.0,0.0,0.0,0.0,0.0,0.0,1.0
Аксессуары,SK0118-010,Носки Nike Court Multiplier Cushioned - Black,Nike,2990 ₽,https://saletennis.com/catalog/product/noski-nike-court-multiplier-cushioned-black-9816,34-38: Соболева - 4 упак | Парина - 3 упак | Тюмень (Народная) - 3 упак | Ижевск - 1 упак | 38-42: Соболева - 5 упак | Санкт-Петербург (Спортивная) - 2 упак | Бисертская - 5 упак | Тюмень (Народная) - 2 упак | Парина - 4 упак | Ижевск - 3 упак | 42-46: Парина - 6 упак | Соболева - 9 упак | Бисертская - 6 упак | Уфа - 7 упак | Санкт-Петербург (Спортивная) - 8 упак | Тюмень (Народная) - 9 упак | Санкт-Петербург (Ярослава Гашека) - 1 упак | Тюмень - 5 упак | Ижевск - 12 упак | 46-50: Соболева - 6 упак | Санкт-Петербург (Спортивная) - 3 упак | Ижевск - 3 упак | Тюмень - 4 упак | Тюмень (Народная) - 3 упак | Санкт-Петербург (Ярослава Гашека) - 1 упак | Уфа - 5 упак | Бисертская - 6 упак | Парина - 6 упак,132.0,data\product_images\417225b65cd9.jpg,2.0,13.0,0.0,24.0,19.0,17.0,0.0,26.0,12.0,19.0
Аксессуары,TL76S-BK,Полотенце 7/6 (50*70) - Black,7/6,990 ₽,https://saletennis.com/catalog/product/polotientsie-7-6-50-70-black-17678,Соболева: 3 сет | Санкт-Петербург (Спортивная): 3 сет | Парина: 2 сет | Санкт-Петербург (Ярослава Гашека): 2 сет | Ижевск: 3 сет | Уфа: 3 сет | Елизаветенское шоссе: 3 сет,19.0,data\product_images\352711c1660a.png,2.0,3.0,0.0,3.0,2.0,0.0,3.0,0.0,3.0,3.0
Аксессуары,285104-BK,Овергрип Head Xtremsoft black,Head,850 ₽,https://saletennis.com/catalog/product/ovierghrip-head-xtremsoft-black-4541,Соболева: 11 сет | Ижевск: 11 сет | Бисертская: 12 сет | Парина: 17 сет | Уфа: 9 сет | Санкт-Петербург (Спортивная): 6 сет | Тюмень (Народная): 5 сет,71.0,data\product_images\841f1f1a8dae.png,0.0,6.0,0.0,11.0,17.0,12.0,0.0,5.0,9.0,11.0
Аксессуары,285050-OR,"Пара напульсников Head 2,5 Synthetic Wristband - Orange",Head,689 ₽,https://saletennis.com/catalog/product/para-napul-snikov-head-2-5-synthetic-wristband-orange-12708,Уфа: 1 сет | Санкт-Петербург (Спортивная): 5 сет | Бисертская: 2 сет | Ижевск: 3 сет | Соболева: 6 сет | Тюмень (Народная): 2 сет | Парина: 5 сет,24.0,data\product_images\292cdc593875.png,0.0,5.0,0.0,6.0,5.0,2.0,0.0,2.0,1.0,3.0
Аксессуары,653040,Овергрип Babolat VS Grip Original 3PK - Black,Babolat,990 ₽,https://saletennis.com/catalog/product/ovierghrip-babolat-vs-grip-original-3pk-black-16094,Бисертская: 4 сет | Санкт-Петербург (Ярослава Гашека): 4 сет | Соболева: 3 сет | Санкт-Петербург (Спортивная): 2 сет | Парина: 4 сет,17.0,data\product_images\9a012d68b597.png,4.0,2.0,0.0,3.0,4.0,4.0,0.0,0.0,0.0,0.0
Аксессуары,285104-BL,Овергрип Head Xtremsoft blue,Head,689 ₽,https://saletennis.com/catalog/product/overgrip-head-xtremsoft-blue-4151-4151,Парина: 16 сет | Бисертская: 14 сет | Санкт-Петербург (Спортивная): 23 сет | Соболева: 17 сет | Уфа: 10 сет | Тюмень (Народная): 16 сет | Ижевск: 10 сет | Основной склад Екатеринбург: 12 сет,118.0,data\product_images\e6891823c36a.png,0.0,23.0,12.0,17.0,16.0,14.0,0.0,16.0,10.0,10.0
Аксессуары,285080-BK,Повязка на голову Head Headband - Black,Head,608 ₽,https://saletennis.com/catalog/product/poviazka-na-gholovu-head-headband-black-2-13355,Санкт-Петербург (Спортивная): 2 сет | Ижевск: 1 сет,3.0,data\product_images\a8154687056f.png,0.0,2.0,0.0,0.0,0.0,0.0,0.0,0.0,0.0,1.0
Аксессуары,285070-NV,Пара напульсников Head 5 Synthetic Wristband - Navy,Head,1094 ₽,https://saletennis.com/catalog/product/para-napul-snikov-head-5-synthetic-wristband-navy-1-13351,Санкт-Петербург (Спортивная): 2 сет,2.0,data\product_images\3a9d0667a8ab.png,0.0,2.0,0.0,0.0,0.0,0.0,0.0,0.0,0.0,0.0
Аксессуары,TS76-BK,Теннисные носки 7/6 Tour Sneaker - Black,7/6,590 ₽,https://saletennis.com/catalog/product/tiennisnyie-noski-7-6-tour-sneaker-black-17075,34-38: Елизаветенское шоссе - 3 пар | Бисертская - 4 пар | Санкт-Петербург (Ярослава Гашека) - 5 пар | Уфа - 6 пар | Ижевск - 5 пар | Парина - 12 пар | Тюмень - 3 пар | Соболева - 5 пар | Тюмень (Народная) - 14 пар | 38-42: Ижевск - 8 пар | Санкт-Петербург (Спортивная) - 2 пар | Уфа - 4 пар | Тюмень (Народная) - 4 пар | Основной склад Екатеринбург - 10 пар | Соболева - 13 пар | Санкт-Петербург (Ярослава Гашека) - 3 пар | Бисертская - 8 пар | Парина - 4 пар | Елизаветенское шоссе - 7 пар | 43-46: Тюмень - 6 пар | Соболева - 4 пар | Уфа - 7 пар | Тюмень (Народная) - 9 пар | Санкт-Петербург (Спортивная) - 3 пар | Бисертская - 5 пар | Ижевск - 8 пар | Парина - 8 пар | Санкт-Петербург (Ярослава Гашека) - 5 пар | Основной склад Екатеринбург - 8 пар | Елизаветенское шоссе - 5 пар,188.0,data\product_images\99c57da0cb7b.png,13.0,5.0,18.0,22.0,24.0,17.0,15.0,36.0,17.0,21.0
Аксессуары,700129-100,Виброгаситель Babolat Wimbledon x2,Babolat,990 ₽,https://saletennis.com/catalog/product/vibroghasitiel-babolat-wimbledon-x2-17815,Соболева: 1 сет,1.0,data\product_images\3f8ce5533d61.png,0.0,0.0,0.0,1.0,0.0,0.0,0.0,0.0,0.0,0.0
Аксессуары,001-RD,Овергрип Solinco Wonder Red 1pk,Solinco,300 ₽,https://saletennis.com/catalog/product/ovierghrip-solinco-wonder-red-1pk-19121,Бисертская: 1 сет | Тюмень (Народная): 13 сет | Соболева: 11 сет | Уфа: 8 сет | Тюмень: 2 сет | Парина: 13 сет,48.0,data\product_images\75c05a0fb079.png,0.0,0.0,0.0,11.0,13.0,1.0,0.0,15.0,8.0,0.0
Аксессуары,013,"Аромасаше ""Всегда в игре"" - Yellow",Не определен,590 ₽,https://saletennis.com/catalog/product/aromasashie-vsieghda-v-ighrie-yellow-19528,Ижевск: 1 сет | Тюмень (Народная): 2 сет | Санкт-Петербург (Спортивная): 2 сет | Основной склад Екатеринбург: 4 сет | Парина: 3 сет | Соболева: 3 сет | Бисертская: 3 сет | Санкт-Петербург (Ярослава Гашека): 2 сет,20.0,data\product_images\cad49bfa962c.jpg,2.0,2.0,4.0,3.0,3.0,3.0,0.0,2.0,0.0,1.0
Аксессуары,TQ76-BL,Теннисные носки 7/6 Tour Quater - Blue,7/6,790 ₽,https://saletennis.com/catalog/product/tiennisnyie-noski-7-6-tour-quater-blue-17071,34-38: Соболева - 2 пар | Ижевск - 2 пар | Елизаветенское шоссе - 5 пар | Бисертская - 1 пар | Санкт-Петербург (Спортивная) - 5 пар | 38-42: Тюмень (Народная) - 1 пар | Санкт-Петербург (Спортивная) - 8 пар | Бисертская - 2 пар | Санкт-Петербург (Ярослава Гашека) - 5 пар | Парина - 12 пар | Уфа - 2 пар | Соболева - 5 пар | 43-46: Санкт-Петербург (Спортивная) - 9 пар | Парина - 12 пар | Уфа - 4 пар | Ижевск - 4 пар | Бисертская - 5 пар | Тюмень (Народная) - 5 пар | Елизаветенское шоссе - 4 пар | Соболева - 5 пар | Санкт-Петербург (Ярослава Гашека) - 5 пар,103.0,data\product_images\88b201a4e218.png,10.0,22.0,0.0,12.0,24.0,8.0,9.0,6.0,6.0,6.0
Аксессуары,53FRAIIGDA,Виброгаситель Tecnifiber Damp IGA Strawberry,Не определен,990 ₽,https://saletennis.com/catalog/product/vibroghasitiel-tecnifiber-damp-iga-strawberry-19079,Парина: 2 сет | Соболева: 3 сет | Санкт-Петербург (Спортивная): 4 сет,9.0,data\product_images\f93b48d090e1.png,0.0,4.0,0.0,3.0,2.0,0.0,0.0,0.0,0.0,0.0
Аксессуары,WRZ539000,Виброгаситель Luxilon LXN Grey,Luxilon,990 ₽,https://saletennis.com/catalog/product/vibroghasitiel-luxilon-lxn-grey-6564,Соболева: 6 сет | Парина: 8 сет | Санкт-Петербург (Спортивная): 1 сет | Бисертская: 5 сет,20.0,data\product_images\7e774f0532bf.png,0.0,1.0,0.0,6.0,8.0,5.0,0.0,0.0,0.0,0.0
Аксессуары,76WBL-2GR,Пара напульсников 7/6 Wristband Long - Green,7/6,1190 ₽,https://saletennis.com/catalog/product/para-napul-snikov-7-6-wristband-long-green-18237,Тюмень: 1 сет | Елизаветенское шоссе: 1 сет | Санкт-Петербург (Спортивная): 1 сет | Тюмень (Народная): 3 сет | Парина: 1 сет,7.0,data\product_images\4e52a08143f1.png,0.0,1.0,0.0,0.0,1.0,0.0,1.0,4.0,0.0,0.0
Аксессуары,SL76(1)-WH,Теннисные носки 7/6 Pro - White,7/6,990 ₽,https://saletennis.com/catalog/product/tiennisnyie-noski-7-6-pro-white-17065,34-38: Санкт-Петербург (Ярослава Гашека) - 1 пар | Тюмень - 2 пар | Тюмень (Народная) - 1 пар | Санкт-Петербург (Спортивная) - 15 пар | 38-42: Ижевск - 8 пар | Тюмень - 3 пар | Тюмень (Народная) - 3 пар | Соболева - 1 пар | Основной склад Екатеринбург - 19 пар | Парина - 3 пар | Уфа - 8 пар | Бисертская - 2 пар | Елизаветенское шоссе - 3 пар | Санкт-Петербург (Спортивная) - 9 пар | 43-46: Соболева - 6 пар | Санкт-Петербург (Спортивная) - 4 пар | Бисертская - 3 пар | Санкт-Петербург (Ярослава Гашека) - 9 пар | Елизаветенское шоссе - 4 пар | Ижевск - 2 пар | Парина - 5 пар | Уфа - 3 пар | Основной склад Екатеринбург - 35 пар | Тюмень - 10 пар | Тюмень (Народная) - 6 пар | 46-50: Парина - 8 пар | Санкт-Петербург (Ярослава Гашека) - 4 пар | Бисертская - 7 пар | Соболева - 10 пар | Тюмень (Народная) - 3 пар | Тюмень - 1 пар | Елизаветенское шоссе - 1 пар | Санкт-Петербург (Спортивная) - 5 пар,204.0,data\product_images\ac81e5845985.png,14.0,33.0,54.0,17.0,16.0,12.0,8.0,29.0,11.0,10.0
Аксессуары,001-WH,Овергрип Solinco Wonder White 1pk,Solinco,300 ₽,https://saletennis.com/catalog/product/ovierghrip-solinco-wonder-white-1pk-19122,Парина: 13 сет | Соболева: 6 сет | Тюмень (Народная): 1 сет | Уфа: 2 сет,22.0,data\product_images\926a8e1cde67.png,0.0,0.0,0.0,6.0,13.0,0.0,0.0,1.0,2.0,0.0
Аксессуары,51ATPXFEBK,Грип Tecnifibre X-Tra Feel - Black,Tecnifibre,1190 ₽,https://saletennis.com/catalog/product/grip-tecnifibre-x-tra-feel-black-13235,Парина: 2 сет,2.0,data\product_images\930b37717348.png,0.0,0.0,0.0,0.0,2.0,0.0,0.0,0.0,0.0,0.0
Аксессуары,TL-WW,Виброгаситель Tennis Life Superheroes - Wonder Woman,Не определен,200 ₽,https://saletennis.com/catalog/product/vibroghasitiel-tennis-life-superheroes-wonder-woman-14190,Уфа: 18 сет | Санкт-Петербург (Спортивная): 8 сет | Тюмень (Народная): 6 сет | Ижевск: 2 сет | Соболева: 21 сет | Парина: 22 сет | Бисертская: 22 сет,99.0,data\product_images\a90c5702c41d.png,0.0,8.0,0.0,21.0,22.0,22.0,0.0,6.0,18.0,2.0
Аксессуары,771026001200043,Носки Head Short Crew Black (3 пары),Head,632 ₽,https://saletennis.com/catalog/product/noski-head-short-crew-black-3-pary-8361,35-38: Соболева - 1 упак,1.0,data\product_images\fdd2d3a6f31c.png,0.0,0.0,0.0,1.0,0.0,0.0,0.0,0.0,0.0,0.0
Аксессуары,WRZ4025RD,Овергрип Wilson Profile Overgrip 3PK - Red,Wilson,1045 ₽,https://saletennis.com/catalog/product/ovierghrip-wilson-profile-overgrip-3pk-red-16104,Соболева: 6 сет | Тюмень (Народная): 3 сет | Уфа: 1 сет | Ижевск: 2 сет | Бисертская: 6 сет | Санкт-Петербург (Спортивная): 7 сет | Парина: 11 сет,36.0,data\product_images\3ab52b7bdbd3.png,0.0,7.0,0.0,6.0,11.0,6.0,0.0,3.0,1.0,2.0
Аксессуары,GB-1200,Овергрип для падел ракеток BullPadel Comfort - White,Bullpadel,893 ₽,https://saletennis.com/catalog/product/ovierghrip-dlia-padiel-rakietok-bullpadel-comfort-white-16525,Ижевск: 2 сет | Санкт-Петербург (Спортивная): 6 сет | Уфа: 4 сет | Соболева: 6 сет | Елизаветенское шоссе: 8 сет,26.0,data\product_images\31e4406815fb.png,0.0,6.0,0.0,6.0,0.0,0.0,8.0,0.0,4.0,2.0
Аксессуары,STО76-60WH,Овергрип 7/6 Super Tacky 60 PK - White,7/6,7990 ₽,https://saletennis.com/catalog/product/ovierghrip-7-6-super-tacky-60-pk-white-16700,Уфа: 2 сет | Тюмень (Народная): 2 сет | Парина: 2 сет | Бисертская: 2 сет | Санкт-Петербург (Спортивная): 2 сет | Соболева: 1 сет,11.0,data\product_images\9ff242115807.png,0.0,2.0,0.0,1.0,2.0,2.0,0.0,2.0,2.0,0.0
Аксессуары,101-002,"Магнит Milo ""NICE SHOT""",Не определен,300 ₽,https://saletennis.com/catalog/product/maghnit-milo-nice-shot-5423,Санкт-Петербург (Спортивная): 1 сет,1.0,data\product_images\536e1a3a9cd4.png,0.0,1.0,0.0,0.0,0.0,0.0,0.0,0.0,0.0,0.0
Аксессуары,52ATPCON12,Овергрип Tecnifibre Contact Pro White x1,Tecnifibre,420 ₽,https://saletennis.com/catalog/product/ovierghrip-tecnifibre-contact-pro-white-x1-16483,Тюмень (Народная): 55 сет | Санкт-Петербург (Спортивная): 60 сет | Ижевск: 35 сет | Уфа: 46 сет | Парина: 10 сет,206.0,data\product_images\300dfefb23da.png,0.0,60.0,0.0,0.0,10.0,0.0,0.0,55.0,46.0,35.0
Аксессуары,285088-BK,Овергрип Head Super Comp black,Head,750 ₽,https://saletennis.com/catalog/product/overgrip-head-super-comp-black-47-47,Парина: 4 сет | Тюмень (Народная): 4 сет | Санкт-Петербург (Спортивная): 22 сет | Уфа: 12 сет | Ижевск: 10 сет | Соболева: 2 сет,54.0,data\product_images\31d2c2b60fc0.png,0.0,22.0,0.0,2.0,4.0,0.0,0.0,4.0,12.0,10.0
Аксессуары,WR8441601001,Протектор Wilson Blade 98 Pro 16x19 V9.0,Wilson,2017 ₽,https://saletennis.com/catalog/product/protiektor-wilson-blade-98-pro-16x19-v9-0-17573,Основной склад Екатеринбург: 5 сет,5.0,data\product_images\3c8ddec04d91.png,0.0,0.0,5.0,0.0,0.0,0.0,0.0,0.0,0.0,0.0
Аксессуары,WR8912601001,Брелок Wilson Silicone Ball Keychain,Wilson,802 ₽,https://saletennis.com/catalog/product/brielok-wilson-silicone-ball-keychain-19075,Соболева: 1 сет | Санкт-Петербург (Спортивная): 4 сет,5.0,data\product_images\ddbe8d16b331.jpg,0.0,4.0,0.0,1.0,0.0,0.0,0.0,0.0,0.0,0.0
Аксессуары,TS76-WH,Теннисные носки 7/6 Tour Sneaker - White,7/6,590 ₽,https://saletennis.com/catalog/product/tiennisnyie-noski-7-6-tour-sneaker-white-17076,34-38: Тюмень (Народная) - 8 пар | Ижевск - 3 пар | Санкт-Петербург (Ярослава Гашека) - 12 пар | Санкт-Петербург (Спортивная) - 22 пар | 38-42: Парина - 4 пар | Тюмень (Народная) - 6 пар | Соболева - 10 пар | Елизаветенское шоссе - 14 пар | Основной склад Екатеринбург - 45 пар | Бисертская - 8 пар | Санкт-Петербург (Ярослава Гашека) - 6 пар | Санкт-Петербург (Спортивная) - 24 пар | Ижевск - 14 пар | 43-46: Санкт-Петербург (Ярослава Гашека) - 15 пар | Санкт-Петербург (Спортивная) - 3 пар | Соболева - 2 пар | Тюмень (Народная) - 2 пар | Елизаветенское шоссе - 4 пар | Парина - 3 пар | Ижевск - 5 пар,210.0,data\product_images\09c72b8bfa3c.png,33.0,49.0,45.0,12.0,7.0,8.0,18.0,16.0,0.0,22.0
Аксессуары,76WB-2PK,Пара напульсников 7/6 Wristband - Pink,7/6,990 ₽,https://saletennis.com/catalog/product/para-napul-snikov-7-6-wristband-pink-18236,Уфа: 1 сет | Соболева: 2 сет | Ижевск: 3 сет | Санкт-Петербург (Спортивная): 2 сет | Тюмень: 1 сет | Санкт-Петербург (Ярослава Гашека): 2 сет,11.0,data\product_images\e327719818ea.png,2.0,2.0,0.0,2.0,0.0,0.0,0.0,1.0,1.0,3.0
Аксессуары,WRZ470810,Овергрип Wilson Pro Overgrip Blade Green 3 pk,Wilson,1045 ₽,https://saletennis.com/catalog/product/ovierghrip-wilson-pro-overgrip-blade-green-3-pk-5835,Соболева: 3 сет | Парина: 5 сет,8.0,data\product_images\63609ce4b81d.jpg,0.0,0.0,0.0,3.0,5.0,0.0,0.0,0.0,0.0,0.0
Аксессуары,10-1,Брелок Padel Nox ball green,Nox,790 ₽,https://saletennis.com/catalog/product/brielok-padel-nox-ball-green-18919,Санкт-Петербург (Спортивная): 1 сет,1.0,data\product_images\045fb81ba549.png,0.0,1.0,0.0,0.0,0.0,0.0,0.0,0.0,0.0,0.0
Аксессуары,653052,Овергрип Babolat My Grip Black/Blue/White,Babolat,790 ₽,https://saletennis.com/catalog/product/ovierghrip-babolat-my-grip-black-blue-white-15894,Санкт-Петербург (Спортивная): 2 сет | Парина: 1 сет | Санкт-Петербург (Ярослава Гашека): 2 сет,5.0,data\product_images\c986762858b1.png,2.0,2.0,0.0,0.0,1.0,0.0,0.0,0.0,0.0,0.0
Аксессуары,285104-YW,Овергрип Head Xtremsoft yellow,Head,689 ₽,https://saletennis.com/catalog/product/overgrip-head-xtremsoft-yellow-401-401,Бисертская: 12 сет | Основной склад Екатеринбург: 24 сет | Соболева: 16 сет | Санкт-Петербург (Спортивная): 12 сет | Ижевск: 11 сет | Парина: 7 сет | Уфа: 6 сет | Тюмень (Народная): 8 сет,96.0,data\product_images\9070cea5c52e.png,0.0,12.0,24.0,16.0,7.0,12.0,0.0,8.0,6.0,11.0
Аксессуары,002,Полотенце Saletennis.com 70x140,Saletennis,1990 ₽,https://saletennis.com/catalog/product/polotientsie-saletennis-com-70x140-4917,Тюмень (Народная): 4 сет | Бисертская: 5 сет | Санкт-Петербург (Ярослава Гашека): 1 сет | Основной склад Екатеринбург: 141 сет | Уфа: 12 сет | Тюмень: 9 сет | Парина: 5 сет | Санкт-Петербург (Спортивная): 9 сет | Соболева: 7 сет | Ижевск: 8 сет,201.0,data\product_images\4195c87989f3.png,1.0,9.0,141.0,7.0,5.0,5.0,0.0,13.0,12.0,8.0
Аксессуары,76WB-2LG,Пара напульсников 7/6 Wristband - Light grey,7/6,990 ₽,https://saletennis.com/catalog/product/para-napul-snikov-7-6-wristband-light-grey-18234,Тюмень: 2 сет | Санкт-Петербург (Ярослава Гашека): 2 сет | Уфа: 4 сет | Санкт-Петербург (Спортивная): 2 сет | Тюмень (Народная): 4 сет,14.0,data\product_images\a198673312b5.png,2.0,2.0,0.0,0.0,0.0,0.0,0.0,6.0,4.0,0.0
Аксессуары,285014,Грип Head Hydrosorb Mix,Head,802 ₽,https://saletennis.com/catalog/product/grip-head-hydrosorb-mix-13959,Санкт-Петербург (Ярослава Гашека): 1 сет | Санкт-Петербург (Спортивная): 2 сет | Уфа: 1 сет | Тюмень (Народная): 1 сет,5.0,data\product_images\d3d20fce5168.png,1.0,2.0,0.0,0.0,0.0,0.0,0.0,1.0,1.0,0.0
Аксессуары,76HB-BL,Повязка на голову 7/6 Headband - Black,Head,500 ₽,https://saletennis.com/catalog/product/poviazka-na-gholovu-7-6-headband-black-11749,Ижевск: 2 сет | Санкт-Петербург (Ярослава Гашека): 2 сет | Санкт-Петербург (Спортивная): 6 сет | Тюмень: 1 сет,11.0,data\product_images\e68fa2d90e0d.jpg,2.0,6.0,0.0,0.0,0.0,0.0,0.0,1.0,0.0,2.0
Аксессуары,WR8442301001,Протектор Wilson Shift 99/99L V1.0,Wilson,2017 ₽,https://saletennis.com/catalog/product/protiektor-wilson-shift-99-99l-v1-0-16235,Основной склад Екатеринбург: 1 сет,1.0,data\product_images\c4928f0624da.png,0.0,0.0,1.0,0.0,0.0,0.0,0.0,0.0,0.0,0.0
Аксессуары,700032,Виброгаситель Babolat Flag Damp x2 - White/Pink,Babolat,680 ₽,https://saletennis.com/catalog/product/vibroghasitiel-babolat-flag-damp-x2-white-pink-12222,Парина: 1 сет | Соболева: 2 сет,3.0,data\product_images\13f84b8026ff.jpg,0.0,0.0,0.0,2.0,1.0,0.0,0.0,0.0,0.0,0.0
Аксессуары,653040-105,Овергрип Babolat VS Original 3pk - Black,Babolat,990 ₽,https://saletennis.com/catalog/product/ovierghrip-babolat-vs-original-3pk-black-19071,Парина: 6 сет | Санкт-Петербург (Спортивная): 6 сет,12.0,data\product_images\c875fa5d81d0.png,0.0,6.0,0.0,0.0,6.0,0.0,0.0,0.0,0.0,0.0
Аксессуары,285070-AN,Пара напульсников Head 5 Synthetic Wristband - Anthracite,Head,1094 ₽,https://saletennis.com/catalog/product/para-napul-snikov-head-5-synthetic-wristband-anthracite-13449,Тюмень (Народная): 1 сет | Санкт-Петербург (Спортивная): 4 сет | Тюмень: 2 сет,7.0,data\product_images\04126540a909.png,0.0,4.0,0.0,0.0,0.0,0.0,0.0,3.0,0.0,0.0
Аксессуары,WR8442401001,Протектор Wilson Shift 99 Pro V1.0,Wilson,2017 ₽,https://saletennis.com/catalog/product/protiektor-wilson-shift-99-pro-v1-0-16865,Парина: 1 сет,1.0,data\product_images\6de62275f5db.png,0.0,0.0,0.0,0.0,1.0,0.0,0.0,0.0,0.0,0.0
Аксессуары,285050-BK,"Пара напульсников Head 2,5 Synthetic Wristband - Black",Head,689 ₽,https://saletennis.com/catalog/product/para-napul-snikov-head-2-5-synthetic-wristband-black-13343,Санкт-Петербург (Спортивная): 3 сет | Соболева: 1 сет | Парина: 1 сет,5.0,data\product_images\2ded4583ea47.png,0.0,3.0,0.0,1.0,1.0,0.0,0.0,0.0,0.0,0.0
Аксессуары,285070-WH,Пара напульсников Head 5 Synthetic Wristband - White,Head,1094 ₽,https://saletennis.com/catalog/product/para-napul-snikov-head-5-synthetic-wristband-white-1-13354,Санкт-Петербург (Спортивная): 2 сет | Парина: 2 сет | Соболева: 1 сет,5.0,data\product_images\b39e55162510.png,0.0,2.0,0.0,1.0,2.0,0.0,0.0,0.0,0.0,0.0
Аксессуары,101-026,"Магнит Milo ""WHY SO SERIOUS?""",Не определен,300 ₽,https://saletennis.com/catalog/product/maghnit-milo-why-so-serious-5621,Санкт-Петербург (Спортивная): 1 сет,1.0,data\product_images\7fc77e12cd58.png,0.0,1.0,0.0,0.0,0.0,0.0,0.0,0.0,0.0,0.0
Аксессуары,285088-BL,Овергрип Head Super Comp blue,Head,524 ₽,https://saletennis.com/catalog/product/overgrip-head-super-comp-blue-779-779,Основной склад Екатеринбург: 36 сет | Бисертская: 8 сет | Парина: 10 сет | Ижевск: 8 сет | Тюмень (Народная): 29 сет | Уфа: 9 сет | Соболева: 8 сет | Санкт-Петербург (Спортивная): 36 сет,144.0,data\product_images\ac135deecd5f.png,0.0,36.0,36.0,8.0,10.0,8.0,0.0,29.0,9.0,8.0
Аксессуары,670063,Грип Babolat Natural Dry&Thin,Babolat,3990 ₽,https://saletennis.com/catalog/product/grip-babolat-natural-dry-thin-6826,Парина: 1 сет,1.0,data\product_images\6cb5e9a48ccf.png,0.0,0.0,0.0,0.0,1.0,0.0,0.0,0.0,0.0,0.0
Аксессуары,WRZ4025BK,Овергрип Wilson Profile Overgrip black 3 pk,Wilson,1045 ₽,https://saletennis.com/catalog/product/overgrip-wilson-profile-overgrip-black-3-pk-2891-2891,Бисертская: 3 сет | Тюмень (Народная): 2 сет | Ижевск: 1 сет | Соболева: 5 сет | Уфа: 2 сет | Парина: 4 сет,17.0,data\product_images\8ab8ac89a627.jpg,0.0,0.0,0.0,5.0,4.0,3.0,0.0,2.0,2.0,1.0
Аксессуары,002-1,Полотенце Saletennis.com 50x90 - Grey,Saletennis,1490 ₽,https://saletennis.com/catalog/product/polotientsie-saletennis-com-50x90-grey-16801,Уфа: 4 сет | Санкт-Петербург (Спортивная): 2 сет | Парина: 3 сет | Ижевск: 2 сет | Основной склад Екатеринбург: 49 сет | Санкт-Петербург (Ярослава Гашека): 1 сет,61.0,data\product_images\3232a40eee3d.png,1.0,2.0,49.0,0.0,3.0,0.0,0.0,0.0,4.0,2.0
Аксессуары,4C32-522,Носки 7/6 Ankle Socks Black,7/6,490 ₽,https://saletennis.com/catalog/product/noski-7-6-ankle-socks-black-10436,28-30: Тюмень (Народная) - 19 пар | Тюмень - 15 пар | Бисертская - 19 пар | Санкт-Петербург (Спортивная) - 11 пар | Санкт-Петербург (Ярослава Гашека) - 7 пар | Ижевск - 4 пар | Соболева - 15 пар | Уфа - 12 пар | Парина - 9 пар | 31-34: Тюмень - 13 пар | Тюмень (Народная) - 2 пар | Основной склад Екатеринбург - 9 пар | Уфа - 4 пар | Бисертская - 30 пар | 45-47: Соболева - 1 пар,170.0,data\product_images\f7baef42ef69.jpg,7.0,11.0,9.0,16.0,9.0,49.0,0.0,49.0,16.0,4.0
Аксессуары,288435-10,Комплект ручки Head (кроме серии Speed) № 1,Head,478 ₽,https://saletennis.com/catalog/product/kompliekt-ruchki-head-kromie-sierii-speed-1-15810,Основной склад Екатеринбург: 6 сет,6.0,data\product_images\80dc0564e6f7.png,0.0,0.0,6.0,0.0,0.0,0.0,0.0,0.0,0.0,0.0
Аксессуары,TL-Deadpool,Виброгаситель Tennis Life Superheroes - Deadpool,Не определен,200 ₽,https://saletennis.com/catalog/product/vibroghasitiel-tennis-life-superheroes-deadpool-14185,Парина: 4 сет | Тюмень (Народная): 4 сет | Соболева: 2 сет | Бисертская: 8 сет,18.0,data\product_images\bb966aac9801.png,0.0,0.0,0.0,2.0,4.0,8.0,0.0,4.0,0.0,0.0
Аксессуары,653048-105,Овергрип Babolat Pro Response X 3 Black,Babolat,990 ₽,https://saletennis.com/catalog/product/ovierghrip-babolat-pro-response-x-3-black-10111,Парина: 3 сет | Тюмень (Народная): 1 сет,4.0,data\product_images\66e44722278a.png,0.0,0.0,0.0,0.0,3.0,0.0,0.0,1.0,0.0,0.0
Аксессуары,653040-101,Овергрип Babolat VS Original 3pk - White,Babolat,990 ₽,https://saletennis.com/catalog/product/ovierghrip-babolat-vs-original-3pk-white-19072,Санкт-Петербург (Спортивная): 6 сет,6.0,data\product_images\79f301f68e58.png,0.0,6.0,0.0,0.0,0.0,0.0,0.0,0.0,0.0,0.0
Аксессуары,811904-BKW,Носки Head Performance - Black/White (3 пары),Head,1612 ₽,https://saletennis.com/catalog/product/noski-head-performance-black-white-3-pary-14924,35-38: Санкт-Петербург (Спортивная) - 6 упак | 39-42: Ижевск - 2 упак | Тюмень (Народная) - 2 упак | Парина - 1 упак | Уфа - 2 упак,13.0,data\product_images\c512040abd08.png,0.0,6.0,0.0,0.0,1.0,0.0,0.0,2.0,2.0,2.0
Аксессуары,WR8404801001,Виброгаситель Wilson Bowl O' Fun,Wilson,243 ₽,https://saletennis.com/catalog/product/vibrogasitel-wilson-bowl-o-fun-18-18,Соболева: 153 сет | Бисертская: 83 сет | Тюмень (Народная): 129 сет | Уфа: 133 сет | Парина: 267 сет | Санкт-Петербург (Спортивная): 76 сет | Ижевск: 53 сет,894.0,data\product_images\c3dbfa6118cd.png,0.0,76.0,0.0,153.0,267.0,83.0,0.0,129.0,133.0,53.0
Аксессуары,A1450001-PK,Пара напульсников Bidi Badu Lil Move Short - Pink,Bidi Badu,636 ₽,https://saletennis.com/catalog/product/para-napul-snikov-bidi-badu-lil-move-short-pink-15783,Ижевск: 1 сет,1.0,data\product_images\fb39947f6093.png,0.0,0.0,0.0,0.0,0.0,0.0,0.0,0.0,0.0,1.0
Аксессуары,WRG074000,Протектор Wilson Clash 100/100L/100UL V2.0,Wilson,2017 ₽,https://saletennis.com/catalog/product/protiektor-wilson-clash-100-100l-100ul-v2-0-16234,Основной склад Екатеринбург: 5 сет,5.0,data\product_images\62ce388bc424.png,0.0,0.0,5.0,0.0,0.0,0.0,0.0,0.0,0.0,0.0
Аксессуары,WRG044800,Протектор Wilson Burn 100S/100LS/100ULS V4.0,Wilson,2017 ₽,https://saletennis.com/catalog/product/protiektor-wilson-burn-100s-100ls-100uls-v4-0-18070,Основной склад Екатеринбург: 6 сет,6.0,data\product_images\217e80e1fef1.png,0.0,0.0,6.0,0.0,0.0,0.0,0.0,0.0,0.0,0.0
Аксессуары,101-021,"Магнит Milo ""NOT EVERYONE CAN BE #1""",Не определен,300 ₽,https://saletennis.com/catalog/product/maghnit-milo-not-everyone-can-be-1-5424,Санкт-Петербург (Спортивная): 1 сет,1.0,data\product_images\b2758fc97b72.png,0.0,1.0,0.0,0.0,0.0,0.0,0.0,0.0,0.0,0.0
Аксессуары,285050-AN,"Пара напульсников Head 2,5 Synthetic Wristband - Anthracite",Head,689 ₽,https://saletennis.com/catalog/product/para-napul-snikov-head-2-5-synthetic-wristband-anthracite-13448,Парина: 3 сет | Соболева: 3 сет | Бисертская: 1 сет | Санкт-Петербург (Спортивная): 8 сет,15.0,data\product_images\490f267d5caf.png,0.0,8.0,0.0,3.0,3.0,1.0,0.0,0.0,0.0,0.0
Аксессуары,4C31-522,Носки 7/6 Socks Black,7/6,490 ₽,https://saletennis.com/catalog/product/noski-7-6-socks-black-10438,28-30: Основной склад Екатеринбург - 8 пар | Бисертская - 45 пар | Тюмень (Народная) - 20 пар | Санкт-Петербург (Спортивная) - 14 пар | Тюмень - 13 пар | Уфа - 14 пар | Парина - 19 пар | Соболева - 8 пар | Санкт-Петербург (Ярослава Гашека) - 10 пар | Ижевск - 12 пар | 31-34: Бисертская - 11 пар | Санкт-Петербург (Спортивная) - 1 пар | Соболева - 1 пар | Тюмень - 12 пар | Парина - 1 пар | Тюмень (Народная) - 7 пар | 36-38: Тюмень (Народная) - 8 пар | Ижевск - 2 пар | Тюмень - 10 пар | Соболева - 6 пар,222.0,data\product_images\122e7e221051.jpg,10.0,15.0,8.0,15.0,20.0,56.0,0.0,70.0,14.0,14.0
Аксессуары,653048-101,Овергрип Babolat Pro Response X 3 White,Babolat,990 ₽,https://saletennis.com/catalog/product/ovierghrip-babolat-pro-response-x-3-white-10112,Санкт-Петербург (Спортивная): 1 сет | Парина: 3 сет,4.0,data\product_images\1d68414032a5.jpg,0.0,1.0,0.0,0.0,3.0,0.0,0.0,0.0,0.0,0.0
Аксессуары,001-PK,Овергрип Solinco Wonder Pink 1pk,Solinco,300 ₽,https://saletennis.com/catalog/product/ovierghrip-solinco-wonder-pink-1pk-19120,Парина: 13 сет | Уфа: 6 сет | Соболева: 6 сет | Бисертская: 6 сет,31.0,data\product_images\82fda3c4390c.png,0.0,0.0,0.0,6.0,13.0,6.0,0.0,0.0,6.0,0.0
Аксессуары,285018-BK,Защитная лента Head Protection Tape - Black,Head,1207 ₽,https://saletennis.com/catalog/product/zashchitnaia-lienta-head-protection-tape-black-1-11645,Тюмень (Народная): 5 сет | Уфа: 4 сет | Бисертская: 7 сет | Санкт-Петербург (Ярослава Гашека): 2 сет | Соболева: 4 сет | Ижевск: 5 сет | Парина: 5 сет,32.0,data\product_images\ae821c66f8c7.png,2.0,0.0,0.0,4.0,5.0,7.0,0.0,5.0,4.0,5.0
Аксессуары,76HB-BLUE,Повязка на голову 7/6 Headband - Navy,Head,500 ₽,https://saletennis.com/catalog/product/poviazka-na-gholovu-7-6-headband-navy-15805,Санкт-Петербург (Ярослава Гашека): 7 сет | Санкт-Петербург (Спортивная): 14 сет | Соболева: 3 сет | Ижевск: 2 сет | Тюмень: 1 сет,27.0,data\product_images\af4a7b5fddba.png,7.0,14.0,0.0,3.0,0.0,0.0,0.0,1.0,0.0,2.0
Аксессуары,WRG1645114,Заглушка ручки Wilson BLDV9/CLSHV2/PSV14 Size 1,Wilson,2422 ₽,https://saletennis.com/catalog/product/zaghlushka-ruchki-wilson-bldv9-clshv2-psv14-size-1-18062,Основной склад Екатеринбург: 6 сет,6.0,data\product_images\91c052f7399a.png,0.0,0.0,6.0,0.0,0.0,0.0,0.0,0.0,0.0,0.0
Аксессуары,285050-BL,"Пара напульсников Head 2,5 Synthetic Wristband - Blue",Head,689 ₽,https://saletennis.com/catalog/product/para-napul-snikov-head-2-5-synthetic-wristband-blue-13344,Ижевск: 3 сет | Санкт-Петербург (Спортивная): 3 сет | Бисертская: 2 сет | Уфа: 3 сет | Парина: 2 сет | Соболева: 5 сет,18.0,data\product_images\ac7dac1d7b3a.png,0.0,3.0,0.0,5.0,2.0,2.0,0.0,0.0,3.0,3.0
Аксессуары,TC76-BK,Теннисные носки 7/6 Tour Crew - Black,7/6,790 ₽,https://saletennis.com/catalog/product/tiennisnyie-noski-7-6-tour-crew-black-17066,34-38: Тюмень (Народная) - 8 пар | Уфа - 6 пар | Бисертская - 5 пар | Санкт-Петербург (Спортивная) - 8 пар | Елизаветенское шоссе - 5 пар | Парина - 6 пар | Санкт-Петербург (Ярослава Гашека) - 5 пар | Тюмень - 3 пар | Соболева - 4 пар | 38-42: Бисертская - 7 пар | Санкт-Петербург (Спортивная) - 9 пар | Тюмень - 3 пар | Санкт-Петербург (Ярослава Гашека) - 5 пар | Уфа - 5 пар | Парина - 7 пар | Елизаветенское шоссе - 3 пар | Тюмень (Народная) - 11 пар | Соболева - 9 пар | 43-46: Уфа - 7 пар | Ижевск - 1 пар | Санкт-Петербург (Ярослава Гашека) - 5 пар | Бисертская - 7 пар | Тюмень - 5 пар | Санкт-Петербург (Спортивная) - 12 пар | Парина - 7 пар | Тюмень (Народная) - 7 пар | Соболева - 8 пар | 46-50: Тюмень (Народная) - 3 пар | Парина - 6 пар | Санкт-Петербург (Спортивная) - 7 пар | Санкт-Петербург (Ярослава Гашека) - 5 пар | Елизаветенское шоссе - 6 пар | Бисертская - 4 пар | Соболева - 7 пар,206.0,data\product_images\a54ad25390a5.png,20.0,36.0,0.0,28.0,26.0,23.0,14.0,40.0,18.0,1.0
Аксессуары,WR8446502001,Овергрип Wilson Absorbx Overgrip - 3pk - Black,Wilson,1045 ₽,https://saletennis.com/catalog/product/ovierghrip-wilson-absorbx-overgrip-3pk-black-18270,Парина: 4 сет | Соболева: 6 сет | Тюмень (Народная): 2 сет,12.0,data\product_images\dbd72553a0d2.png,0.0,0.0,0.0,6.0,4.0,0.0,0.0,2.0,0.0,0.0
Аксессуары,285907-50,Колпачек на ручку ракетки Head №5,Head,478 ₽,https://saletennis.com/catalog/product/kolpachiek-na-ruchku-rakietki-head-5-13949,Основной склад Екатеринбург: 3 сет,3.0,data\product_images\5e39d4223b4e.png,0.0,0.0,3.0,0.0,0.0,0.0,0.0,0.0,0.0,0.0
Аксессуары,978-5-906254-94-8,Теннис. Иллюстрированная библия великой игры,Не определен,1990 ₽,https://saletennis.com/catalog/product/tiennis-illiustrirovannaia-bibliia-vielikoi-ighry-16755,Ижевск: 1 сет,1.0,data\product_images\66e399ad9557.png,0.0,0.0,0.0,0.0,0.0,0.0,0.0,0.0,0.0,1.0
Аксессуары,285515-BL,Виброгаситель Head Pro Damp Blue,Head,487 ₽,https://saletennis.com/catalog/product/vibrogasitel-head-pro-damp-blue-4243-4243,Основной склад Екатеринбург: 24 сет | Санкт-Петербург (Ярослава Гашека): 2 сет | Бисертская: 5 сет | Соболева: 7 сет | Санкт-Петербург (Спортивная): 18 сет | Тюмень (Народная): 7 сет | Уфа: 4 сет | Парина: 6 сет | Ижевск: 6 сет,79.0,data\product_images\efd3e6493de7.png,2.0,18.0,24.0,7.0,6.0,5.0,0.0,7.0,4.0,6.0
Аксессуары,285303,Грип Head Hydrosorb Pro Teal,Head,802 ₽,https://saletennis.com/catalog/product/grip-head-hydrosorb-pro-teal-13969,Санкт-Петербург (Ярослава Гашека): 2 сет | Санкт-Петербург (Спортивная): 7 сет | Соболева: 1 сет | Ижевск: 3 сет | Бисертская: 3 сет | Уфа: 3 сет,19.0,data\product_images\705246831391.png,2.0,7.0,0.0,1.0,0.0,3.0,0.0,0.0,3.0,3.0
Аксессуары,WR8448401001,Виброгаситель Wilson Pro Feel Dampeners 2PK - Ultra v5.0,Wilson,1045 ₽,https://saletennis.com/catalog/product/vibroghasitiel-wilson-pro-feel-dampeners-2pk-ultra-v5-0-18048,Ижевск: 3 сет | Бисертская: 3 сет | Парина: 4 сет | Соболева: 1 сет | Тюмень (Народная): 2 сет | Уфа: 4 сет,17.0,data\product_images\34a15df7ae74.png,0.0,0.0,0.0,1.0,4.0,3.0,0.0,2.0,4.0,3.0
Аксессуары,76WB-2GR,Пара напульсников 7/6 Wristband - Green,7/6,990 ₽,https://saletennis.com/catalog/product/para-napul-snikov-7-6-wristband-green-18233,Тюмень (Народная): 8 сет | Тюмень: 2 сет | Уфа: 4 сет | Санкт-Петербург (Спортивная): 3 сет | Ижевск: 2 сет,19.0,data\product_images\a2ac75528fda.png,0.0,3.0,0.0,0.0,0.0,0.0,0.0,10.0,4.0,2.0
Аксессуары,WRG1644112,Заглушка ручки Wilson Infrared Cap&Trap non-ps Size 2,Wilson,2422 ₽,https://saletennis.com/catalog/product/zaghlushka-ruchki-wilson-infrared-cap-trap-non-ps-size-2-18068,Основной склад Екатеринбург: 2 сет,2.0,data\product_images\0693e61a39f7.png,0.0,0.0,2.0,0.0,0.0,0.0,0.0,0.0,0.0,0.0
Аксессуары,VD76-AS,Виброгаситель 7/6 Dampener Assorted 1pk,7/6,150 ₽,https://saletennis.com/catalog/product/vibroghasitiel-7-6-dampener-assorted-1pk-14366,Ижевск: 3 сет | Санкт-Петербург (Ярослава Гашека): 40 сет | Тюмень: 13 сет | Уфа: 2 сет | Соболева: 1 сет | Санкт-Петербург (Спортивная): 17 сет,76.0,data\product_images\ab3126f03564.png,40.0,17.0,0.0,1.0,0.0,0.0,0.0,13.0,2.0,3.0
Аксессуары,288011-SI,Виброгаситель Head Smartsorb Silver,Head,559 ₽,https://saletennis.com/catalog/product/vibroghasitiel-head-smartsorb-silver-10926,Тюмень (Народная): 1 сет | Санкт-Петербург (Спортивная): 14 сет | Уфа: 7 сет | Бисертская: 3 сет | Ижевск: 4 сет | Соболева: 4 сет | Парина: 4 сет,37.0,data\product_images\acbeb7d46942.png,0.0,14.0,0.0,4.0,4.0,3.0,0.0,1.0,7.0,4.0
Аксессуары,WR8441301001,Протектор Wilson Blade 98 18x20 V9.0,Wilson,2017 ₽,https://saletennis.com/catalog/product/protiektor-wilson-blade-98-18x20-v9-0-16233,Соболева: 1 сет | Основной склад Екатеринбург: 20 сет | Парина: 1 сет,22.0,data\product_images\362ef619711f.png,0.0,0.0,20.0,1.0,1.0,0.0,0.0,0.0,0.0,0.0
Аксессуары,285104-WH,Овергрип Head Xtremsoft white,Head,689 ₽,https://saletennis.com/catalog/product/overgrip-head-xtremsoft-white-219-219,Бисертская: 3 сет | Санкт-Петербург (Спортивная): 12 сет | Ижевск: 7 сет | Соболева: 1 сет | Парина: 9 сет | Уфа: 5 сет | Тюмень (Народная): 2 сет,39.0,data\product_images\b50355a17858.png,0.0,12.0,0.0,1.0,9.0,3.0,0.0,2.0,5.0,7.0
Аксессуары,STO76-3RD,Овергрип 7/6 Super Tacky - Purple 3 pk,7/6,690 ₽,https://saletennis.com/catalog/product/ovierghrip-7-6-super-tacky-purple-3-pk-16704,Санкт-Петербург (Ярослава Гашека): 6 сет | Уфа: 6 сет | Ижевск: 5 сет | Соболева: 4 сет | Тюмень (Народная): 3 сет | Санкт-Петербург (Спортивная): 2 сет,26.0,data\product_images\dff2f8f4ed53.png,6.0,2.0,0.0,4.0,0.0,0.0,0.0,3.0,6.0,5.0
Аксессуары,SS76-001,Пара напульсников 7/6 Wristband - Black,7/6,590 ₽,https://saletennis.com/catalog/product/para-napul-snikov-7-6-wristband-black-12975,Соболева: 2 сет | Ижевск: 1 сет | Санкт-Петербург (Спортивная): 2 сет | Тюмень: 7 сет,12.0,data\product_images\865503c57baf.jpg,0.0,2.0,0.0,2.0,0.0,0.0,0.0,7.0,0.0,1.0
Аксессуары,285050-WH,"Пара напульсников Head 2,5 Synthetic Wristband - White",Head,689 ₽,https://saletennis.com/catalog/product/para-napul-snikov-head-2-5-synthetic-wristband-white-13347,Парина: 2 сет,2.0,data\product_images\62ced6292ae5.png,0.0,0.0,0.0,0.0,2.0,0.0,0.0,0.0,0.0,0.0
Аксессуары,WRZ4210BK,Грип Wilson Cushion-Aire Classic Perforated - Black,Wilson,1045 ₽,https://saletennis.com/catalog/product/grip-wilson-cushion-aire-classic-perforated-black-16045,Тюмень (Народная): 2 сет | Соболева: 3 сет | Парина: 4 сет | Санкт-Петербург (Спортивная): 2 сет,11.0,data\product_images\6928e937e370.png,0.0,2.0,0.0,3.0,4.0,0.0,0.0,2.0,0.0,0.0
Аксессуары,WRZ537600,Виброгаситель Wilson Pro Feel red\silver,Wilson,883 ₽,https://saletennis.com/catalog/product/vibrogasitel-wilson-pro-feel-redsilver-295-295,Тюмень: 4 сет | Санкт-Петербург (Ярослава Гашека): 2 сет | Ижевск: 13 сет | Соболева: 5 сет | Тюмень (Народная): 7 сет | Уфа: 11 сет | Бисертская: 5 сет | Парина: 6 сет | Санкт-Петербург (Спортивная): 1 сет,54.0,data\product_images\f49a8569da0c.jpg,2.0,1.0,0.0,5.0,6.0,5.0,0.0,11.0,11.0,13.0
Аксессуары,285104-PK,Овергрип Head Xtremsoft pink,Head,689 ₽,https://saletennis.com/catalog/product/overgrip-head-xtremsoft-pink-4248-4248,Ижевск: 13 сет | Парина: 27 сет | Соболева: 10 сет | Основной склад Екатеринбург: 14 сет | Уфа: 12 сет | Бисертская: 10 сет | Тюмень (Народная): 17 сет | Санкт-Петербург (Спортивная): 34 сет,137.0,data\product_images\8478b2358df4.png,0.0,34.0,14.0,10.0,27.0,10.0,0.0,17.0,12.0,13.0
Аксессуары,52ATPCOASS,Овергрип Tecnifibre Contact Pro - Assorted Fluo,Tecnifibre,1190 ₽,https://saletennis.com/catalog/product/ovierghrip-tecnifibre-contact-pro-assorted-fluo-13410,Тюмень (Народная): 2 сет | Санкт-Петербург (Спортивная): 3 сет,5.0,data\product_images\2153b1904fe6.png,0.0,3.0,0.0,0.0,0.0,0.0,0.0,2.0,0.0,0.0
Аксессуары,WRZ4040LI,Овергрип Wilson Pro Soft Overgrip limon 3 pk,Wilson,1045 ₽,https://saletennis.com/catalog/product/ovierghrip-wilson-pro-soft-overgrip-limon-3-pk-17299,Бисертская: 6 сет | Уфа: 1 сет | Соболева: 6 сет | Санкт-Петербург (Спортивная): 1 сет | Тюмень (Народная): 1 сет | Парина: 10 сет,25.0,data\product_images\a980b37628df.png,0.0,1.0,0.0,6.0,10.0,6.0,0.0,1.0,1.0,0.0
Аксессуары,53TOURIGDA,Виброгаситель Tecnifiber Damp IGA Eiffel Tower,Не определен,990 ₽,https://saletennis.com/catalog/product/vibroghasitiel-tecnifiber-damp-iga-eiffel-tower-19078,Парина: 3 сет | Соболева: 3 сет | Санкт-Петербург (Спортивная): 4 сет,10.0,data\product_images\0c65a71ee978.png,0.0,4.0,0.0,3.0,3.0,0.0,0.0,0.0,0.0,0.0
Аксессуары,285080-OR,Повязка на голову Head Headband - Orange,Head,608 ₽,https://saletennis.com/catalog/product/poviazka-na-gholovu-head-headband-orange-1-13359,Санкт-Петербург (Спортивная): 2 сет | Ижевск: 2 сет,4.0,data\product_images\1c2adff068c5.png,0.0,2.0,0.0,0.0,0.0,0.0,0.0,0.0,0.0,2.0
Аксессуары,WRZ470820,Овергрип Wilson Pro Overgrip 3PK - Burn Orange,Wilson,1045 ₽,https://saletennis.com/catalog/product/ovierghrip-wilson-pro-overgrip-3pk-burn-orange-16047,Парина: 4 сет | Соболева: 3 сет | Ижевск: 2 сет,9.0,data\product_images\bbd5855ed12b.png,0.0,0.0,0.0,3.0,4.0,0.0,0.0,0.0,0.0,2.0
Аксессуары,WR8405801001,Виброгаситель Wilson Pro Feel Ultra Dampeners,Wilson,818 ₽,https://saletennis.com/catalog/product/vibroghasitiel-wilson-pro-feel-ultra-dampeners-12503,Соболева: 9 сет | Ижевск: 13 сет | Санкт-Петербург (Спортивная): 17 сет | Парина: 13 сет | Тюмень: 10 сет | Тюмень (Народная): 12 сет | Уфа: 10 сет | Бисертская: 15 сет,99.0,data\product_images\10c76d0a6993.jpg,0.0,17.0,0.0,9.0,13.0,15.0,0.0,22.0,10.0,13.0
Аксессуары,WRZ7426-WH,Маркер Wilson Stencil White,Wilson,1207 ₽,https://saletennis.com/catalog/product/markier-wilson-stencil-white-17132,Основной склад Екатеринбург: 6 сет | Бисертская: 1 сет | Ижевск: 1 сет | Тюмень (Народная): 1 сет,9.0,data\product_images\b4e70f6f1869.png,0.0,0.0,6.0,0.0,0.0,1.0,0.0,1.0,0.0,1.0
Аксессуары,WR8450701001,Сувенирная ракетка Wilson Ultra Roland Garros,Wilson,6877 ₽,https://saletennis.com/catalog/product/suvienirnaia-rakietka-wilson-ultra-roland-garros-18994,Парина: 2 сет | Соболева: 2 сет,4.0,data\product_images\7cc412c1fcbc.png,0.0,0.0,0.0,2.0,2.0,0.0,0.0,0.0,0.0,0.0
Аксессуары,51SQGRTACK/1,Грип Tecnifibre Squash Tack - Assorted,Tecnifibre,690 ₽,https://saletennis.com/catalog/product/grip-tecnifibre-squash-tack-assorted-18384,Парина: 10 сет,10.0,data\product_images\5bcf06c82f2a.png,0.0,0.0,0.0,0.0,10.0,0.0,0.0,0.0,0.0,0.0
Аксессуары,TL-Rabbit,Виброгаситель Tennis Life - Hamburger,Не определен,200 ₽,https://saletennis.com/catalog/product/vibroghasitiel-tennis-life-hamburger-15809,Бисертская: 18 сет | Тюмень (Народная): 1 сет | Парина: 7 сет | Уфа: 8 сет | Соболева: 10 сет,44.0,data\product_images\d83d17fe566e.png,0.0,0.0,0.0,10.0,7.0,18.0,0.0,1.0,8.0,0.0
Аксессуары,012,"Аромасаше ""Всегда в игре"" - Pink",Не определен,590 ₽,https://saletennis.com/catalog/product/aromasashie-vsieghda-v-ighrie-pink-18714,Парина: 1 сет | Тюмень: 2 сет,3.0,data\product_images\28a869cafade.png,0.0,0.0,0.0,0.0,1.0,0.0,0.0,2.0,0.0,0.0
Аксессуары,285511-BK,Виброгаситель Head Xtra Damp Black,Head,607 ₽,https://saletennis.com/catalog/product/vibrogasitel-head-xtra-damp-black-4246-4246,Парина: 6 сет | Тюмень (Народная): 4 сет | Бисертская: 5 сет | Санкт-Петербург (Спортивная): 10 сет | Санкт-Петербург (Ярослава Гашека): 2 сет | Соболева: 3 сет,30.0,data\product_images\3c8a98471796.png,2.0,10.0,0.0,3.0,6.0,5.0,0.0,4.0,0.0,0.0
Аксессуары,76WBL-1120,Напульсник 7/6 Wristband Long - Starfish,7/6,690 ₽,https://saletennis.com/catalog/product/napul-snik-7-6-wristband-long-starfish-19527,Парина: 9 сет | Уфа: 7 сет | Санкт-Петербург (Ярослава Гашека): 6 сет | Соболева: 8 сет | Тюмень (Народная): 3 сет | Санкт-Петербург (Спортивная): 9 сет | Бисертская: 8 сет | Елизаветенское шоссе: 7 сет | Ижевск: 8 сет,65.0,data\product_images\5db2f1e7c44b.png,6.0,9.0,0.0,8.0,9.0,8.0,7.0,3.0,7.0,8.0
Аксессуары,WRG0437113,Заглушка ручки Wilson Cap&Trap PS Size 3,Wilson,2422 ₽,https://saletennis.com/catalog/product/zaghlushka-ruchki-wilson-cap-trap-ps-size-3-18067,Основной склад Екатеринбург: 4 сет,4.0,data\product_images\5c4a4be00e8b.png,0.0,0.0,4.0,0.0,0.0,0.0,0.0,0.0,0.0,0.0
Аксессуары,WR8446501001,Овергрип Wilson Absorbx Overgrip - 3pk - Red,Wilson,1045 ₽,https://saletennis.com/catalog/product/ovierghrip-wilson-absorbx-overgrip-3pk-red-18271,Парина: 6 сет | Соболева: 9 сет | Ижевск: 5 сет | Санкт-Петербург (Спортивная): 3 сет,23.0,data\product_images\9872b54b27da.png,0.0,3.0,0.0,9.0,6.0,0.0,0.0,0.0,0.0,5.0
Аксессуары,TQ76-WH,Теннисные носки 7/6 Tour Quater - White,7/6,790 ₽,https://saletennis.com/catalog/product/tiennisnyie-noski-7-6-tour-quater-white-17073,34-38: Парина - 1 пар | Ижевск - 3 пар | Тюмень (Народная) - 5 пар | Елизаветенское шоссе - 4 пар | 38-42: Санкт-Петербург (Спортивная) - 10 пар | Основной склад Екатеринбург - 3 пар | Бисертская - 5 пар | Санкт-Петербург (Ярослава Гашека) - 11 пар | Ижевск - 7 пар | Тюмень (Народная) - 12 пар | Елизаветенское шоссе - 6 пар | 43-46: Санкт-Петербург (Спортивная) - 19 пар | Бисертская - 4 пар | Санкт-Петербург (Ярослава Гашека) - 13 пар | Тюмень - 9 пар | Уфа - 8 пар | Елизаветенское шоссе - 3 пар | Соболева - 6 пар | Парина - 4 пар | Тюмень (Народная) - 1 пар | Ижевск - 10 пар | Основной склад Екатеринбург - 15 пар | 46-50: Санкт-Петербург (Ярослава Гашека) - 5 пар | Санкт-Петербург (Спортивная) - 11 пар | Ижевск - 7 пар | Бисертская - 4 пар | Соболева - 7 пар | Елизаветенское шоссе - 4 пар | Тюмень - 5 пар | Тюмень (Народная) - 6 пар | Уфа - 5 пар | Парина - 7 пар,220.0,data\product_images\728bfe1eccdb.png,29.0,40.0,18.0,13.0,12.0,13.0,17.0,38.0,13.0,27.0
Аксессуары,T014,"Магнит Milo ""PLAY WITH IDOLS""",Не определен,300 ₽,https://saletennis.com/catalog/product/maghnit-milo-play-with-idols-5427,Санкт-Петербург (Спортивная): 6 сет,6.0,data\product_images\d8b4e84b978f.png,0.0,6.0,0.0,0.0,0.0,0.0,0.0,0.0,0.0,0.0
Аксессуары,WR8405901001,Виброгаситель Wilson Pro Feel Dampeners 2PK - Blade Green,Wilson,883 ₽,https://saletennis.com/catalog/product/vibroghasitiel-wilson-pro-feel-dampeners-2pk-blade-green-16041,Тюмень: 5 сет | Бисертская: 12 сет | Соболева: 8 сет | Основной склад Екатеринбург: 24 сет | Парина: 10 сет | Уфа: 10 сет | Ижевск: 5 сет | Тюмень (Народная): 6 сет | Санкт-Петербург (Спортивная): 1 сет,81.0,data\product_images\cc0fd7b04ebd.png,0.0,1.0,24.0,8.0,10.0,12.0,0.0,11.0,10.0,5.0
Аксессуары,81631-WH31,Носки детские Head Kids Tennis (2 пары),Head,721 ₽,https://saletennis.com/catalog/product/noski-dietskiie-head-kids-tennis-2-pary-8988,23-26: Бисертская - 2 упак | Соболева - 1 упак | Ижевск - 3 упак,6.0,data\product_images\fbf1a63041fb.png,0.0,0.0,0.0,1.0,0.0,2.0,0.0,0.0,0.0,3.0
Аксессуары,288011,Виброгаситель Head Smartsorb Mix,Head,608 ₽,https://saletennis.com/catalog/product/vibroghasitiel-head-smartsorb-mix-6637,Парина: 12 сет | Соболева: 12 сет | Санкт-Петербург (Спортивная): 5 сет,29.0,data\product_images\cb6ae4d2afb1.png,0.0,5.0,0.0,12.0,12.0,0.0,0.0,0.0,0.0,0.0
Аксессуары,400603-200,Теннисные носки Joma Sport Socks - White,Joma,632 ₽,https://saletennis.com/catalog/product/tiennisnyie-noski-joma-sport-socks-white-19419,39-42: Парина - 11 пар | Соболева - 10 пар | Санкт-Петербург (Спортивная) - 9 пар | 43-46: Санкт-Петербург (Спортивная) - 10 пар | Соболева - 9 пар | Парина - 9 пар,58.0,data\product_images\f3a6e24678c1.png,0.0,19.0,0.0,19.0,20.0,0.0,0.0,0.0,0.0,0.0
Аксессуары,WR8447801001,Протектор Wilson Clash 100/100L/100UL V3.0,Wilson,2017 ₽,https://saletennis.com/catalog/product/protiektor-wilson-clash-100-100l-100ul-v3-0-18071,Основной склад Екатеринбург: 3 сет,3.0,data\product_images\2748faebf60e.png,0.0,0.0,3.0,0.0,0.0,0.0,0.0,0.0,0.0,0.0
Аксессуары,285511,Виброгаситель Head Xtra Damp Mix,Head,607 ₽,https://saletennis.com/catalog/product/vibroghasitiel-head-xtra-damp-mix-5315,Соболева: 12 сет | Бисертская: 4 сет | Парина: 4 сет | Тюмень (Народная): 4 сет | Ижевск: 10 сет,34.0,data\product_images\bdf2dcd6394d.png,0.0,0.0,0.0,12.0,4.0,4.0,0.0,4.0,0.0,10.0
Аксессуары,WR8441901001,Протектор Wilson Blade 101L V9.0,Wilson,2017 ₽,https://saletennis.com/catalog/product/protiektor-wilson-blade-101l-v9-0-16459,Основной склад Екатеринбург: 10 сет | Парина: 12 сет | Санкт-Петербург (Спортивная): 1 сет,23.0,data\product_images\0c1e18f6d64c.png,0.0,1.0,10.0,0.0,12.0,0.0,0.0,0.0,0.0,0.0
Аксессуары,WR8450801001,Магнит Wilson Roland Garros,Wilson,1045 ₽,https://saletennis.com/catalog/product/maghnit-wilson-roland-garros-19414,Соболева: 3 сет | Парина: 1 сет,4.0,data\product_images\e605e2eb6cd9.jpg,0.0,0.0,0.0,3.0,1.0,0.0,0.0,0.0,0.0,0.0
Аксессуары,52ATPPLABK,Овергрип Tecnifibre Players Pro - Black,Tecnifibre,1100 ₽,https://saletennis.com/catalog/product/ovierghrip-tecnifibre-players-pro-black-13418,Санкт-Петербург (Спортивная): 2 сет | Тюмень (Народная): 1 сет | Парина: 2 сет,5.0,data\product_images\97b91cc7fe88.png,0.0,2.0,0.0,0.0,2.0,0.0,0.0,1.0,0.0,0.0
Аксессуары,76WB-2OR,Пара напульсников 7/6 Wristband - Orange,7/6,990 ₽,https://saletennis.com/catalog/product/para-napul-snikov-7-6-wristband-orange-18235,Соболева: 2 сет | Парина: 3 сет | Тюмень (Народная): 5 сет | Тюмень: 2 сет | Уфа: 8 сет | Бисертская: 1 сет | Санкт-Петербург (Спортивная): 5 сет | Ижевск: 6 сет | Санкт-Петербург (Ярослава Гашека): 5 сет,37.0,data\product_images\3c764c634924.png,5.0,5.0,0.0,2.0,3.0,1.0,0.0,7.0,8.0,6.0
Аксессуары,76WBL-2LG,Пара напульсников 7/6 Wristband Long - Light Grey,7/6,1190 ₽,https://saletennis.com/catalog/product/para-napul-snikov-7-6-wristband-long-light-grey-18238,Санкт-Петербург (Спортивная): 1 сет | Тюмень (Народная): 2 сет | Уфа: 1 сет | Парина: 1 сет | Тюмень: 1 сет | Санкт-Петербург (Ярослава Гашека): 2 сет,8.0,data\product_images\6baea89ab6af.png,2.0,1.0,0.0,0.0,1.0,0.0,0.0,3.0,1.0,0.0
Аксессуары,WR8441201001,Протектор Wilson Blade 98 16x19 V9.0,Wilson,2827 ₽,https://saletennis.com/catalog/product/protiektor-wilson-blade-98-16x19-v9-0-16460,Парина: 1 сет,1.0,data\product_images\ec7b556023a5.png,0.0,0.0,0.0,0.0,1.0,0.0,0.0,0.0,0.0,0.0
Аксессуары,J618-7/6PK,Брелок мячик 7/6 - Pink,7/6,300 ₽,https://saletennis.com/catalog/product/brielok-miachik-7-6-pink-10275,Санкт-Петербург (Ярослава Гашека): 25 сет | Соболева: 5 сет | Уфа: 7 сет | Парина: 33 сет | Санкт-Петербург (Спортивная): 53 сет | Бисертская: 3 сет | Ижевск: 8 сет | Тюмень (Народная): 25 сет,159.0,data\product_images\30c440f6cf95.jpg,25.0,53.0,0.0,5.0,33.0,3.0,0.0,25.0,7.0,8.0
Аксессуары,36034,"Бутылка для воды Nike ""Hyperfuel"" (синий)",Nike,1890 ₽,https://saletennis.com/catalog/product/butylka-dlia-vody-nike-hyperfuel-sinii-7887,Соболева: 1 сет,1.0,data\product_images\fd3109bf801f.jpg,0.0,0.0,0.0,1.0,0.0,0.0,0.0,0.0,0.0,0.0
Аксессуары,285702,Овергрип Head Pro Grip blue,Head,1290 ₽,https://saletennis.com/catalog/product/ovierghrip-head-pro-grip-blue-5309,Ижевск: 5 сет | Тюмень (Народная): 4 сет | Парина: 3 сет | Санкт-Петербург (Ярослава Гашека): 1 сет | Соболева: 5 сет | Бисертская: 1 сет | Уфа: 4 сет,23.0,data\product_images\10cb00315358.png,1.0,0.0,0.0,5.0,3.0,1.0,0.0,4.0,4.0,5.0
Аксессуары,CU1309-100,Носки Nike Court Multiplier Max Quarter Crew Sock (2 pairs) - White,Nike,3490 ₽,https://saletennis.com/catalog/product/noski-nike-court-multiplier-max-quarter-crew-sock-2-pairs-white-9991,46-50: Парина - 1 упак | Уфа - 6 упак | Соболева - 5 упак,12.0,data\product_images\992dee2bf5fa.jpg,0.0,0.0,0.0,5.0,1.0,0.0,0.0,0.0,6.0,0.0
Аксессуары,HA0113,Носки Adidas Tennis Crew Socks - White,Adidas,1554 ₽,https://saletennis.com/catalog/product/noski-adidas-tennis-crew-socks-white-12921,49-51: Санкт-Петербург (Спортивная) - 2 упак | Тюмень (Народная) - 1 упак | Парина - 1 упак,4.0,data\product_images\fbbfa92e5359.png,0.0,2.0,0.0,0.0,1.0,0.0,0.0,1.0,0.0,0.0
Аксессуары,WR8911501001,Брелок Wilson Premier Padel,Wilson,1045 ₽,https://saletennis.com/catalog/product/brielok-wilson-premier-padel-18992,Ижевск: 1 сет | Тюмень: 1 сет | Соболева: 1 сет | Уфа: 2 сет,5.0,data\product_images\b90d3c71c787.png,0.0,0.0,0.0,1.0,0.0,0.0,0.0,1.0,2.0,1.0
Аксессуары,WR8438701001,Грип Wilson Pro Performance - Grey,Wilson,1045 ₽,https://saletennis.com/catalog/product/grip-wilson-pro-performance-grey-15912,Ижевск: 3 сет | Парина: 2 сет | Уфа: 3 сет | Соболева: 1 сет | Санкт-Петербург (Спортивная): 4 сет | Бисертская: 1 сет,14.0,data\product_images\f582b7c7f2e7.png,0.0,4.0,0.0,1.0,2.0,1.0,0.0,0.0,3.0,3.0
Аксессуары,285907,Колпачек на ручку ракетки Head №4,Head,478 ₽,https://saletennis.com/catalog/product/kolpachiek-na-ruchku-rakietki-head-4-12489,Основной склад Екатеринбург: 1 сет,1.0,data\product_images\3849136936d8.png,0.0,0.0,1.0,0.0,0.0,0.0,0.0,0.0,0.0,0.0
Аксессуары,021,"Аромасвеча ""Зажги свой мяч""",Не определен,1990 ₽,https://saletennis.com/catalog/product/aromasviecha-zazhghi-svoi-miach-18368,Ижевск: 3 сет | Соболева: 1 сет | Парина: 2 сет | Бисертская: 2 сет,8.0,data\product_images\0ec715989b1a.png,0.0,0.0,0.0,1.0,2.0,2.0,0.0,0.0,0.0,3.0
Аксессуары,PRL11014XL,Суппорт голеностопа TORRES Nylon - Grey,Не определен,550 ₽,https://saletennis.com/catalog/product/support-gholienostopa-torres-nylon-grey-14802,XL: Соболева - 1 шт,1.0,data\product_images\cae6b6b88bd3.png,0.0,0.0,0.0,1.0,0.0,0.0,0.0,0.0,0.0,0.0
Аксессуары,TL-Batman,Виброгаситель Tennis Life Superheroes - Batman,Не определен,200 ₽,https://saletennis.com/catalog/product/vibroghasitiel-tennis-life-superheroes-batman-14183,Тюмень (Народная): 2 сет | Парина: 2 сет | Бисертская: 3 сет,7.0,data\product_images\6efa47bc55b8.png,0.0,0.0,0.0,0.0,2.0,3.0,0.0,2.0,0.0,0.0
Аксессуары,53SPIRIT50,Виброгаситель Tecnifiber Spirit Damp 1 шт,Не определен,260 ₽,https://saletennis.com/catalog/product/vibroghasitiel-tecnifiber-spirit-damp-1-sht-13232,Тюмень (Народная): 3 сет | Ижевск: 10 сет | Парина: 27 сет | Соболева: 7 сет | Бисертская: 3 сет,50.0,data\product_images\8ee2c05dbed6.png,0.0,0.0,0.0,7.0,27.0,3.0,0.0,3.0,0.0,10.0
Аксессуары,STО76-1WH,Овергрип 7/6 Super Tacky 1 PK - White,7/6,250 ₽,https://saletennis.com/catalog/product/ovierghrip-7-6-super-tacky-1-pk-white-16717,Бисертская: 11 сет | Санкт-Петербург (Ярослава Гашека): 41 сет | Елизаветенское шоссе: 32 сет | Тюмень: 5 сет | Тюмень (Народная): 36 сет | Парина: 54 сет | Санкт-Петербург (Спортивная): 78 сет | Соболева: 39 сет | Ижевск: 44 сет | Уфа: 49 сет,389.0,data\product_images\e88b8bae3671.png,41.0,78.0,0.0,39.0,54.0,11.0,32.0,41.0,49.0,44.0
Аксессуары,700135-134/1,Виброгаситель Babolat Loony Damp x1,Babolat,400 ₽,https://saletennis.com/catalog/product/vibroghasitiel-babolat-loony-damp-x1-18902,Парина: 38 сет,38.0,data\product_images\5692449c5ea5.png,0.0,0.0,0.0,0.0,38.0,0.0,0.0,0.0,0.0,0.0
Аксессуары,285621-OR,Овергрип Head Prime Tour - Orange,Head,721 ₽,https://saletennis.com/catalog/product/ovierghrip-head-prime-tour-orange-17287,Санкт-Петербург (Спортивная): 5 сет | Санкт-Петербург (Ярослава Гашека): 4 сет | Ижевск: 7 сет | Соболева: 11 сет | Основной склад Екатеринбург: 42 сет | Бисертская: 6 сет | Парина: 5 сет | Тюмень (Народная): 11 сет | Уфа: 13 сет,104.0,data\product_images\662c290c80fb.png,4.0,5.0,42.0,11.0,5.0,6.0,0.0,11.0,13.0,7.0
Аксессуары,656006 + kk1703,Овергрип Babolat My Overgrip Assorty 1 шт,Babolat,350 ₽,https://saletennis.com/catalog/product/ovierghrip-babolat-my-overgrip-assorty-1-sht-5370,Соболева: 50 сет | Тюмень: 2 сет | Парина: 8 сет | Бисертская: 9 сет,69.0,data\product_images\ec4e5e356e88.png,0.0,0.0,0.0,50.0,8.0,9.0,0.0,2.0,0.0,0.0
Аксессуары,76WBL-1632,Напульсник 7/6 Wristband Long - Shell Pink,7/6,690 ₽,https://saletennis.com/catalog/product/napul-snik-7-6-wristband-long-shell-pink-19526,Ижевск: 8 сет | Санкт-Петербург (Ярослава Гашека): 6 сет | Елизаветенское шоссе: 6 сет | Бисертская: 8 сет | Соболева: 8 сет | Санкт-Петербург (Спортивная): 9 сет | Уфа: 8 сет | Тюмень (Народная): 3 сет | Парина: 8 сет,64.0,data\product_images\f9788b9ca518.png,6.0,9.0,0.0,8.0,8.0,8.0,6.0,3.0,8.0,8.0
Аксессуары,285070-CG,Пара напульсников Head 5 Synthetic Wristband - Cantaloupe Green,Head,1094 ₽,https://saletennis.com/catalog/product/para-napul-snikov-head-5-synthetic-wristband-cantaloupe-green-19359,Санкт-Петербург (Спортивная): 5 сет | Соболева: 3 сет | Парина: 3 сет,11.0,data\product_images\b188f333512d.png,0.0,5.0,0.0,3.0,3.0,0.0,0.0,0.0,0.0,0.0
Аксессуары,52ATPPLARD,Овергрип Tecnifibre Players Pro - Red,Tecnifibre,1100 ₽,https://saletennis.com/catalog/product/ovierghrip-tecnifibre-players-pro-red-13419,Соболева: 9 сет | Парина: 6 сет | Тюмень (Народная): 5 сет | Уфа: 6 сет | Санкт-Петербург (Спортивная): 7 сет,33.0,data\product_images\36e0d227c0a1.png,0.0,7.0,0.0,9.0,6.0,0.0,0.0,5.0,6.0,0.0
Аксессуары,286140,Протектор Head Extreme TK333 - Grey,Head,964 ₽,https://saletennis.com/catalog/product/protiektor-head-extreme-tk333-grey-15889,Санкт-Петербург (Спортивная): 4 сет,4.0,data\product_images\e8df36df1542.jpg,0.0,4.0,0.0,0.0,0.0,0.0,0.0,0.0,0.0,0.0
Аксессуары,WRZ522800,Защитная лента Wilson Racket Saver black,Wilson,883 ₽,https://saletennis.com/catalog/product/zashchitnaya-lenta-wilson-racket-saver-black-274-274,Парина: 10 сет | Тюмень (Народная): 12 сет | Санкт-Петербург (Ярослава Гашека): 4 сет | Соболева: 10 сет | Ижевск: 12 сет | Санкт-Петербург (Спортивная): 21 сет | Уфа: 19 сет,88.0,data\product_images\5bb8dd0d8ebd.png,4.0,21.0,0.0,10.0,10.0,0.0,0.0,12.0,19.0,12.0
Аксессуары,00001,Шнурки - White,Не определен,100 ₽,https://saletennis.com/catalog/product/shnurki-white-15919,Основной склад Екатеринбург: 215 сет | Санкт-Петербург (Спортивная): 9 сет,224.0,data\product_images\90e16b7f15ad.png,0.0,9.0,215.0,0.0,0.0,0.0,0.0,0.0,0.0,0.0
Аксессуары,76WB-1120,Пара напульсников 7/6 Wristband - Starfish,7/6,990 ₽,https://saletennis.com/catalog/product/para-napul-snikov-7-6-wristband-starfish-19513,Санкт-Петербург (Спортивная): 9 сет | Бисертская: 8 сет | Тюмень (Народная): 3 сет | Елизаветенское шоссе: 8 сет | Уфа: 8 сет | Санкт-Петербург (Ярослава Гашека): 6 сет | Ижевск: 8 сет | Соболева: 8 сет | Парина: 9 сет,67.0,data\product_images\fe6f18a77ffa.jpg,6.0,9.0,0.0,8.0,9.0,8.0,8.0,3.0,8.0,8.0
Аксессуары,978-5-532-07147-6,Большой теннис. Игра без ошибок,Не определен,1590 ₽,https://saletennis.com/catalog/product/bol-shoi-tiennis-ighra-biez-oshibok-16750,Парина: 1 сет,1.0,data\product_images\1195919be995.png,0.0,0.0,0.0,0.0,1.0,0.0,0.0,0.0,0.0,0.0
Аксессуары,WRZ4010BK,Овергрип Wilson Pro Overgrip Sensation 3PK - Black,Wilson,1045 ₽,https://saletennis.com/catalog/product/ovierghrip-wilson-pro-overgrip-sensation-3pk-black-16052,Бисертская: 1 сет | Парина: 4 сет | Соболева: 5 сет,10.0,data\product_images\49e929d7eedd.png,0.0,0.0,0.0,5.0,4.0,1.0,0.0,0.0,0.0,0.0
Аксессуары,A1450001-BK,Пара напульсников Bidi Badu Lil Move Short - Black,Bidi Badu,636 ₽,https://saletennis.com/catalog/product/para-napul-snikov-bidi-badu-lil-move-short-black-15781,Тюмень (Народная): 1 сет | Санкт-Петербург (Спортивная): 2 сет | Бисертская: 1 сет | Парина: 2 сет,6.0,data\product_images\3e13217b3566.png,0.0,2.0,0.0,0.0,2.0,1.0,0.0,1.0,0.0,0.0
Аксессуары,WR8446901001,Грип Wilson Pro Performance Roland Garros,Wilson,1612 ₽,https://saletennis.com/catalog/product/grip-wilson-pro-performance-roland-garros-17582,Уфа: 1 сет | Парина: 1 сет | Ижевск: 1 сет | Соболева: 1 сет | Тюмень (Народная): 2 сет,6.0,data\product_images\240a78b13a9d.png,0.0,0.0,0.0,1.0,1.0,0.0,0.0,2.0,1.0,1.0
Аксессуары,51SQGRTACB,Грип Tecnifibre Squash Tack - Black,Tecnifibre,990 ₽,https://saletennis.com/catalog/product/grip-tecnifibre-squash-tack-black-15091,Парина: 12 сет,12.0,data\product_images\658fe771ab28.png,0.0,0.0,0.0,0.0,12.0,0.0,0.0,0.0,0.0,0.0
Аксессуары,TQ76-BK,Теннисные носки 7/6 Tour Quater - Black,7/6,790 ₽,https://saletennis.com/catalog/product/tiennisnyie-noski-7-6-tour-quater-black-17070,34-38: Елизаветенское шоссе - 6 пар | Соболева - 2 пар | Бисертская - 3 пар | Санкт-Петербург (Спортивная) - 5 пар | Санкт-Петербург (Ярослава Гашека) - 5 пар | Тюмень (Народная) - 3 пар | Парина - 3 пар | 38-42: Елизаветенское шоссе - 3 пар | Санкт-Петербург (Ярослава Гашека) - 4 пар | Соболева - 5 пар | Уфа - 4 пар | Тюмень (Народная) - 6 пар | Тюмень - 2 пар | Парина - 2 пар | Бисертская - 6 пар | 43-46: Уфа - 5 пар | Соболева - 4 пар | Санкт-Петербург (Спортивная) - 8 пар | Ижевск - 2 пар | Тюмень (Народная) - 5 пар | Тюмень - 7 пар | Санкт-Петербург (Ярослава Гашека) - 5 пар | Бисертская - 4 пар | Елизаветенское шоссе - 5 пар | Парина - 1 пар | 46-50: Соболева - 5 пар | Елизаветенское шоссе - 5 пар | Санкт-Петербург (Спортивная) - 10 пар | Парина - 5 пар | Санкт-Петербург (Ярослава Гашека) - 5 пар | Бисертская - 6 пар,141.0,data\product_images\bcad216e6b30.png,19.0,23.0,0.0,16.0,11.0,19.0,19.0,23.0,9.0,2.0
Аксессуары,76VC-WH,Виброгаситель 7/6 Dampener - Court White,7/6,150 ₽,https://saletennis.com/catalog/product/vibroghasitiel-7-6-dampener-court-white-12966,Тюмень (Народная): 10 сет | Соболева: 17 сет | Бисертская: 12 сет | Уфа: 35 сет | Тюмень: 15 сет | Санкт-Петербург (Спортивная): 4 сет | Парина: 12 сет,105.0,data\product_images\95a6782edce1.jpg,0.0,4.0,0.0,17.0,12.0,12.0,0.0,25.0,35.0,0.0
Аксессуары,WRG1645144,Заглушка ручки Wilson BLDV9/CLSHV2/PSV14 Size 4,Wilson,2422 ₽,https://saletennis.com/catalog/product/zaghlushka-ruchki-wilson-bldv9-clshv2-psv14-size-4-18065,Основной склад Екатеринбург: 6 сет,6.0,data\product_images\2a14ad1bcea3.png,0.0,0.0,6.0,0.0,0.0,0.0,0.0,0.0,0.0,0.0
Аксессуары,STО76-1BK,Овергрип 7/6 Super Tacky 1 PK - Black,7/6,250 ₽,https://saletennis.com/catalog/product/ovierghrip-7-6-super-tacky-1-pk-black-16716,Тюмень (Народная): 1 сет,1.0,data\product_images\42eb90ec137a.png,0.0,0.0,0.0,0.0,0.0,0.0,0.0,1.0,0.0,0.0
Аксессуары,285511-WH,Виброгаситель Head Xtra Damp White,Head,607 ₽,https://saletennis.com/catalog/product/vibrogasitel-head-xtra-damp-white-4247-4247,Уфа: 9 сет | Санкт-Петербург (Спортивная): 15 сет | Бисертская: 8 сет | Тюмень (Народная): 6 сет | Санкт-Петербург (Ярослава Гашека): 2 сет | Ижевск: 2 сет | Соболева: 7 сет | Парина: 8 сет,57.0,data\product_images\655f105781a2.png,2.0,15.0,0.0,7.0,8.0,8.0,0.0,6.0,9.0,2.0
Аксессуары,76WB-0116,Пара напульсников 7/6 Wristband - Margarita,7/6,990 ₽,https://saletennis.com/catalog/product/para-napul-snikov-7-6-wristband-margarita-19510,Елизаветенское шоссе: 9 сет | Тюмень (Народная): 3 сет | Бисертская: 8 сет | Санкт-Петербург (Спортивная): 9 сет | Уфа: 8 сет | Парина: 9 сет | Соболева: 8 сет | Ижевск: 8 сет | Санкт-Петербург (Ярослава Гашека): 6 сет,68.0,data\product_images\22bcaa57b64d.png,6.0,9.0,0.0,8.0,9.0,8.0,9.0,3.0,8.0,8.0
Аксессуары,5JA1371-2000-1,Носки Babolat Junior (1pk) - Black/Black,Babolat,490 ₽,https://saletennis.com/catalog/product/noski-babolat-junior-1pk-black-black-17990,31-34: Парина - 1 пар | Тюмень (Народная) - 5 пар | Ижевск - 6 пар | Санкт-Петербург (Спортивная) - 1 пар,13.0,data\product_images\930684126bdd.png,0.0,1.0,0.0,0.0,1.0,0.0,0.0,5.0,0.0,6.0
Аксессуары,76WB-2RD,Пара напульсников 7/6 Wristband - Red,7/6,590 ₽,https://saletennis.com/catalog/product/para-napul-snikov-7-6-wristband-red-12974,Тюмень (Народная): 6 сет | Тюмень: 4 сет | Парина: 1 сет,11.0,data\product_images\69ec5f66522a.jpg,0.0,0.0,0.0,0.0,1.0,0.0,0.0,10.0,0.0,0.0
Аксессуары,285515-LY,Виброгаситель Head Pro Damp Luminous Yellow,Head,608 ₽,https://saletennis.com/catalog/product/vibroghasitiel-head-pro-damp-luminous-yellow-19358,Санкт-Петербург (Ярослава Гашека): 2 сет | Санкт-Петербург (Спортивная): 2 сет | Парина: 5 сет,9.0,data\product_images\23ec8db68478.png,2.0,2.0,0.0,0.0,5.0,0.0,0.0,0.0,0.0,0.0
Аксессуары,285621-CS,Овергрип Head Prime Tour - Cyan Sea,Head,721 ₽,https://saletennis.com/catalog/product/ovierghrip-head-prime-tour-cyan-sea-17595,Парина: 12 сет | Тюмень (Народная): 15 сет | Санкт-Петербург (Спортивная): 15 сет | Соболева: 13 сет | Уфа: 13 сет | Бисертская: 11 сет | Ижевск: 8 сет,87.0,data\product_images\f1bd0bbed6b9.png,0.0,15.0,0.0,13.0,12.0,11.0,0.0,15.0,13.0,8.0
Аксессуары,TL0008,Мяч для тренировки реакции TORRES Reaction ball - Orange,Не определен,890 ₽,https://saletennis.com/catalog/product/miach-dlia-trienirovki-rieaktsii-torres-reaction-ball-orange-14796,Парина: 1 сет | Ижевск: 2 сет | Тюмень: 2 сет | Соболева: 1 сет | Тюмень (Народная): 4 сет,10.0,data\product_images\ab345a556285.png,0.0,0.0,0.0,1.0,1.0,0.0,0.0,6.0,0.0,2.0
Аксессуары,285070-BL,Пара напульсников Head 5 Synthetic Wristband - Blue,Head,1094 ₽,https://saletennis.com/catalog/product/para-napul-snikov-head-5-synthetic-wristband-blue-13349,Ижевск: 2 сет | Санкт-Петербург (Спортивная): 9 сет | Парина: 1 сет,12.0,data\product_images\f2a84241b2fa.png,0.0,9.0,0.0,0.0,1.0,0.0,0.0,0.0,0.0,2.0
Аксессуары,A1450001-WH,Пара напульсников Bidi Badu Lil Move Short - White,Bidi Badu,636 ₽,https://saletennis.com/catalog/product/para-napul-snikov-bidi-badu-lil-move-short-white-15784,Парина: 2 сет | Ижевск: 1 сет | Бисертская: 1 сет | Тюмень (Народная): 3 сет,7.0,data\product_images\bb8984c9890b.png,0.0,0.0,0.0,0.0,2.0,1.0,0.0,3.0,0.0,1.0
Аксессуары,SX4508-001,Носки Nike Value Cotton Crew - Black (3 пары),Nike,1190 ₽,https://saletennis.com/catalog/product/noski-nike-value-cotton-crew-black-3-pary-10567,34-38: Тюмень (Народная) - 2 упак | Соболева - 1 упак | Парина - 1 упак,4.0,data\product_images\bc9397fd8aad.png,0.0,0.0,0.0,1.0,1.0,0.0,0.0,2.0,0.0,0.0
Аксессуары,PO76-12,Овергрип 7/6 Pro 12 PK - White,7/6,2490 ₽,https://saletennis.com/catalog/product/ovierghrip-7-6-pro-12-pk-white-16701,Санкт-Петербург (Спортивная): 1 сет | Уфа: 3 сет | Ижевск: 7 сет | Соболева: 4 сет | Парина: 4 сет | Основной склад Екатеринбург: 39 сет | Санкт-Петербург (Ярослава Гашека): 1 сет | Тюмень (Народная): 1 сет,60.0,data\product_images\9d31a3691bfe.png,1.0,1.0,39.0,4.0,4.0,0.0,0.0,1.0,3.0,7.0
Аксессуары,WR8434901001,Протектор Wilson Pro Staff 97 V14,Wilson,2017 ₽,https://saletennis.com/catalog/product/protiektor-wilson-pro-staff-97-v14-17948,Основной склад Екатеринбург: 14 сет,14.0,data\product_images\0cdc826e290e.png,0.0,0.0,14.0,0.0,0.0,0.0,0.0,0.0,0.0,0.0
Аксессуары,DD-2,Виброгаситель Diadem Diamond - Black,Не определен,443 ₽,https://saletennis.com/catalog/product/vibroghasitiel-diadem-diamond-black-15421,Санкт-Петербург (Спортивная): 1 сет,1.0,data\product_images\1d5a2597bd66.png,0.0,1.0,0.0,0.0,0.0,0.0,0.0,0.0,0.0,0.0
Аксессуары,S1490007-BK,Носки Bidi Badu Anchor Ankle Move 3pk - Black,Bidi Badu,796 ₽,https://saletennis.com/catalog/product/noski-bidi-badu-anchor-ankle-move-3pk-black-14535,31-34: Санкт-Петербург (Спортивная) - 1 упак,1.0,data\product_images\e8ad27742265.png,0.0,1.0,0.0,0.0,0.0,0.0,0.0,0.0,0.0,0.0
Аксессуары,TL-Pizza,Виброгаситель Tennis Life - Pizza,Не определен,200 ₽,https://saletennis.com/catalog/product/vibroghasitiel-tennis-life-pizza-14181,Бисертская: 15 сет | Уфа: 18 сет | Соболева: 18 сет | Парина: 17 сет | Тюмень (Народная): 4 сет,72.0,data\product_images\f7b5d2c38562.png,0.0,0.0,0.0,18.0,17.0,15.0,0.0,4.0,18.0,0.0
Аксессуары,WRG017900,Протектор Wilson Ultra Pro 16X19,Wilson,2017 ₽,https://saletennis.com/catalog/product/protiektor-wilson-ultra-pro-16x19-17298,Парина: 12 сет,12.0,data\product_images\32c795a58d79.png,0.0,0.0,0.0,0.0,12.0,0.0,0.0,0.0,0.0,0.0
Аксессуары,СТС,Серьги Теннисное Сердце,Не определен,250 ₽,https://saletennis.com/catalog/product/sier-ghi-tiennisnoie-sierdtsie-16520,Парина: 1 сет,1.0,data\product_images\d97975ae4755.png,0.0,0.0,0.0,0.0,1.0,0.0,0.0,0.0,0.0,0.0
Аксессуары,WRZ4014BK,Овергрип Wilson Pro Overgrip Black 3pk,Wilson,1045 ₽,https://saletennis.com/catalog/product/overgrip-wilson-pro-overgrip-perforated-black-3pk-4032-4032,Соболева: 1 сет,1.0,data\product_images\74c476d9cb37.jpg,0.0,0.0,0.0,1.0,0.0,0.0,0.0,0.0,0.0,0.0
Аксессуары,52ATPCONRD,Овергрип Tecnifibre Contact Pro - Red,Tecnifibre,1100 ₽,https://saletennis.com/catalog/product/ovierghrip-tecnifibre-contact-pro-red-13412,Санкт-Петербург (Спортивная): 14 сет | Тюмень (Народная): 7 сет | Парина: 4 сет | Соболева: 1 сет | Уфа: 2 сет,28.0,data\product_images\3c0792922a1f.png,0.0,14.0,0.0,1.0,4.0,0.0,0.0,7.0,2.0,0.0
Аксессуары,285080-NV,Повязка на голову Head Headband - Navy,Head,608 ₽,https://saletennis.com/catalog/product/poviazka-na-gholovu-head-headband-navy-2-13358,Парина: 1 сет | Санкт-Петербург (Спортивная): 1 сет,2.0,data\product_images\283829e76e41.png,0.0,1.0,0.0,0.0,1.0,0.0,0.0,0.0,0.0,0.0
Аксессуары,101-020,"Магнит Milo ""NOTHING CAN STOP GOOD SERVE""",Не определен,300 ₽,https://saletennis.com/catalog/product/maghnit-milo-nothing-can-stop-good-serve-5425,Бисертская: 1 сет | Санкт-Петербург (Спортивная): 3 сет,4.0,data\product_images\fec4461d01da.png,0.0,3.0,0.0,0.0,0.0,1.0,0.0,0.0,0.0,0.0
Аксессуары,76WBL-RED,Напульсники 7/6 Wristband Long - Red,7/6,490 ₽,https://saletennis.com/catalog/product/napul-sniki-7-6-wristband-long-red-12972,Тюмень: 4 сет | Соболева: 7 сет | Санкт-Петербург (Спортивная): 19 сет | Санкт-Петербург (Ярослава Гашека): 8 сет | Тюмень (Народная): 2 сет | Бисертская: 1 сет | Парина: 3 сет,44.0,data\product_images\738142a3f439.jpg,8.0,19.0,0.0,7.0,3.0,1.0,0.0,6.0,0.0,0.0
Аксессуары,285080-DC,Повязка на голову Head Headband - Dirty Lilac,Head,608 ₽,https://saletennis.com/catalog/product/poviazka-na-gholovu-head-headband-dirty-lilac-19361,Санкт-Петербург (Спортивная): 2 сет | Тюмень (Народная): 1 сет | Ижевск: 2 сет | Соболева: 3 сет | Парина: 2 сет,10.0,data\product_images\b65cef08a195.png,0.0,2.0,0.0,3.0,2.0,0.0,0.0,1.0,0.0,2.0
Аксессуары,101-109,"Магнит Milo ""Завязываю""",Не определен,300 ₽,https://saletennis.com/catalog/product/maghnit-milo-zaviazyvaiu-9412,Бисертская: 1 сет,1.0,data\product_images\bcd1d8a658a1.jpg,0.0,0.0,0.0,0.0,0.0,1.0,0.0,0.0,0.0,0.0
Аксессуары,WRZ4040OR,Овергрип Wilson Soft Overgrip orange 3 pk,Wilson,1045 ₽,https://saletennis.com/catalog/product/overgrip-wilson-soft-overgrip-orange-3-pk-403-403,Ижевск: 8 сет | Санкт-Петербург (Ярослава Гашека): 1 сет | Парина: 8 сет | Бисертская: 6 сет | Соболева: 3 сет | Уфа: 8 сет | Тюмень (Народная): 2 сет,36.0,data\product_images\e820fd55f648.png,1.0,0.0,0.0,3.0,8.0,6.0,0.0,2.0,8.0,8.0
Аксессуары,285704,Виброгаситель Head Djokovic dampener white,Head,608 ₽,https://saletennis.com/catalog/product/vibrogasitel-head-djokovic-dampener-white-2979-2979,Соболева: 6 сет | Тюмень (Народная): 1 сет | Ижевск: 12 сет | Уфа: 5 сет | Парина: 4 сет,28.0,data\product_images\ad171181dadf.png,0.0,0.0,0.0,6.0,4.0,0.0,0.0,1.0,5.0,12.0
Аксессуары,TL76S-GR,Полотенце 7/6 (50*70) - Grey,7/6,1290 ₽,https://saletennis.com/catalog/product/polotientsie-7-6-50-70-grey-18629,Санкт-Петербург (Ярослава Гашека): 1 сет | Парина: 3 сет | Елизаветенское шоссе: 3 сет | Уфа: 6 сет | Санкт-Петербург (Спортивная): 3 сет | Соболева: 2 сет | Ижевск: 3 сет,21.0,data\product_images\b02bdcf89669.png,1.0,3.0,0.0,2.0,3.0,0.0,3.0,0.0,6.0,3.0
Аксессуары,SKLFT001-18,Бутылка для воды 7/6 UV Water Bottle - Black,7/6,2290 ₽,https://saletennis.com/catalog/product/butylka-dlia-vody-7-6-uv-water-bottle-black-10277,Тюмень (Народная): 1 сет,1.0,data\product_images\cfeda8049e04.jpg,0.0,0.0,0.0,0.0,0.0,0.0,0.0,1.0,0.0,0.0
Аксессуары,WRG0437112,Заглушка ручки Wilson Cap&Trap PS Size 2,Wilson,2422 ₽,https://saletennis.com/catalog/product/zaghlushka-ruchki-wilson-cap-trap-ps-size-2-18066,Основной склад Екатеринбург: 2 сет,2.0,data\product_images\41b113b05690.png,0.0,0.0,2.0,0.0,0.0,0.0,0.0,0.0,0.0,0.0
Аксессуары,WRG1243113,Заглушка ручки Wilson Red Size 3,Wilson,2422 ₽,https://saletennis.com/catalog/product/zaghlushka-ruchki-wilson-red-size-3-17295,Парина: 11 сет,11.0,data\product_images\49cb0f3294ec.png,0.0,0.0,0.0,0.0,11.0,0.0,0.0,0.0,0.0,0.0
Аксессуары,288400-00,Комплект ручки Head № 0,Head,324 ₽,https://saletennis.com/catalog/product/kompliekt-ruchki-head-0-13950,Парина: 3 сет,3.0,data\product_images\5c7c398e9d75.png,0.0,0.0,0.0,0.0,3.0,0.0,0.0,0.0,0.0,0.0
Аксессуары,285104-RD,Овергрип Head Xtremsoft red,Head,850 ₽,https://saletennis.com/catalog/product/overgrip-head-xtremsoft-red-220-220,Уфа: 18 сет | Парина: 9 сет | Санкт-Петербург (Спортивная): 18 сет | Ижевск: 11 сет | Тюмень (Народная): 12 сет | Бисертская: 5 сет | Соболева: 6 сет | Основной склад Екатеринбург: 48 сет,127.0,data\product_images\78c6e387cbad.png,0.0,18.0,48.0,6.0,9.0,5.0,0.0,12.0,18.0,11.0
Аксессуары,285415-WH,Овергрип Head Xtremsoft 30 Pack White,Head,5176 ₽,https://saletennis.com/catalog/product/ovierghrip-head-xtremsoft-30-pack-white-8078,Основной склад Екатеринбург: 1 сет,1.0,data\product_images\f0f761e2e30a.png,0.0,0.0,1.0,0.0,0.0,0.0,0.0,0.0,0.0,0.0
Аксессуары,STO76-3FY,Овергрип 7/6 Super Tacky - Fluorescent Yellow 3 pk,7/6,690 ₽,https://saletennis.com/catalog/product/ovierghrip-7-6-super-tacky-fluorescent-yellow-3-pk-16707,Соболева: 6 сет | Ижевск: 10 сет | Санкт-Петербург (Спортивная): 17 сет | Парина: 5 сет | Уфа: 8 сет | Санкт-Петербург (Ярослава Гашека): 4 сет | Тюмень (Народная): 2 сет,52.0,data\product_images\c073a1d5d6b3.png,4.0,17.0,0.0,6.0,5.0,0.0,0.0,2.0,8.0,10.0
Аксессуары,700,Натяжка ракетки.,Не определен,800 ₽,https://saletennis.com/catalog/product/natiazhka-rakietki-1-16875,Основной склад Екатеринбург: 100 сет,100.0,data\product_images\5b39d2022e2d.jpg,0.0,0.0,100.0,0.0,0.0,0.0,0.0,0.0,0.0,0.0
Аксессуары,3176697,Бутылка для воды Tennis Ball - Green,Не определен,1190 ₽,https://saletennis.com/catalog/product/butylka-dlia-vody-tennis-ball-green-13482,Санкт-Петербург (Спортивная): 1 сет | Бисертская: 1 сет | Соболева: 1 сет,3.0,data\product_images\a903b85d9707.png,0.0,1.0,0.0,1.0,0.0,1.0,0.0,0.0,0.0,0.0
Аксессуары,WR8433801001,Протектор Wilson Pro Staff X V14,Wilson,2017 ₽,https://saletennis.com/catalog/product/protiektor-wilson-pro-staff-x-v14-17950,Основной склад Екатеринбург: 16 сет,16.0,data\product_images\9536b4638701.png,0.0,0.0,16.0,0.0,0.0,0.0,0.0,0.0,0.0,0.0
Аксессуары,285515-Yel,Виброгаситель Head Pro Damp Yellow,Head,607 ₽,https://saletennis.com/catalog/product/vibroghasitiel-head-pro-damp-yellow-5573,Бисертская: 8 сет | Соболева: 8 сет | Тюмень (Народная): 5 сет | Уфа: 8 сет | Ижевск: 5 сет | Санкт-Петербург (Спортивная): 8 сет | Парина: 6 сет,48.0,data\product_images\127f17e215b9.png,0.0,8.0,0.0,8.0,6.0,8.0,0.0,5.0,8.0,5.0
Аксессуары,285050-DC,"Пара напульсников Head 2,5 Synthetic Wristband - Dirty Lilac",Head,689 ₽,https://saletennis.com/catalog/product/para-napul-snikov-head-2-5-synthetic-wristband-dirty-lilac-19370,Соболева: 1 сет | Санкт-Петербург (Спортивная): 5 сет | Парина: 3 сет,9.0,data\product_images\548e53081440.png,0.0,5.0,0.0,1.0,3.0,0.0,0.0,0.0,0.0,0.0
Аксессуары,288400,Комплект ручки Head № 5,Head,478 ₽,https://saletennis.com/catalog/product/komplekt-ruchki-head-5-36-36,Основной склад Екатеринбург: 3 сет,3.0,data\product_images\726c31bf7fbf.png,0.0,0.0,3.0,0.0,0.0,0.0,0.0,0.0,0.0,0.0
Аксессуары,52ATPCONBK,Овергрип Tecnifibre Contact Pro - Black,Tecnifibre,1190 ₽,https://saletennis.com/catalog/product/ovierghrip-tecnifibre-contact-pro-black-13411,Тюмень (Народная): 3 сет | Парина: 3 сет,6.0,data\product_images\7873f4af2c46.png,0.0,0.0,0.0,0.0,3.0,0.0,0.0,3.0,0.0,0.0
Аксессуары,011,"Аромасаше ""Всегда в игре""",Не определен,590 ₽,https://saletennis.com/catalog/product/aromasashie-vsieghda-v-ighrie-18513,Уфа: 2 сет | Тюмень: 1 сет | Ижевск: 1 сет | Парина: 2 сет,6.0,data\product_images\f0fc4e31a27d.png,0.0,0.0,0.0,0.0,2.0,0.0,0.0,1.0,2.0,1.0
Аксессуары,811509-BKW,Носки Head Tennis 2P Stripe Quarter - Black/White (2 пары),Head,1207 ₽,https://saletennis.com/catalog/product/noski-head-tennis-2p-stripe-quarter-black-white-2-pary-15467,35-38: Санкт-Петербург (Спортивная) - 4 упак | Соболева - 2 упак | Бисертская - 1 упак | 39-42: Тюмень (Народная) - 2 упак | Санкт-Петербург (Спортивная) - 1 упак | Соболева - 1 упак | Парина - 2 упак | 43-46: Тюмень (Народная) - 1 упак | Санкт-Петербург (Спортивная) - 3 упак | Уфа - 1 упак,18.0,data\product_images\ae4f22787527.png,0.0,8.0,0.0,3.0,2.0,1.0,0.0,3.0,1.0,0.0
Аксессуары,285104-MX,Овергрип Head Xtremsoft Mix,Head,689 ₽,https://saletennis.com/catalog/product/ovierghrip-head-xtremsoft-mix-13027,Основной склад Екатеринбург: 54 сет | Бисертская: 5 сет | Тюмень (Народная): 7 сет | Парина: 6 сет | Уфа: 8 сет | Санкт-Петербург (Спортивная): 5 сет | Соболева: 12 сет | Ижевск: 8 сет,105.0,data\product_images\ba50e494d709.png,0.0,5.0,54.0,12.0,6.0,5.0,0.0,7.0,8.0,8.0
Аксессуары,53DONUIGDA,Виброгаситель Tecnifiber Damp IGA Donut,Не определен,990 ₽,https://saletennis.com/catalog/product/vibroghasitiel-tecnifiber-damp-iga-donut-19077,Парина: 1 сет | Соболева: 2 сет | Санкт-Петербург (Спортивная): 2 сет,5.0,data\product_images\6af65b00304a.png,0.0,2.0,0.0,2.0,1.0,0.0,0.0,0.0,0.0,0.0
Аксессуары,52PLAPROWH,Овергрип Tecnifibre Players Pro Feel - White,Tecnifibre,1190 ₽,https://saletennis.com/catalog/product/ovierghrip-tecnifibre-players-pro-feel-white-13423,Парина: 2 сет | Санкт-Петербург (Спортивная): 2 сет | Тюмень (Народная): 2 сет,6.0,data\product_images\a5c97af12518.png,0.0,2.0,0.0,0.0,2.0,0.0,0.0,2.0,0.0,0.0
Аксессуары,76WBL-0116,Напульсник 7/6 Wristband Long - Margarita,7/6,690 ₽,https://saletennis.com/catalog/product/napul-snik-7-6-wristband-long-margarita-19524,Тюмень (Народная): 3 сет | Соболева: 7 сет | Уфа: 8 сет | Бисертская: 7 сет | Ижевск: 8 сет | Санкт-Петербург (Спортивная): 9 сет | Парина: 8 сет | Елизаветенское шоссе: 6 сет | Санкт-Петербург (Ярослава Гашека): 6 сет,62.0,data\product_images\7d4ee8b59e08.png,6.0,9.0,0.0,7.0,8.0,7.0,6.0,3.0,8.0,8.0
Аксессуары,76WB-1215,Пара напульсников 7/6 Wristband - Shaved Chocolate,7/6,990 ₽,https://saletennis.com/catalog/product/para-napul-snikov-7-6-wristband-shaved-chocolate-19511,Бисертская: 8 сет | Елизаветенское шоссе: 9 сет | Санкт-Петербург (Спортивная): 9 сет | Соболева: 6 сет | Уфа: 8 сет | Парина: 9 сет | Ижевск: 8 сет | Тюмень (Народная): 3 сет | Санкт-Петербург (Ярослава Гашека): 6 сет,66.0,data\product_images\290f4c143ad4.png,6.0,9.0,0.0,6.0,9.0,8.0,9.0,3.0,8.0,8.0
Аксессуары,282009-WH,Овергрип Head Prestige Pro white,Head,623 ₽,https://saletennis.com/catalog/product/overgrip-head-prestige-pro-white-361-361,Ижевск: 6 сет | Бисертская: 7 сет | Соболева: 12 сет | Санкт-Петербург (Спортивная): 26 сет | Уфа: 10 сет | Тюмень (Народная): 8 сет | Парина: 2 сет | Основной склад Екатеринбург: 60 сет,131.0,data\product_images\7540cfb49f12.png,0.0,26.0,60.0,12.0,2.0,7.0,0.0,8.0,10.0,6.0
Аксессуары,WR8418001001,Виброгаситель Wilson Minions V3.0 2PK,Wilson,964 ₽,https://saletennis.com/catalog/product/vibroghasitiel-wilson-minions-v3-0-2pk-15911,Ижевск: 4 сет | Соболева: 1 сет | Парина: 3 сет | Бисертская: 2 сет,10.0,data\product_images\248bb4384f27.png,0.0,0.0,0.0,1.0,3.0,2.0,0.0,0.0,0.0,4.0
Аксессуары,001-GR,Овергрип Solinco Wonder Green 1pk,Solinco,300 ₽,https://saletennis.com/catalog/product/ovierghrip-solinco-wonder-green-1pk-19118,Уфа: 16 сет | Парина: 12 сет | Ижевск: 3 сет | Тюмень (Народная): 16 сет | Соболева: 10 сет | Бисертская: 9 сет,66.0,data\product_images\a9802e8b7820.png,0.0,0.0,0.0,10.0,12.0,9.0,0.0,16.0,16.0,3.0
Аксессуары,53CROIIGDA,Виброгаситель Tecnifiber Damp IGA Croissant,Не определен,990 ₽,https://saletennis.com/catalog/product/vibroghasitiel-tecnifiber-damp-iga-croissant-19076,Санкт-Петербург (Спортивная): 1 сет,1.0,data\product_images\f4ee6ebd0bfd.png,0.0,1.0,0.0,0.0,0.0,0.0,0.0,0.0,0.0,0.0
Аксессуары,TL76-WH,Полотенце 7/6 - White,7/6,1990 ₽,https://saletennis.com/catalog/product/polotientsie-7-6-white-16968,Елизаветенское шоссе: 1 сет | Тюмень (Народная): 1 сет | Ижевск: 1 сет | Парина: 6 сет | Уфа: 2 сет | Санкт-Петербург (Ярослава Гашека): 2 сет | Санкт-Петербург (Спортивная): 2 сет | Соболева: 3 сет | Бисертская: 3 сет,21.0,data\product_images\8b44727e32a6.png,2.0,2.0,0.0,3.0,6.0,3.0,1.0,1.0,2.0,1.0
Аксессуары,STO76-3BLU,Овергрип 7/6 Super Tacky - Blue 3 pk,7/6,690 ₽,https://saletennis.com/catalog/product/ovierghrip-7-6-super-tacky-blue-3-pk-14372,Ижевск: 8 сет | Уфа: 6 сет | Тюмень: 1 сет | Санкт-Петербург (Спортивная): 7 сет | Парина: 7 сет | Соболева: 6 сет | Бисертская: 1 сет | Тюмень (Народная): 3 сет | Санкт-Петербург (Ярослава Гашека): 5 сет,44.0,data\product_images\0c2ca151ae0c.png,5.0,7.0,0.0,6.0,7.0,1.0,0.0,4.0,6.0,8.0
Аксессуары,WRZ4202BK,Грип Wilson Sublime black,Wilson,1045 ₽,https://saletennis.com/catalog/product/grip-wilson-sublime-black-2910-2910,Санкт-Петербург (Спортивная): 2 сет,2.0,data\product_images\8103f6d219b1.jpg,0.0,2.0,0.0,0.0,0.0,0.0,0.0,0.0,0.0,0.0
Аксессуары,WR8417901001,Виброгаситель Wilson Minions V3.0 Dampener,Wilson,324 ₽,https://saletennis.com/catalog/product/vibroghasitiel-wilson-minions-v3-0-dampener-15828,Уфа: 10 сет | Ижевск: 4 сет | Парина: 6 сет | Соболева: 7 сет | Бисертская: 8 сет,35.0,data\product_images\eee33ef98393.png,0.0,0.0,0.0,7.0,6.0,8.0,0.0,0.0,10.0,4.0
Аксессуары,TC76-BL,Теннисные носки 7/6 Tour Crew - Blue,7/6,790 ₽,https://saletennis.com/catalog/product/tiennisnyie-noski-7-6-tour-crew-blue-17067,34-38: Тюмень - 3 пар | Тюмень (Народная) - 8 пар | Санкт-Петербург (Спортивная) - 11 пар | Бисертская - 6 пар | Соболева - 4 пар | 38-42: Санкт-Петербург (Спортивная) - 9 пар | Соболева - 9 пар | Санкт-Петербург (Ярослава Гашека) - 5 пар | Бисертская - 2 пар | Парина - 15 пар | Тюмень - 1 пар | Уфа - 6 пар | Тюмень (Народная) - 5 пар | 43-46: Соболева - 5 пар | Парина - 7 пар | Санкт-Петербург (Ярослава Гашека) - 5 пар | Тюмень (Народная) - 2 пар | Санкт-Петербург (Спортивная) - 9 пар | Ижевск - 5 пар | Уфа - 4 пар | Елизаветенское шоссе - 3 пар | Бисертская - 6 пар | Тюмень - 3 пар,133.0,data\product_images\23ba3424449f.png,10.0,29.0,0.0,18.0,22.0,14.0,3.0,22.0,10.0,5.0
Аксессуары,200,Брелок ракетка с мячиком mix,Не определен,590 ₽,https://saletennis.com/catalog/product/brielok-rakietka-s-miachikom-mix-13157,Бисертская: 12 сет | Парина: 12 сет | Тюмень (Народная): 10 сет | Уфа: 1 сет | Ижевск: 6 сет | Соболева: 11 сет,52.0,data\product_images\ff9058824308.png,0.0,0.0,0.0,11.0,12.0,12.0,0.0,10.0,1.0,6.0
Аксессуары,285124-BK,Овергрип Head XtremTrack Black,Head,640 ₽,https://saletennis.com/catalog/product/ovierghrip-head-xtremtrack-black-13028,Ижевск: 4 сет | Уфа: 6 сет | Санкт-Петербург (Спортивная): 14 сет | Бисертская: 3 сет | Тюмень (Народная): 4 сет | Парина: 5 сет | Соболева: 6 сет,42.0,data\product_images\19c7f2f0abb4.png,0.0,14.0,0.0,6.0,5.0,3.0,0.0,4.0,6.0,4.0
Аксессуары,285070-RD,Пара напульсников Head 5 Synthetic Wristband - Red,Head,1094 ₽,https://saletennis.com/catalog/product/para-napul-snikov-head-5-synthetic-wristband-red-12710,Парина: 2 сет | Уфа: 1 сет | Соболева: 3 сет | Тюмень: 1 сет | Санкт-Петербург (Спортивная): 12 сет | Тюмень (Народная): 5 сет | Ижевск: 3 сет,27.0,data\product_images\deb5459e304c.png,0.0,12.0,0.0,3.0,2.0,0.0,0.0,6.0,1.0,3.0
Аксессуары,285120-BLYW,Виброгаситель Head Zverev Dampener Blue/Yellow,Head,607 ₽,https://saletennis.com/catalog/product/vibroghasitiel-head-zverev-dampener-blue-yellow-13026,Парина: 5 сет | Бисертская: 4 сет | Санкт-Петербург (Спортивная): 7 сет | Ижевск: 2 сет | Соболева: 6 сет,24.0,data\product_images\64e02c7af617.png,0.0,7.0,0.0,6.0,5.0,4.0,0.0,0.0,0.0,2.0
Аксессуары,WRZ4211BK,Грип Wilson Micro-Dry Comfort Replacement Black,Wilson,1045 ₽,https://saletennis.com/catalog/product/grip-wilson-micro-dry-comfort-replacement-black-7435,Тюмень (Народная): 1 сет | Соболева: 1 сет | Уфа: 2 сет | Санкт-Петербург (Спортивная): 1 сет,5.0,data\product_images\bb2e1a4ddab8.jpg,0.0,1.0,0.0,1.0,0.0,0.0,0.0,1.0,2.0,0.0
Аксессуары,GB-1202,Овергрип для падел ракеток BullPadel Adherent - Purple,Bullpadel,893 ₽,https://saletennis.com/catalog/product/ovierghrip-dlia-padiel-rakietok-bullpadel-adherent-purple-16522,Санкт-Петербург (Спортивная): 1 сет | Ижевск: 2 сет,3.0,data\product_images\dfb6e73b1efc.png,0.0,1.0,0.0,0.0,0.0,0.0,0.0,0.0,0.0,2.0
Аксессуары,STO76-3OR,Овергрип 7/6 Super Tacky - Orange 3 pk,7/6,690 ₽,https://saletennis.com/catalog/product/ovierghrip-7-6-super-tacky-orange-3-pk-14375,Ижевск: 3 сет | Уфа: 6 сет | Соболева: 6 сет | Санкт-Петербург (Ярослава Гашека): 5 сет | Тюмень (Народная): 5 сет | Бисертская: 1 сет | Парина: 4 сет | Санкт-Петербург (Спортивная): 9 сет,39.0,data\product_images\d71cc3fc7d7c.png,5.0,9.0,0.0,6.0,4.0,1.0,0.0,5.0,6.0,3.0
Аксессуары,WR8403301001,Грип Wilson Pro Performance Brown Replacment Grip,Wilson,1045 ₽,https://saletennis.com/catalog/product/grip-wilson-pro-performance-brown-replacment-grip-17725,Ижевск: 2 сет | Парина: 4 сет | Санкт-Петербург (Ярослава Гашека): 1 сет | Соболева: 3 сет | Тюмень (Народная): 4 сет,14.0,data\product_images\7ea89b01679c.png,1.0,0.0,0.0,3.0,4.0,0.0,0.0,4.0,0.0,2.0
Аксессуары,001-OR,Овергрип Solinco Wonder Orange 1pk,Solinco,300 ₽,https://saletennis.com/catalog/product/ovierghrip-solinco-wonder-orange-1pk-19119,Ижевск: 4 сет | Уфа: 12 сет | Тюмень (Народная): 8 сет | Бисертская: 14 сет | Соболева: 8 сет | Парина: 13 сет,59.0,data\product_images\df831f8945b1.png,0.0,0.0,0.0,8.0,13.0,14.0,0.0,8.0,12.0,4.0
Аксессуары,WRG1243114,Заглушка ручки Wilson Red Size 4,Wilson,2422 ₽,https://saletennis.com/catalog/product/zaghlushka-ruchki-wilson-red-size-4-17296,Парина: 6 сет,6.0,data\product_images\d1b63a670646.png,0.0,0.0,0.0,0.0,6.0,0.0,0.0,0.0,0.0,0.0
Аксессуары,76WBL-1215,Напульсник 7/6 Wristband Long - Shaved Chocolate,7/6,690 ₽,https://saletennis.com/catalog/product/napul-snik-7-6-wristband-long-shaved-chocolate-19525,Санкт-Петербург (Ярослава Гашека): 6 сет | Бисертская: 8 сет | Парина: 9 сет | Соболева: 6 сет | Тюмень (Народная): 2 сет | Уфа: 7 сет | Санкт-Петербург (Спортивная): 9 сет | Ижевск: 8 сет | Елизаветенское шоссе: 7 сет,62.0,data\product_images\0cbd3ab5224d.png,6.0,9.0,0.0,6.0,9.0,8.0,7.0,2.0,7.0,8.0
Аксессуары,TL-Ironman,Виброгаситель Tennis Life Superheroes - Ironman,Не определен,200 ₽,https://saletennis.com/catalog/product/vibroghasitiel-tennis-life-superheroes-ironman-14186,Бисертская: 11 сет | Уфа: 7 сет | Ижевск: 2 сет | Соболева: 6 сет | Тюмень (Народная): 4 сет | Парина: 3 сет,33.0,data\product_images\c7f6869ae8d1.png,0.0,0.0,0.0,6.0,3.0,11.0,0.0,4.0,7.0,2.0
Аксессуары,52ATPCONWH,Овергрип Tecnifibre Contact Pro - White,Tecnifibre,1190 ₽,https://saletennis.com/catalog/product/ovierghrip-tecnifibre-contact-pro-white-16275,Тюмень (Народная): 1 сет | Парина: 1 сет,2.0,data\product_images\d86f8e4bde74.png,0.0,0.0,0.0,0.0,1.0,0.0,0.0,1.0,0.0,0.0
Аксессуары,WR8450401001,Протектор Wilson Ultra 100/100L/100UL V5.0,Wilson,2017 ₽,https://saletennis.com/catalog/product/protiektor-wilson-ultra-100-100l-100ul-v5-0-18072,Основной склад Екатеринбург: 9 сет | Соболева: 2 сет,11.0,data\product_images\189926f3553e.png,0.0,0.0,9.0,2.0,0.0,0.0,0.0,0.0,0.0,0.0
Аксессуары,101-044,"Магнит Milo ""FINALIST""",Не определен,300 ₽,https://saletennis.com/catalog/product/maghnit-milo-finalist-5610,Санкт-Петербург (Спортивная): 1 сет,1.0,data\product_images\e6aea497a11a.png,0.0,1.0,0.0,0.0,0.0,0.0,0.0,0.0,0.0,0.0
Аксессуары,PRL11011-GR,Суппорт бедра TORRES Grey (нейлон),Не определен,413 ₽,https://saletennis.com/catalog/product/support-biedra-torres-grey-nieilon-10288,L: Санкт-Петербург (Спортивная) - 1 шт | S: Парина - 1 шт,2.0,data\product_images\7a91fc02cd78.png,0.0,1.0,0.0,0.0,1.0,0.0,0.0,0.0,0.0,0.0
Аксессуары,TL-Santa,Виброгаситель Tennis Life - Santa,Не определен,200 ₽,https://saletennis.com/catalog/product/vibroghasitiel-tennis-life-santa-16987,Тюмень (Народная): 3 сет,3.0,data\product_images\4bd021657e58.png,0.0,0.0,0.0,0.0,0.0,0.0,0.0,3.0,0.0,0.0
Аксессуары,WR8438601001,Виброгаситель Wilson Pro Feel Shift Dampeners,Wilson,883 ₽,https://saletennis.com/catalog/product/vibroghasitiel-wilson-pro-feel-shift-dampeners-15829,Тюмень: 6 сет | Тюмень (Народная): 8 сет | Уфа: 7 сет | Основной склад Екатеринбург: 12 сет | Соболева: 10 сет | Санкт-Петербург (Спортивная): 2 сет | Ижевск: 13 сет | Парина: 8 сет | Санкт-Петербург (Ярослава Гашека): 1 сет | Бисертская: 14 сет,81.0,data\product_images\aea0af6227a2.png,1.0,2.0,12.0,10.0,8.0,14.0,0.0,14.0,7.0,13.0
Аксессуары,52ATPPLANE,Овергрип Tecnifibre Players Pro - Neon,Tecnifibre,1190 ₽,https://saletennis.com/catalog/product/ovierghrip-tecnifibre-players-pro-neon-16903,Соболева: 2 сет | Тюмень (Народная): 1 сет | Парина: 1 сет,4.0,data\product_images\7752102f125a.png,0.0,0.0,0.0,2.0,1.0,0.0,0.0,1.0,0.0,0.0
Аксессуары,500713,Подарочная коробка для падел ракетки,Не определен,2990 ₽,https://saletennis.com/catalog/product/podarochnaia-korobka-dlia-padiel-rakietki-18930,Ижевск: 2 сет | Тюмень: 2 сет | Санкт-Петербург (Спортивная): 3 сет | Елизаветенское шоссе: 3 сет | Уфа: 2 сет | Основной склад Екатеринбург: 27 сет,39.0,data\product_images\d81c30d6726f.png,0.0,3.0,27.0,0.0,0.0,0.0,3.0,2.0,2.0,2.0
Аксессуары,76HB-RED,Повязка на голову 7/6 Headband - Red,Head,500 ₽,https://saletennis.com/catalog/product/poviazka-na-gholovu-7-6-headband-red-12979,Уфа: 3 сет | Основной склад Екатеринбург: 39 сет | Соболева: 5 сет | Санкт-Петербург (Спортивная): 13 сет | Санкт-Петербург (Ярослава Гашека): 9 сет | Тюмень: 8 сет | Бисертская: 4 сет | Парина: 2 сет | Ижевск: 1 сет,84.0,data\product_images\47107f8857fa.jpg,9.0,13.0,39.0,5.0,2.0,4.0,0.0,8.0,3.0,1.0
Аксессуары,WR8403901001,Виброгаситель Wilson Roland Garros Eiffel Tower,Wilson,1045 ₽,https://saletennis.com/catalog/product/vibroghasitiel-wilson-roland-garros-eiffel-tower-18268,Соболева: 3 сет | Тюмень (Народная): 2 сет,5.0,data\product_images\54203fc5506f.png,0.0,0.0,0.0,3.0,0.0,0.0,0.0,2.0,0.0,0.0
Аксессуары,285515-PK,Виброгаситель Head Pro Damp Pink,Head,607 ₽,https://saletennis.com/catalog/product/vibrogasitel-head-pro-damp-pink-4245-4245,Парина: 10 сет | Уфа: 4 сет | Санкт-Петербург (Спортивная): 12 сет | Соболева: 6 сет | Тюмень (Народная): 5 сет | Бисертская: 8 сет | Ижевск: 8 сет,53.0,data\product_images\8c7643bac276.png,0.0,12.0,0.0,6.0,10.0,8.0,0.0,5.0,4.0,8.0
Аксессуары,285824,Виброгаситель Head Logo Jar,Head,251 ₽,https://saletennis.com/catalog/product/vibrogasitel-head-logo-jar-17-17,Ижевск: 15 сет | Парина: 41 сет | Санкт-Петербург (Спортивная): 38 сет | Бисертская: 43 сет | Уфа: 6 сет,143.0,data\product_images\531b5c91a97c.png,0.0,38.0,0.0,0.0,41.0,43.0,0.0,0.0,6.0,15.0
Аксессуары,285511-OR,Виброгаситель Head Xtra Damp Orange,Head,607 ₽,https://saletennis.com/catalog/product/vibroghasitiel-head-xtra-damp-orange-5757,Уфа: 6 сет | Основной склад Екатеринбург: 24 сет | Тюмень (Народная): 8 сет | Парина: 7 сет | Ижевск: 7 сет | Бисертская: 4 сет | Санкт-Петербург (Ярослава Гашека): 2 сет | Санкт-Петербург (Спортивная): 34 сет | Соболева: 9 сет,101.0,data\product_images\13a83f7c5bd6.png,2.0,34.0,24.0,9.0,7.0,4.0,0.0,8.0,6.0,7.0
Аксессуары,008-б,Полотенце Tennis Team 140x70 Red,Не определен,1990 ₽,https://saletennis.com/catalog/product/polotientsie-tennis-team-140x70-red-18363,Основной склад Екатеринбург: 22 сет | Бисертская: 4 сет | Тюмень (Народная): 1 сет | Санкт-Петербург (Спортивная): 5 сет,32.0,data\product_images\a3ce7b8c465b.jpg,0.0,5.0,22.0,0.0,0.0,4.0,0.0,1.0,0.0,0.0
Аксессуары,TC76-WH,Теннисные носки 7/6 Tour Crew - White,7/6,790 ₽,https://saletennis.com/catalog/product/tiennisnyie-noski-7-6-tour-crew-white-17069,34-38: Санкт-Петербург (Ярослава Гашека) - 14 пар | Санкт-Петербург (Спортивная) - 3 пар | Бисертская - 1 пар | 38-42: Санкт-Петербург (Ярослава Гашека) - 12 пар | Бисертская - 2 пар | Ижевск - 4 пар | Елизаветенское шоссе - 5 пар | Парина - 7 пар | Тюмень - 5 пар | Основной склад Екатеринбург - 19 пар | Тюмень (Народная) - 10 пар | Уфа - 10 пар | 43-46: Бисертская - 10 пар | Елизаветенское шоссе - 6 пар | Ижевск - 11 пар | Тюмень (Народная) - 8 пар | Парина - 11 пар | Уфа - 10 пар | Основной склад Екатеринбург - 36 пар | Санкт-Петербург (Ярослава Гашека) - 15 пар | Соболева - 18 пар | Санкт-Петербург (Спортивная) - 9 пар | Тюмень - 6 пар | 46-50: Ижевск - 5 пар | Санкт-Петербург (Спортивная) - 15 пар | Тюмень (Народная) - 7 пар | Уфа - 5 пар | Соболева - 5 пар | Тюмень - 5 пар | Санкт-Петербург (Ярослава Гашека) - 5 пар | Елизаветенское шоссе - 5 пар | Бисертская - 5 пар | Парина - 8 пар,297.0,data\product_images\880da1d82469.png,46.0,27.0,55.0,23.0,26.0,18.0,16.0,41.0,25.0,20.0
Аксессуары,WR8445001001,Виброгаситель Wilson RF Dampeners 2PK - Black,Wilson,1045 ₽,https://saletennis.com/catalog/product/vibroghasitiel-wilson-rf-dampeners-2pk-black-16461,Уфа: 1 сет | Ижевск: 1 сет | Санкт-Петербург (Спортивная): 1 сет,3.0,data\product_images\82d700e53d21.png,0.0,1.0,0.0,0.0,0.0,0.0,0.0,0.0,1.0,1.0
Аксессуары,WRG074200,Протектор Wilson Clash 98 V2.0,Wilson,2017 ₽,https://saletennis.com/catalog/product/protiektor-wilson-clash-98-v2-0-17297,Парина: 11 сет | Бисертская: 1 сет,12.0,data\product_images\64ecb08ea15f.png,0.0,0.0,0.0,0.0,11.0,1.0,0.0,0.0,0.0,0.0
Аксессуары,76WB-2NV,Пара напульсников 7/6 Wristband - Navy,7/6,590 ₽,https://saletennis.com/catalog/product/para-napul-snikov-7-6-wristband-navy-15497,Бисертская: 3 сет | Тюмень: 1 сет | Соболева: 1 сет | Парина: 1 сет | Ижевск: 1 сет | Санкт-Петербург (Спортивная): 2 сет | Санкт-Петербург (Ярослава Гашека): 2 сет,11.0,data\product_images\e7102c80b3d6.png,2.0,2.0,0.0,1.0,1.0,3.0,0.0,1.0,0.0,1.0
Аксессуары,WRG074100,Протектор Wilson Clash 100 Pro V2.0,Wilson,2017 ₽,https://saletennis.com/catalog/product/protiektor-wilson-clash-100-pro-v2-0-17579,Основной склад Екатеринбург: 9 сет,9.0,data\product_images\eca8163965dc.png,0.0,0.0,9.0,0.0,0.0,0.0,0.0,0.0,0.0,0.0
Аксессуары,A1450001-DBL,Пара напульсников Bidi Badu Lil Move Short - Darkblue,Bidi Badu,636 ₽,https://saletennis.com/catalog/product/para-napul-snikov-bidi-badu-lil-move-short-darkblue-15782,Санкт-Петербург (Спортивная): 2 сет | Тюмень (Народная): 5 сет | Ижевск: 2 сет | Парина: 1 сет,10.0,data\product_images\522f9188a21d.png,0.0,2.0,0.0,0.0,1.0,0.0,0.0,5.0,0.0,2.0
Аксессуары,HE4981,Носки Adidas UB22 Socks - Black,Adidas,1421 ₽,https://saletennis.com/catalog/product/noski-adidas-ub22-socks-black-12936,46-48: Парина - 1 упак,1.0,data\product_images\93b96b98b07f.png,0.0,0.0,0.0,0.0,1.0,0.0,0.0,0.0,0.0,0.0
Аксессуары,288400-10,Комплект ручки Head № 1,Head,590 ₽,https://saletennis.com/catalog/product/kompliekt-ruchki-head-1-13951,Соболева: 1 сет,1.0,data\product_images\bfa977584e9f.png,0.0,0.0,0.0,1.0,0.0,0.0,0.0,0.0,0.0,0.0
Аксессуары,РО76-1,Овергрип 7/6 Pro 1 PK - White,7/6,350 ₽,https://saletennis.com/catalog/product/ovierghrip-7-6-pro-1-pk-white-16718,Тюмень (Народная): 18 сет | Соболева: 13 сет | Бисертская: 33 сет | Парина: 28 сет | Тюмень: 36 сет | Ижевск: 17 сет | Санкт-Петербург (Спортивная): 21 сет,166.0,data\product_images\41b85142760f.png,0.0,21.0,0.0,13.0,28.0,33.0,0.0,54.0,0.0,17.0
Аксессуары,DD-2-WH,Виброгаситель Diadem Diamond - White,Не определен,443 ₽,https://saletennis.com/catalog/product/vibroghasitiel-diadem-diamond-white-14171,Санкт-Петербург (Спортивная): 1 сет,1.0,data\product_images\7ec3a2b8eb2a.png,0.0,1.0,0.0,0.0,0.0,0.0,0.0,0.0,0.0,0.0
Аксессуары,WRG1645134,Заглушка ручки Wilson BLDV9/CLSHV2/PSV14 Size 3,Wilson,2422 ₽,https://saletennis.com/catalog/product/zaghlushka-ruchki-wilson-bldv9-clshv2-psv14-size-3-18064,Основной склад Екатеринбург: 3 сет | Санкт-Петербург (Спортивная): 1 сет,4.0,data\product_images\97f30bdd12e3.png,0.0,1.0,3.0,0.0,0.0,0.0,0.0,0.0,0.0,0.0
Аксессуары,51SQGRIPAS/1,Грип Tecnifibre Squash Dry - Mix,Tecnifibre,990 ₽,https://saletennis.com/catalog/product/grip-tecnifibre-squash-dry-mix-18424,Парина: 8 сет,8.0,data\product_images\7bd5bfbddcdf.png,0.0,0.0,0.0,0.0,8.0,0.0,0.0,0.0,0.0,0.0
Аксессуары,SK0118-100,Носки Nike Court Multiplier Cushioned - White,Nike,2990 ₽,https://saletennis.com/catalog/product/noski-nike-court-multiplier-cushioned-white-9732,46-50: Соболева - 6 упак | Ижевск - 2 упак | Уфа - 2 упак | Санкт-Петербург (Спортивная) - 3 упак | Бисертская - 5 упак | Тюмень - 3 упак | Тюмень (Народная) - 3 упак | Парина - 5 упак,29.0,data\product_images\c93885a41c84.png,0.0,3.0,0.0,6.0,5.0,5.0,0.0,6.0,2.0,2.0
Аксессуары,SS765-100,"Напульсник 7/6 Wristband 5"" - White",7/6,490 ₽,https://saletennis.com/catalog/product/napul-snik-7-6-wristband-5-white-17496,Тюмень (Народная): 4 сет,4.0,data\product_images\c3e51528a666.png,0.0,0.0,0.0,0.0,0.0,0.0,0.0,4.0,0.0,0.0
Аксессуары,285120,Виброгаситель Head Zverev Dampener Teal/Hot Lava,Head,607 ₽,https://saletennis.com/catalog/product/vibroghasitiel-head-zverev-dampener-teal-hot-lava-9560,Санкт-Петербург (Ярослава Гашека): 2 сет | Ижевск: 1 сет | Тюмень (Народная): 3 сет | Бисертская: 2 сет | Санкт-Петербург (Спортивная): 4 сет | Парина: 5 сет | Соболева: 5 сет,22.0,data\product_images\f6daafca8180.png,2.0,4.0,0.0,5.0,5.0,2.0,0.0,3.0,0.0,1.0
Аксессуары,GB-1603,Овергрип для падел ракеток BullPadel Thin - White,Bullpadel,1118 ₽,https://saletennis.com/catalog/product/ovierghrip-dlia-padiel-rakietok-bullpadel-thin-white-16529,Соболева: 5 сет,5.0,data\product_images\63f2b6f9b5fa.png,0.0,0.0,0.0,5.0,0.0,0.0,0.0,0.0,0.0,0.0
Аксессуары,TQ76-GR,Теннисные носки 7/6 Tour Quater - Grey,7/6,790 ₽,https://saletennis.com/catalog/product/tiennisnyie-noski-7-6-tour-quater-grey-17072,34-38: Соболева - 4 пар | Санкт-Петербург (Спортивная) - 3 пар | Парина - 2 пар | Бисертская - 2 пар | 38-42: Бисертская - 2 пар | Парина - 6 пар | Соболева - 5 пар | 43-46: Соболева - 3 пар | Уфа - 6 пар | Парина - 7 пар | Санкт-Петербург (Ярослава Гашека) - 4 пар | Ижевск - 12 пар | Санкт-Петербург (Спортивная) - 13 пар,69.0,data\product_images\aa92c2224176.png,4.0,16.0,0.0,12.0,15.0,4.0,0.0,0.0,6.0,12.0
Аксессуары,285070-BN,Пара напульсников Head 5 Synthetic Wristband - Banana,Head,1094 ₽,https://saletennis.com/catalog/product/para-napul-snikov-head-5-synthetic-wristband-banana-18005,Соболева: 1 сет | Ижевск: 3 сет | Тюмень (Народная): 3 сет | Парина: 2 сет | Санкт-Петербург (Спортивная): 4 сет,13.0,data\product_images\8a19cceb3f54.png,0.0,4.0,0.0,1.0,2.0,0.0,0.0,3.0,0.0,3.0
Аксессуары,285515-WH,Виброгаситель Head Pro Damp White,Head,607 ₽,https://saletennis.com/catalog/product/vibroghasitiel-head-pro-damp-white-6884,Соболева: 5 сет | Санкт-Петербург (Спортивная): 6 сет | Парина: 1 сет,12.0,data\product_images\ac841bb88977.png,0.0,6.0,0.0,5.0,1.0,0.0,0.0,0.0,0.0,0.0
Аксессуары,653040-232,Овергрип Babolat VS Grip Original 3PK - Black/Fluo Yellow,Babolat,990 ₽,https://saletennis.com/catalog/product/ovierghrip-babolat-vs-grip-original-3pk-black-fluo-yellow-16096,Санкт-Петербург (Спортивная): 2 сет | Парина: 6 сет | Уфа: 1 сет | Санкт-Петербург (Ярослава Гашека): 2 сет,11.0,data\product_images\410082cd66cf.png,2.0,2.0,0.0,0.0,6.0,0.0,0.0,0.0,1.0,0.0
Аксессуары,WR8404901001,Виброгаситель Wilson Emoji Dampener,Wilson,300 ₽,https://saletennis.com/catalog/product/vibroghasitiel-wilson-emoji-dampener-12498,Уфа: 74 сет | Санкт-Петербург (Спортивная): 70 сет | Парина: 178 сет | Тюмень (Народная): 92 сет | Тюмень: 36 сет | Санкт-Петербург (Ярослава Гашека): 50 сет | Ижевск: 85 сет | Бисертская: 136 сет | Соболева: 139 сет,860.0,data\product_images\beae6315d599.jpg,50.0,70.0,0.0,139.0,178.0,136.0,0.0,128.0,74.0,85.0
Аксессуары,PO76-3,Овергрип 7/6 Pro 3 PK - White,7/6,990 ₽,https://saletennis.com/catalog/product/ovierghrip-7-6-pro-3-pk-white-16702,Ижевск: 18 сет | Елизаветенское шоссе: 2 сет | Санкт-Петербург (Спортивная): 20 сет | Бисертская: 1 сет | Тюмень: 3 сет | Тюмень (Народная): 6 сет | Уфа: 3 сет | Парина: 2 сет | Санкт-Петербург (Ярослава Гашека): 10 сет,65.0,data\product_images\9534e89ab90f.png,10.0,20.0,0.0,0.0,2.0,1.0,2.0,9.0,3.0,18.0
Аксессуары,53SPIRIT02,Виброгаситель Tecnifiber Spirit Damp,Не определен,890 ₽,https://saletennis.com/catalog/product/vibroghasitiel-tecnifiber-spirit-damp-13407,Бисертская: 1 сет | Парина: 8 сет | Соболева: 2 сет,11.0,data\product_images\b383c16b3b27.png,0.0,0.0,0.0,2.0,8.0,1.0,0.0,0.0,0.0,0.0
Аксессуары,STO76-3PN,Овергрип 7/6 Super Tacky - Pink 3 pk,7/6,690 ₽,https://saletennis.com/catalog/product/ovierghrip-7-6-super-tacky-pink-3-pk-14376,Соболева: 6 сет | Ижевск: 12 сет | Санкт-Петербург (Спортивная): 12 сет | Уфа: 8 сет | Санкт-Петербург (Ярослава Гашека): 10 сет,48.0,data\product_images\a87c42833465.png,10.0,12.0,0.0,6.0,0.0,0.0,0.0,0.0,8.0,12.0
Аксессуары,51ATPXENBK,Грип Tecnifibre X-Tra Endurance - Black,Tecnifibre,1190 ₽,https://saletennis.com/catalog/product/grip-tecnifibre-x-tra-endurance-black-13233,Санкт-Петербург (Спортивная): 1 сет | Ижевск: 2 сет,3.0,data\product_images\4344a679e4d4.png,0.0,1.0,0.0,0.0,0.0,0.0,0.0,0.0,0.0,2.0
Аксессуары,76WB-1632,Пара напульсников 7/6 Wristband - Shell Pink,7/6,990 ₽,https://saletennis.com/catalog/product/para-napul-snikov-7-6-wristband-shell-pink-19512,Санкт-Петербург (Спортивная): 9 сет | Елизаветенское шоссе: 8 сет | Бисертская: 8 сет | Ижевск: 8 сет | Парина: 9 сет | Тюмень (Народная): 3 сет | Соболева: 6 сет | Санкт-Петербург (Ярослава Гашека): 6 сет | Уфа: 8 сет,65.0,data\product_images\11878231f8db.png,6.0,9.0,0.0,6.0,9.0,8.0,8.0,3.0,8.0,8.0
Аксессуары,STO76-3GR,Овергрип 7/6 Super Tacky - Sky Blue 3 pk,7/6,690 ₽,https://saletennis.com/catalog/product/ovierghrip-7-6-super-tacky-sky-blue-3-pk-16705,Парина: 2 сет | Санкт-Петербург (Ярослава Гашека): 5 сет | Соболева: 6 сет | Уфа: 8 сет | Санкт-Петербург (Спортивная): 8 сет,29.0,data\product_images\503f001391d6.png,5.0,8.0,0.0,6.0,2.0,0.0,0.0,0.0,8.0,0.0
Аксессуары,285124-WH,Овергрип Head XtremTrack White,Head,640 ₽,https://saletennis.com/catalog/product/ovierghrip-head-xtremtrack-white-6886,Парина: 10 сет | Тюмень (Народная): 4 сет | Санкт-Петербург (Спортивная): 13 сет | Уфа: 6 сет | Бисертская: 6 сет | Соболева: 2 сет | Ижевск: 5 сет,46.0,data\product_images\d302e2d2a5c5.png,0.0,13.0,0.0,2.0,10.0,6.0,0.0,4.0,6.0,5.0
Аксессуары,285070-DC,Пара напульсников Head 5 Synthetic Wristband - Dirty Lilac,Head,1094 ₽,https://saletennis.com/catalog/product/para-napul-snikov-head-5-synthetic-wristband-dirty-lilac-19371,Соболева: 2 сет | Санкт-Петербург (Спортивная): 6 сет | Парина: 3 сет,11.0,data\product_images\166899de42f9.png,0.0,6.0,0.0,2.0,3.0,0.0,0.0,0.0,0.0,0.0
Аксессуары,001-BK,Овергрип Solinco Wonder Black 1pk,Solinco,300 ₽,https://saletennis.com/catalog/product/ovierghrip-solinco-wonder-black-1pk-19116,Тюмень (Народная): 13 сет | Уфа: 15 сет | Бисертская: 3 сет | Парина: 20 сет | Ижевск: 3 сет | Соболева: 9 сет,63.0,data\product_images\ee18db80e27f.png,0.0,0.0,0.0,9.0,20.0,3.0,0.0,13.0,15.0,3.0
Аксессуары,51SQFEGR24/1,Грип Tecnifibre Squash Feel - Assorted,Tecnifibre,690 ₽,https://saletennis.com/catalog/product/grip-tecnifibre-squash-feel-assorted-18425,Парина: 24 сет,24.0,data\product_images\8e94ce6d91f8.png,0.0,0.0,0.0,0.0,24.0,0.0,0.0,0.0,0.0,0.0
Аксессуары,TL76S-WH,Полотенце 7/6 (50*70) - White,7/6,990 ₽,https://saletennis.com/catalog/product/polotientsie-7-6-50-70-white-17697,Санкт-Петербург (Ярослава Гашека): 1 сет | Парина: 3 сет | Соболева: 1 сет | Санкт-Петербург (Спортивная): 2 сет | Уфа: 3 сет | Елизаветенское шоссе: 3 сет | Ижевск: 3 сет,16.0,data\product_images\13489696cf58.png,1.0,2.0,0.0,1.0,3.0,0.0,3.0,0.0,3.0,3.0
Аксессуары,WRZ537900,Виброгаситель Wilson Shock Shield Dampener,Wilson,593 ₽,https://saletennis.com/catalog/product/vibroghasitiel-wilson-shock-shield-dampener-5981,Санкт-Петербург (Ярослава Гашека): 1 сет | Тюмень (Народная): 11 сет | Парина: 23 сет | Основной склад Екатеринбург: 24 сет | Тюмень: 8 сет | Уфа: 14 сет | Ижевск: 13 сет | Санкт-Петербург (Спортивная): 9 сет | Соболева: 13 сет | Бисертская: 21 сет,137.0,data\product_images\dd9de9f32e90.png,1.0,9.0,24.0,13.0,23.0,21.0,0.0,19.0,14.0,13.0
Аксессуары,WRG1645124,Заглушка ручки Wilson BLDV9/CLSHV2/PSV14 Size 2,Wilson,2422 ₽,https://saletennis.com/catalog/product/zaghlushka-ruchki-wilson-bldv9-clshv2-psv14-size-2-18063,Основной склад Екатеринбург: 4 сет,4.0,data\product_images\0df142acc043.png,0.0,0.0,4.0,0.0,0.0,0.0,0.0,0.0,0.0,0.0
Аксессуары,DD-2-YE,Виброгаситель Diadem Diamond - Yellow,Не определен,443 ₽,https://saletennis.com/catalog/product/vibroghasitiel-diadem-diamond-yellow-14172,Соболева: 2 сет | Парина: 3 сет | Бисертская: 2 сет,7.0,data\product_images\f29352004b0b.png,0.0,0.0,0.0,2.0,3.0,2.0,0.0,0.0,0.0,0.0
Аксессуары,WR8411701001,Виброгаситель Wilson RG Dampeners 2022,Wilson,284 ₽,https://saletennis.com/catalog/product/vibroghasitiel-wilson-rg-dampeners-2022-14086,Соболева: 5 сет | Санкт-Петербург (Спортивная): 2 сет | Парина: 9 сет,16.0,data\product_images\b144b19663f3.png,0.0,2.0,0.0,5.0,9.0,0.0,0.0,0.0,0.0,0.0
Аксессуары,900138,Протектор Babolat Pure Drive (2015),Babolat,2618 ₽,https://saletennis.com/catalog/product/protiektor-babolat-pure-drive-2015-10113,Парина: 1 сет,1.0,data\product_images\60018569884b.jpg,0.0,0.0,0.0,0.0,1.0,0.0,0.0,0.0,0.0,0.0
Аксессуары,WR8445801001,Виброгаситель Wilson Roland Garros 2025 - Green/Clay,Wilson,1207 ₽,https://saletennis.com/catalog/product/vibroghasitiel-wilson-roland-garros-2025-green-clay-17581,Уфа: 1 сет | Бисертская: 5 сет | Парина: 4 сет | Тюмень (Народная): 1 сет | Ижевск: 1 сет | Соболева: 1 сет | Санкт-Петербург (Ярослава Гашека): 1 сет,14.0,data\product_images\55b1e1853939.png,1.0,0.0,0.0,1.0,4.0,5.0,0.0,1.0,1.0,1.0
Аксессуары,WRG1644113,Заглушка ручки Wilson Infrared Cap&Trap non-ps Size 3,Wilson,2422 ₽,https://saletennis.com/catalog/product/zaghlushka-ruchki-wilson-infrared-cap-trap-non-ps-size-3-18069,Основной склад Екатеринбург: 4 сет,4.0,data\product_images\d925269825de.png,0.0,0.0,4.0,0.0,0.0,0.0,0.0,0.0,0.0,0.0
Аксессуары,WRZ4040GO,Овергрип Wilson Pro Soft Overgrip gold 3pk,Wilson,1045 ₽,https://saletennis.com/catalog/product/overgrip-wilson-pro-soft-overgrip-gold-3-pk-2907-2907,Тюмень (Народная): 7 сет | Ижевск: 5 сет | Санкт-Петербург (Ярослава Гашека): 1 сет | Соболева: 7 сет | Санкт-Петербург (Спортивная): 2 сет | Уфа: 9 сет | Парина: 7 сет | Бисертская: 3 сет,41.0,data\product_images\89e4359f5152.jpg,1.0,2.0,0.0,7.0,7.0,3.0,0.0,7.0,9.0,5.0
Аксессуары,001-BL,Овергрип Solinco Wonder Blue 1pk,Solinco,300 ₽,https://saletennis.com/catalog/product/ovierghrip-solinco-wonder-blue-1pk-19117,Соболева: 3 сет | Тюмень (Народная): 10 сет | Парина: 13 сет | Бисертская: 8 сет | Уфа: 6 сет,40.0,data\product_images\bc4877f04e70.png,0.0,0.0,0.0,3.0,13.0,8.0,0.0,10.0,6.0,0.0
Аксессуары,285088-WH,Овергрип Head Super Comp white,Head,750 ₽,https://saletennis.com/catalog/product/overgrip-head-super-comp-white-218-218,Ижевск: 7 сет | Уфа: 13 сет | Бисертская: 6 сет | Санкт-Петербург (Спортивная): 12 сет | Парина: 4 сет | Соболева: 12 сет,54.0,data\product_images\d981e1c831fc.png,0.0,12.0,0.0,12.0,4.0,6.0,0.0,0.0,13.0,7.0
Аксессуары,40-40,"Кружка сувенирная ""I love tennis""",Не определен,990 ₽,https://saletennis.com/catalog/product/kruzhka-suvienirnaia-i-love-tennis-18365,Соболева: 3 сет | Основной склад Екатеринбург: 21 сет | Бисертская: 3 сет | Санкт-Петербург (Спортивная): 1 сет | Парина: 1 сет,29.0,data\product_images\a7c846901679.jpg,0.0,1.0,21.0,3.0,1.0,3.0,0.0,0.0,0.0,0.0
Аксессуары,101-118,"Магнит Milo ""Чемпионка""",Не определен,300 ₽,https://saletennis.com/catalog/product/maghnit-milo-chiempionka-9376,Санкт-Петербург (Спортивная): 1 сет,1.0,data\product_images\2f86de168c77.png,0.0,1.0,0.0,0.0,0.0,0.0,0.0,0.0,0.0,0.0
Аксессуары,54MARQBLAN,Маркер Tecnifibre Stencil White,Tecnifibre,1200 ₽,https://saletennis.com/catalog/product/markier-tecnifibre-stencil-white-17485,Основной склад Екатеринбург: 7 сет,7.0,data\product_images\921da8ae46e3.png,0.0,0.0,7.0,0.0,0.0,0.0,0.0,0.0,0.0,0.0
Аксессуары,TL-capAmerica,Виброгаситель Tennis Life Superheroes - Captain America,Не определен,200 ₽,https://saletennis.com/catalog/product/vibroghasitiel-tennis-life-superheroes-captain-america-14184,Соболева: 3 сет | Уфа: 6 сет | Бисертская: 9 сет | Парина: 14 сет | Санкт-Петербург (Спортивная): 2 сет,34.0,data\product_images\d8d8cf6f1ac2.png,0.0,2.0,0.0,3.0,14.0,9.0,0.0,0.0,6.0,0.0
Аксессуары,101-005,"Магнит Milo ""I CAN PLAY IN TOP 10 WTA""",Не определен,300 ₽,https://saletennis.com/catalog/product/maghnit-milo-i-can-play-in-top-10-wta-5419,Санкт-Петербург (Спортивная): 1 сет,1.0,data\product_images\fbb14b701956.png,0.0,1.0,0.0,0.0,0.0,0.0,0.0,0.0,0.0,0.0
Аксессуары,285515-BKBL,Виброгаситель Head Pro Damp Black/Blue,Head,608 ₽,https://saletennis.com/catalog/product/vibroghasitiel-head-pro-damp-black-blue-19357,Соболева: 4 сет | Санкт-Петербург (Спортивная): 4 сет | Санкт-Петербург (Ярослава Гашека): 2 сет,10.0,data\product_images\72b18ba59c8e.png,2.0,4.0,0.0,4.0,0.0,0.0,0.0,0.0,0.0,0.0
Аксессуары,400603-100,Теннисные носки Joma Sport Socks - Black,Joma,632 ₽,https://saletennis.com/catalog/product/tiennisnyie-noski-joma-sport-socks-black-19418,39-42: Санкт-Петербург (Спортивная) - 12 пар | Соболева - 12 пар | Парина - 12 пар | 43-46: Парина - 12 пар | Соболева - 12 пар | Санкт-Петербург (Спортивная) - 12 пар,72.0,data\product_images\d3db8b7d5c7f.png,0.0,24.0,0.0,24.0,24.0,0.0,0.0,0.0,0.0,0.0
Аксессуары,285050-CG,"Пара напульсников Head 2,5 Synthetic Wristband - Cantaloupe Green",Head,689 ₽,https://saletennis.com/catalog/product/para-napul-snikov-head-2-5-synthetic-wristband-cantaloupe-green-19369,Парина: 3 сет | Соболева: 1 сет | Санкт-Петербург (Спортивная): 2 сет,6.0,data\product_images\9f1d6de66236.png,0.0,2.0,0.0,1.0,3.0,0.0,0.0,0.0,0.0,0.0
Аксессуары,656011-134,Овергрип Babolat My Overgrip Refill 1 шт,Babolat,300 ₽,https://saletennis.com/catalog/product/ovierghrip-babolat-my-overgrip-refill-1-sht-17154,Санкт-Петербург (Спортивная): 74 сет | Парина: 139 сет | Уфа: 57 сет,270.0,data\product_images\30dc785ca25a.jpg,0.0,74.0,0.0,0.0,139.0,0.0,0.0,0.0,57.0,0.0
Аксессуары,54MAR00020,Маркер Tecnifibre Stencil Black,Tecnifibre,1190 ₽,https://saletennis.com/catalog/product/markier-tecnifibre-stencil-black-17643,Основной склад Екатеринбург: 3 сет | Соболева: 1 сет,4.0,data\product_images\620ab6014b01.png,0.0,0.0,3.0,1.0,0.0,0.0,0.0,0.0,0.0,0.0
Аксессуары,670051-232,Грип Babolat Syntec Pro - Black/Fluo Yellow,Babolat,990 ₽,https://saletennis.com/catalog/product/grip-babolat-syntec-pro-black-fluo-yellow-16084,Уфа: 1 сет,1.0,data\product_images\a27e46aa7906.png,0.0,0.0,0.0,0.0,0.0,0.0,0.0,0.0,1.0,0.0
Аксессуары,5JA1461-2000,Носки Babolat INVISIBLE Black,Babolat,990 ₽,https://saletennis.com/catalog/product/noski-babolat-invisible-black-6839,31-34 (1 пара): Ижевск - 6 упак | Парина - 2 упак | Тюмень (Народная) - 2 упак,10.0,data\product_images\7c78d8d71a6d.png,0.0,0.0,0.0,0.0,2.0,0.0,0.0,2.0,0.0,6.0
Аксессуары,282009-BK,Овергрип Head Prestige Pro black,Head,721 ₽,https://saletennis.com/catalog/product/overgrip-head-prestige-pro-black-46-46,Соболева: 13 сет | Бисертская: 5 сет | Ижевск: 6 сет | Уфа: 12 сет | Основной склад Екатеринбург: 48 сет | Тюмень (Народная): 8 сет | Санкт-Петербург (Спортивная): 19 сет | Парина: 9 сет,120.0,data\product_images\11a8be671364.png,0.0,19.0,48.0,13.0,9.0,5.0,0.0,8.0,12.0,6.0
Аксессуары,KA-00392223,Блистательная Серена. Джеральд Марзорати,Не определен,1190 ₽,https://saletennis.com/catalog/product/blistatiel-naia-sieriena-dzhieral-d-marzorati-1-16749,Тюмень (Народная): 1 сет | Санкт-Петербург (Спортивная): 1 сет | Соболева: 1 сет,3.0,data\product_images\9f43fb0ba8b1.png,0.0,1.0,0.0,1.0,0.0,0.0,0.0,1.0,0.0,0.0
Аксессуары,WR8441801001,Протектор Wilson Blade 98S V9.0,Wilson,2017 ₽,https://saletennis.com/catalog/product/protiektor-wilson-blade-98s-v9-0-17575,Основной склад Екатеринбург: 11 сет,11.0,data\product_images\e8b971288788.png,0.0,0.0,11.0,0.0,0.0,0.0,0.0,0.0,0.0,0.0
Аксессуары,52ATPLAS1,Овергрип Tecnifibre Players Last 1pk,Tecnifibre,300 ₽,https://saletennis.com/catalog/product/ovierghrip-tecnifibre-players-last-1pk-13479,Санкт-Петербург (Спортивная): 13 сет | Соболева: 2 сет,15.0,data\product_images\c2a62ecf194f.png,0.0,13.0,0.0,2.0,0.0,0.0,0.0,0.0,0.0,0.0
Аксессуары,001,Овергрип Solinco Wonder assorty,Solinco,350 ₽,https://saletennis.com/catalog/product/ovierghrip-solinco-wonder-assorty-5841,Парина: 22 сет | Санкт-Петербург (Спортивная): 30 сет | Санкт-Петербург (Ярослава Гашека): 79 сет | Соболева: 11 сет,142.0,data\product_images\0c013cbc195a.png,79.0,30.0,0.0,11.0,22.0,0.0,0.0,0.0,0.0,0.0
Аксессуары,WR8405701001,Виброгаситель Wilson Pro Feel Dampeners 2PK - Clash Red,Wilson,818 ₽,https://saletennis.com/catalog/product/vibroghasitiel-wilson-pro-feel-dampeners-2pk-clash-red-16042,Санкт-Петербург (Ярослава Гашека): 2 сет | Ижевск: 8 сет | Бисертская: 10 сет | Санкт-Петербург (Спортивная): 10 сет | Соболева: 9 сет | Парина: 6 сет | Тюмень (Народная): 10 сет | Уфа: 4 сет | Тюмень: 8 сет,67.0,data\product_images\6c0c8ee3bb1a.png,2.0,10.0,0.0,9.0,6.0,10.0,0.0,18.0,4.0,8.0
Аксессуары,SL76-WH,Носки 7/6 Socks Pro - White,7/6,990 ₽,https://saletennis.com/catalog/product/noski-7-6-socks-pro-white-16549,46-50: Тюмень - 2 пар | Основной склад Екатеринбург - 5 пар | Бисертская - 7 пар | Соболева - 2 пар | Ижевск - 10 пар | Парина - 2 пар,28.0,data\product_images\0bbbbfb96106.png,0.0,0.0,5.0,2.0,2.0,7.0,0.0,2.0,0.0,10.0
Аксессуары,811904-BKW(1),Теннисные носки Head Performance 3 Pack - Black/White,Head,1450 ₽,https://saletennis.com/catalog/product/tiennisnyie-noski-head-performance-3-pack-black-white-17195,35-38: Парина - 2 упак | Санкт-Петербург (Спортивная) - 1 упак | Соболева - 2 упак | Бисертская - 1 упак | 39-42: Соболева - 5 упак | Парина - 4 упак,15.0,data\product_images\8f39ceb8b06e.png,0.0,1.0,0.0,7.0,6.0,1.0,0.0,0.0,0.0,0.0
Аксессуары,S1490008-DBL,Носки Bidi Badu No Party No Show Move 3pk - Dark Blue/Pink,Bidi Badu,676 ₽,https://saletennis.com/catalog/product/noski-bidi-badu-no-party-no-show-move-3pk-dark-blue-pink-14539,31-34: Парина - 1 пар | 35-38: Ижевск - 3 пар | Парина - 1 пар,5.0,data\product_images\37b0cb5703bf.png,0.0,0.0,0.0,0.0,2.0,0.0,0.0,0.0,0.0,3.0
Аксессуары,285515-BK,Виброгаситель Head Pro Damp Black,Head,607 ₽,https://saletennis.com/catalog/product/vibroghasitiel-head-pro-damp-black-6741,Санкт-Петербург (Спортивная): 1 сет | Парина: 7 сет | Тюмень (Народная): 1 сет | Ижевск: 1 сет | Уфа: 2 сет | Соболева: 2 сет | Бисертская: 4 сет,18.0,data\product_images\b9855ea38ef9.png,0.0,1.0,0.0,2.0,7.0,4.0,0.0,1.0,2.0,1.0
Аксессуары,WRZ4011BK,Овергрип Wilson Pro Overgrip Sensation Black 12 pk,Wilson,3637 ₽,https://saletennis.com/catalog/product/ovierghrip-wilson-pro-overgrip-sensation-black-12-pk-7988,Ижевск: 1 сет,1.0,data\product_images\6788ea9e118d.png,0.0,0.0,0.0,0.0,0.0,0.0,0.0,0.0,0.0,1.0
Аксессуары,T012,"Магнит Milo ""HOW LONG DO YOU PLAY TENNIS?""",Не определен,300 ₽,https://saletennis.com/catalog/product/maghnit-milo-how-long-do-you-play-tennis-5417,Санкт-Петербург (Спортивная): 5 сет,5.0,data\product_images\4cf16d6ddf60.png,0.0,5.0,0.0,0.0,0.0,0.0,0.0,0.0,0.0,0.0
Аксессуары,285120-GD,Виброгаситель Head Zverev Dampener - Gold,Head,750 ₽,https://saletennis.com/catalog/product/vibroghasitiel-head-zverev-dampener-gold-19464,Бисертская: 11 сет | Санкт-Петербург (Ярослава Гашека): 5 сет | Соболева: 12 сет | Парина: 12 сет | Санкт-Петербург (Спортивная): 7 сет,47.0,data\product_images\fcc911d9e847.png,5.0,7.0,0.0,12.0,12.0,11.0,0.0,0.0,0.0,0.0
Аксессуары,WR8407101001,Виброгаситель Wilson Pro Feel Dampeners 2PK - Pro Staff Black/White,Wilson,883 ₽,https://saletennis.com/catalog/product/vibroghasitiel-wilson-pro-feel-dampeners-2pk-pro-staff-black-white-16043,Тюмень (Народная): 7 сет | Санкт-Петербург (Спортивная): 14 сет | Тюмень: 10 сет | Бисертская: 17 сет | Ижевск: 7 сет | Санкт-Петербург (Ярослава Гашека): 2 сет | Уфа: 9 сет | Соболева: 13 сет | Парина: 22 сет,101.0,data\product_images\f1b59f9ba517.png,2.0,14.0,0.0,13.0,22.0,17.0,0.0,17.0,9.0,7.0
Аксессуары,76WBL-WH,Напульсники 7/6 Wristband Long - White,7/6,490 ₽,https://saletennis.com/catalog/product/napul-sniki-7-6-wristband-long-white-12973,Ижевск: 7 сет | Соболева: 6 сет | Елизаветенское шоссе: 8 сет | Уфа: 8 сет | Санкт-Петербург (Спортивная): 19 сет | Тюмень (Народная): 3 сет | Парина: 9 сет | Бисертская: 6 сет | Санкт-Петербург (Ярослава Гашека): 15 сет | Тюмень: 2 сет,83.0,data\product_images\ae8542c089b5.jpg,15.0,19.0,0.0,6.0,9.0,6.0,8.0,5.0,8.0,7.0
Аксессуары,WRG1243112,Заглушка ручки Wilson Red Size 2,Wilson,2422 ₽,https://saletennis.com/catalog/product/zaghlushka-ruchki-wilson-red-size-2-17294,Парина: 5 сет,5.0,data\product_images\bd716b7ed7c0.png,0.0,0.0,0.0,0.0,5.0,0.0,0.0,0.0,0.0,0.0
Аксессуары,WR8454601001,Грип Wilson Pro Performance - Green,Wilson,1045 ₽,https://saletennis.com/catalog/product/grip-wilson-pro-performance-green-18996,Санкт-Петербург (Ярослава Гашека): 1 сет | Уфа: 1 сет | Соболева: 3 сет | Парина: 3 сет | Санкт-Петербург (Спортивная): 1 сет,9.0,data\product_images\0675807b62dc.png,1.0,1.0,0.0,3.0,3.0,0.0,0.0,0.0,1.0,0.0
Аксессуары,285070-RS,Пара напульсников Head 5 Synthetic Wristband - Rose,Head,1094 ₽,https://saletennis.com/catalog/product/para-napul-snikov-head-5-synthetic-wristband-rose-14073,Тюмень: 1 сет | Уфа: 2 сет | Ижевск: 2 сет | Тюмень (Народная): 2 сет,7.0,data\product_images\d4b45483b4cb.png,0.0,0.0,0.0,0.0,0.0,0.0,0.0,3.0,2.0,2.0
Аксессуары,285050-NV,"Пара напульсников Head 2,5 Synthetic Wristband - Navy",Head,689 ₽,https://saletennis.com/catalog/product/para-napul-snikov-head-2-5-synthetic-wristband-navy-1-13345,Тюмень (Народная): 1 сет | Ижевск: 1 сет | Соболева: 1 сет | Санкт-Петербург (Спортивная): 4 сет,7.0,data\product_images\0a3c732895da.png,0.0,4.0,0.0,1.0,0.0,0.0,0.0,1.0,0.0,1.0
Аксессуары,J618-7/6YW,Брелок мячик 7/6 - Yellow,7/6,300 ₽,https://saletennis.com/catalog/product/brielok-miachik-7-6-yellow-10276,Санкт-Петербург (Спортивная): 39 сет | Парина: 35 сет | Бисертская: 22 сет | Уфа: 58 сет | Ижевск: 9 сет | Соболева: 22 сет | Санкт-Петербург (Ярослава Гашека): 21 сет | Тюмень (Народная): 38 сет,244.0,data\product_images\e59e7103b120.jpg,21.0,39.0,0.0,22.0,35.0,22.0,0.0,38.0,58.0,9.0
Аксессуары,285050-LN,"Пара напульсников Head 2,5 Synthetic Wristband - Light Green",Head,689 ₽,https://saletennis.com/catalog/product/para-napul-snikov-head-2-5-synthetic-wristband-light-green-14030,Тюмень (Народная): 1 сет,1.0,data\product_images\b286a147aa00.png,0.0,0.0,0.0,0.0,0.0,0.0,0.0,1.0,0.0,0.0
Аксессуары,KA-00398702,Точка опоры - Честная книга о теннисе как игре и профессии. Михаил Южный,Не определен,490 ₽,https://saletennis.com/catalog/product/tochka-opory-chiestnaia-knigha-o-tiennisie-kak-ighrie-i-profiessii-mikhail-iuzhnyi-1-16758,Санкт-Петербург (Спортивная): 1 сет | Соболева: 1 сет,2.0,data\product_images\33877e6d9377.png,0.0,1.0,0.0,1.0,0.0,0.0,0.0,0.0,0.0,0.0
Аксессуары,285050-RD,"Пара напульсников Head 2,5 Synthetic Wristband - Red",Head,689 ₽,https://saletennis.com/catalog/product/para-napul-snikov-head-2-5-synthetic-wristband-red-12709,Парина: 2 сет | Тюмень: 2 сет | Бисертская: 2 сет | Уфа: 3 сет | Ижевск: 2 сет | Тюмень (Народная): 2 сет,13.0,data\product_images\239f4142b689.png,0.0,0.0,0.0,0.0,2.0,2.0,0.0,4.0,3.0,2.0
Аксессуары,GB-1201,Овергрип для падел ракеток BullPadel Comfort/Absorvent - Yellow,Bullpadel,825 ₽,https://saletennis.com/catalog/product/ovierghrip-dlia-padiel-rakietok-bullpadel-comfort-absorvent-yellow-16528,Соболева: 5 сет,5.0,data\product_images\9fcf6401586e.png,0.0,0.0,0.0,5.0,0.0,0.0,0.0,0.0,0.0,0.0
Аксессуары,285124,Овергрип Head XtremTrack mix,Head,640 ₽,https://saletennis.com/catalog/product/overgrip-head-xtremtrack-mix-3254-3254,Соболева: 1 сет,1.0,data\product_images\16de368524da.png,0.0,0.0,0.0,1.0,0.0,0.0,0.0,0.0,0.0,0.0
Аксессуары,811914-BK,Носки Head Tennis 3P Club Black (3 пары),Head,940 ₽,https://saletennis.com/catalog/product/noski-head-tennis-3p-club-black-3-pary-14925,35-38: Тюмень (Народная) - 1 упак | Соболева - 2 упак | Парина - 1 упак,4.0,data\product_images\45d878a178d3.png,0.0,0.0,0.0,2.0,1.0,0.0,0.0,1.0,0.0,0.0
Аксессуары,WRZ4202WH,Грип Wilson Sublime white,Wilson,1045 ₽,https://saletennis.com/catalog/product/grip-wilson-sublime-white-2911-2911,Соболева: 2 сет | Парина: 3 сет | Ижевск: 1 сет | Санкт-Петербург (Спортивная): 2 сет,8.0,data\product_images\ef946528d0ee.png,0.0,2.0,0.0,2.0,3.0,0.0,0.0,0.0,0.0,1.0
Оборудование,B-180,Корзина для мячей 7/6 Tennis Ball Carts 160 мячей,7/6,11993 ₽,https://saletennis.com/catalog/product/korzina-dlia-miachiei-7-6-tennis-ball-carts-180-miachiei-1-13993,Санкт-Петербург (Спортивная): 5 сет | Основной склад Екатеринбург: 49 сет | Санкт-Петербург (Ярослава Гашека): 2 сет,56.0,data\product_images\336dd0f8077f.png,2.0,5.0,49.0,0.0,0.0,0.0,0.0,0.0,0.0,0.0
Оборудование,SPL-76BL,Скоростная лестница 7/6 Training Ladder,7/6,2093 ₽,https://saletennis.com/catalog/product/skorostnaia-liestnitsa-7-6-training-ladder-13043,Парина: 1 сет | Тюмень: 2 сет | Соболева: 5 сет | Санкт-Петербург (Спортивная): 5 сет | Основной склад Екатеринбург: 12 сет | Бисертская: 1 сет,26.0,data\product_images\df8a09e54c1c.jpg,0.0,5.0,12.0,5.0,1.0,1.0,0.0,2.0,0.0,0.0
Оборудование,76TN-45,"Сетка для корта 7/6 Tennis Net 4,5 метра",7/6,9990 ₽,https://saletennis.com/catalog/product/sietka-dlia-korta-7-6-tennis-net-4-5-mietrov-12969,Санкт-Петербург (Спортивная): 1 сет | Основной склад Екатеринбург: 1 сет,2.0,data\product_images\06d55c45fabd.jpg,0.0,1.0,1.0,0.0,0.0,0.0,0.0,0.0,0.0,0.0
Оборудование,ADJB6-76,Регулируемые барьеры 7/6 Training Barriers 6 шт,7/6,4490 ₽,https://saletennis.com/catalog/product/rieghuliruiemyie-bar-iery-7-6-training-barriers-6-sht-13041,Соболева: 1 сет | Санкт-Петербург (Спортивная): 2 сет | Основной склад Екатеринбург: 14 сет | Бисертская: 2 сет | Тюмень (Народная): 1 сет | Тюмень: 5 сет,25.0,data\product_images\6e4cdcaa3574.jpg,0.0,2.0,14.0,1.0,0.0,2.0,0.0,6.0,0.0,0.0
Оборудование,TM7003,Корзина для мячей Head на 72 мяча,Head,5662 ₽,https://saletennis.com/catalog/product/korzina-dlia-miachiei-head-na-72-miacha-5164,Тюмень (Народная): 1 сет | Ижевск: 1 сет | Парина: 1 сет | Основной склад Екатеринбург: 8 сет,11.0,data\product_images\59268b59ce19.jpg,0.0,0.0,8.0,0.0,1.0,0.0,0.0,1.0,0.0,1.0
Оборудование,76TN-6,Сетка для корта 7/6 Tennis Net 6 Mетров,7/6,11990 ₽,https://saletennis.com/catalog/product/sietka-dlia-korta-7-6-tennis-net-6-mietrov-1-12967,Основной склад Екатеринбург: 1 сет,1.0,data\product_images\a91ed3cabd5f.jpg,0.0,0.0,1.0,0.0,0.0,0.0,0.0,0.0,0.0,0.0
Оборудование,WRZ323700,Корзина для мячей Wilson Ball Pick Up 75 мяча,Wilson,6472 ₽,https://saletennis.com/catalog/product/korzina-dlya-myachey-wilson-ball-pick-up-75-myacha-593-593,Основной склад Екатеринбург: 2 сет | Тюмень (Народная): 2 сет | Парина: 1 сет | Ижевск: 2 сет | Соболева: 1 сет,8.0,data\product_images\ce5487b69f35.jpg,0.0,0.0,2.0,1.0,1.0,0.0,0.0,2.0,0.0,2.0
Оборудование,TB18-76OR,Тубус для сбора мячей 7/6 Ball Picking Tube 18 Ball - Orange,7/6,3141 ₽,https://saletennis.com/catalog/product/tubus-dlia-sbora-miachiei-7-6-ball-picking-tube-18-ball-orange-17964,Санкт-Петербург (Спортивная): 7 сет | Санкт-Петербург (Ярослава Гашека): 2 сет,9.0,data\product_images\f5388d621b7c.png,2.0,7.0,0.0,0.0,0.0,0.0,0.0,0.0,0.0,0.0
Оборудование,287271,Центральная линия для детских кортов TIP Net Belt,Не определен,2422 ₽,https://saletennis.com/catalog/product/tsientral-naia-liniia-dlia-dietskikh-kortov-tip-net-belt-12328,Основной склад Екатеринбург: 5 сет,5.0,data\product_images\2304f8102e23.png,0.0,0.0,5.0,0.0,0.0,0.0,0.0,0.0,0.0,0.0
Оборудование,TB75-BK,Корзина для мячей 7/6 Tennis Ball Hopper на 75 мячей,7/6,5592 ₽,https://saletennis.com/catalog/product/korzina-dlia-miachiei-7-6-tennis-ball-hopper-na-75-miachiei-17019,Санкт-Петербург (Ярослава Гашека): 1 сет,1.0,data\product_images\5aa6c4ed67ae.jpg,1.0,0.0,0.0,0.0,0.0,0.0,0.0,0.0,0.0,0.0
Оборудование,RP-76BL,Парашют беговой 7/6 Training Chute,7/6,1043 ₽,https://saletennis.com/catalog/product/parashiut-bieghovoi-7-6-training-chute-13040,Тюмень (Народная): 2 сет | Санкт-Петербург (Спортивная): 1 сет | Соболева: 5 сет | Парина: 1 сет | Тюмень: 3 сет | Основной склад Екатеринбург: 5 сет | Ижевск: 1 сет,18.0,data\product_images\d5da7d2d3eef.jpg,0.0,1.0,5.0,5.0,1.0,0.0,0.0,5.0,0.0,1.0
Оборудование,T002/350,Корзина для мячей 7/6 железная Tennis Ball Carts на 350 мячей,7/6,23990 ₽,https://saletennis.com/catalog/product/korzina-dlia-miachiei-7-6-zhielieznaia-tennis-ball-carts-na-350-miachiei-19003,Бисертская: 1 сет | Парина: 1 сет | Основной склад Екатеринбург: 2 сет | Соболева: 1 сет | Тюмень: 1 сет,6.0,data\product_images\69469e942f82.png,0.0,0.0,2.0,1.0,1.0,1.0,0.0,1.0,0.0,0.0
Оборудование,288777-SI,Маркер для струн Head - Silver,Head,1045 ₽,https://saletennis.com/catalog/product/markier-dlia-strun-head-silver-18370,Ижевск: 1 сет,1.0,data\product_images\c4dcc60224d5.png,0.0,0.0,0.0,0.0,0.0,0.0,0.0,0.0,0.0,1.0
Оборудование,TOH6-76,Тренировочная напольная сетка 7/6 Training Hexagon 5 шт,7/6,2990 ₽,https://saletennis.com/catalog/product/trienirovochnaia-napol-naia-sietka-7-6-training-hexagon-5-sht-13048,Основной склад Екатеринбург: 4 сет | Ижевск: 1 сет | Парина: 4 сет | Тюмень: 3 сет | Соболева: 3 сет | Бисертская: 4 сет,19.0,data\product_images\8cb012c921fb.jpg,0.0,0.0,4.0,3.0,4.0,4.0,0.0,3.0,0.0,1.0
Оборудование,76TN-3,Сетка для корта 7/6 Tennis Net 3 метра,7/6,7990 ₽,https://saletennis.com/catalog/product/sietka-dlia-korta-7-6-tennis-net-3-mietrov-12968,Основной склад Екатеринбург: 3 сет | Санкт-Петербург (Спортивная): 4 сет,7.0,data\product_images\2fd8f723260b.jpg,0.0,4.0,3.0,0.0,0.0,0.0,0.0,0.0,0.0,0.0
Оборудование,287521,Набор целей Head Targets 6pcs,Head,3232 ₽,https://saletennis.com/catalog/product/nabor-tsieliei-head-targets-6pcs-19008,Основной склад Екатеринбург: 4 сет | Ижевск: 1 сет,5.0,data\product_images\be251cb8cee7.png,0.0,0.0,4.0,0.0,0.0,0.0,0.0,0.0,0.0,1.0
Падел - Ракетки,497237,Ракетка для падела Bullpadel Vertex 05 Hybrid 27,Bullpadel,45990 ₽,https://saletennis.com/catalog/product/rakietka-dlia-padiela-bullpadel-vertex-05-hybrid-27-19568,Ижевск: 1 сет | Елизаветенское шоссе: 1 сет,2.0,data\product_images\ae60a369a4fc.png,0.0,0.0,0.0,0.0,0.0,0.0,1.0,0.0,0.0,1.0
Падел - Ракетки,PR76-TER,Ракетка для падела 7/6 Terra 18k Carbon,7/6,26990 ₽,https://saletennis.com/catalog/product/rakietka-dlia-padiela-7-6-terra-18k-carbon-19536,Уфа: 2 сет | Ижевск: 2 сет | Тюмень (Народная): 2 сет | Основной склад Екатеринбург: 3 сет | Елизаветенское шоссе: 3 сет,12.0,data\product_images\195332faf5ca.png,0.0,0.0,3.0,0.0,0.0,0.0,3.0,2.0,2.0,2.0
Падел - Ракетки,497249,Ракетка для падела Bullpadel Pearl 27,Bullpadel,39990 ₽,https://saletennis.com/catalog/product/rakietka-dlia-padiela-bullpadel-pearl-27-19565,Елизаветенское шоссе: 1 сет | Уфа: 1 сет | Санкт-Петербург (Спортивная): 1 сет | Тюмень (Народная): 1 сет | Ижевск: 1 сет,5.0,data\product_images\4c50224f49d0.png,0.0,1.0,0.0,0.0,0.0,0.0,1.0,1.0,1.0,1.0
Падел - Ракетки,150179-100,Ракетка для падела Babolat Technical Viper Soft 3.0,Babolat,27937 ₽,https://saletennis.com/catalog/product/rakietka-dlia-padiela-babolat-technical-viper-soft-3-0-18909,Основной склад Екатеринбург: 1 сет,1.0,data\product_images\750f6e9e3120.png,0.0,0.0,1.0,0.0,0.0,0.0,0.0,0.0,0.0,0.0
Падел - Ракетки,PD76-SN,Ракетка для падела 7/6 Stealth Night,7/6,11993 ₽,https://saletennis.com/catalog/product/rakietka-dlia-padiela-7-6-stealth-night-17981,Уфа: 1 сет | Елизаветенское шоссе: 2 сет | Санкт-Петербург (Спортивная): 3 сет | Тюмень: 2 сет | Основной склад Екатеринбург: 1 сет | Ижевск: 2 сет,11.0,data\product_images\6913988a287c.png,0.0,3.0,1.0,0.0,0.0,0.0,2.0,2.0,1.0,2.0
Падел - Ракетки,494399,Ракетка для падела Bullpadel Vertex 05 Woman 26,Bullpadel,27743 ₽,https://saletennis.com/catalog/product/rakietka-dlia-padiela-bullpadel-vertex-05-woman-26-18286,Елизаветенское шоссе: 1 сет,1.0,data\product_images\f493d6c551cb.png,0.0,0.0,0.0,0.0,0.0,0.0,1.0,0.0,0.0,0.0
Падел - Ракетки,494415,Ракетка для падела Bullpadel Hack Advance,Bullpadel,18990 ₽,https://saletennis.com/catalog/product/rakietka-dlia-padiela-bullpadel-hack-advance-19522,Тюмень (Народная): 1 сет,1.0,data\product_images\28976342e4a1.png,0.0,0.0,0.0,0.0,0.0,0.0,0.0,1.0,0.0,0.0
Падел - Ракетки,PD76-MN,Ракетка для падела 7/6 Minima,7/6,10192 ₽,https://saletennis.com/catalog/product/rakietka-dlia-padiela-7-6-minima-19175,Соболева: 2 сет | Уфа: 2 сет | Елизаветенское шоссе: 2 сет | Тюмень: 1 сет | Основной склад Екатеринбург: 3 сет | Ижевск: 2 сет | Санкт-Петербург (Спортивная): 3 сет,15.0,data\product_images\b00a5ce198cb.png,0.0,3.0,3.0,2.0,0.0,0.0,2.0,1.0,2.0,2.0
Падел - Ракетки,221085,Ракетка для падела Head Speed Team 2025,Head,19432 ₽,https://saletennis.com/catalog/product/rakietka-dlia-padiela-head-speed-team-2025-17962,Ижевск: 1 сет | Соболева: 2 сет | Тюмень (Народная): 1 сет | Елизаветенское шоссе: 1 сет | Уфа: 1 сет,6.0,data\product_images\59994a307452.png,0.0,0.0,0.0,2.0,0.0,0.0,1.0,1.0,1.0,1.0
Падел - Ракетки,AR1CB2,Ракетка для падела Adidas Cross It CTRL 3.5,Adidas,39743 ₽,https://saletennis.com/catalog/product/rakietka-dlia-padiela-adidas-cross-it-ctrl-3-5-18765,Елизаветенское шоссе: 1 сет,1.0,data\product_images\8c2ea488e2a1.png,0.0,0.0,0.0,0.0,0.0,0.0,1.0,0.0,0.0,0.0
Падел - Ракетки,PEA10VENTUSH1226,Ракетка для падела Nox EA10 Ventus Hybrid 12k Xtrem by Edu Alonso,Nox,36490 ₽,https://saletennis.com/catalog/product/rakietka-dlia-padiela-nox-ea10-ventus-hybrid-12k-xtrem-by-edu-alonso-18682,Ижевск: 1 сет,1.0,data\product_images\a36189704adb.png,0.0,0.0,0.0,0.0,0.0,0.0,0.0,0.0,0.0,1.0
Падел - Ракетки,SIUX-DP26-NB,Ракетка для падела Siux Diablo Pro 2026 Night Blue,Siux,36847 ₽,https://saletennis.com/catalog/product/rakietka-dlia-padiela-siux-diablo-pro-2026-night-blue-18779,Соболева: 1 сет | Елизаветенское шоссе: 1 сет | Санкт-Петербург (Спортивная): 1 сет | Основной склад Екатеринбург: 1 сет | Уфа: 1 сет | Тюмень (Народная): 1 сет,6.0,data\product_images\2dac1143459c.png,0.0,1.0,1.0,1.0,0.0,0.0,1.0,1.0,1.0,0.0
Падел - Ракетки,497238,Ракетка для падела Bullpadel Vertex 05 Geo 27,Bullpadel,45990 ₽,https://saletennis.com/catalog/product/rakietka-dlia-padiela-bullpadel-vertex-05-geo-27-19567,Елизаветенское шоссе: 1 сет | Уфа: 1 сет | Тюмень (Народная): 1 сет | Санкт-Петербург (Спортивная): 1 сет | Ижевск: 1 сет,5.0,data\product_images\ca16496b6140.png,0.0,1.0,0.0,0.0,0.0,0.0,1.0,1.0,1.0,1.0
Падел - Ракетки,224064,Ракетка для падела Head Gravity Team Light 2024,Head,13762 ₽,https://saletennis.com/catalog/product/rakietka-dlia-padiela-head-gravity-team-light-2024-16835,Ижевск: 1 сет | Уфа: 1 сет | Санкт-Петербург (Спортивная): 2 сет,4.0,data\product_images\5b87d4cb552f.png,0.0,2.0,0.0,0.0,0.0,0.0,0.0,0.0,1.0,1.0
Падел - Ракетки,8261511,Ракетка для падела Oxdog Ultimate Pro,Не определен,46972 ₽,https://saletennis.com/catalog/product/rakietka-dlia-padiela-oxdog-ultimate-pro-19341,Елизаветенское шоссе: 1 сет | Санкт-Петербург (Спортивная): 1 сет,2.0,data\product_images\4f45b9f6b4a1.png,0.0,1.0,0.0,0.0,0.0,0.0,1.0,0.0,0.0,0.0
Падел - Ракетки,PD76-OR,Ракетка для падела 7/6 Loop Orange,7/6,8492 ₽,https://saletennis.com/catalog/product/rakietka-dlia-padiela-7-6-loop-orange-18528,Ижевск: 1 сет,1.0,data\product_images\599111225c1e.png,0.0,0.0,0.0,0.0,0.0,0.0,0.0,0.0,0.0,1.0
Падел - Ракетки,222036,Ракетка для падела Head Radical Pro 2026,Head,21862 ₽,https://saletennis.com/catalog/product/rakietka-dlia-padiela-head-radical-pro-2026-18506,Санкт-Петербург (Спортивная): 1 сет | Уфа: 1 сет | Елизаветенское шоссе: 1 сет,3.0,data\product_images\3a44ed6c9c79.png,0.0,1.0,0.0,0.0,0.0,0.0,1.0,0.0,1.0,0.0
Падел - Ракетки,LN76-RD,Ракетка для падела 7/6 Line Red,7/6,12742 ₽,https://saletennis.com/catalog/product/rakietka-dlia-padiela-7-6-line-red-19274,Тюмень (Народная): 1 сет | Уфа: 1 сет | Елизаветенское шоссе: 2 сет | Санкт-Петербург (Спортивная): 3 сет | Ижевск: 2 сет | Соболева: 1 сет | Основной склад Екатеринбург: 1 сет,11.0,data\product_images\e944e94b2119.png,0.0,3.0,1.0,1.0,0.0,0.0,2.0,1.0,1.0,2.0
Падел - Ракетки,SIUX-PR26-SG,Ракетка для падела Siux Pegasus Pro 2026 Storm Grey,Siux,36847 ₽,https://saletennis.com/catalog/product/rakietka-dlia-padiela-siux-pegasus-pro-2026-storm-grey-19160,Санкт-Петербург (Спортивная): 1 сет,1.0,data\product_images\f5f3c72bdc85.png,0.0,1.0,0.0,0.0,0.0,0.0,0.0,0.0,0.0,0.0
Падел - Ракетки,AR2CA3,Ракетка для падела Adidas Metalbone Team Light 3.5,Adidas,24697 ₽,https://saletennis.com/catalog/product/rakietka-dlia-padiela-adidas-metalbone-team-light-3-5-18777,Санкт-Петербург (Спортивная): 1 сет | Ижевск: 1 сет,2.0,data\product_images\13228d22b692.png,0.0,1.0,0.0,0.0,0.0,0.0,0.0,0.0,0.0,1.0
Падел - Ракетки,16WABR3654,Ракетка для падела Tecnifibre Wall Breaker V2 365,Tecnifibre,21990 ₽,https://saletennis.com/catalog/product/rakietka-dlia-padiela-tecnifibre-wall-breaker-v2-365-17645,Ижевск: 1 сет,1.0,data\product_images\011c5fa0920d.png,0.0,0.0,0.0,0.0,0.0,0.0,0.0,0.0,0.0,1.0
Падел - Ракетки,221075,Ракетка для падела Head Speed Motion 2025,Head,21862 ₽,https://saletennis.com/catalog/product/rakietka-dlia-padiela-head-speed-motion-2025-18018,Уфа: 1 сет | Тюмень (Народная): 2 сет | Санкт-Петербург (Спортивная): 2 сет | Елизаветенское шоссе: 2 сет | Ижевск: 2 сет,9.0,data\product_images\a10ef1a822b2.png,0.0,2.0,0.0,0.0,0.0,0.0,2.0,2.0,1.0,2.0
Падел - Ракетки,226245,Ракетка для падела Head Bolt - Black/Purple,Head,11332 ₽,https://saletennis.com/catalog/product/rakietka-dlia-padiela-head-bolt-black-purple-18154,Елизаветенское шоссе: 1 сет | Уфа: 1 сет | Ижевск: 2 сет | Тюмень (Народная): 1 сет,5.0,data\product_images\dddbdebcbc6a.png,0.0,0.0,0.0,0.0,0.0,0.0,1.0,1.0,1.0,2.0
Падел - Ракетки,PATULTLIG25,Ракетка для падела Nox AT10 Ultra Light by Agustín Tapia,Nox,11892 ₽,https://saletennis.com/catalog/product/rakietka-dlia-padiela-nox-at10-ultra-light-by-agustin-tapia-18879,Ижевск: 1 сет,1.0,data\product_images\05c78239e483.png,0.0,0.0,0.0,0.0,0.0,0.0,0.0,0.0,0.0,1.0
Падел - Ракетки,494407,Ракетка для падела Bullpadel Wonder,Bullpadel,25493 ₽,https://saletennis.com/catalog/product/rakietka-dlia-padiela-bullpadel-wonder-18287,Тюмень (Народная): 1 сет | Санкт-Петербург (Спортивная): 1 сет | Ижевск: 1 сет | Елизаветенское шоссе: 1 сет,4.0,data\product_images\afa00ca3eddb.png,0.0,1.0,0.0,0.0,0.0,0.0,1.0,1.0,0.0,1.0
Падел - Ракетки,WR203611U2,Ракетка для падела Wilson Blade Padel V4,Wilson,25912 ₽,https://saletennis.com/catalog/product/rakietka-dlia-padiela-wilson-blade-padel-v4-19346,Уфа: 1 сет | Елизаветенское шоссе: 1 сет | Санкт-Петербург (Спортивная): 1 сет,3.0,data\product_images\bdc1be0075b8.png,0.0,1.0,0.0,0.0,0.0,0.0,1.0,0.0,1.0,0.0
Падел - Ракетки,401908.111,Ракетка для падела Joma Blast Pro HRD - Black/Gray,Joma,20792 ₽,https://saletennis.com/catalog/product/rakietka-dlia-padiela-joma-blast-pro-hrd-black-gray-19424,Основной склад Екатеринбург: 1 сет | Санкт-Петербург (Спортивная): 1 сет,2.0,data\product_images\8616fa0c2c7f.png,0.0,1.0,1.0,0.0,0.0,0.0,0.0,0.0,0.0,0.0
Падел - Ракетки,AR2AA4U01,Ракетка для падела Adidas Arrow Hit Carbone 2026,Adidas,33607 ₽,https://saletennis.com/catalog/product/rakietka-dlia-padiela-adidas-arrow-hit-carbone-2026-19428,Санкт-Петербург (Спортивная): 1 сет | Елизаветенское шоссе: 1 сет,2.0,data\product_images\c29e27bd2939.png,0.0,1.0,0.0,0.0,0.0,0.0,1.0,0.0,0.0,0.0
Падел - Ракетки,497247,Ракетка для падела Bullpadel Flow Legend 27,Bullpadel,35990 ₽,https://saletennis.com/catalog/product/rakietka-dlia-padiela-bullpadel-flow-legend-27-19560,Елизаветенское шоссе: 1 сет | Ижевск: 1 сет | Санкт-Петербург (Спортивная): 1 сет,3.0,data\product_images\ce5ee7f88fc6.png,0.0,1.0,0.0,0.0,0.0,0.0,1.0,0.0,0.0,1.0
Падел - Ракетки,WR203711U2,Ракетка для падела Wilson Blade LS V4 GR,Wilson,21457 ₽,https://saletennis.com/catalog/product/rakietka-dlia-padiela-wilson-blade-ls-v4-gr-19344,Санкт-Петербург (Спортивная): 2 сет | Уфа: 1 сет | Елизаветенское шоссе: 2 сет | Ижевск: 1 сет,6.0,data\product_images\d58dfd5f10d3.png,0.0,2.0,0.0,0.0,0.0,0.0,2.0,0.0,1.0,1.0
Падел - Ракетки,BCWNREBL,Ракетка для падела Black Crown Rebel,Black Crown,9743 ₽,https://saletennis.com/catalog/product/rakietka-dlia-padiela-black-crown-rebel-19147,Основной склад Екатеринбург: 1 сет,1.0,data\product_images\88c3feb52967.png,0.0,0.0,1.0,0.0,0.0,0.0,0.0,0.0,0.0,0.0
Падел - Ракетки,222044,Ракетка для падела Head Radical Motion 2024,Head,16192 ₽,https://saletennis.com/catalog/product/rakietka-dlia-padiela-head-radical-motion-2024-17559,Уфа: 1 сет | Ижевск: 1 сет | Елизаветенское шоссе: 1 сет,3.0,data\product_images\a4dbc9c575f5.png,0.0,0.0,0.0,0.0,0.0,0.0,1.0,0.0,1.0,1.0
Падел - Ракетки,226116,Ракетка для падела Head Vibe 2026 - Grey/Orange,Head,11332 ₽,https://saletennis.com/catalog/product/rakietka-dlia-padiela-head-vibe-2026-grey-orange-18509,Уфа: 1 сет | Елизаветенское шоссе: 1 сет | Санкт-Петербург (Спортивная): 1 сет | Тюмень (Народная): 1 сет,4.0,data\product_images\6cfd3dc26ede.png,0.0,1.0,0.0,0.0,0.0,0.0,1.0,1.0,1.0,0.0
Падел - Ракетки,PACKPATLTD26,Ракетка для падела Nox AT10 Genius 12K LTD,Nox,52692 ₽,https://saletennis.com/catalog/product/rakietka-dlia-padiela-nox-at10-genius-12k-ltd-19432,Елизаветенское шоссе: 1 сет | Санкт-Петербург (Спортивная): 1 сет,2.0,data\product_images\1891bbc3dd45.png,0.0,1.0,0.0,0.0,0.0,0.0,1.0,0.0,0.0,0.0
Падел - Ракетки,401840AA201A,Ракетка для падела Joma Hyper 3.0 Premier Padel Valladolid P2,Joma,30392 ₽,https://saletennis.com/catalog/product/rakietka-dlia-padiela-joma-hyper-3-0-premier-padel-valladolid-p2-19425,Основной склад Екатеринбург: 1 сет | Санкт-Петербург (Спортивная): 1 сет,2.0,data\product_images\1958219ea6df.png,0.0,1.0,1.0,0.0,0.0,0.0,0.0,0.0,0.0,0.0
Падел - Ракетки,SIUX-VE2,Ракетка для падела Siux Valkiria Elite 2,Siux,28490 ₽,https://saletennis.com/catalog/product/rakietka-dlia-padiela-siux-valkiria-elite-2-18785,Соболева: 1 сет | Тюмень (Народная): 1 сет | Основной склад Екатеринбург: 1 сет | Уфа: 1 сет,4.0,data\product_images\2e7146f38735.png,0.0,0.0,1.0,1.0,0.0,0.0,0.0,1.0,1.0,0.0
Падел - Ракетки,226145,Ракетка для падела Head Vibe - Grey/Black,Head,11332 ₽,https://saletennis.com/catalog/product/rakietka-dlia-padiela-head-vibe-grey-black-18161,Елизаветенское шоссе: 1 сет,1.0,data\product_images\d81ca4e2d57e.png,0.0,0.0,0.0,0.0,0.0,0.0,1.0,0.0,0.0,0.0
Падел - Ракетки,16WAMA370,Ракетка для падела Tecnifibre Wall Master 370,Tecnifibre,23990 ₽,https://saletennis.com/catalog/product/rakietka-dlia-padiela-tecnifibre-wall-master-370-17648,Уфа: 1 сет,1.0,data\product_images\e788abd47455.png,0.0,0.0,0.0,0.0,0.0,0.0,0.0,0.0,1.0,0.0
Падел - Ракетки,494408,Ракетка для падела Bullpadel Hack 04 Hybrid Cloud 26,Bullpadel,27743 ₽,https://saletennis.com/catalog/product/rakietka-dlia-padiela-bullpadel-hack-04-hybrid-cloud-26-18794,Елизаветенское шоссе: 1 сет,1.0,data\product_images\6386f8817ecc.png,0.0,0.0,0.0,0.0,0.0,0.0,1.0,0.0,0.0,0.0
Падел - Ракетки,SIUX-EP26-SR,Ракетка для падела Siux Electra Pro 2026 Shadow Red,Siux,36847 ₽,https://saletennis.com/catalog/product/rakietka-dlia-padiela-siux-electra-pro-2026-shadow-red-19044,Основной склад Екатеринбург: 1 сет,1.0,data\product_images\a27ee32de0db.png,0.0,0.0,1.0,0.0,0.0,0.0,0.0,0.0,0.0,0.0
Падел - Ракетки,497245,Ракетка для падела Bullpadel XPLO Comfort 27,Bullpadel,33990 ₽,https://saletennis.com/catalog/product/rakietka-dlia-padiela-bullpadel-xplo-comfort-27-19572,Санкт-Петербург (Спортивная): 1 сет | Ижевск: 1 сет | Уфа: 1 сет,3.0,data\product_images\1b65ea61947f.png,0.0,1.0,0.0,0.0,0.0,0.0,0.0,0.0,1.0,1.0
Падел - Ракетки,226726,Ракетка для падела Head Coello JR 2026,Head,12952 ₽,https://saletennis.com/catalog/product/rakietka-dlia-padiela-head-coello-jr-2026-19269,Тюмень (Народная): 1 сет | Уфа: 1 сет | Елизаветенское шоссе: 1 сет | Ижевск: 1 сет | Санкт-Петербург (Спортивная): 2 сет,6.0,data\product_images\45ed1e598b4b.png,0.0,2.0,0.0,0.0,0.0,0.0,1.0,1.0,1.0,1.0
Падел - Ракетки,SIUX-EP26-FR,Ракетка для падела Siux Electra Pro 2026 Fire Red,Siux,36847 ₽,https://saletennis.com/catalog/product/rakietka-dlia-padiela-siux-electra-pro-2026-fire-red-18782,Елизаветенское шоссе: 1 сет | Основной склад Екатеринбург: 1 сет | Санкт-Петербург (Спортивная): 1 сет,3.0,data\product_images\77f270b602b1.png,0.0,1.0,1.0,0.0,0.0,0.0,1.0,0.0,0.0,0.0
Падел - Ракетки,497246,Ракетка для падела Bullpadel ICON 27,Bullpadel,37490 ₽,https://saletennis.com/catalog/product/rakietka-dlia-padiela-bullpadel-icon-27-19561,Санкт-Петербург (Спортивная): 1 сет | Елизаветенское шоссе: 1 сет,2.0,data\product_images\a57db547bd18.png,0.0,1.0,0.0,0.0,0.0,0.0,1.0,0.0,0.0,0.0
Падел - Ракетки,223125,Ракетка для падела Head Extreme Pro 2025,Head,23077 ₽,https://saletennis.com/catalog/product/rakietka-dlia-padiela-head-extreme-pro-2025-18479,Елизаветенское шоссе: 1 сет | Санкт-Петербург (Спортивная): 1 сет | Ижевск: 1 сет,3.0,data\product_images\39bfd50b8c09.png,0.0,1.0,0.0,0.0,0.0,0.0,1.0,0.0,0.0,1.0
Падел - Ракетки,A005354C,Ракетка для падела Black Crown Piton Epic Energy,Black Crown,33368 ₽,https://saletennis.com/catalog/product/rakietka-dlia-padiela-black-crown-piton-epic-energy-19146,Основной склад Екатеринбург: 1 сет,1.0,data\product_images\3d0368848bc7.png,0.0,0.0,1.0,0.0,0.0,0.0,0.0,0.0,0.0,0.0
Падел - Ракетки,16BOMBALI6,Ракетка для падела Tecnifibre Bomba Lite 2026,Tecnifibre,14993 ₽,https://saletennis.com/catalog/product/rakietka-dlia-padiela-tecnifibre-bomba-lite-2026-18880,Санкт-Петербург (Спортивная): 1 сет | Уфа: 1 сет,2.0,data\product_images\f85fb3d9283c.png,0.0,1.0,0.0,0.0,0.0,0.0,0.0,0.0,1.0,0.0
Падел - Ракетки,223145,Ракетка для падела Head Extreme Team 2025,Head,19432 ₽,https://saletennis.com/catalog/product/rakietka-dlia-padiela-head-extreme-team-2025-18504,Уфа: 1 сет | Санкт-Петербург (Спортивная): 1 сет | Ижевск: 1 сет | Елизаветенское шоссе: 1 сет | Тюмень (Народная): 1 сет,5.0,data\product_images\3591a858badd.png,0.0,1.0,0.0,0.0,0.0,0.0,1.0,1.0,1.0,1.0
Падел - Ракетки,16BOMBASO6,Ракетка для падела Tecnifibre Bomba Soft 2026,Tecnifibre,17618 ₽,https://saletennis.com/catalog/product/rakietka-dlia-padiela-tecnifibre-bomba-soft-2026-18882,Уфа: 1 сет | Тюмень (Народная): 1 сет | Санкт-Петербург (Спортивная): 1 сет | Ижевск: 1 сет,4.0,data\product_images\e1038372c4b7.png,0.0,1.0,0.0,0.0,0.0,0.0,0.0,1.0,1.0,1.0
Падел - Ракетки,226156,Ракетка для падела Head Coello Vibe 2026,Head,12952 ₽,https://saletennis.com/catalog/product/rakietka-dlia-padiela-head-coello-vibe-2026-18926,Уфа: 1 сет | Тюмень (Народная): 1 сет | Санкт-Петербург (Спортивная): 1 сет | Елизаветенское шоссе: 1 сет | Ижевск: 1 сет,5.0,data\product_images\86cc4cf28b66.png,0.0,1.0,0.0,0.0,0.0,0.0,1.0,1.0,1.0,1.0
Падел - Ракетки,224024,Ракетка для падела Head Gravity Team 2024,Head,16597 ₽,https://saletennis.com/catalog/product/rakietka-dlia-padiela-head-gravity-team-2024-16834,Ижевск: 1 сет | Тюмень (Народная): 1 сет | Елизаветенское шоссе: 1 сет | Уфа: 1 сет,4.0,data\product_images\2740338436a3.png,0.0,0.0,0.0,0.0,0.0,0.0,1.0,1.0,1.0,1.0
Падел - Ракетки,PR76-OB,Ракетка для падела 7/6 Orange Boost,7/6,20990 ₽,https://saletennis.com/catalog/product/rakietka-dlia-padiela-7-6-orange-boost-19518,Уфа: 2 сет | Ижевск: 2 сет | Тюмень (Народная): 1 сет | Основной склад Екатеринбург: 1 сет | Соболева: 2 сет | Санкт-Петербург (Спортивная): 3 сет | Елизаветенское шоссе: 2 сет,13.0,data\product_images\112be6a96285.png,0.0,3.0,1.0,2.0,0.0,0.0,2.0,1.0,2.0,2.0
Падел - Ракетки,497244,Ракетка для падела Bullpadel XPLO 27,Bullpadel,44990 ₽,https://saletennis.com/catalog/product/rakietka-dlia-padiela-bullpadel-xplo-27-19571,Елизаветенское шоссе: 1 сет | Ижевск: 1 сет | Санкт-Петербург (Спортивная): 1 сет,3.0,data\product_images\bed23f81b275.png,0.0,1.0,0.0,0.0,0.0,0.0,1.0,0.0,0.0,1.0
Падел - Ракетки,494392,Ракетка для падела Bullpadel Hack 04 26,Bullpadel,31118 ₽,https://saletennis.com/catalog/product/rakietka-dlia-padiela-bullpadel-hack-04-26-18339,Ижевск: 1 сет | Елизаветенское шоссе: 1 сет | Уфа: 1 сет,3.0,data\product_images\f10b67e5de01.png,0.0,0.0,0.0,0.0,0.0,0.0,1.0,0.0,1.0,1.0
Падел - Ракетки,PVENTUS12HK,Ракетка для падела Nox Ventus Hybrid 12k Lite,Nox,32292 ₽,https://saletennis.com/catalog/product/rakietka-dlia-padiela-nox-ventus-hybrid-12k-lite-18686,Елизаветенское шоссе: 1 сет,1.0,data\product_images\bbabd4cd9bac.png,0.0,0.0,0.0,0.0,0.0,0.0,1.0,0.0,0.0,0.0
Падел - Ракетки,PD76-SS,Ракетка для падела 7/6 Slide Shadow,7/6,11243 ₽,https://saletennis.com/catalog/product/rakietka-dlia-padiela-7-6-slide-shadow-17980,Соболева: 2 сет | Тюмень (Народная): 1 сет | Тюмень: 1 сет | Санкт-Петербург (Спортивная): 3 сет | Уфа: 2 сет | Ижевск: 2 сет | Елизаветенское шоссе: 2 сет | Основной склад Екатеринбург: 2 сет,15.0,data\product_images\a9cad0cff235.png,0.0,3.0,2.0,2.0,0.0,0.0,2.0,2.0,2.0,2.0
Падел - Ракетки,AR1CB4U02,Ракетка для падела Adidas Cross It Light It 2026 Pro EDT,Adidas,44947 ₽,https://saletennis.com/catalog/product/rakietka-dlia-padiela-adidas-cross-it-light-it-2026-pro-edt-19430,Елизаветенское шоссе: 1 сет | Санкт-Петербург (Спортивная): 1 сет | Ижевск: 1 сет,3.0,data\product_images\e97dfa5b7d6f.png,0.0,1.0,0.0,0.0,0.0,0.0,1.0,0.0,0.0,1.0
Падел - Ракетки,SIUX-DP26-RB,Ракетка для падела Siux Diablo Pro 2026 Royal Blue,Siux,36847 ₽,https://saletennis.com/catalog/product/rakietka-dlia-padiela-siux-diablo-pro-2026-royal-blue-18780,Санкт-Петербург (Спортивная): 1 сет | Елизаветенское шоссе: 1 сет | Уфа: 1 сет | Основной склад Екатеринбург: 1 сет,4.0,data\product_images\4a5768f66432.png,0.0,1.0,1.0,0.0,0.0,0.0,1.0,0.0,1.0,0.0
Падел - Ракетки,494419,Ракетка для падела Bullpadel Hack Junior 26,Bullpadel,10118 ₽,https://saletennis.com/catalog/product/rakietka-dlia-padiela-bullpadel-hack-junior-26-18795,Уфа: 1 сет | Ижевск: 1 сет | Елизаветенское шоссе: 1 сет,3.0,data\product_images\e5db3e291d8a.png,0.0,0.0,0.0,0.0,0.0,0.0,1.0,0.0,1.0,1.0
Падел - Ракетки,WR134411,Ракетка для падела Wilson Carbon Force LT,Wilson,24292 ₽,https://saletennis.com/catalog/product/rakietka-dlia-padiela-wilson-carbon-force-lt-16867,Елизаветенское шоссе: 1 сет | Санкт-Петербург (Спортивная): 1 сет | Уфа: 1 сет | Соболева: 1 сет,4.0,data\product_images\7ec6d20fe102.png,0.0,1.0,0.0,1.0,0.0,0.0,1.0,0.0,1.0,0.0
Падел - Ракетки,TR76-BK,Ракетка для падела 7/6 Trinity Black,7/6,11042 ₽,https://saletennis.com/catalog/product/rakietka-dlia-padiela-7-6-trinity-black-19275,Соболева: 2 сет | Елизаветенское шоссе: 2 сет | Уфа: 2 сет | Санкт-Петербург (Спортивная): 2 сет | Тюмень (Народная): 1 сет | Основной склад Екатеринбург: 3 сет | Ижевск: 1 сет,13.0,data\product_images\46305fb30f4e.png,0.0,2.0,3.0,2.0,0.0,0.0,2.0,1.0,2.0,1.0
Падел - Ракетки,8261541,Ракетка для падела Oxdog Pure Tour X,Не определен,38872 ₽,https://saletennis.com/catalog/product/rakietka-dlia-padiela-oxdog-pure-tour-x-19340,Ижевск: 1 сет | Елизаветенское шоссе: 2 сет | Санкт-Петербург (Спортивная): 1 сет,4.0,data\product_images\5c633a45b548.png,0.0,1.0,0.0,0.0,0.0,0.0,2.0,0.0,0.0,1.0
Падел - Ракетки,221013,Ракетка для падела Head Speed Pro 2023,Head,17990 ₽,https://saletennis.com/catalog/product/rakietka-dlia-padiela-head-speed-pro-2023-17561,Ижевск: 1 сет,1.0,data\product_images\25a83dd0e538.png,0.0,0.0,0.0,0.0,0.0,0.0,0.0,0.0,0.0,1.0
Падел - Ракетки,AR2CA5,Ракетка для падела Adidas Cross It Carbon CTRL 3.5,Adidas,32243 ₽,https://saletennis.com/catalog/product/rakietka-dlia-padiela-adidas-cross-it-carbon-ctrl-3-5-18764,Елизаветенское шоссе: 1 сет | Ижевск: 1 сет,2.0,data\product_images\7d1ac685a027.png,0.0,0.0,0.0,0.0,0.0,0.0,1.0,0.0,0.0,1.0
Падел - Ракетки,KL2633,Ракетка для падела Adidas Drive Match - Black/Green 2026,Adidas,10927 ₽,https://saletennis.com/catalog/product/rakietka-dlia-padiela-adidas-drive-match-black-green-2026-19056,Елизаветенское шоссе: 2 сет | Уфа: 1 сет,3.0,data\product_images\99e51ec9fa40.png,0.0,0.0,0.0,0.0,0.0,0.0,2.0,0.0,1.0,0.0
Падел - Ракетки,494423,Ракетка для падела Bullpadel Indiga Girl 26,Bullpadel,7118 ₽,https://saletennis.com/catalog/product/rakietka-dlia-padiela-bullpadel-indiga-girl-26-18532,Ижевск: 1 сет | Уфа: 1 сет,2.0,data\product_images\4800a985c8fd.png,0.0,0.0,0.0,0.0,0.0,0.0,0.0,0.0,1.0,1.0
Падел - Ракетки,KPD76-WH,Ракетка для падела 7/6 Padel Kids White,7/6,8492 ₽,https://saletennis.com/catalog/product/rakietka-dlia-padiela-7-6-padel-kids-white-19308,Елизаветенское шоссе: 1 сет | Санкт-Петербург (Спортивная): 11 сет | Ижевск: 2 сет | Уфа: 2 сет | Тюмень (Народная): 1 сет | Соболева: 2 сет,19.0,data\product_images\2822af8d2dca.png,0.0,11.0,0.0,2.0,0.0,0.0,1.0,1.0,2.0,2.0
Падел - Ракетки,224014,Ракетка для падела Head Gravity Motion 2024,Head,19432 ₽,https://saletennis.com/catalog/product/rakietka-dlia-padiela-head-gravity-motion-2024-16833,Санкт-Петербург (Спортивная): 1 сет | Тюмень (Народная): 1 сет | Елизаветенское шоссе: 1 сет,3.0,data\product_images\e185769be409.png,0.0,1.0,0.0,0.0,0.0,0.0,1.0,1.0,0.0,0.0
Падел - Ракетки,WR190511,Ракетка для падела Wilson Endure LS V1,Wilson,24292 ₽,https://saletennis.com/catalog/product/rakietka-dlia-padiela-wilson-endure-ls-v1-18884,Елизаветенское шоссе: 1 сет,1.0,data\product_images\cb772f04c44e.png,0.0,0.0,0.0,0.0,0.0,0.0,1.0,0.0,0.0,0.0
Падел - Ракетки,150174-100,Ракетка для падела Babolat Viper Juan Lebron 3.0,Babolat,45757 ₽,https://saletennis.com/catalog/product/rakietka-dlia-padiela-babolat-viper-juan-lebron-3-0-18911,Санкт-Петербург (Спортивная): 1 сет | Ижевск: 1 сет,2.0,data\product_images\6ffec3447951.png,0.0,1.0,0.0,0.0,0.0,0.0,0.0,0.0,0.0,1.0
Падел - Ракетки,494402,Ракетка для падела Bullpadel Neuron 02,Bullpadel,30743 ₽,https://saletennis.com/catalog/product/rakietka-dlia-padiela-bullpadel-neuron-02-18279,Елизаветенское шоссе: 1 сет | Ижевск: 1 сет,2.0,data\product_images\042d89dba733.png,0.0,0.0,0.0,0.0,0.0,0.0,1.0,0.0,0.0,1.0
Падел - Ракетки,PR76-OR,Ракетка для падела 7/6 Ural 12k Carbon,7/6,19990 ₽,https://saletennis.com/catalog/product/rakietka-dlia-padiela-7-6-ural-12k-carbon-19415,Санкт-Петербург (Спортивная): 1 сет | Соболева: 1 сет | Елизаветенское шоссе: 1 сет | Основной склад Екатеринбург: 1 сет,4.0,data\product_images\abf0fd1233e5.jpg,0.0,1.0,1.0,1.0,0.0,0.0,1.0,0.0,0.0,0.0
Падел - Ракетки,PAT10GENIUSAT1826,Ракетка для падела NOX AT10 Genius Attack 18k Alum by Agustin Tapia,Nox,39092 ₽,https://saletennis.com/catalog/product/rakietka-dlia-padiela-nox-at10-genius-attack-18k-alum-by-agustin-tapia-1-18677,Соболева: 1 сет | Елизаветенское шоссе: 1 сет | Санкт-Петербург (Спортивная): 1 сет,3.0,data\product_images\753f74cabd62.png,0.0,1.0,0.0,1.0,0.0,0.0,1.0,0.0,0.0,0.0
Падел - Ракетки,494405,Ракетка для падела Bullpadel Flow Legend,Bullpadel,24743 ₽,https://saletennis.com/catalog/product/rakietka-dlia-padiela-bullpadel-flow-legend-18277,Елизаветенское шоссе: 1 сет,1.0,data\product_images\1f1a09d792f3.png,0.0,0.0,0.0,0.0,0.0,0.0,1.0,0.0,0.0,0.0
Падел - Ракетки,KPD76-OR,Ракетка для падела 7/6 Padel Kids Orange,7/6,8492 ₽,https://saletennis.com/catalog/product/rakietka-dlia-padiela-7-6-padel-kids-orange-19307,Елизаветенское шоссе: 1 сет | Ижевск: 2 сет | Уфа: 1 сет | Тюмень (Народная): 1 сет | Основной склад Екатеринбург: 2 сет | Санкт-Петербург (Спортивная): 11 сет | Соболева: 2 сет,20.0,data\product_images\f0cef890e155.png,0.0,11.0,2.0,2.0,0.0,0.0,1.0,1.0,1.0,2.0
Падел - Ракетки,494396,Ракетка для падела Bullpadel Vertex 05 Geo,Bullpadel,31493 ₽,https://saletennis.com/catalog/product/rakietka-dlia-padiela-bullpadel-vertex-05-geo-18284,Тюмень (Народная): 1 сет,1.0,data\product_images\d6f381fc1816.png,0.0,0.0,0.0,0.0,0.0,0.0,0.0,1.0,0.0,0.0
Падел - Ракетки,497248,Ракетка для падела Bullpadel Elite 02,Bullpadel,39990 ₽,https://saletennis.com/catalog/product/rakietka-dlia-padiela-bullpadel-elite-02-19559,Ижевск: 1 сет | Санкт-Петербург (Спортивная): 1 сет | Елизаветенское шоссе: 1 сет,3.0,data\product_images\a79736acc6ef.png,0.0,1.0,0.0,0.0,0.0,0.0,1.0,0.0,0.0,1.0
Падел - Ракетки,16BOMBASP6,Ракетка для падела Tecnifibre Bomba Speed 2026,Tecnifibre,19868 ₽,https://saletennis.com/catalog/product/rakietka-dlia-padiela-tecnifibre-bomba-speed-2026-18883,Уфа: 1 сет | Ижевск: 1 сет,2.0,data\product_images\867d3d2b1f20.png,0.0,0.0,0.0,0.0,0.0,0.0,0.0,0.0,1.0,1.0
Падел - Ракетки,497250,Ракетка для падела Bullpadel Wonder 27,Bullpadel,38990 ₽,https://saletennis.com/catalog/product/rakietka-dlia-padiela-bullpadel-wonder-27-19570,Санкт-Петербург (Спортивная): 1 сет | Уфа: 1 сет | Тюмень (Народная): 1 сет | Ижевск: 1 сет | Елизаветенское шоссе: 1 сет,5.0,data\product_images\b99ada146555.png,0.0,1.0,0.0,0.0,0.0,0.0,1.0,1.0,1.0,1.0
Падел - Ракетки,WR190411,Ракетка для падела Wilson Endure V1,Wilson,28747 ₽,https://saletennis.com/catalog/product/rakietka-dlia-padiela-wilson-endure-v1-18886,Ижевск: 2 сет | Елизаветенское шоссе: 1 сет,3.0,data\product_images\d4de11aeae02.png,0.0,0.0,0.0,0.0,0.0,0.0,1.0,0.0,0.0,2.0
Падел - Ракетки,221065,Ракетка для падела Head Speed Pro 2025,Head,24292 ₽,https://saletennis.com/catalog/product/rakietka-dlia-padiela-head-speed-pro-2025-16836,Тюмень (Народная): 1 сет | Ижевск: 1 сет | Санкт-Петербург (Спортивная): 2 сет,4.0,data\product_images\18764062610b.png,0.0,2.0,0.0,0.0,0.0,0.0,0.0,1.0,0.0,1.0
Падел - Ракетки,SIUX-VP26,Ракетка для падела Siux Valkiria Pro 2026,Siux,36847 ₽,https://saletennis.com/catalog/product/rakietka-dlia-padiela-siux-valkiria-pro-2026-18786,Тюмень (Народная): 1 сет,1.0,data\product_images\36c7c4a32a36.png,0.0,0.0,0.0,0.0,0.0,0.0,0.0,1.0,0.0,0.0
Падел - Ракетки,495203,Ракетка для падела Bullpadel XPLO PP 2026,Bullpadel,38993 ₽,https://saletennis.com/catalog/product/rakietka-dlia-padiela-bullpadel-xplo-pp-2026-18940,Ижевск: 1 сет | Тюмень (Народная): 1 сет,2.0,data\product_images\3d3f6322ced4.png,0.0,0.0,0.0,0.0,0.0,0.0,0.0,1.0,0.0,1.0
Падел - Ракетки,WR134511,Ракетка для падела Wilson Carbon Force,Wilson,20990 ₽,https://saletennis.com/catalog/product/rakietka-dlia-padiela-wilson-carbon-force-16866,Санкт-Петербург (Спортивная): 1 сет,1.0,data\product_images\c24db7d50529.jpg,0.0,1.0,0.0,0.0,0.0,0.0,0.0,0.0,0.0,0.0
Падел - Ракетки,SIUX-EE6,Ракетка для падела Siux Electra Elite 6,Siux,28490 ₽,https://saletennis.com/catalog/product/rakietka-dlia-padiela-siux-electra-elite-6-18781,Тюмень (Народная): 1 сет | Санкт-Петербург (Спортивная): 1 сет | Уфа: 1 сет | Елизаветенское шоссе: 1 сет,4.0,data\product_images\d44706d9024d.png,0.0,1.0,0.0,0.0,0.0,0.0,1.0,1.0,1.0,0.0
Падел - Ракетки,AR1AB3U10,Ракетка для падела Adidas Adipower 10 Anniversary 3.4,Adidas,48993 ₽,https://saletennis.com/catalog/product/rakietka-dlia-padiela-adidas-adipower-10-anniversary-3-4-18703,Елизаветенское шоссе: 1 сет,1.0,data\product_images\f0a66bae46e9.png,0.0,0.0,0.0,0.0,0.0,0.0,1.0,0.0,0.0,0.0
Падел - Ракетки,494397,Ракетка для падела Bullpadel Vertex 05 Hybrid 26,Bullpadel,30743 ₽,https://saletennis.com/catalog/product/rakietka-dlia-padiela-bullpadel-vertex-05-hybrid-26-18285,Елизаветенское шоссе: 1 сет,1.0,data\product_images\1a145cb26bfc.png,0.0,0.0,0.0,0.0,0.0,0.0,1.0,0.0,0.0,0.0
Падел - Ракетки,JK5303,Ракетка для падела Adidas Cross IT 3.4,Adidas,39193 ₽,https://saletennis.com/catalog/product/rakietka-dlia-padiela-adidas-cross-it-3-4-18345,Санкт-Петербург (Спортивная): 1 сет,1.0,data\product_images\fc4845dd7d9d.png,0.0,1.0,0.0,0.0,0.0,0.0,0.0,0.0,0.0,0.0
Падел - Ракетки,PML10VENTUS326,Ракетка для падела Nox ML10 Ventus Control 3k By Miguel Lamperti,Nox,36542 ₽,https://saletennis.com/catalog/product/rakietka-dlia-padiela-nox-ml10-ventus-control-3k-by-miguel-lamperti-19043,Елизаветенское шоссе: 1 сет | Санкт-Петербург (Спортивная): 1 сет | Уфа: 1 сет,3.0,data\product_images\d0097018020f.png,0.0,1.0,0.0,0.0,0.0,0.0,1.0,0.0,1.0,0.0
Падел - Ракетки,1900279,Ракетка для падела Black Crown Special Max,Black Crown,31868 ₽,https://saletennis.com/catalog/product/rakietka-dlia-padiela-black-crown-special-max-19148,Основной склад Екатеринбург: 1 сет,1.0,data\product_images\81dc4593c272.png,0.0,0.0,1.0,0.0,0.0,0.0,0.0,0.0,0.0,0.0
Падел - Ракетки,AR2AA5,Ракетка для падела Adidas Cross It Carbon 3.5,Adidas,32243 ₽,https://saletennis.com/catalog/product/rakietka-dlia-padiela-adidas-cross-it-carbon-3-5-18763,Ижевск: 1 сет | Санкт-Петербург (Спортивная): 1 сет,2.0,data\product_images\f031e7b688f0.png,0.0,1.0,0.0,0.0,0.0,0.0,0.0,0.0,0.0,1.0
Падел - Ракетки,8261510,Ракетка для падела Oxdog Ultimate Pro+,Не определен,47377 ₽,https://saletennis.com/catalog/product/rakietka-dlia-padiela-oxdog-ultimate-pro-1-19343,Ижевск: 1 сет | Санкт-Петербург (Спортивная): 1 сет,2.0,data\product_images\0feef3923766.png,0.0,1.0,0.0,0.0,0.0,0.0,0.0,0.0,0.0,1.0
Падел - Ракетки,494421,Ракетка для падела Bullpadel Vertex Junior Girl 26,Bullpadel,10118 ₽,https://saletennis.com/catalog/product/rakietka-dlia-padiela-bullpadel-vertex-junior-girl-26-18535,Ижевск: 1 сет | Уфа: 1 сет | Тюмень (Народная): 1 сет,3.0,data\product_images\0230c9d6665c.png,0.0,0.0,0.0,0.0,0.0,0.0,0.0,1.0,1.0,1.0
Падел - Ракетки,LN76-GR,Ракетка для падела 7/6 Line Green,7/6,12742 ₽,https://saletennis.com/catalog/product/rakietka-dlia-padiela-7-6-line-green-19273,Уфа: 1 сет | Ижевск: 2 сет | Елизаветенское шоссе: 2 сет | Основной склад Екатеринбург: 1 сет | Тюмень (Народная): 1 сет | Соболева: 2 сет | Санкт-Петербург (Спортивная): 3 сет,12.0,data\product_images\a2830709d1c3.png,0.0,3.0,1.0,2.0,0.0,0.0,2.0,1.0,1.0,2.0
Падел - Ракетки,494411,Ракетка для падела Bullpadel Ionic Power 26,Bullpadel,19118 ₽,https://saletennis.com/catalog/product/rakietka-dlia-padiela-bullpadel-ionic-power-26-18798,Ижевск: 1 сет | Уфа: 1 сет | Санкт-Петербург (Спортивная): 1 сет,3.0,data\product_images\8ee967da0a89.png,0.0,1.0,0.0,0.0,0.0,0.0,0.0,0.0,1.0,1.0
Падел - Ракетки,497236,Ракетка для падела Bullpadel Vertex 05 27,Bullpadel,45990 ₽,https://saletennis.com/catalog/product/rakietka-dlia-padiela-bullpadel-vertex-05-27-19566,Уфа: 1 сет | Елизаветенское шоссе: 1 сет | Санкт-Петербург (Спортивная): 1 сет | Ижевск: 1 сет,4.0,data\product_images\9bb1ac98f948.png,0.0,1.0,0.0,0.0,0.0,0.0,1.0,0.0,1.0,1.0
Падел - Ракетки,PD76-WH,Ракетка для падела 7/6 Loop White,7/6,8492 ₽,https://saletennis.com/catalog/product/rakietka-dlia-padiela-7-6-loop-white-18812,Соболева: 1 сет | Санкт-Петербург (Спортивная): 3 сет | Ижевск: 2 сет | Елизаветенское шоссе: 2 сет,8.0,data\product_images\32499092c124.png,0.0,3.0,0.0,1.0,0.0,0.0,2.0,0.0,0.0,2.0
Падел - Ракетки,SIUX-PR26-LO,Ракетка для падела Siux Pegasus Pro 2026 Lava Orange,Siux,36847 ₽,https://saletennis.com/catalog/product/rakietka-dlia-padiela-siux-pegasus-pro-2026-lava-orange-18784,Елизаветенское шоссе: 1 сет | Тюмень (Народная): 1 сет | Основной склад Екатеринбург: 1 сет | Санкт-Петербург (Спортивная): 1 сет | Уфа: 1 сет,5.0,data\product_images\7a7fd7eb74c6.png,0.0,1.0,1.0,0.0,0.0,0.0,1.0,1.0,1.0,0.0
Падел - Ракетки,494403,Ракетка для падела Bullpadel Neuron 26 Egde,Bullpadel,31118 ₽,https://saletennis.com/catalog/product/rakietka-dlia-padiela-bullpadel-neuron-26-egde-18280,Елизаветенское шоссе: 1 сет | Санкт-Петербург (Спортивная): 1 сет | Ижевск: 1 сет,3.0,data\product_images\9ffc77aff13a.png,0.0,1.0,0.0,0.0,0.0,0.0,1.0,0.0,0.0,1.0
Падел - Ракетки,16BOMBMAX6,Ракетка для падела Tecnifibre Bomba Max 2026,Tecnifibre,23993 ₽,https://saletennis.com/catalog/product/rakietka-dlia-padiela-tecnifibre-bomba-max-2026-18881,Санкт-Петербург (Спортивная): 1 сет,1.0,data\product_images\bd7bc5638bcb.png,0.0,1.0,0.0,0.0,0.0,0.0,0.0,0.0,0.0,0.0
Падел - Ракетки,494395,Ракетка для падела Bullpadel Vertex 05 26,Bullpadel,31493 ₽,https://saletennis.com/catalog/product/rakietka-dlia-padiela-bullpadel-vertex-05-26-18337,Тюмень (Народная): 1 сет,1.0,data\product_images\38928f9508e6.png,0.0,0.0,0.0,0.0,0.0,0.0,0.0,1.0,0.0,0.0
Падел - Ракетки,494410,Ракетка для падела Bullpadel Neuron 02 Cloud 26,Bullpadel,29993 ₽,https://saletennis.com/catalog/product/rakietka-dlia-padiela-bullpadel-neuron-02-cloud-26-18799,Елизаветенское шоссе: 1 сет,1.0,data\product_images\a196a31efb7f.png,0.0,0.0,0.0,0.0,0.0,0.0,1.0,0.0,0.0,0.0
Падел - Ракетки,PD76-LM,Ракетка для падела 7/6 Loop Mint,7/6,8492 ₽,https://saletennis.com/catalog/product/rakietka-dlia-padiela-7-6-loop-mint-18527,Тюмень: 1 сет | Елизаветенское шоссе: 2 сет,3.0,data\product_images\db08a22ef94b.png,0.0,0.0,0.0,0.0,0.0,0.0,2.0,1.0,0.0,0.0
Падел - Ракетки,225056,Ракетка для падела Head Coello Team 2026,Head,17812 ₽,https://saletennis.com/catalog/product/rakietka-dlia-padiela-head-coello-team-2026-19272,Елизаветенское шоссе: 1 сет | Ижевск: 1 сет,2.0,data\product_images\f5793feed824.png,0.0,0.0,0.0,0.0,0.0,0.0,1.0,0.0,0.0,1.0
Падел - Ракетки,112661,Ракетка для падела Siux Valkyrie Elite,Siux,27993 ₽,https://saletennis.com/catalog/product/rakietka-dlia-padiela-siux-valkyrie-elite-18354,Санкт-Петербург (Спортивная): 1 сет | Основной склад Екатеринбург: 1 сет,2.0,data\product_images\fdc0618b1d2d.png,0.0,1.0,1.0,0.0,0.0,0.0,0.0,0.0,0.0,0.0
Падел - Ракетки,497241,Ракетка для падела Bullpadel Neuron 27,Bullpadel,44990 ₽,https://saletennis.com/catalog/product/rakietka-dlia-padiela-bullpadel-neuron-27-19564,Елизаветенское шоссе: 1 сет | Тюмень (Народная): 1 сет | Ижевск: 1 сет | Уфа: 1 сет | Санкт-Петербург (Спортивная): 1 сет,5.0,data\product_images\3033a9695123.png,0.0,1.0,0.0,0.0,0.0,0.0,1.0,1.0,1.0,1.0
Падел - Ракетки,226206,Ракетка для падела Head Bolt 2026 - Red/Black,Head,11332 ₽,https://saletennis.com/catalog/product/rakietka-dlia-padiela-head-bolt-2026-red-black-18501,Санкт-Петербург (Спортивная): 1 сет,1.0,data\product_images\d5d58c8b028a.png,0.0,1.0,0.0,0.0,0.0,0.0,0.0,0.0,0.0,0.0
Падел - Ракетки,494400,Ракетка для падела Bullpadel XPLO 26,Bullpadel,30743 ₽,https://saletennis.com/catalog/product/rakietka-dlia-padiela-bullpadel-xplo-26-18288,Елизаветенское шоссе: 2 сет | Ижевск: 1 сет | Санкт-Петербург (Спортивная): 1 сет,4.0,data\product_images\7af6e7eca0ad.png,0.0,1.0,0.0,0.0,0.0,0.0,2.0,0.0,0.0,1.0
Падел - Ракетки,493804,Ракетка для падела Bullpadel Pearl 26,Bullpadel,27743 ₽,https://saletennis.com/catalog/product/rakietka-dlia-padiela-bullpadel-pearl-26-18281,Елизаветенское шоссе: 2 сет | Уфа: 1 сет | Санкт-Петербург (Спортивная): 1 сет | Ижевск: 1 сет | Тюмень (Народная): 1 сет,6.0,data\product_images\71aa6595cdea.png,0.0,1.0,0.0,0.0,0.0,0.0,2.0,1.0,1.0,1.0
Падел - Ракетки,PVK10VENTUS1226,Ракетка для падела Nox EA10 K10 Ventus Control 12k by Aranzazu Osoro,Nox,32292 ₽,https://saletennis.com/catalog/product/rakietka-dlia-padiela-nox-ea10-k10-ventus-control-12k-by-aranzazu-osoro-18680,Тюмень (Народная): 1 сет | Елизаветенское шоссе: 1 сет,2.0,data\product_images\cea923e3b14b.png,0.0,0.0,0.0,0.0,0.0,0.0,1.0,1.0,0.0,0.0
Падел - Ракетки,494417,Ракетка для падела Bullpadel Indiga Control 26,Bullpadel,10118 ₽,https://saletennis.com/catalog/product/rakietka-dlia-padiela-bullpadel-indiga-control-26-18531,Ижевск: 1 сет | Тюмень (Народная): 1 сет,2.0,data\product_images\c447cda25829.png,0.0,0.0,0.0,0.0,0.0,0.0,0.0,1.0,0.0,1.0
Падел - Ракетки,495198,Ракетка для падела Bullpadel Neuron 02 EDGE TF 25,Bullpadel,42743 ₽,https://saletennis.com/catalog/product/rakietka-dlia-padiela-bullpadel-neuron-02-edge-tf-25-18538,Елизаветенское шоссе: 1 сет,1.0,data\product_images\e34e2282a3e9.png,0.0,0.0,0.0,0.0,0.0,0.0,1.0,0.0,0.0,0.0
Падел - Ракетки,494416,Ракетка для падела Bullpadel Indiga PWR 26,Bullpadel,10118 ₽,https://saletennis.com/catalog/product/rakietka-dlia-padiela-bullpadel-indiga-pwr-26-18523,Тюмень (Народная): 1 сет | Уфа: 1 сет | Ижевск: 1 сет,3.0,data\product_images\edf61c785c53.png,0.0,0.0,0.0,0.0,0.0,0.0,0.0,1.0,1.0,1.0
Падел - Ракетки,224004,Ракетка для падела Head Gravity Pro 2024,Head,19493 ₽,https://saletennis.com/catalog/product/rakietka-dlia-padiela-head-gravity-pro-2024-18158,Елизаветенское шоссе: 1 сет | Уфа: 1 сет,2.0,data\product_images\a98a762bd946.png,0.0,0.0,0.0,0.0,0.0,0.0,1.0,0.0,1.0,0.0
Падел - Ракетки,497240,Ракетка для падела Bullpadel Vertex 05 Woman 27,Bullpadel,40490 ₽,https://saletennis.com/catalog/product/rakietka-dlia-padiela-bullpadel-vertex-05-woman-27-19569,Уфа: 1 сет | Елизаветенское шоссе: 1 сет | Тюмень (Народная): 1 сет | Ижевск: 1 сет | Санкт-Петербург (Спортивная): 1 сет,5.0,data\product_images\20547d17c76a.png,0.0,1.0,0.0,0.0,0.0,0.0,1.0,1.0,1.0,1.0
Падел - Ракетки,497242,Ракетка для падела Bullpadel Neuron 02 Edge 27,Bullpadel,44990 ₽,https://saletennis.com/catalog/product/rakietka-dlia-padiela-bullpadel-neuron-02-edge-27-19563,Уфа: 1 сет | Тюмень (Народная): 1 сет | Ижевск: 1 сет | Елизаветенское шоссе: 1 сет | Санкт-Петербург (Спортивная): 1 сет,5.0,data\product_images\49906ca2aa81.png,0.0,1.0,0.0,0.0,0.0,0.0,1.0,1.0,1.0,1.0
Падел - Ракетки,TR76-PL,Ракетка для падела 7/6 Trinity Purple,7/6,9342 ₽,https://saletennis.com/catalog/product/rakietka-dlia-padiela-7-6-trinity-purple-19276,Елизаветенское шоссе: 2 сет | Санкт-Петербург (Спортивная): 1 сет | Уфа: 2 сет | Соболева: 2 сет | Ижевск: 2 сет | Основной склад Екатеринбург: 2 сет | Тюмень (Народная): 1 сет,12.0,data\product_images\1b8941fb02ed.png,0.0,1.0,2.0,2.0,0.0,0.0,2.0,1.0,2.0,2.0
Падел - Ракетки,223135,Ракетка для падела Head Extreme Motion 2025,Head,21862 ₽,https://saletennis.com/catalog/product/rakietka-dlia-padiela-head-extreme-motion-2025-18503,Елизаветенское шоссе: 2 сет | Санкт-Петербург (Спортивная): 1 сет | Ижевск: 1 сет | Уфа: 1 сет,5.0,data\product_images\2ee786aa1064.png,0.0,1.0,0.0,0.0,0.0,0.0,2.0,0.0,1.0,1.0
Падел - Ракетки,AR1AB6U23,Ракетка для падела Adidas Metalbone Pro EDT 2026,Adidas,53452 ₽,https://saletennis.com/catalog/product/rakietka-dlia-padiela-adidas-metalbone-pro-edt-2026-19431,Елизаветенское шоссе: 1 сет | Основной склад Екатеринбург: 1 сет,2.0,data\product_images\f2e1b0f05b61.png,0.0,0.0,1.0,0.0,0.0,0.0,1.0,0.0,0.0,0.0
Падел - Ракетки,495201,Ракетка для падела Bullpadel Vertex 05 Geo PP 2026,Bullpadel,39743 ₽,https://saletennis.com/catalog/product/rakietka-dlia-padiela-bullpadel-vertex-05-geo-pp-2026-18938,Елизаветенское шоссе: 1 сет,1.0,data\product_images\e8450a35ad36.png,0.0,0.0,0.0,0.0,0.0,0.0,1.0,0.0,0.0,0.0
Падел - Ракетки,AR4CA2U74,Ракетка для падела Adidas Arrow Hit Junior 2026,Adidas,13990 ₽,https://saletennis.com/catalog/product/rakietka-dlia-padiela-adidas-arrow-hit-junior-2026-19429,Соболева: 2 сет | Санкт-Петербург (Спортивная): 1 сет | Елизаветенское шоссе: 1 сет,4.0,data\product_images\89f2ff7a4118.png,0.0,1.0,0.0,2.0,0.0,0.0,1.0,0.0,0.0,0.0
Падел - Ракетки,SIUX-DE6,Ракетка для падела Siux Diablo Elite 6,Siux,28493 ₽,https://saletennis.com/catalog/product/rakietka-dlia-padiela-siux-diablo-elite-6-18778,Уфа: 1 сет | Елизаветенское шоссе: 1 сет,2.0,data\product_images\1ec01ac87e33.png,0.0,0.0,0.0,0.0,0.0,0.0,1.0,0.0,1.0,0.0
Падел - Ракетки,PAT10GENIUSAT1226,Ракетка для падела Nox AT10 Genius Attack 12K Alum Xtrem by Agustín Tapia,Nox,39092 ₽,https://saletennis.com/catalog/product/rakietka-dlia-padiela-nox-at10-genius-attack-12k-alum-xtrem-by-agustin-tapia-18676,Елизаветенское шоссе: 1 сет | Санкт-Петербург (Спортивная): 2 сет,3.0,data\product_images\57157c870db3.png,0.0,2.0,0.0,0.0,0.0,0.0,1.0,0.0,0.0,0.0
Падел - Ракетки,226715,Ракетка для падела Head Speed JR,Head,12142 ₽,https://saletennis.com/catalog/product/rakietka-dlia-padiela-head-speed-jr-18017,Санкт-Петербург (Спортивная): 1 сет | Елизаветенское шоссе: 1 сет | Тюмень (Народная): 1 сет,3.0,data\product_images\4f4892521a9a.png,0.0,1.0,0.0,0.0,0.0,0.0,1.0,1.0,0.0,0.0
Падел - Ракетки,PD76-SM,Ракетка для падела 7/6 Slide Mist,7/6,11243 ₽,https://saletennis.com/catalog/product/rakietka-dlia-padiela-7-6-slide-mist-17979,Уфа: 2 сет | Санкт-Петербург (Спортивная): 3 сет | Тюмень: 1 сет | Тюмень (Народная): 2 сет | Ижевск: 2 сет,10.0,data\product_images\3229b1e5db70.png,0.0,3.0,0.0,0.0,0.0,0.0,0.0,3.0,2.0,2.0
Падел - Ракетки,PD76-BK,Ракетка для падела 7/6 Loop Black,7/6,8492 ₽,https://saletennis.com/catalog/product/rakietka-dlia-padiela-7-6-loop-black-18811,Санкт-Петербург (Спортивная): 5 сет | Бисертская: 1 сет | Елизаветенское шоссе: 1 сет | Соболева: 2 сет | Уфа: 3 сет,12.0,data\product_images\992e8223b8ac.png,0.0,5.0,0.0,2.0,0.0,1.0,1.0,0.0,3.0,0.0
Падел - Ракетки,PR76-HUR,Ракетка для падела 7/6 Hurricane 12k Carbon,7/6,23990 ₽,https://saletennis.com/catalog/product/rakietka-dlia-padiela-7-6-hurricane-12k-carbon-19535,Ижевск: 2 сет | Основной склад Екатеринбург: 3 сет | Уфа: 2 сет | Санкт-Петербург (Спортивная): 1 сет | Тюмень (Народная): 2 сет | Елизаветенское шоссе: 3 сет,13.0,data\product_images\e682cc2e467c.png,0.0,1.0,3.0,0.0,0.0,0.0,3.0,2.0,2.0,2.0
Падел - Ракетки,226106,Ракетка для падела Head Vibe 2026 - Blue/Yellow,Head,11332 ₽,https://saletennis.com/catalog/product/rakietka-dlia-padiela-head-vibe-2026-blue-yellow-18508,Санкт-Петербург (Спортивная): 1 сет,1.0,data\product_images\ffdabb56214b.png,0.0,1.0,0.0,0.0,0.0,0.0,0.0,0.0,0.0,0.0
Падел - Ракетки,494420,Ракетка для падела Bullpadel Vertex Junior Boy 26,Bullpadel,10118 ₽,https://saletennis.com/catalog/product/rakietka-dlia-padiela-bullpadel-vertex-junior-boy-26-18534,Ижевск: 1 сет | Елизаветенское шоссе: 1 сет | Уфа: 1 сет,3.0,data\product_images\29e1a5f28351.png,0.0,0.0,0.0,0.0,0.0,0.0,1.0,0.0,1.0,1.0
Падел - Ракетки,401906.107,Ракетка для падела Joma Valkiria Flex - Blue/White 2026,Joma,11592 ₽,https://saletennis.com/catalog/product/rakietka-dlia-padiela-joma-valkiria-flex-blue-white-2026-19006,Основной склад Екатеринбург: 1 сет,1.0,data\product_images\d8d8153e2e18.png,0.0,0.0,1.0,0.0,0.0,0.0,0.0,0.0,0.0,0.0
Падел - Ракетки,222046,Ракетка для падела Head Radical Motion 2026,Head,19432 ₽,https://saletennis.com/catalog/product/rakietka-dlia-padiela-head-radical-motion-2026-18505,Уфа: 1 сет | Ижевск: 1 сет | Елизаветенское шоссе: 1 сет,3.0,data\product_images\bcabf087d2e1.png,0.0,0.0,0.0,0.0,0.0,0.0,1.0,0.0,1.0,1.0
Падел - Ракетки,495200,Ракетка для падела Bullpadel HACK 04 PP 2026,Bullpadel,38993 ₽,https://saletennis.com/catalog/product/rakietka-dlia-padiela-bullpadel-hack-04-pp-2026-18936,Санкт-Петербург (Спортивная): 1 сет | Тюмень: 1 сет,2.0,data\product_images\4d500e74940e.png,0.0,1.0,0.0,0.0,0.0,0.0,0.0,1.0,0.0,0.0
Падел - Ракетки,401811.531,Ракетка для падела Joma Hyper 3.0 Vero Virseda - Pink/Black,Joma,30792 ₽,https://saletennis.com/catalog/product/rakietka-dlia-padiela-joma-hyper-3-0-vero-virseda-pink-black-18935,Основной склад Екатеринбург: 1 сет,1.0,data\product_images\8beb016533ff.png,0.0,0.0,1.0,0.0,0.0,0.0,0.0,0.0,0.0,0.0
Падел - Ракетки,WR146311,Ракетка для падела Wilson Accent LT Padel,Wilson,30772 ₽,https://saletennis.com/catalog/product/rakietka-dlia-padiela-wilson-accent-lt-padel-18075,Елизаветенское шоссе: 1 сет,1.0,data\product_images\dc0ae0b515f4.png,0.0,0.0,0.0,0.0,0.0,0.0,1.0,0.0,0.0,0.0
Падел - Ракетки,150187,Ракетка для падела Babolat Viper Juan Lebron 3.0 Green,Babolat,58990 ₽,https://saletennis.com/catalog/product/rakietka-dlia-padiela-babolat-viper-juan-lebron-3-0-green-19534,Санкт-Петербург (Спортивная): 1 сет | Ижевск: 1 сет,2.0,data\product_images\cc115bb3ba4b.png,0.0,1.0,0.0,0.0,0.0,0.0,0.0,0.0,0.0,1.0
Падел - Ракетки,A005353C,Ракетка для падела Black Crown Piton Epic,Black Crown,31868 ₽,https://saletennis.com/catalog/product/rakietka-dlia-padiela-black-crown-piton-epic-19145,Основной склад Екатеринбург: 1 сет,1.0,data\product_images\5646c6d1f7bb.png,0.0,0.0,1.0,0.0,0.0,0.0,0.0,0.0,0.0,0.0
Падел - Ракетки,SIUX-FE6,Ракетка для падела Siux Fenix Elite 6,Siux,28493 ₽,https://saletennis.com/catalog/product/rakietka-dlia-padiela-siux-fenix-elite-6-18783,Тюмень (Народная): 1 сет,1.0,data\product_images\9c4e157c8050.png,0.0,0.0,0.0,0.0,0.0,0.0,0.0,1.0,0.0,0.0
Падел - Ракетки,497243,Ракетка для падела Bullpadel Neuron 02 Comfort 27,Bullpadel,34990 ₽,https://saletennis.com/catalog/product/rakietka-dlia-padiela-bullpadel-neuron-02-comfort-27-19562,Уфа: 1 сет | Ижевск: 1 сет | Санкт-Петербург (Спортивная): 1 сет,3.0,data\product_images\4cad55e04ea7.png,0.0,1.0,0.0,0.0,0.0,0.0,0.0,0.0,1.0,1.0
Падел - Ракетки,495214,Ракетка для падела Bullpadel Neuron 02 PP 2026,Bullpadel,39743 ₽,https://saletennis.com/catalog/product/rakietka-dlia-padiela-bullpadel-neuron-02-pp-2026-18937,Санкт-Петербург (Спортивная): 1 сет,1.0,data\product_images\b08ff67c9ebf.png,0.0,1.0,0.0,0.0,0.0,0.0,0.0,0.0,0.0,0.0
Падел - Ракетки,AR2CA2,Ракетка для падела Adidas Metalbone Carbon CTRL 3.5,Adidas,34012 ₽,https://saletennis.com/catalog/product/rakietka-dlia-padiela-adidas-metalbone-carbon-ctrl-3-5-18772,Елизаветенское шоссе: 1 сет,1.0,data\product_images\1ca6c067184f.png,0.0,0.0,0.0,0.0,0.0,0.0,1.0,0.0,0.0,0.0
Падел - Ракетки,BCWNPT14GL,Ракетка для падела Black Crown Piton 14 Global,Black Crown,22493 ₽,https://saletennis.com/catalog/product/rakietka-dlia-padiela-black-crown-piton-14-global-19144,Основной склад Екатеринбург: 1 сет,1.0,data\product_images\401766e07aa0.png,0.0,0.0,1.0,0.0,0.0,0.0,0.0,0.0,0.0,0.0
Падел - Ракетки,401907.002,Ракетка для падела Joma Hyper Pro Hard - Black/Beige,Joma,21592 ₽,https://saletennis.com/catalog/product/rakietka-dlia-padiela-joma-hyper-pro-hard-black-beige-19192,Соболева: 1 сет | Основной склад Екатеринбург: 1 сет,2.0,data\product_images\6e6d098c87c1.png,0.0,0.0,1.0,1.0,0.0,0.0,0.0,0.0,0.0,0.0
Падел - Ракетки,495202,Ракетка для падела Bullpadel Vertex 05 Light PP 2026,Bullpadel,29618 ₽,https://saletennis.com/catalog/product/rakietka-dlia-padiela-bullpadel-vertex-05-light-pp-2026-18939,Санкт-Петербург (Спортивная): 1 сет | Елизаветенское шоссе: 1 сет,2.0,data\product_images\721ec3331f9c.png,0.0,1.0,0.0,0.0,0.0,0.0,1.0,0.0,0.0,0.0
Падел - Ракетки,150177-100,Ракетка для падела Babolat Counter Viper 2.6,Babolat,32392 ₽,https://saletennis.com/catalog/product/rakietka-dlia-padiela-babolat-counter-viper-2-6-18907,Санкт-Петербург (Спортивная): 1 сет,1.0,data\product_images\c630af3aa03c.png,0.0,1.0,0.0,0.0,0.0,0.0,0.0,0.0,0.0,0.0
Падел - Ракетки,SIUX-TP26-NF,Ракетка для падела Siux Trilogy Pro 2026 Noir Fog,Siux,36847 ₽,https://saletennis.com/catalog/product/rakietka-dlia-padiela-siux-trilogy-pro-2026-noir-fog-19047,Основной склад Екатеринбург: 1 сет | Санкт-Петербург (Спортивная): 1 сет | Елизаветенское шоссе: 1 сет,3.0,data\product_images\adc4c309e4f9.png,0.0,1.0,1.0,0.0,0.0,0.0,1.0,0.0,0.0,0.0
Падел - Ракетки,494409,Ракетка для падела Bullpadel Vertex 04 Woman Cloud,Bullpadel,29993 ₽,https://saletennis.com/catalog/product/rakietka-dlia-padiela-bullpadel-vertex-04-woman-cloud-18800,Уфа: 1 сет | Санкт-Петербург (Спортивная): 1 сет,2.0,data\product_images\3ccd17cc7d70.png,0.0,1.0,0.0,0.0,0.0,0.0,0.0,0.0,1.0,0.0
Падел - Ракетки,16WAMA3553,Ракетка для падела Tecnifibre Wall Master 355,Tecnifibre,12490 ₽,https://saletennis.com/catalog/product/rakietka-dlia-padiela-tecnifibre-wall-master-355-17646,Уфа: 1 сет,1.0,data\product_images\ec89ed8b0ee5.png,0.0,0.0,0.0,0.0,0.0,0.0,0.0,0.0,1.0,0.0
Падел - Ракетки,8261521,Ракетка для падела Oxdog Hyper Pro 2.0,Не определен,46567 ₽,https://saletennis.com/catalog/product/rakietka-dlia-padiela-oxdog-hyper-pro-2-0-19339,Ижевск: 1 сет | Елизаветенское шоссе: 1 сет | Санкт-Петербург (Спортивная): 1 сет,3.0,data\product_images\8928acd626f2.png,0.0,1.0,0.0,0.0,0.0,0.0,1.0,0.0,0.0,1.0
Падел - Ракетки,401913.001,Ракетка для падела Joma Slam Pro Iconic - White/Gold,Joma,15192 ₽,https://saletennis.com/catalog/product/rakietka-dlia-padiela-joma-slam-pro-iconic-white-gold-19193,Соболева: 1 сет | Основной склад Екатеринбург: 1 сет,2.0,data\product_images\17ef18dd5b50.png,0.0,0.0,1.0,1.0,0.0,0.0,0.0,0.0,0.0,0.0
Падел - Сумки и чехлы,LB76-490,Сумка для падел 7/6 Padel Bag Light 2R - Burgundy,7/6,9990 ₽,https://saletennis.com/catalog/product/sumka-dlia-padiel-7-6-padel-bag-light-2r-burgundy-19531,Уфа: 1 сет | Елизаветенское шоссе: 2 сет | Основной склад Екатеринбург: 12 сет | Санкт-Петербург (Спортивная): 2 сет | Соболева: 2 сет | Ижевск: 2 сет,21.0,data\product_images\643769dcf1aa.png,0.0,2.0,12.0,2.0,0.0,0.0,2.0,0.0,1.0,2.0
Падел - Сумки и чехлы,ORB-043,Чехол для падел 7/6 One Racket Bag - Pink,7/6,3990 ₽,https://saletennis.com/catalog/product/chiekhol-dlia-padiel-7-6-one-racket-bag-pink-18245,Основной склад Екатеринбург: 3 сет | Уфа: 2 сет | Елизаветенское шоссе: 2 сет | Тюмень: 2 сет | Соболева: 1 сет | Парина: 1 сет | Санкт-Петербург (Спортивная): 1 сет,12.0,data\product_images\62941ca472a4.png,0.0,1.0,3.0,1.0,1.0,0.0,2.0,2.0,2.0,0.0
Падел - Сумки и чехлы,BPM-25226,Рюкзак для падел Bullpadel Handbag - Black/White,Bullpadel,4868 ₽,https://saletennis.com/catalog/product/riukzak-dlia-padiel-bullpadel-handbag-black-white-19154,Основной склад Екатеринбург: 1 сет,1.0,data\product_images\83a0a2829f11.png,0.0,0.0,1.0,0.0,0.0,0.0,0.0,0.0,0.0,0.0
Падел - Сумки и чехлы,SIUXPM,Рюкзак для падел Siux Pulse Mochila - Red,Siux,6490 ₽,https://saletennis.com/catalog/product/riukzak-dlia-padiel-siux-pulse-mochila-red-19169,Санкт-Петербург (Спортивная): 1 сет,1.0,data\product_images\e787866eb22b.png,0.0,1.0,0.0,0.0,0.0,0.0,0.0,0.0,0.0,0.0
Падел - Сумки и чехлы,261365-NY,Сумка для падел Head Base Padel Bag M - Navy,Head,4852 ₽,https://saletennis.com/catalog/product/sumka-dlia-padiel-head-base-padel-bag-m-navy-18659,Ижевск: 1 сет | Уфа: 1 сет | Санкт-Петербург (Спортивная): 1 сет | Основной склад Екатеринбург: 1 сет,4.0,data\product_images\0c083d5e0b10.png,0.0,1.0,1.0,0.0,0.0,0.0,0.0,0.0,1.0,1.0
Падел - Сумки и чехлы,WR8912901001,Рюкзак для падел Wilson Super Tour Padel Backpack - Red,Wilson,11332 ₽,https://saletennis.com/catalog/product/riukzak-dlia-padiel-wilson-super-tour-padel-backpack-red-18707,Тюмень: 1 сет,1.0,data\product_images\6aada0f4d1d9.png,0.0,0.0,0.0,0.0,0.0,0.0,0.0,1.0,0.0,0.0
Падел - Сумки и чехлы,495060,Сумка для падел Bullpadel Vertex Woman,Bullpadel,11618 ₽,https://saletennis.com/catalog/product/sumka-dlia-padiel-bullpadel-vertex-woman-18546,Основной склад Екатеринбург: 1 сет | Тюмень (Народная): 1 сет,2.0,data\product_images\6d7f36301fbe.png,0.0,0.0,1.0,0.0,0.0,0.0,0.0,1.0,0.0,0.0
Падел - Сумки и чехлы,BPM26004,Рюкзак для падел Bullpadel Advance - Black\Orange,Bullpadel,4118 ₽,https://saletennis.com/catalog/product/riukzak-dlia-padiel-bullpadel-advance-black-orange-18804,Уфа: 1 сет,1.0,data\product_images\4923b16780f6.png,0.0,0.0,0.0,0.0,0.0,0.0,0.0,0.0,1.0,0.0
Падел - Сумки и чехлы,JK5601,Рюкзак Adidas Multigame 3.4 Sand,Adidas,14990 ₽,https://saletennis.com/catalog/product/riukzak-adidas-multigame-3-4-sand-18355,Санкт-Петербург (Спортивная): 1 сет,1.0,data\product_images\2d6bfb373647.png,0.0,1.0,0.0,0.0,0.0,0.0,0.0,0.0,0.0,0.0
Падел - Сумки и чехлы,261805,Сумка для падел Head Coello Pro X Padel L,Head,15382 ₽,https://saletennis.com/catalog/product/sumka-dlia-padiel-head-coello-pro-x-padel-l-17563,Основной склад Екатеринбург: 1 сет,1.0,data\product_images\59d072a57697.png,0.0,0.0,1.0,0.0,0.0,0.0,0.0,0.0,0.0,0.0
Падел - Сумки и чехлы,ORB-1215,Чехол для падел 7/6 One Racket Bag - Brown,7/6,3990 ₽,https://saletennis.com/catalog/product/chiekhol-dlia-padiel-7-6-one-racket-bag-brown-19467,Ижевск: 2 сет | Тюмень (Народная): 1 сет | Соболева: 2 сет | Санкт-Петербург (Ярослава Гашека): 1 сет | Елизаветенское шоссе: 3 сет | Санкт-Петербург (Спортивная): 1 сет | Уфа: 2 сет,12.0,data\product_images\5bf25ea66075.png,1.0,1.0,0.0,2.0,0.0,0.0,3.0,1.0,2.0,2.0
Падел - Сумки и чехлы,495083,Рюкзак для падел Bullpadel Vertex GEO,Bullpadel,6743 ₽,https://saletennis.com/catalog/product/riukzak-dlia-padiel-bullpadel-vertex-geo-18807,Уфа: 1 сет,1.0,data\product_images\958d506cf55e.png,0.0,0.0,0.0,0.0,0.0,0.0,0.0,0.0,1.0,0.0
Падел - Сумки и чехлы,260135-BKDG,Сумка для падел Head Pro X Padel Duffle L - Black/Dark Grey,Head,13357 ₽,https://saletennis.com/catalog/product/sumka-dlia-padiel-head-pro-x-padel-duffle-l-black-dark-grey-18228,Тюмень: 1 сет | Основной склад Екатеринбург: 1 сет | Уфа: 1 сет | Санкт-Петербург (Спортивная): 2 сет,5.0,data\product_images\be09d09cab72.png,0.0,2.0,1.0,0.0,0.0,0.0,0.0,1.0,1.0,0.0
Падел - Сумки и чехлы,PB76-0303,Сумка для падел 7/6 Ankl - Black,7/6,13990 ₽,https://saletennis.com/catalog/product/sumka-dlia-padiel-7-6-ankl-black-17999,Соболева: 1 сет | Тюмень (Народная): 1 сет | Ижевск: 2 сет | Уфа: 1 сет | Санкт-Петербург (Спортивная): 2 сет,7.0,data\product_images\6189704de036.png,0.0,2.0,0.0,1.0,0.0,0.0,0.0,1.0,1.0,2.0
Падел - Сумки и чехлы,PO35475,Сумка для падел Black Crown Thunder - Negro,Black Crown,8993 ₽,https://saletennis.com/catalog/product/sumka-dlia-padiel-black-crown-thunder-negro-19166,Основной склад Екатеринбург: 1 сет,1.0,data\product_images\baba22d6573d.png,0.0,0.0,1.0,0.0,0.0,0.0,0.0,0.0,0.0,0.0
Падел - Сумки и чехлы,WR8914101001,Рюкзак для падел Wilson Defy V1 - Black/Gold,Wilson,11332 ₽,https://saletennis.com/catalog/product/riukzak-dlia-padiel-wilson-defy-v1-black-gold-18706,Санкт-Петербург (Спортивная): 1 сет,1.0,data\product_images\9f428d5d8df0.png,0.0,1.0,0.0,0.0,0.0,0.0,0.0,0.0,0.0,0.0
Падел - Сумки и чехлы,A005991.B57.1,Сумка для падел Black Crown Plus - Grey/Orange,Black Crown,7493 ₽,https://saletennis.com/catalog/product/sumka-dlia-padiel-black-crown-plus-grey-orange-19165,Основной склад Екатеринбург: 1 сет,1.0,data\product_images\419d50acb2d5.png,0.0,0.0,1.0,0.0,0.0,0.0,0.0,0.0,0.0,0.0
Падел - Сумки и чехлы,WR8910801001,Сумка для падел Wilson Bela Super Tour - Black/Red,Wilson,17002 ₽,https://saletennis.com/catalog/product/sumka-dlia-padiel-wilson-bela-super-tour-black-red-18082,Основной склад Екатеринбург: 1 сет | Ижевск: 1 сет | Санкт-Петербург (Спортивная): 1 сет,3.0,data\product_images\551fa3d0661b.png,0.0,1.0,1.0,0.0,0.0,0.0,0.0,0.0,0.0,1.0
Падел - Сумки и чехлы,493900,Рюкзак для падел Bullpadel Pearl,Bullpadel,7868 ₽,https://saletennis.com/catalog/product/riukzak-dlia-padiel-bullpadel-pearl-18290,Санкт-Петербург (Спортивная): 1 сет | Основной склад Екатеринбург: 1 сет | Ижевск: 1 сет,3.0,data\product_images\3739bc466657.png,0.0,1.0,1.0,0.0,0.0,0.0,0.0,0.0,0.0,1.0
Падел - Сумки и чехлы,ORB-448,Чехол для падел 7/6 One Racket Bag - Orange,7/6,3990 ₽,https://saletennis.com/catalog/product/chiekhol-dlia-padiel-7-6-one-racket-bag-orange-18244,Уфа: 2 сет | Елизаветенское шоссе: 2 сет | Основной склад Екатеринбург: 2 сет | Санкт-Петербург (Ярослава Гашека): 1 сет | Тюмень: 1 сет | Санкт-Петербург (Спортивная): 1 сет,9.0,data\product_images\983cac1bf2a5.png,1.0,1.0,2.0,0.0,0.0,0.0,2.0,1.0,2.0,0.0
Падел - Сумки и чехлы,WR8913001001,Сумка для падел Wilson Super Tour Padel 2026 - Red,Wilson,17812 ₽,https://saletennis.com/catalog/product/sumka-dlia-padiel-wilson-super-tour-padel-2026-red-18897,Основной склад Екатеринбург: 1 сет | Санкт-Петербург (Спортивная): 1 сет,2.0,data\product_images\ba9ac321128a.png,0.0,1.0,1.0,0.0,0.0,0.0,0.0,0.0,0.0,0.0
Падел - Сумки и чехлы,WR8904301001,Сумка-чехол для падел Wilson Padel Cover - Black/Red,Wilson,1612 ₽,https://saletennis.com/catalog/product/sumka-chiekhol-dlia-padiel-wilson-padel-cover-black-red-18084,Уфа: 3 сет | Ижевск: 2 сет | Основной склад Екатеринбург: 1 сет | Санкт-Петербург (Спортивная): 2 сет,8.0,data\product_images\06a9c0c30cdc.png,0.0,2.0,1.0,0.0,0.0,0.0,0.0,0.0,3.0,2.0
Падел - Сумки и чехлы,261815,Рюкзак для падел Head Coello Pro X Padel,Head,12952 ₽,https://saletennis.com/catalog/product/riukzak-dlia-padiel-head-coello-pro-x-padel-17562,Ижевск: 1 сет | Основной склад Екатеринбург: 1 сет,2.0,data\product_images\8a14cb83a794.png,0.0,0.0,1.0,0.0,0.0,0.0,0.0,0.0,0.0,1.0
Падел - Сумки и чехлы,A005988,Сумка для обуви Black Crown Duster - Black,Black Crown,2243 ₽,https://saletennis.com/catalog/product/sumka-dlia-obuvi-black-crown-duster-black-19163,Основной склад Екатеринбург: 2 сет,2.0,data\product_images\be84774611d4.png,0.0,0.0,2.0,0.0,0.0,0.0,0.0,0.0,0.0,0.0
Падел - Сумки и чехлы,759021-105,Рюкзак Babolat Perf Padel 2Gen - Black,Babolat,12990 ₽,https://saletennis.com/catalog/product/riukzak-babolat-perf-padel-2gen-black-17834,Ижевск: 1 сет,1.0,data\product_images\596ee4e07f4f.png,0.0,0.0,0.0,0.0,0.0,0.0,0.0,0.0,0.0,1.0
Падел - Сумки и чехлы,ORB-1632,Чехол для падел 7/6 One Racket Bag - Shell Pink,7/6,3990 ₽,https://saletennis.com/catalog/product/chiekhol-dlia-padiel-7-6-one-racket-bag-shell-pink-19468,Санкт-Петербург (Спортивная): 1 сет | Соболева: 1 сет | Санкт-Петербург (Ярослава Гашека): 1 сет | Уфа: 2 сет | Тюмень (Народная): 1 сет | Елизаветенское шоссе: 2 сет | Ижевск: 2 сет,10.0,data\product_images\0cce53e232b7.png,1.0,1.0,0.0,1.0,0.0,0.0,2.0,1.0,2.0,2.0
Падел - Сумки и чехлы,PB76-4201,Сумка для падел 7/6 Ankl - Grey,7/6,13990 ₽,https://saletennis.com/catalog/product/sumka-dlia-padiel-7-6-ankl-grey-18000,Ижевск: 1 сет | Соболева: 2 сет | Тюмень (Народная): 1 сет | Уфа: 2 сет | Основной склад Екатеринбург: 5 сет | Елизаветенское шоссе: 2 сет,13.0,data\product_images\6a7a8381c97c.png,0.0,0.0,5.0,2.0,0.0,0.0,2.0,1.0,2.0,1.0
Падел - Сумки и чехлы,BPM-25008,Рюкзак для падел Bullpadel FEP - Red,Bullpadel,6743 ₽,https://saletennis.com/catalog/product/riukzak-dlia-padiel-bullpadel-fep-red-19153,Основной склад Екатеринбург: 1 сет,1.0,data\product_images\bba590c56e84.png,0.0,0.0,1.0,0.0,0.0,0.0,0.0,0.0,0.0,0.0
Падел - Сумки и чехлы,759021-264,Рюкзак Babolat Perf Padel 2Gen - Multicolor,Babolat,12990 ₽,https://saletennis.com/catalog/product/riukzak-babolat-perf-padel-2gen-multicolor-17835,Санкт-Петербург (Спортивная): 1 сет,1.0,data\product_images\6ce7298b85b4.png,0.0,1.0,0.0,0.0,0.0,0.0,0.0,0.0,0.0,0.0
Падел - Сумки и чехлы,495087,Рюкзак для падел Bullpadel Neuron,Bullpadel,7868 ₽,https://saletennis.com/catalog/product/riukzak-dlia-padiel-bullpadel-neuron-18541,Основной склад Екатеринбург: 1 сет,1.0,data\product_images\82c2b53e7766.png,0.0,0.0,1.0,0.0,0.0,0.0,0.0,0.0,0.0,0.0
Падел - Сумки и чехлы,BPM-25022,Рюкзак для падел Bullpadel XPLO - Negro,Bullpadel,7493 ₽,https://saletennis.com/catalog/product/riukzak-dlia-padiel-bullpadel-xplo-negro-19156,Соболева: 1 сет,1.0,data\product_images\697d2f665044.png,0.0,0.0,0.0,1.0,0.0,0.0,0.0,0.0,0.0,0.0
Падел - Сумки и чехлы,SIUXBK,Сумка Siux Bag The King - Black,Siux,9990 ₽,https://saletennis.com/catalog/product/sumka-siux-bag-the-king-black-19170,Санкт-Петербург (Спортивная): 1 сет,1.0,data\product_images\278b034ea434.png,0.0,1.0,0.0,0.0,0.0,0.0,0.0,0.0,0.0,0.0
Падел - Сумки и чехлы,ORB-912,Чехол для падел 7/6 One Racket Bag - Black,7/6,3990 ₽,https://saletennis.com/catalog/product/chiekhol-dlia-padiel-7-6-one-racket-bag-black-18242,Соболева: 1 сет | Санкт-Петербург (Спортивная): 1 сет | Санкт-Петербург (Ярослава Гашека): 1 сет | Ижевск: 2 сет | Уфа: 2 сет | Елизаветенское шоссе: 2 сет,9.0,data\product_images\3b9ce0d724d6.png,1.0,1.0,0.0,1.0,0.0,0.0,2.0,0.0,2.0,2.0
Падел - Сумки и чехлы,PO34871,Рюкзак для падел Black Crown Magic,Black Crown,7493 ₽,https://saletennis.com/catalog/product/riukzak-dlia-padiel-black-crown-magic-19161,Основной склад Екатеринбург: 2 сет,2.0,data\product_images\3994b139164c.png,0.0,0.0,2.0,0.0,0.0,0.0,0.0,0.0,0.0,0.0
Падел - Сумки и чехлы,493899,Сумка для падел Bullpadel Pearl - Turquosie,Bullpadel,13990 ₽,https://saletennis.com/catalog/product/sumka-dlia-padiel-bullpadel-pearl-turquosie-19523,Основной склад Екатеринбург: 1 сет,1.0,data\product_images\d2ee773a5307.png,0.0,0.0,1.0,0.0,0.0,0.0,0.0,0.0,0.0,0.0
Падел - Сумки и чехлы,495059,Сумка для падел Bullpadel Vertex Geo,Bullpadel,11618 ₽,https://saletennis.com/catalog/product/sumka-dlia-padiel-bullpadel-vertex-geo-18545,Основной склад Екатеринбург: 1 сет,1.0,data\product_images\693b98a5839b.png,0.0,0.0,1.0,0.0,0.0,0.0,0.0,0.0,0.0,0.0
Падел - Сумки и чехлы,ORB-109,Чехол для падел 7/6 One Racket Bag - Blue,7/6,3990 ₽,https://saletennis.com/catalog/product/chiekhol-dlia-padiel-7-6-one-racket-bag-blue-18243,Уфа: 2 сет | Основной склад Екатеринбург: 2 сет | Соболева: 2 сет,6.0,data\product_images\a261d27120f7.png,0.0,0.0,2.0,2.0,0.0,0.0,0.0,0.0,2.0,0.0
Падел - Сумки и чехлы,260344-NV,Сумка для падел Head Pro Padel Bag L - Navy,Head,11737 ₽,https://saletennis.com/catalog/product/sumka-dlia-padiel-head-pro-padel-bag-l-navy-18226,Основной склад Екатеринбург: 1 сет | Санкт-Петербург (Спортивная): 1 сет,2.0,data\product_images\cbdf84fc55d1.png,0.0,1.0,1.0,0.0,0.0,0.0,0.0,0.0,0.0,0.0
Падел - Сумки и чехлы,260045-BK,Сумка для падел Head Pro X Padel Bag L - Black,Head,11737 ₽,https://saletennis.com/catalog/product/sumka-dlia-padiel-head-pro-x-padel-bag-l-black-18227,Основной склад Екатеринбург: 1 сет,1.0,data\product_images\ae2aded4f73d.png,0.0,0.0,1.0,0.0,0.0,0.0,0.0,0.0,0.0,0.0
Падел - Сумки и чехлы,BPM-25003,Рюкзак для падел Bullpadel Tech - Negro,Bullpadel,9368 ₽,https://saletennis.com/catalog/product/riukzak-dlia-padiel-bullpadel-tech-negro-19155,Основной склад Екатеринбург: 1 сет,1.0,data\product_images\9c14733225a5.png,0.0,0.0,1.0,0.0,0.0,0.0,0.0,0.0,0.0,0.0
Падел - Сумки и чехлы,KL2639,Сумка для падел Adidas Racket Bag Multigame - Black/Red,Adidas,17990 ₽,https://saletennis.com/catalog/product/sumka-dlia-padiel-adidas-racket-bag-multigame-black-red-19062,Санкт-Петербург (Спортивная): 1 сет | Ижевск: 1 сет | Основной склад Екатеринбург: 2 сет,4.0,data\product_images\cfc2ce963eb6.png,0.0,1.0,2.0,0.0,0.0,0.0,0.0,0.0,0.0,1.0
Падел - Сумки и чехлы,262254-BKCC,Сумка для падел Head Team Padel Bag L - Black/Ceramic,Head,6877 ₽,https://saletennis.com/catalog/product/sumka-dlia-padiel-head-team-padel-bag-l-black-ceramic-19314,Основной склад Екатеринбург: 1 сет,1.0,data\product_images\e29f7ddc5971.png,0.0,0.0,1.0,0.0,0.0,0.0,0.0,0.0,0.0,0.0
Падел - Сумки и чехлы,LB76-001,Сумка для падел 7/6 Padel Bag Light 2R - Black,7/6,9990 ₽,https://saletennis.com/catalog/product/sumka-dlia-padiel-7-6-padel-bag-light-2r-black-19530,Санкт-Петербург (Спортивная): 2 сет | Соболева: 2 сет | Уфа: 1 сет | Ижевск: 2 сет | Основной склад Екатеринбург: 12 сет | Елизаветенское шоссе: 3 сет,22.0,data\product_images\c851d098617f.png,0.0,2.0,12.0,2.0,0.0,0.0,3.0,0.0,1.0,2.0
Падел - Сумки и чехлы,JK5606,Сумка для падел Adidas Protour 3.4 - Black,Adidas,20490 ₽,https://saletennis.com/catalog/product/sumka-dlia-padiel-adidas-protour-3-4-black-18358,Санкт-Петербург (Спортивная): 1 сет,1.0,data\product_images\a3a40934b603.png,0.0,1.0,0.0,0.0,0.0,0.0,0.0,0.0,0.0,0.0
Падел - Сумки и чехлы,40PADELRAQ,Сумка Tecnifibre Tour Endurance Paletero,Tecnifibre,12990 ₽,https://saletennis.com/catalog/product/sumka-tecnifibre-tour-endurance-paletero-17654,Основной склад Екатеринбург: 1 сет,1.0,data\product_images\8680a009b3c7.png,0.0,0.0,1.0,0.0,0.0,0.0,0.0,0.0,0.0,0.0
Падел - Сумки и чехлы,495089,Рюкзак для падел Bullpadel IONIC,Bullpadel,6743 ₽,https://saletennis.com/catalog/product/riukzak-dlia-padiel-bullpadel-ionic-18806,Санкт-Петербург (Спортивная): 1 сет | Ижевск: 1 сет,2.0,data\product_images\7b3c718b873a.png,0.0,1.0,0.0,0.0,0.0,0.0,0.0,0.0,0.0,1.0
Падел - Сумки и чехлы,260204-BK,Рюкзак Head Pro Backpack 23L - Black,Head,8092 ₽,https://saletennis.com/catalog/product/riukzak-head-pro-backpack-23l-black-18220,Парина: 1 сет,1.0,data\product_images\1af04ac0985a.png,0.0,0.0,0.0,0.0,1.0,0.0,0.0,0.0,0.0,0.0
Падел - Сумки и чехлы,BG4RA2,Сумка для падел Adidas Stage Tour Trolley Bag,Adidas,31990 ₽,https://saletennis.com/catalog/product/sumka-dlia-padiel-adidas-stage-tour-trolley-bag-19063,Основной склад Екатеринбург: 2 сет,2.0,data\product_images\aea0e85a7b3b.png,0.0,0.0,2.0,0.0,0.0,0.0,0.0,0.0,0.0,0.0
Падел - Сумки и чехлы,BPP-25012-005,Сумка для падел Bullpadel HACK - Negro,Bullpadel,11243 ₽,https://saletennis.com/catalog/product/sumka-dlia-padiel-bullpadel-hack-negro-19158,Основной склад Екатеринбург: 1 сет,1.0,data\product_images\9e370bf7c3a7.png,0.0,0.0,1.0,0.0,0.0,0.0,0.0,0.0,0.0,0.0
Падел - Аксессуары,SPO76-3TB,Овергрип 7/6 Padel Super Tacky - Tiffany Blue 3 pk,7/6,690 ₽,https://saletennis.com/catalog/product/ovierghrip-7-6-padel-super-tacky-tiffany-blue-3-pk-17971,Елизаветенское шоссе: 5 сет | Ижевск: 1 сет | Уфа: 8 сет | Основной склад Екатеринбург: 1 сет,15.0,data\product_images\3dc2ba4d5e55.png,0.0,0.0,1.0,0.0,0.0,0.0,5.0,0.0,8.0,1.0
Падел - Аксессуары,PRT76-1MX,Защитная лента для падел ракеток 7/6 Protection Tape 1PK,7/6,590 ₽,https://saletennis.com/catalog/product/zashchitnaia-lienta-dlia-padiel-rakietok-7-6-protection-tape-1pk-19186,Елизаветенское шоссе: 34 сет | Парина: 1 сет | Тюмень (Народная): 42 сет | Ижевск: 49 сет | Уфа: 49 сет | Соболева: 45 сет,220.0,data\product_images\de3b2c87595e.png,0.0,0.0,0.0,45.0,1.0,0.0,34.0,42.0,49.0,49.0
Падел - Аксессуары,PRTNXNEBL,Защитная лента для падел NOX Padel Racket Protector 1PK - Black,Nox,1290 ₽,https://saletennis.com/catalog/product/zashchitnaia-lienta-dlia-padiel-nox-padel-racket-protector-1pk-black-19033,Основной склад Екатеринбург: 3 сет | Елизаветенское шоссе: 3 сет | Санкт-Петербург (Спортивная): 4 сет | Соболева: 1 сет | Уфа: 4 сет | Ижевск: 2 сет,17.0,data\product_images\0eecc23aa573.png,0.0,4.0,3.0,1.0,0.0,0.0,3.0,0.0,4.0,2.0
Падел - Аксессуары,WR8416301001,Овергрип Wilson Padel Pro Overgrip 3pk - White,Wilson,1045 ₽,https://saletennis.com/catalog/product/ovierghrip-wilson-padel-pro-overgrip-3pk-white-18074,Ижевск: 5 сет | Санкт-Петербург (Спортивная): 1 сет | Уфа: 6 сет | Основной склад Екатеринбург: 3 сет,15.0,data\product_images\ba8c960d12a6.png,0.0,1.0,3.0,0.0,0.0,0.0,0.0,0.0,6.0,5.0
Падел - Аксессуары,SPO76-3PL,Овергрип 7/6 Padel Super Tacky - Purple 3 pk,7/6,690 ₽,https://saletennis.com/catalog/product/ovierghrip-7-6-padel-super-tacky-purple-3-pk-17970,Елизаветенское шоссе: 9 сет | Тюмень: 2 сет | Основной склад Екатеринбург: 2 сет | Уфа: 5 сет,18.0,data\product_images\4af918503f9b.png,0.0,0.0,2.0,0.0,0.0,0.0,9.0,2.0,5.0,0.0
Падел - Аксессуары,285111-GR,Овергрип Head Padel Pro - Grey,Head,729 ₽,https://saletennis.com/catalog/product/ovierghrip-head-padel-pro-grey-19087,Основной склад Екатеринбург: 5 сет | Елизаветенское шоссе: 1 сет | Санкт-Петербург (Спортивная): 5 сет,11.0,data\product_images\ce6fa967b055.png,0.0,5.0,5.0,0.0,0.0,0.0,1.0,0.0,0.0,0.0
Падел - Аксессуары,285111-MI,Овергрип Head Padel Pro - Mint,Head,729 ₽,https://saletennis.com/catalog/product/ovierghrip-head-padel-pro-mint-19088,Основной склад Екатеринбург: 1 сет | Соболева: 1 сет | Елизаветенское шоссе: 1 сет | Санкт-Петербург (Спортивная): 5 сет,8.0,data\product_images\8170b59314f8.png,0.0,5.0,1.0,1.0,0.0,0.0,1.0,0.0,0.0,0.0
Падел - Аксессуары,NOXCUGRIP,Овергрип Nox Custom Grip - Red,Nox,2890 ₽,https://saletennis.com/catalog/product/ovierghrip-nox-custom-grip-red-18671,Елизаветенское шоссе: 3 сет | Основной склад Екатеринбург: 3 сет,6.0,data\product_images\372f13c5ecaa.png,0.0,0.0,3.0,0.0,0.0,0.0,3.0,0.0,0.0,0.0
Падел - Аксессуары,SPO76-3PK,Овергрип 7/6 Padel Super Tacky - Pink 3 pk,7/6,690 ₽,https://saletennis.com/catalog/product/ovierghrip-7-6-padel-super-tacky-pink-3-pk-17969,Основной склад Екатеринбург: 2 сет | Ижевск: 1 сет | Уфа: 12 сет | Елизаветенское шоссе: 8 сет,23.0,data\product_images\0a51379579dd.png,0.0,0.0,2.0,0.0,0.0,0.0,8.0,0.0,12.0,1.0
Падел - Аксессуары,AC2BA1-OR,Овергрип Adidas Perforated 3pk - Orange,Adidas,1193 ₽,https://saletennis.com/catalog/product/ovierghrip-adidas-perforated-3pk-orange-18344,Санкт-Петербург (Спортивная): 7 сет | Основной склад Екатеринбург: 1 сет | Тюмень (Народная): 2 сет,10.0,data\product_images\6b2e94ca3548.png,0.0,7.0,1.0,0.0,0.0,0.0,0.0,2.0,0.0,0.0
Падел - Аксессуары,476026,Защитная лента Bullpadel для падел-ракетки 3pk,Bullpadel,893 ₽,https://saletennis.com/catalog/product/zashchitnaia-lienta-bullpadel-dlia-padiel-rakietki-3pk-17737,Санкт-Петербург (Спортивная): 6 сет | Ижевск: 4 сет | Елизаветенское шоссе: 3 сет | Тюмень (Народная): 3 сет | Основной склад Екатеринбург: 6 сет,22.0,data\product_images\3d18e712adda.png,0.0,6.0,6.0,0.0,0.0,0.0,3.0,3.0,0.0,4.0
Падел - Аксессуары,AC2TA2-MIX1,Овергрип Adidas Logo Box 1pk - Mix,Adidas,400 ₽,https://saletennis.com/catalog/product/ovierghrip-adidas-logo-box-1pk-mix-19073,Тюмень: 40 сет | Тюмень (Народная): 25 сет | Елизаветенское шоссе: 6 сет | Ижевск: 15 сет | Санкт-Петербург (Ярослава Гашека): 42 сет,128.0,data\product_images\a615673ed0fc.png,42.0,0.0,0.0,0.0,0.0,0.0,6.0,65.0,0.0,15.0
Падел - Аксессуары,PRTNXAZBL,Защитная лента для падел NOX Padel Racket Protector 1PK - Blue,Nox,1290 ₽,https://saletennis.com/catalog/product/zashchitnaia-lienta-dlia-padiel-nox-padel-racket-protector-1pk-blue-18673,Основной склад Екатеринбург: 7 сет | Уфа: 3 сет | Елизаветенское шоссе: 7 сет | Санкт-Петербург (Спортивная): 7 сет | Ижевск: 7 сет,31.0,data\product_images\6ed31b048a57.png,0.0,7.0,7.0,0.0,0.0,0.0,7.0,0.0,3.0,7.0
Падел - Аксессуары,WR8416501001,Овергрип Wilson Shock Shield Hybrid Padel - Black,Wilson,1450 ₽,https://saletennis.com/catalog/product/ovierghrip-wilson-shock-shield-hybrid-padel-black-18073,Санкт-Петербург (Спортивная): 10 сет | Уфа: 3 сет | Тюмень (Народная): 5 сет | Тюмень: 1 сет | Санкт-Петербург (Ярослава Гашека): 1 сет | Основной склад Екатеринбург: 8 сет | Ижевск: 4 сет,32.0,data\product_images\e2705b4a0728.png,1.0,10.0,8.0,0.0,0.0,0.0,0.0,6.0,3.0,4.0
Падел - Аксессуары,400748.200,Овергрип Joma Club - White,Joma,1032 ₽,https://saletennis.com/catalog/product/ovierghrip-joma-club-white-19422,Ижевск: 6 сет | Основной склад Екатеринбург: 2 сет | Санкт-Петербург (Спортивная): 6 сет | Уфа: 6 сет,20.0,data\product_images\92ad59b84150.png,0.0,6.0,2.0,0.0,0.0,0.0,0.0,0.0,6.0,6.0
Падел - Аксессуары,SPO76-3YW,Овергрип 7/6 Padel Super Tacky - Yellow 3 pk,7/6,690 ₽,https://saletennis.com/catalog/product/ovierghrip-7-6-padel-super-tacky-yellow-3-pk-17972,Соболева: 1 сет | Елизаветенское шоссе: 16 сет | Основной склад Екатеринбург: 2 сет | Уфа: 12 сет | Тюмень: 1 сет,32.0,data\product_images\a1328b682a43.png,0.0,0.0,2.0,1.0,0.0,0.0,16.0,1.0,12.0,0.0
Падел - Аксессуары,PRTNXTRAN,Защитная лента для падел NOX Padel Racket Protector 1PK,Nox,1290 ₽,https://saletennis.com/catalog/product/zashchitnaia-lienta-dlia-padiel-nox-padel-racket-protector-1pk-19032,Основной склад Екатеринбург: 9 сет | Уфа: 3 сет | Ижевск: 4 сет | Елизаветенское шоссе: 9 сет | Санкт-Петербург (Спортивная): 4 сет,29.0,data\product_images\3463d14103b4.png,0.0,4.0,9.0,0.0,0.0,0.0,9.0,0.0,3.0,4.0
Падел - Аксессуары,SPO76-3OR,Овергрип 7/6 Padel Super Tacky - Orange 3 pk,7/6,690 ₽,https://saletennis.com/catalog/product/ovierghrip-7-6-padel-super-tacky-orange-3-pk-17968,Основной склад Екатеринбург: 1 сет | Уфа: 11 сет | Елизаветенское шоссе: 8 сет,20.0,data\product_images\3c092658c694.png,0.0,0.0,1.0,0.0,0.0,0.0,8.0,0.0,11.0,0.0
Падел - Аксессуары,PRT76-WH,Защитная лента для падел ракеток 7/6 Protection Tape - White,7/6,590 ₽,https://saletennis.com/catalog/product/zashchitnaia-lienta-dlia-padiel-rakietok-7-6-protection-tape-white-19173,Соболева: 1 сет | Тюмень: 2 сет | Ижевск: 3 сет | Санкт-Петербург (Спортивная): 3 сет | Уфа: 3 сет,12.0,data\product_images\d3f01aadaba3.png,0.0,3.0,0.0,1.0,0.0,0.0,0.0,2.0,3.0,3.0
Падел - Аксессуары,PRT76-MX,Защитная лента для падел ракеток 7/6 Protection Tape 50PK,7/6,19990 ₽,https://saletennis.com/catalog/product/zashchitnaia-lienta-dlia-padiel-rakietok-7-6-protection-tape-50pk-19174,Основной склад Екатеринбург: 12 сет | Тюмень: 1 сет | Соболева: 1 сет | Санкт-Петербург (Спортивная): 1 сет,15.0,data\product_images\ae88f904e0af.png,0.0,1.0,12.0,1.0,0.0,0.0,0.0,1.0,0.0,0.0
Падел - Аксессуары,AC2BA1-WH,Овергрип Adidas Perforated 3pk - White,Adidas,1590 ₽,https://saletennis.com/catalog/product/ovierghrip-adidas-perforated-3pk-white-19051,Тюмень (Народная): 2 сет | Санкт-Петербург (Спортивная): 5 сет | Основной склад Екатеринбург: 2 сет | Ижевск: 1 сет,10.0,data\product_images\6287c8a45c0a.png,0.0,5.0,2.0,0.0,0.0,0.0,0.0,2.0,0.0,1.0
Падел - Аксессуары,285111-WH,Овергрип Head Padel Pro - White,Head,729 ₽,https://saletennis.com/catalog/product/ovierghrip-head-padel-pro-white-19090,Елизаветенское шоссе: 1 сет | Санкт-Петербург (Спортивная): 5 сет,6.0,data\product_images\2c4657a82355.png,0.0,5.0,0.0,0.0,0.0,0.0,1.0,0.0,0.0,0.0
Падел - Аксессуары,AC2BA1-BK,Овергрип Adidas Perforated 3pk - Black,Adidas,1590 ₽,https://saletennis.com/catalog/product/ovierghrip-adidas-perforated-3pk-black-18343,Ижевск: 2 сет | Санкт-Петербург (Спортивная): 1 сет | Тюмень (Народная): 1 сет,4.0,data\product_images\df8e4951a1d5.png,0.0,1.0,0.0,0.0,0.0,0.0,0.0,1.0,0.0,2.0
Падел - Аксессуары,455593,Лента с утяжелением Bullpadel для падел-ракетки 3pk,Bullpadel,1718 ₽,https://saletennis.com/catalog/product/lienta-s-utiazhielieniiem-bullpadel-dlia-padiel-rakietki-3pk-17738,Санкт-Петербург (Спортивная): 3 сет | Елизаветенское шоссе: 3 сет,6.0,data\product_images\3becd6e6e24c.png,0.0,3.0,0.0,0.0,0.0,0.0,3.0,0.0,0.0,0.0
Падел - Аксессуары,PRTNXROBL,Защитная лента для падел NOX Padel Racket Protector 1PK - Red,Nox,1290 ₽,https://saletennis.com/catalog/product/zashchitnaia-lienta-dlia-padiel-nox-padel-racket-protector-1pk-red-19034,Основной склад Екатеринбург: 7 сет | Ижевск: 4 сет | Елизаветенское шоссе: 5 сет | Уфа: 3 сет | Санкт-Петербург (Спортивная): 4 сет,23.0,data\product_images\6be2e5c2ea43.png,0.0,4.0,7.0,0.0,0.0,0.0,5.0,0.0,3.0,4.0
Падел - Аксессуары,400748.050,Овергрип Joma Club - Orange,Joma,1032 ₽,https://saletennis.com/catalog/product/ovierghrip-joma-club-orange-19421,Основной склад Екатеринбург: 3 сет | Елизаветенское шоссе: 3 сет | Уфа: 5 сет | Санкт-Петербург (Спортивная): 6 сет | Ижевск: 6 сет,23.0,data\product_images\1b5bad75cfe6.png,0.0,6.0,3.0,0.0,0.0,0.0,3.0,0.0,5.0,6.0
Падел - Аксессуары,448305,Защитная лента Bullpadel PRO для падел-ракетки 2pk,Bullpadel,1868 ₽,https://saletennis.com/catalog/product/zashchitnaia-lienta-bullpadel-pro-dlia-padiel-rakietki-2pk-18792,Основной склад Екатеринбург: 9 сет | Ижевск: 8 сет | Елизаветенское шоссе: 3 сет | Санкт-Петербург (Спортивная): 5 сет | Тюмень (Народная): 1 сет,26.0,data\product_images\18bcc3a0d240.png,0.0,5.0,9.0,0.0,0.0,0.0,3.0,1.0,0.0,8.0
Падел - Аксессуары,SPO76-3FY,Овергрип 7/6 Padel Super Tacky - Fluorescent Yellow 3 pk,7/6,690 ₽,https://saletennis.com/catalog/product/ovierghrip-7-6-padel-super-tacky-fluorescent-yellow-3-pk-17966,Елизаветенское шоссе: 5 сет | Уфа: 4 сет | Ижевск: 1 сет | Основной склад Екатеринбург: 1 сет,11.0,data\product_images\8b951772782c.png,0.0,0.0,1.0,0.0,0.0,0.0,5.0,0.0,4.0,1.0
Падел - Аксессуары,WRR940100,Защитная лента Wilson Padel Guard - White,Wilson,802 ₽,https://saletennis.com/catalog/product/zashchitnaia-lienta-wilson-padel-guard-white-18367,Елизаветенское шоссе: 1 сет | Ижевск: 2 сет | Санкт-Петербург (Спортивная): 4 сет,7.0,data\product_images\f6d0ce4f007c.png,0.0,4.0,0.0,0.0,0.0,0.0,1.0,0.0,0.0,2.0
Падел - Аксессуары,WR8906601001,Овергрип Wilson Padel Pro Overgrip - 1PK,Wilson,400 ₽,https://saletennis.com/catalog/product/ovierghrip-wilson-padel-pro-overgrip-1pk-17133,Ижевск: 158 сет | Санкт-Петербург (Спортивная): 22 сет | Уфа: 59 сет,239.0,data\product_images\2b09f7b349cb.png,0.0,22.0,0.0,0.0,0.0,0.0,0.0,0.0,59.0,158.0
Падел - Аксессуары,SPO76-3LB,Овергрип 7/6 Padel Super Tacky - Light Blue 3 pk,7/6,690 ₽,https://saletennis.com/catalog/product/ovierghrip-7-6-padel-super-tacky-light-blue-3-pk-17967,Тюмень: 1 сет | Ижевск: 1 сет | Елизаветенское шоссе: 9 сет | Основной склад Екатеринбург: 5 сет | Уфа: 12 сет,28.0,data\product_images\28d9070b63c0.png,0.0,0.0,5.0,0.0,0.0,0.0,9.0,1.0,12.0,1.0
Падел - Аксессуары,455595,Утяжелитель Bullpadel в ручку для падел-ракетки,Bullpadel,1343 ₽,https://saletennis.com/catalog/product/utiazhielitiel-bullpadel-v-ruchku-dlia-padiel-rakietki-17742,Ижевск: 3 сет | Уфа: 3 сет | Основной склад Екатеринбург: 6 сет | Санкт-Петербург (Спортивная): 3 сет,15.0,data\product_images\16ba8cadac1c.png,0.0,3.0,6.0,0.0,0.0,0.0,0.0,0.0,3.0,3.0
Падел - Аксессуары,450851,Защитная лента Bullpadel для падел-ракетки 1pk,Bullpadel,188 ₽,https://saletennis.com/catalog/product/zashchitnaia-lienta-bullpadel-dlia-padiel-rakietki-1pk-18793,Санкт-Петербург (Спортивная): 37 сет | Ижевск: 1 сет,38.0,data\product_images\b5b25ebd31a5.jpg,0.0,37.0,0.0,0.0,0.0,0.0,0.0,0.0,0.0,1.0
Падел - Аксессуары,WR8416601001,Овергрип Wilson Profile Padel 3pk - Black,Wilson,802 ₽,https://saletennis.com/catalog/product/ovierghrip-wilson-profile-padel-3pk-black-18272,Основной склад Екатеринбург: 3 сет | Санкт-Петербург (Спортивная): 3 сет | Уфа: 5 сет | Ижевск: 6 сет | Елизаветенское шоссе: 3 сет,20.0,data\product_images\ed35ef7e009f.png,0.0,3.0,3.0,0.0,0.0,0.0,3.0,0.0,5.0,6.0
Падел - Аксессуары,285111-BK,Овергрип Head Padel Pro - Black,Head,729 ₽,https://saletennis.com/catalog/product/ovierghrip-head-padel-pro-black-19086,Санкт-Петербург (Спортивная): 1 сет | Елизаветенское шоссе: 1 сет,2.0,data\product_images\7d490450f65d.png,0.0,1.0,0.0,0.0,0.0,0.0,1.0,0.0,0.0,0.0
Падел - Аксессуары,400748.060,Овергрип Joma Club - Yellow,Joma,1032 ₽,https://saletennis.com/catalog/product/ovierghrip-joma-club-yellow-19423,Уфа: 5 сет | Елизаветенское шоссе: 2 сет | Санкт-Петербург (Спортивная): 6 сет | Основной склад Екатеринбург: 2 сет | Ижевск: 5 сет,20.0,data\product_images\dad006503d2e.png,0.0,6.0,2.0,0.0,0.0,0.0,2.0,0.0,5.0,5.0
Падел - Аксессуары,WR8911101001,Овергрип Wilson AbsorbX Padel Overgrip 3 Pack - Red,Wilson,1045 ₽,https://saletennis.com/catalog/product/ovierghrip-wilson-absorbx-padel-overgrip-3-pack-red-18711,Бисертская: 3 сет | Тюмень (Народная): 1 сет | Уфа: 9 сет | Ижевск: 7 сет | Основной склад Екатеринбург: 8 сет,28.0,data\product_images\4500008dae2f.png,0.0,0.0,8.0,0.0,0.0,3.0,0.0,1.0,9.0,7.0
Падел - Аксессуары,SPO76-3BL,Овергрип 7/6 Padel Super Tacky - Blue 3 pk,7/6,690 ₽,https://saletennis.com/catalog/product/ovierghrip-7-6-padel-super-tacky-blue-3-pk-17965,Уфа: 4 сет | Елизаветенское шоссе: 12 сет | Тюмень: 1 сет,17.0,data\product_images\0f634ef35c57.png,0.0,0.0,0.0,0.0,0.0,0.0,12.0,1.0,4.0,0.0
Падел - Аксессуары,285111-PK,Овергрип Head Padel Pro - Pink,Head,729 ₽,https://saletennis.com/catalog/product/ovierghrip-head-padel-pro-pink-19089,Санкт-Петербург (Спортивная): 4 сет | Основной склад Екатеринбург: 2 сет | Елизаветенское шоссе: 1 сет,7.0,data\product_images\7b24fb9f7f5e.png,0.0,4.0,2.0,0.0,0.0,0.0,1.0,0.0,0.0,0.0
Падел - Аксессуары,AC2BA1-PI,Овергрип Adidas Perforated 3pk - Pink,Adidas,1590 ₽,https://saletennis.com/catalog/product/ovierghrip-adidas-perforated-3pk-pink-19050,Уфа: 1 сет | Санкт-Петербург (Спортивная): 4 сет | Основной склад Екатеринбург: 4 сет | Тюмень (Народная): 2 сет | Ижевск: 3 сет,14.0,data\product_images\bca28ed3d161.png,0.0,4.0,4.0,0.0,0.0,0.0,0.0,2.0,1.0,3.0
Падел - Аксессуары,AC2BA0,Защитная лента Adidas Protection Tape,Adidas,1493 ₽,https://saletennis.com/catalog/product/zashchitnaia-lienta-adidas-protection-tape-18385,Санкт-Петербург (Спортивная): 2 сет | Уфа: 8 сет | Соболева: 2 сет,12.0,data\product_images\5a35d68ade07.png,0.0,2.0,0.0,2.0,0.0,0.0,0.0,0.0,8.0,0.0
Падел - Аксессуары,OVPROBLCO3,Овергрип Nox Pro Padel Overgrip 3pk - Mixed Colours,Nox,990 ₽,https://saletennis.com/catalog/product/ovierghrip-nox-pro-padel-overgrip-3pk-mixed-colours-18672,Ижевск: 3 сет,3.0,data\product_images\3ba21f99b8ff.png,0.0,0.0,0.0,0.0,0.0,0.0,0.0,0.0,0.0,3.0
Падел - Аксессуары,285111-YW,Овергрип Head Padel Pro - Yellow,Head,729 ₽,https://saletennis.com/catalog/product/ovierghrip-head-padel-pro-yellow-19091,Елизаветенское шоссе: 1 сет | Основной склад Екатеринбург: 4 сет | Санкт-Петербург (Спортивная): 6 сет,11.0,data\product_images\fed47fbdefe9.png,0.0,6.0,4.0,0.0,0.0,0.0,1.0,0.0,0.0,0.0
Падел - Аксессуары,AC2BA1-YE,Овергрип Adidas Perforated 3pk - Yellow,Adidas,1590 ₽,https://saletennis.com/catalog/product/ovierghrip-adidas-perforated-3pk-yellow-19052,Основной склад Екатеринбург: 5 сет | Тюмень (Народная): 2 сет | Ижевск: 3 сет | Уфа: 1 сет | Санкт-Петербург (Спортивная): 5 сет,16.0,data\product_images\d0aba9296fae.png,0.0,5.0,5.0,0.0,0.0,0.0,0.0,2.0,1.0,3.0
Падел - Мячи,471959,Мячи для падел BullPadel Premium Pro 3B,Bullpadel,990 ₽,https://saletennis.com/catalog/product/miachi-dlia-padiel-bullpadel-premium-pro-3b-16530,Нет информации о наличии,0.0,data\product_images\b7cd51192ac5.png,0.0,0.0,0.0,0.0,0.0,0.0,0.0,0.0,0.0,0.0
Падел - Мячи,540203,Мячи для падел Head Padel Pro+ 3B,Head,790 ₽,https://saletennis.com/catalog/product/miachi-dlia-padiel-head-padel-pro-3b-18258,Нет информации о наличии,0.0,data\product_images\f9ac698e50f0.png,0.0,0.0,0.0,0.0,0.0,0.0,0.0,0.0,0.0,0.0
Падел - Мячи,575383,Мячи для падел Head Padel One S 3B,Head,721 ₽,https://saletennis.com/catalog/product/miachi-dlia-padiel-head-padel-one-s-3b-19115,Нет информации о наличии,0.0,data\product_images\06ab8d0e6dd5.png,0.0,0.0,0.0,0.0,0.0,0.0,0.0,0.0,0.0,0.0
Падел - Мячи,PB76-003,Мячи для падл 7/6 Padel Tour 3 X 24,7/6,12990 ₽,https://saletennis.com/catalog/product/miachi-dlia-padl-7-6-padel-tour-3-x-24-1-18256,Нет информации о наличии,0.0,data\product_images\ffec0da6bcdc.png,0.0,0.0,0.0,0.0,0.0,0.0,0.0,0.0,0.0,0.0
Падел - Мячи,PB76-004,Мячи для падл 7/6 Padel Pro 2.0 3 X 24,7/6,12990 ₽,https://saletennis.com/catalog/product/miachi-dlia-padl-7-6-padel-pro-2-0-3-x-24-1-18252,Нет информации о наличии,0.0,data\product_images\11cbde209b01.png,0.0,0.0,0.0,0.0,0.0,0.0,0.0,0.0,0.0,0.0
Падел - Мячи,540303,Мячи для падел Head Padel Pro S+ 3B,Head,790 ₽,https://saletennis.com/catalog/product/miachi-dlia-padiel-head-padel-pro-s-3b-18031,Нет информации о наличии,0.0,data\product_images\a22619dc2a16.png,0.0,0.0,0.0,0.0,0.0,0.0,0.0,0.0,0.0,0.0
Падел - Мячи,WR8908401001,Мячи для падел Wilson Premier Padel 3B,Wilson,802 ₽,https://saletennis.com/catalog/product/miachi-dlia-padiel-wilson-premier-padel-3b-18876,Нет информации о наличии,0.0,data\product_images\af2de831578b.png,0.0,0.0,0.0,0.0,0.0,0.0,0.0,0.0,0.0,0.0
Падел - Мячи,471962,Мячи для падел Bullpadel FIP Next Pro 3B,Bullpadel,1190 ₽,https://saletennis.com/catalog/product/miachi-dlia-padiel-bullpadel-fip-next-pro-3b-19521,Нет информации о наличии,0.0,data\product_images\52229a3c287d.png,0.0,0.0,0.0,0.0,0.0,0.0,0.0,0.0,0.0,0.0
Аксессуары,Не указан,Новак Джокович. Жизнь и карьера великого чемпиона,Не определен,1190 ₽,https://saletennis.com/catalog/product/novak-dzhokovich-zhizn-i-kar-iera-vielikogho-chiempiona-16751,Соболева: 1 сет | Ижевск: 1 сет,2.0,data\product_images\716e01dd274a.png,0.0,0.0,0.0,1.0,0.0,0.0,0.0,0.0,0.0,1.0
Аксессуары,Не указан,"Победа любой ценой. Бред Гилберт, Стив Джеймисон",Не определен,1590 ₽,https://saletennis.com/catalog/product/pobieda-liuboi-tsienoi-bried-gilbiert-stiv-dzhieimison-16752,Ижевск: 1 сет,1.0,data\product_images\e4773192fa5e.png,0.0,0.0,0.0,0.0,0.0,0.0,0.0,0.0,0.0,1.0
