Категория,Артикул,Название,Бренд,Цена,Ссылка,Размеры и наличие,Всего,Фото,Санкт-Петербург (Ярослава Гашека),Санкт-Петербург (Спортивная),Екатеринбург (Основной склад),Екатеринбург (Соболева),Екатеринбург (Парина),Екатеринбург (Бисертская),Екатеринбург (Елизаветинское шоссе),Тюмень (Народная),Уфа,Ижевск
Сумки и чехлы,ORS-7601,Чехол для ракетки 7/6 One Racket - Black,7/6,4990 ₽,https://saletennis.com/catalog/product/chiekhol-dlia-rakietki-7-6-one-racket-black-19469,Соболева: 2 шт | Бисертская: 2 шт | Уфа: 2 шт | Ижевск: 4 шт | Тюмень (Народная): 2 шт | Санкт-Петербург (Спортивная): 7 шт | Санкт-Петербург (Ярослава Гашека): 2 шт | Парина: 5 шт,26.0,public/data/product_images/1777e8c9b0be.webp,2.0,7.0,0,2.0,5.0,2.0,0,2.0,2.0,4.0
Сумки и чехлы,ORS-1215,Чехол для ракетки 7/6 One Racket - Brown,7/6,4990 ₽,https://saletennis.com/catalog/product/chiekhol-dlia-rakietki-7-6-one-racket-brown-19470,Тюмень (Народная): 1 шт | Бисертская: 2 шт | Ижевск: 3 шт | Парина: 4 шт | Санкт-Петербург (Ярослава Гашека): 3 шт | Уфа: 4 шт | Соболева: 3 шт | Санкт-Петербург (Спортивная): 8 шт,28.0,public/data/product_images/aba3b34f74e9.webp,3.0,8.0,0,3.0,4.0,2.0,0,1.0,4.0,3.0
Сумки и чехлы,ORS-1632,Чехол для ракетки 7/6 One Racket - Shell Pink,7/6,4990 ₽,https://saletennis.com/catalog/product/chiekhol-dlia-rakietki-7-6-one-racket-shell-pink-19471,Уфа: 4 шт | Санкт-Петербург (Спортивная): 7 шт | Тюмень (Народная): 2 шт | Ижевск: 4 шт | Парина: 5 шт | Соболева: 4 шт | Санкт-Петербург (Ярослава Гашека): 3 шт | Бисертская: 2 шт,31.0,public/data/product_images/f039c6d722b8.webp,3.0,7.0,0,4.0,5.0,2.0,0,2.0,4.0,4.0
Сумки и чехлы,KB276-BL,Детский рюкзак 7/6 Kids Backpack 2.0 - Blue,7/6,4990 ₽,https://saletennis.com/catalog/product/dietskii-riukzak-7-6-kids-backpack-2-0-blue-18814,Парина: 2 шт | Санкт-Петербург (Спортивная): 2 шт | Бисертская: 1 шт | Ижевск: 2 шт | Тюмень (Народная): 1 шт | Санкт-Петербург (Ярослава Гашека): 3 шт | Соболева: 1 шт | Уфа: 1 шт,13.0,public/data/product_images/550f78ab7b47.webp,3.0,2.0,0,1.0,2.0,1.0,0,1.0,1.0,2.0
Сумки и чехлы,KB276-PK,Детский рюкзак 7/6 Kids Backpack 2.0 - Pink,7/6,4990 ₽,https://saletennis.com/catalog/product/dietskii-riukzak-7-6-kids-backpack-2-0-pink-18815,Санкт-Петербург (Ярослава Гашека): 3 шт | Ижевск: 1 шт | Санкт-Петербург (Спортивная): 5 шт | Тюмень (Народная): 1 шт | Бисертская: 2 шт,12.0,public/data/product_images/e64d87db9ae3.webp,3.0,5.0,0,0.0,0.0,2.0,0,1.0,0.0,1.0
Сумки и чехлы,260704-BKWH,Мешок для обуви Head Tour Shoe Bag - Black/White,Head,1774 ₽,https://saletennis.com/catalog/product/mieshok-dlia-obuvi-head-tour-shoe-bag-black-white-17177,Санкт-Петербург (Спортивная): 10 шт,10.0,public/data/product_images/7bfe3253fdb2.webp,0.0,10.0,0,0.0,0.0,0.0,0,0.0,0.0,0.0
Сумки и чехлы,shoebag1,Мешок для обуви Saletennis,Saletennis,490 ₽,https://saletennis.com/catalog/product/mieshok-dlia-obuvi-saletennis-14405,Соболева: 2 шт | Парина: 1 шт | Тюмень: 3 шт | Санкт-Петербург (Ярослава Гашека): 8 шт | Бисертская: 3 шт | Основной склад Екатеринбург: 123 шт | Тюмень (Народная): 15 шт | Санкт-Петербург (Спортивная): 11 шт,166.0,public/data/product_images/44bbf60b4dae.webp,8.0,11.0,123,2.0,1.0,3.0,0,18.0,0.0,0.0
Сумки и чехлы,TB76-BL,Рюкзак 7/6 Tennis Backpack 2.0 - Blue,7/6,6990 ₽,https://saletennis.com/catalog/product/riukzak-7-6-tennis-backpack-2-0-blue-16789,Санкт-Петербург (Ярослава Гашека): 2 шт | Бисертская: 1 шт | Санкт-Петербург (Спортивная): 3 шт | Уфа: 1 шт | Ижевск: 1 шт | Соболева: 1 шт,9.0,public/data/product_images/5f93c445b2f8.webp,2.0,3.0,0,1.0,0.0,1.0,0,0.0,1.0,1.0
Сумки и чехлы,TB76-GR,Рюкзак 7/6 Tennis Backpack 2.0 - Grey,7/6,9990 ₽,https://saletennis.com/catalog/product/riukzak-7-6-tennis-backpack-2-0-grey-18655,Уфа: 1 шт | Тюмень (Народная): 1 шт | Елизаветенское шоссе: 1 шт | Бисертская: 1 шт | Ижевск: 1 шт | Парина: 2 шт | Соболева: 2 шт,9.0,public/data/product_images/9ca604bdb562.webp,0.0,0.0,0,2.0,2.0,1.0,1,1.0,1.0,1.0
Сумки и чехлы,TB76-RD,Рюкзак 7/6 Tennis Backpack 2.0 - Red,7/6,6990 ₽,https://saletennis.com/catalog/product/riukzak-7-6-tennis-backpack-2-0-red-16790,Парина: 1 шт | Ижевск: 2 шт | Тюмень (Народная): 1 шт | Тюмень: 1 шт | Санкт-Петербург (Ярослава Гашека): 2 шт | Санкт-Петербург (Спортивная): 1 шт | Соболева: 1 шт | Уфа: 2 шт | Бисертская: 1 шт,12.0,public/data/product_images/0b795d0bc822.webp,2.0,1.0,0,1.0,1.0,1.0,0,2.0,2.0,2.0
Сумки и чехлы,753095-342,Рюкзак Babolat Classic Black/Beige,Babolat,3990 ₽,https://saletennis.com/catalog/product/riukzak-babolat-classic-black-beige-11421,Тюмень: 1 шт | Тюмень (Народная): 1 шт,2.0,public/data/product_images/d9beb884bb83.webp,0.0,0.0,0,0.0,0.0,0.0,0,2.0,0.0,0.0
Сумки и чехлы,753110-136,Рюкзак Babolat Pure Drive 2025,Babolat,11992 ₽,https://saletennis.com/catalog/product/riukzak-babolat-pure-drive-2025-17508,Парина: 1 шт,1.0,public/data/product_images/325c0eebabab.webp,0.0,0.0,0,0.0,1.0,0.0,0,0.0,0.0,0.0
Сумки и чехлы,753118-100,Рюкзак Babolat Pure Strike 2026,Babolat,11992 ₽,https://saletennis.com/catalog/product/riukzak-babolat-pure-strike-2026-18749,Парина: 1 шт,1.0,public/data/product_images/565767e107fd.webp,0.0,0.0,0,0.0,1.0,0.0,0,0.0,0.0,0.0
Сумки и чехлы,261235-BK,Рюкзак Head Base Backpack 17L - Black,Head,3637 ₽,https://saletennis.com/catalog/product/riukzak-head-base-backpack-17l-black-18136,Санкт-Петербург (Спортивная): 1 шт | Соболева: 1 шт | Парина: 2 шт,4.0,public/data/product_images/bda568c9d7ec.webp,0.0,1.0,0,1.0,2.0,0.0,0,0.0,0.0,0.0
Сумки и чехлы,261335-NV,Рюкзак Head Base Backpack 17L - Navy,Head,3637 ₽,https://saletennis.com/catalog/product/riukzak-head-base-backpack-17l-navy-18138,Ижевск: 1 шт | Парина: 1 шт | Соболева: 1 шт | Тюмень (Народная): 1 шт | Санкт-Петербург (Спортивная): 1 шт | Уфа: 2 шт,7.0,public/data/product_images/c1088691975b.webp,0.0,1.0,0,1.0,1.0,0.0,0,1.0,2.0,1.0
Сумки и чехлы,261036-PK,Рюкзак Head Base Backpack 17L - Pink,Head,3637 ₽,https://saletennis.com/catalog/product/riukzak-head-base-backpack-17l-pink-19310,Бисертская: 1 шт | Парина: 1 шт,2.0,public/data/product_images/e28b9806975e.webp,0.0,0.0,0,0.0,1.0,1.0,0,0.0,0.0,0.0
Сумки и чехлы,262605-BL,Рюкзак Head Paw Patrol - Blue,Head,4204 ₽,https://saletennis.com/catalog/product/riukzak-head-paw-patrol-blue-18554,Бисертская: 1 шт | Санкт-Петербург (Спортивная): 3 шт | Соболева: 1 шт,5.0,public/data/product_images/4692a331b842.webp,0.0,3.0,0,1.0,0.0,1.0,0,0.0,0.0,0.0
Сумки и чехлы,262615-PU,Рюкзак Head Paw Patrol - Purple,Head,4204 ₽,https://saletennis.com/catalog/product/riukzak-head-paw-patrol-purple-18555,Санкт-Петербург (Спортивная): 3 шт,3.0,public/data/product_images/2e08996977fd.webp,0.0,3.0,0,0.0,0.0,0.0,0,0.0,0.0,0.0
Сумки и чехлы,260156-NV,Рюкзак Head Pro Backpack 28L - Navy,Head,6877 ₽,https://saletennis.com/catalog/product/riukzak-head-pro-backpack-28l-navy-19445,Тюмень (Народная): 1 шт | Санкт-Петербург (Спортивная): 2 шт | Парина: 1 шт | Ижевск: 1 шт,5.0,public/data/product_images/e9b98d1b8768.webp,0.0,2.0,0,0.0,1.0,0.0,0,1.0,0.0,1.0
Сумки и чехлы,260424-LLAN,Рюкзак Head Pro Backpack 30L - Liquid Lime/Anthracite,Head,8993 ₽,https://saletennis.com/catalog/product/riukzak-head-pro-backpack-30l-liquid-lime-anthracite-18643,Санкт-Петербург (Спортивная): 1 шт | Тюмень (Народная): 1 шт,2.0,public/data/product_images/480ba9ae3684.webp,0.0,1.0,0,0.0,0.0,0.0,0,1.0,0.0,0.0
Сумки и чехлы,260035-BK,Рюкзак Head Pro X Backpack 25L - Black,Head,7493 ₽,https://saletennis.com/catalog/product/riukzak-head-pro-x-backpack-25l-black-18644,Ижевск: 1 шт | Уфа: 2 шт | Парина: 1 шт | Санкт-Петербург (Спортивная): 3 шт | Бисертская: 1 шт | Соболева: 2 шт | Тюмень (Народная): 2 шт,12.0,public/data/product_images/24f59d825974.webp,0.0,3.0,0,2.0,1.0,1.0,0,2.0,2.0,1.0
Сумки и чехлы,260064-TYBK,Рюкзак Head Pro X Backpack 28L - Thyme/Black,Head,7493 ₽,https://saletennis.com/catalog/product/riukzak-head-pro-x-backpack-28l-thyme-black-16849,Санкт-Петербург (Спортивная): 1 шт | Уфа: 2 шт | Ижевск: 1 шт | Парина: 1 шт,5.0,public/data/product_images/f845614a80af.webp,0.0,1.0,0,0.0,1.0,0.0,0,0.0,2.0,1.0
Сумки и чехлы,260125-BKDG,Рюкзак Head Pro X Backpack 30L - Black/Dark Grey,Head,11332 ₽,https://saletennis.com/catalog/product/riukzak-head-pro-x-backpack-30l-black-dark-grey-18645,Санкт-Петербург (Спортивная): 1 шт | Ижевск: 1 шт | Соболева: 1 шт | Тюмень (Народная): 1 шт | Парина: 1 шт | Бисертская: 1 шт | Уфа: 1 шт | Тюмень: 1 шт,8.0,public/data/product_images/75b203d39f2d.webp,0.0,1.0,0,1.0,1.0,1.0,0,2.0,1.0,1.0
Сумки и чехлы,260104-BK,Рюкзак Head Pro X Racqpack - Black,Head,14993 ₽,https://saletennis.com/catalog/product/riukzak-head-pro-x-racqpack-black-18638,Санкт-Петербург (Спортивная): 1 шт | Парина: 1 шт,2.0,public/data/product_images/a6e2126f27b9.webp,0.0,1.0,0,0.0,1.0,0.0,0,0.0,0.0,0.0
Сумки и чехлы,262244-BKCC,Рюкзак Head Team Backpack 21L - Black/Ceramic,Head,4790 ₽,https://saletennis.com/catalog/product/riukzak-head-team-backpack-21l-black-ceramic-18033,Тюмень: 1 шт | Санкт-Петербург (Спортивная): 1 шт,2.0,public/data/product_images/6adf1f2e1883.webp,0.0,1.0,0,0.0,0.0,0.0,0,1.0,0.0,0.0
Сумки и чехлы,262344-BLBK,Рюкзак Head Team Backpack 21L - Blue/Black,Head,3799 ₽,https://saletennis.com/catalog/product/riukzak-head-team-backpack-21l-blue-black-17726,Парина: 1 шт,1.0,public/data/product_images/94de965da0c0.webp,0.0,0.0,0,0.0,1.0,0.0,0,0.0,0.0,0.0
Сумки и чехлы,260764-BKWH,Рюкзак Head Tour Backpack 14L - Black/White,Head,3490 ₽,https://saletennis.com/catalog/product/riukzak-head-tour-backpack-14l-black-white-16850,Уфа: 2 шт | Ижевск: 2 шт | Тюмень (Народная): 2 шт | Бисертская: 1 шт | Соболева: 2 шт,9.0,public/data/product_images/ee7968448bfa.webp,0.0,0.0,0,2.0,0.0,1.0,0,2.0,2.0,2.0
Сумки и чехлы,260774-MONSTER,Рюкзак Head Tour Backpack 14L - Monster,Head,2990 ₽,https://saletennis.com/catalog/product/riukzak-head-tour-backpack-14l-monster-16851,Соболева: 1 шт | Основной склад Екатеринбург: 12 шт | Бисертская: 1 шт | Тюмень (Народная): 2 шт | Уфа: 2 шт | Санкт-Петербург (Спортивная): 1 шт,19.0,public/data/product_images/d6c04c581041.webp,0.0,1.0,12,1.0,0.0,1.0,0,2.0,2.0,0.0
Сумки и чехлы,260784-OWL,Рюкзак Head Tour Backpack 14L - Owl,Head,2990 ₽,https://saletennis.com/catalog/product/riukzak-head-tour-backpack-14l-owl-16852,Санкт-Петербург (Спортивная): 3 шт,3.0,public/data/product_images/d2de9ea6b25d.webp,0.0,3.0,0,0.0,0.0,0.0,0,0.0,0.0,0.0
Сумки и чехлы,260744-BKWH,Рюкзак Head Tour Backpack 20L - Black/White,Head,4490 ₽,https://saletennis.com/catalog/product/riukzak-head-tour-backpack-20l-black-white-16853,Ижевск: 1 шт | Тюмень (Народная): 1 шт | Парина: 1 шт | Уфа: 1 шт | Основной склад Екатеринбург: 5 шт | Соболева: 1 шт,10.0,public/data/product_images/0849c92136dc.webp,0.0,0.0,5,1.0,1.0,0.0,0,1.0,1.0,1.0
Сумки и чехлы,260246-BK,Рюкзак Head Tour Backpack 25L - Black,Head,6472 ₽,https://saletennis.com/catalog/product/riukzak-head-tour-backpack-25l-black-19446,Ижевск: 1 шт | Санкт-Петербург (Спортивная): 1 шт,2.0,public/data/product_images/cce5d3b29d92.webp,0.0,1.0,0,0.0,0.0,0.0,0,0.0,0.0,1.0
Сумки и чехлы,260636-BL,Рюкзак Head Tour Backpack 25L - Blue,Head,8092 ₽,https://saletennis.com/catalog/product/riukzak-head-tour-backpack-25l-blue-19325,Уфа: 1 шт | Тюмень (Народная): 1 шт | Соболева: 1 шт | Парина: 1 шт | Санкт-Петербург (Спортивная): 1 шт | Ижевск: 1 шт,6.0,public/data/product_images/7b6a0460893c.webp,0.0,1.0,0,1.0,1.0,0.0,0,1.0,1.0,1.0
Сумки и чехлы,260536-GE,Рюкзак Head Tour Backpack 25L - Green,Head,8092 ₽,https://saletennis.com/catalog/product/riukzak-head-tour-backpack-25l-green-19326,Тюмень (Народная): 1 шт | Санкт-Петербург (Спортивная): 1 шт | Парина: 1 шт | Уфа: 1 шт,4.0,public/data/product_images/d297f218707d.webp,0.0,1.0,0,0.0,1.0,0.0,0,1.0,1.0,0.0
Сумки и чехлы,260845,Рюкзак Head Tour Backpack 25L - Navy,Head,7493 ₽,https://saletennis.com/catalog/product/riukzak-head-tour-backpack-25l-navy-18021,Ижевск: 1 шт,1.0,public/data/product_images/015bb42332e4.webp,0.0,0.0,0,0.0,0.0,0.0,0,0.0,0.0,1.0
Сумки и чехлы,260336-OR,Рюкзак Head Tour Backpack 25L - Orange,Head,8092 ₽,https://saletennis.com/catalog/product/riukzak-head-tour-backpack-25l-orange-19318,Ижевск: 1 шт | Уфа: 1 шт | Тюмень (Народная): 1 шт | Санкт-Петербург (Спортивная): 1 шт | Парина: 1 шт,5.0,public/data/product_images/0fcec39342dd.webp,0.0,1.0,0,0.0,1.0,0.0,0,1.0,1.0,1.0
Сумки и чехлы,262036-PU,Рюкзак Head Tour Backpack 25L - Purple,Head,8092 ₽,https://saletennis.com/catalog/product/riukzak-head-tour-backpack-25l-purple-19327,Ижевск: 1 шт | Парина: 1 шт,2.0,public/data/product_images/c2867affcb79.webp,0.0,0.0,0,0.0,1.0,0.0,0,0.0,0.0,1.0
Сумки и чехлы,261915,Рюкзак Head Tour Backpack 30L - Alternate Edition,Head,6993 ₽,https://saletennis.com/catalog/product/riukzak-head-tour-backpack-30l-alternate-edition-18221,Уфа: 1 шт,1.0,public/data/product_images/f4e00cbcbaea.webp,0.0,0.0,0,0.0,0.0,0.0,0,0.0,1.0,0.0
Сумки и чехлы,1920226,Рюкзак Solinco Tour Team - Black/Green,Solinco,10490 ₽,https://saletennis.com/catalog/product/riukzak-solinco-tour-team-black-green-13191,Парина: 1 шт | Тюмень (Народная): 1 шт | Соболева: 1 шт | Санкт-Петербург (Спортивная): 1 шт,4.0,public/data/product_images/d661971b9b6c.webp,0.0,1.0,0,1.0,1.0,0.0,0,1.0,0.0,0.0
Сумки и чехлы,1920568,Рюкзак Solinco Tour Team Camo - Black/Grey,Solinco,6990 ₽,https://saletennis.com/catalog/product/riukzak-solinco-tour-team-camo-black-grey-16721,Ижевск: 1 шт | Санкт-Петербург (Спортивная): 1 шт | Парина: 2 шт | Соболева: 1 шт | Тюмень: 1 шт | Уфа: 1 шт | Тюмень (Народная): 1 шт | Бисертская: 1 шт,9.0,public/data/product_images/ac25b608d75c.webp,0.0,1.0,0,1.0,2.0,1.0,0,2.0,1.0,1.0
Сумки и чехлы,1920565,Рюкзак Solinco Tour Team Camo - White/Grey,Solinco,6990 ₽,https://saletennis.com/catalog/product/riukzak-solinco-tour-team-camo-white-grey-16722,Парина: 1 шт | Уфа: 1 шт | Соболева: 2 шт | Тюмень (Народная): 1 шт | Ижевск: 1 шт | Бисертская: 1 шт,7.0,public/data/product_images/805a519cb269.webp,0.0,0.0,0,2.0,1.0,1.0,0,1.0,1.0,1.0
Сумки и чехлы,40TOURIGBP,Рюкзак Tecnifibre Tour Endurance IGA - Orange,Tecnifibre,8392 ₽,https://saletennis.com/catalog/product/riukzak-tecnifibre-tour-endurance-iga-orange-19081,Соболева: 1 шт | Уфа: 1 шт | Санкт-Петербург (Спортивная): 1 шт | Парина: 1 шт,4.0,public/data/product_images/ef3dc7a3011c.webp,0.0,1.0,0,1.0,1.0,0.0,0,0.0,1.0,0.0
Сумки и чехлы,40TOUKHABA,Рюкзак Tecnifibre Tour Endurance Khaki - Green/Black,Tecnifibre,8392 ₽,https://saletennis.com/catalog/product/riukzak-tecnifibre-tour-endurance-khaki-green-black-16912,Санкт-Петербург (Спортивная): 1 шт,1.0,public/data/product_images/f755827fb100.webp,0.0,1.0,0,0.0,0.0,0.0,0,0.0,0.0,0.0
Сумки и чехлы,40TOUNAVBP,Рюкзак Tecnifibre Tour Endurance - Navy,Tecnifibre,9992 ₽,https://saletennis.com/catalog/product/riukzak-tecnifibre-tour-endurance-navy-16910,Бисертская: 1 шт,1.0,public/data/product_images/bb28758a3f37.webp,0.0,0.0,0,0.0,0.0,1.0,0,0.0,0.0,0.0
Сумки и чехлы,WR8023802001,Рюкзак Wilson Junior Tennis Backpack - Blue/Orange,Wilson,4990 ₽,https://saletennis.com/catalog/product/riukzak-wilson-junior-tennis-backpack-blue-orange-15129,Соболева: 2 шт | Уфа: 2 шт | Парина: 1 шт | Бисертская: 1 шт | Ижевск: 1 шт | Тюмень (Народная): 1 шт,8.0,public/data/product_images/e1f999f938ad.webp,0.0,0.0,0,2.0,1.0,1.0,0,1.0,2.0,1.0
Сумки и чехлы,WR8023801001,Рюкзак Wilson Junior Tennis Backpack - Light Grey/Red Blue,Wilson,5592 ₽,https://saletennis.com/catalog/product/riukzak-wilson-junior-tennis-backpack-light-grey-red-blue-15130,Бисертская: 1 шт | Уфа: 1 шт | Тюмень (Народная): 1 шт,3.0,public/data/product_images/f0ee2e6d9b79.webp,0.0,0.0,0,0.0,0.0,1.0,0,1.0,1.0,0.0
Сумки и чехлы,WR8051901001,Рюкзак Wilson Pro Staff Classic Backpack,Wilson,11992 ₽,https://saletennis.com/catalog/product/riukzak-wilson-pro-staff-classic-backpack-18705,Бисертская: 1 шт,1.0,public/data/product_images/0d84a3944134.webp,0.0,0.0,0,0.0,0.0,1.0,0,0.0,0.0,0.0
Сумки и чехлы,WR8023001001,Рюкзак Wilson Team Backpack Heather - Green,Wilson,7992 ₽,https://saletennis.com/catalog/product/riukzak-wilson-team-backpack-heather-green-1-16059,Соболева: 1 шт,1.0,public/data/product_images/4d02f1adbbb0.webp,0.0,0.0,0,1.0,0.0,0.0,0,0.0,0.0,0.0
Сумки и чехлы,WR8037401001,Рюкзак Wilson Tour Backpack 2025 Black,Wilson,10392 ₽,https://saletennis.com/catalog/product/riukzak-wilson-tour-backpack-2025-black-18264,Бисертская: 1 шт | Ижевск: 1 шт | Уфа: 1 шт | Тюмень: 1 шт | Парина: 1 шт,5.0,public/data/product_images/277742b3c7b1.webp,0.0,0.0,0,0.0,1.0,1.0,0,1.0,1.0,1.0
Сумки и чехлы,WR8024201001,Рюкзак Wilson Tour Backpack - Ultra Blue,Wilson,11192 ₽,https://saletennis.com/catalog/product/riukzak-wilson-tour-backpack-ultra-blue-16060,Тюмень: 1 шт,1.0,public/data/product_images/f89ca0e6d65d.webp,0.0,0.0,0,0.0,0.0,0.0,0,1.0,0.0,0.0
Сумки и чехлы,WR8044501001,Рюкзак Wilson Ultra Tour Backpack V5 - Electric Indigo,Wilson,11192 ₽,https://saletennis.com/catalog/product/riukzak-wilson-ultra-tour-backpack-v5-electric-indigo-18049,Тюмень (Народная): 1 шт | Парина: 1 шт | Санкт-Петербург (Спортивная): 1 шт,3.0,public/data/product_images/9ec95c5965f7.webp,0.0,1.0,0,0.0,1.0,0.0,0,1.0,0.0,0.0
Сумки и чехлы,WR8054701001,Рюкзак Wilson Ultra Tour Junior Backpack V5 - Electric Indigo,Wilson,4792 ₽,https://saletennis.com/catalog/product/riukzak-wilson-ultra-tour-junior-backpack-v5-electric-indigo-18050,Ижевск: 1 шт | Соболева: 1 шт | Тюмень (Народная): 1 шт,3.0,public/data/product_images/b94e8edab224.webp,0.0,0.0,0,1.0,0.0,0.0,0,1.0,0.0,1.0
Сумки и чехлы,CB76-BK,Сумка 7/6 Club Bag - Black,7/6,7990 ₽,https://saletennis.com/catalog/product/sumka-7-6-club-bag-black-18656,Ижевск: 1 шт | Санкт-Петербург (Спортивная): 2 шт | Санкт-Петербург (Ярослава Гашека): 2 шт | Елизаветенское шоссе: 1 шт,6.0,public/data/product_images/625bb6876931.webp,2.0,2.0,0,0.0,0.0,0.0,1,0.0,0.0,1.0
Сумки и чехлы,BA5451-BL,Сумка 7/6 Racket Holder 6 Rackets - Blue,7/6,5990 ₽,https://saletennis.com/catalog/product/sumka-7-6-racket-holder-6-rackets-blue-16791,Соболева: 1 шт | Парина: 1 шт | Санкт-Петербург (Ярослава Гашека): 1 шт | Бисертская: 1 шт,4.0,public/data/product_images/6faaf4cb243a.webp,1.0,0.0,0,1.0,1.0,1.0,0,0.0,0.0,0.0
Сумки и чехлы,BA5451-PL,Сумка 7/6 Racket Holder 6 Rackets - Purple,7/6,5990 ₽,https://saletennis.com/catalog/product/sumka-7-6-racket-holder-6-rackets-purple-16792,Бисертская: 1 шт | Основной склад Екатеринбург: 1 шт | Соболева: 1 шт | Парина: 1 шт | Санкт-Петербург (Ярослава Гашека): 1 шт | Санкт-Петербург (Спортивная): 2 шт | Уфа: 1 шт,8.0,public/data/product_images/22fd91bd52f8.webp,1.0,2.0,1,1.0,1.0,1.0,0,0.0,1.0,0.0
Сумки и чехлы,DB76-BK,Сумка 7/6 Tennis Duffle Bag - Black,7/6,8990 ₽,https://saletennis.com/catalog/product/sumka-7-6-tennis-duffle-bag-black-18816,Тюмень (Народная): 2 шт | Соболева: 1 шт | Бисертская: 1 шт | Елизаветенское шоссе: 2 шт | Ижевск: 1 шт | Уфа: 1 шт | Парина: 1 шт | Санкт-Петербург (Ярослава Гашека): 2 шт,11.0,public/data/product_images/e04433f12d60.webp,2.0,0.0,0,1.0,1.0,1.0,2,2.0,1.0,1.0
Сумки и чехлы,DB76-WH,Сумка 7/6 Tennis Duffle Bag - White,7/6,8990 ₽,https://saletennis.com/catalog/product/sumka-7-6-tennis-duffle-bag-white-18817,Елизаветенское шоссе: 1 шт | Парина: 1 шт | Санкт-Петербург (Ярослава Гашека): 1 шт | Ижевск: 1 шт,4.0,public/data/product_images/1f35414921a3.webp,1.0,0.0,0,0.0,1.0,0.0,1,0.0,0.0,1.0
Сумки и чехлы,TB76-BKGR,Сумка 7/6 Tournament Bag - Black/Grey,7/6,9990 ₽,https://saletennis.com/catalog/product/sumka-7-6-tournament-bag-black-grey-18657,Санкт-Петербург (Спортивная): 1 шт | Соболева: 1 шт | Санкт-Петербург (Ярослава Гашека): 1 шт | Ижевск: 1 шт | Тюмень (Народная): 1 шт | Основной склад Екатеринбург: 1 шт | Уфа: 2 шт,8.0,public/data/product_images/13e7175832be.webp,1.0,1.0,1,1.0,0.0,0.0,0,1.0,2.0,1.0
Сумки и чехлы,TB76-1559,Сумка 7/6 Tournament Bag - Red,7/6,4995 ₽,https://saletennis.com/catalog/product/sumka-7-6-tournament-bag-red-16794,Уфа: 1 шт | Парина: 3 шт | Тюмень (Народная): 1 шт | Основной склад Екатеринбург: 4 шт | Соболева: 1 шт,10.0,public/data/product_images/e2b56a8cedd1.webp,0.0,0.0,4,1.0,3.0,0.0,0,1.0,1.0,0.0
Сумки и чехлы,751233-136,Сумка Babolat Pure Drive 12 Pack 2025,Babolat,15992 ₽,https://saletennis.com/catalog/product/sumka-babolat-pure-drive-12-pack-2025-17509,Парина: 1 шт,1.0,public/data/product_images/30f12569933b.webp,0.0,0.0,0,0.0,1.0,0.0,0,0.0,0.0,0.0
Сумки и чехлы,751234-136,Сумка Babolat Pure Drive 6 Pack 2025,Babolat,15992 ₽,https://saletennis.com/catalog/product/sumka-babolat-pure-drive-6-pack-2025-17510,Парина: 1 шт,1.0,public/data/product_images/4d3609b789b6.webp,0.0,0.0,0,0.0,1.0,0.0,0,0.0,0.0,0.0
Сумки и чехлы,751249-100,Сумка Babolat Pure Strike 6 Pack 2026,Babolat,15992 ₽,https://saletennis.com/catalog/product/sumka-babolat-pure-strike-6-pack-2026-18752,Санкт-Петербург (Спортивная): 1 шт,1.0,public/data/product_images/5da2151deaca.webp,0.0,1.0,0,0.0,0.0,0.0,0,0.0,0.0,0.0
Сумки и чехлы,751248-100,Сумка Babolat Pure Strike 9 Pack 2026,Babolat,15192 ₽,https://saletennis.com/catalog/product/sumka-babolat-pure-strike-9-pack-2026-18753,Парина: 2 шт,2.0,public/data/product_images/2f605cba2650.webp,0.0,0.0,0,0.0,2.0,0.0,0,0.0,0.0,0.0
Сумки и чехлы,261205-BK,Сумка Head Base Racquet Bag L - Black,Head,6472 ₽,https://saletennis.com/catalog/product/sumka-head-base-racquet-bag-l-black-19362,Ижевск: 1 шт | Парина: 1 шт | Соболева: 1 шт,3.0,public/data/product_images/c6eb20466930.webp,0.0,0.0,0,1.0,1.0,0.0,0,0.0,0.0,1.0
Сумки и чехлы,261305-NV,Сумка Head Base Racquet Bag L - Navy,Head,6472 ₽,https://saletennis.com/catalog/product/sumka-head-base-racquet-bag-l-navy-19311,Санкт-Петербург (Спортивная): 1 шт | Соболева: 1 шт | Тюмень (Народная): 1 шт | Ижевск: 1 шт,4.0,public/data/product_images/1e21ccfa685f.webp,0.0,1.0,0,1.0,0.0,0.0,0,1.0,0.0,1.0
Сумки и чехлы,261315-NV,Сумка Head Base Racquet Bag M - Navy,Head,5257 ₽,https://saletennis.com/catalog/product/sumka-head-base-racquet-bag-m-navy-18140,Бисертская: 1 шт,1.0,public/data/product_images/68fd33edda01.webp,0.0,0.0,0,0.0,0.0,1.0,0,0.0,0.0,0.0
Сумки и чехлы,261016-PK,Сумка Head Base Racquet Bag M - Pink,Head,5257 ₽,https://saletennis.com/catalog/product/sumka-head-base-racquet-bag-m-pink-19328,Соболева: 1 шт | Тюмень (Народная): 1 шт | Бисертская: 2 шт | Санкт-Петербург (Спортивная): 2 шт,6.0,public/data/product_images/c175c6b9368d.webp,0.0,2.0,0,1.0,0.0,2.0,0,1.0,0.0,0.0
Сумки и чехлы,261225-BK,Сумка Head Base Racquet Bag S - Black,Head,4042 ₽,https://saletennis.com/catalog/product/sumka-head-base-racquet-bag-s-black-19312,Парина: 1 шт,1.0,public/data/product_images/08743ccb0097.webp,0.0,0.0,0,0.0,1.0,0.0,0,0.0,0.0,0.0
Сумки и чехлы,261325-NV,Сумка Head Base Racquet Bag S - Navy,Head,4042 ₽,https://saletennis.com/catalog/product/sumka-head-base-racquet-bag-s-navy-19363,Санкт-Петербург (Спортивная): 1 шт,1.0,public/data/product_images/da714add7bc5.webp,0.0,1.0,0,0.0,0.0,0.0,0,0.0,0.0,0.0
Сумки и чехлы,261026-PK,Сумка Head Base Racquet Bag S - Pink,Head,4042 ₽,https://saletennis.com/catalog/product/sumka-head-base-racquet-bag-s-pink-19313,Санкт-Петербург (Спортивная): 1 шт,1.0,public/data/product_images/27fdbf8f45be.webp,0.0,1.0,0,0.0,0.0,0.0,0,0.0,0.0,0.0
Сумки и чехлы,260404-LLAN,Сумка Head Pro Duffle Bag L - Liquid Lime/Anthracite,Head,11993 ₽,https://saletennis.com/catalog/product/sumka-head-pro-duffle-bag-l-liquid-lime-anthracite-18647,Тюмень (Народная): 1 шт | Парина: 1 шт | Санкт-Петербург (Спортивная): 1 шт,3.0,public/data/product_images/c07c42c70e12.webp,0.0,1.0,0,0.0,1.0,0.0,0,1.0,0.0,0.0
Сумки и чехлы,260414-LLAN,Сумка Head Pro Duffle Bag M - Liquid Lime/Anthracite,Head,10493 ₽,https://saletennis.com/catalog/product/sumka-head-pro-duffle-bag-m-liquid-lime-anthracite-18648,Уфа: 1 шт | Тюмень (Народная): 1 шт | Соболева: 1 шт | Парина: 2 шт | Санкт-Петербург (Спортивная): 2 шт,7.0,public/data/product_images/d6cbcd8e0ad5.webp,0.0,2.0,0,1.0,2.0,0.0,0,1.0,1.0,0.0
Сумки и чехлы,260406-PK,Сумка Head Pro Duffle Bag XL - Pink,Head,10522 ₽,https://saletennis.com/catalog/product/sumka-head-pro-duffle-bag-xl-pink-19348,Соболева: 1 шт,1.0,public/data/product_images/1864341ca092.webp,0.0,0.0,0,1.0,0.0,0.0,0,0.0,0.0,0.0
Сумки и чехлы,260213,Сумка Head Pro Racquet Bag L - Dark Cyan/Fluo Orange,Head,9368 ₽,https://saletennis.com/catalog/product/sumka-head-pro-racquet-bag-l-dark-cyan-fluo-orange-15481,Соболева: 1 шт | Парина: 1 шт,2.0,public/data/product_images/cf512c3d6ccb.webp,0.0,0.0,0,1.0,1.0,0.0,0,0.0,0.0,0.0
Сумки и чехлы,260116-NV,Сумка Head Pro Racquet Bag L - Navy,Head,10117 ₽,https://saletennis.com/catalog/product/sumka-head-pro-racquet-bag-l-navy-19447,Соболева: 1 шт | Парина: 1 шт | Основной склад Екатеринбург: 2 шт | Санкт-Петербург (Спортивная): 1 шт | Тюмень (Народная): 1 шт,6.0,public/data/product_images/3f0ba8fff927.webp,0.0,1.0,2,1.0,1.0,0.0,0,1.0,0.0,0.0
Сумки и чехлы,260115-BKDG,Сумка Head Pro X Duffle L - Black/Dark Grey,Head,13293 ₽,https://saletennis.com/catalog/product/sumka-head-pro-x-duffle-l-black-dark-grey-18639,Тюмень (Народная): 1 шт | Бисертская: 1 шт | Парина: 1 шт | Соболева: 1 шт | Уфа: 1 шт | Санкт-Петербург (Спортивная): 2 шт | Основной склад Екатеринбург: 1 шт,8.0,public/data/product_images/6d36a33655d1.webp,0.0,2.0,1,1.0,1.0,1.0,0,1.0,1.0,0.0
Сумки и чехлы,260015-BK,Сумка Head Pro X Racquet Bag L - Black,Head,12952 ₽,https://saletennis.com/catalog/product/sumka-head-pro-x-racquet-bag-l-black-18222,Бисертская: 1 шт,1.0,public/data/product_images/0d3247f50508.webp,0.0,0.0,0,0.0,0.0,1.0,0,0.0,0.0,0.0
Сумки и чехлы,260005-BK,Сумка Head Pro X Racquet Bag XL - Black,Head,14167 ₽,https://saletennis.com/catalog/product/sumka-head-pro-x-racquet-bag-xl-black-18223,Соболева: 1 шт | Парина: 1 шт,2.0,public/data/product_images/a073dcd8670a.webp,0.0,0.0,0,1.0,1.0,0.0,0,0.0,0.0,0.0
Сумки и чехлы,260155-BKDG,Сумка Head Pro X Sport Bag - Black/Dark Grey,Head,11592 ₽,https://saletennis.com/catalog/product/sumka-head-pro-x-sport-bag-black-dark-grey-18640,Тюмень (Народная): 1 шт | Соболева: 1 шт | Уфа: 1 шт,3.0,public/data/product_images/4587d72b52d2.webp,0.0,0.0,0,1.0,0.0,0.0,0,1.0,1.0,0.0
Сумки и чехлы,261105-CP,Сумка Head Tour Racqpack - Champagne,Head,9743 ₽,https://saletennis.com/catalog/product/sumka-head-tour-racqpack-champagne-18641,Соболева: 1 шт | Тюмень (Народная): 2 шт,3.0,public/data/product_images/c7696011f5bc.webp,0.0,0.0,0,1.0,0.0,0.0,0,2.0,0.0,0.0
Сумки и чехлы,261115-DB,Сумка Head Tour Racqpack - Dark Blue,Head,10522 ₽,https://saletennis.com/catalog/product/sumka-head-tour-racqpack-dark-blue-18642,Уфа: 1 шт | Тюмень (Народная): 1 шт | Соболева: 1 шт | Парина: 1 шт,4.0,public/data/product_images/60203269482c.webp,0.0,0.0,0,1.0,1.0,0.0,0,1.0,1.0,0.0
Сумки и чехлы,260216-BK,Сумка Head Tour Racquet Bag L - Black,Head,8902 ₽,https://saletennis.com/catalog/product/sumka-head-tour-racquet-bag-l-black-19449,Тюмень (Народная): 1 шт | Ижевск: 1 шт | Основной склад Екатеринбург: 1 шт | Санкт-Петербург (Спортивная): 1 шт | Парина: 1 шт | Соболева: 1 шт,6.0,public/data/product_images/d289d222dcbb.webp,0.0,1.0,1,1.0,1.0,0.0,0,1.0,0.0,1.0
Сумки и чехлы,260616-BL,Сумка Head Tour Racquet Bag L - Blue,Head,8902 ₽,https://saletennis.com/catalog/product/sumka-head-tour-racquet-bag-l-blue-19329,Парина: 1 шт | Тюмень (Народная): 1 шт | Санкт-Петербург (Спортивная): 1 шт | Уфа: 1 шт,4.0,public/data/product_images/63752f150528.webp,0.0,1.0,0,0.0,1.0,0.0,0,1.0,1.0,0.0
Сумки и чехлы,260824-FO,Сумка Head Tour Racquet Bag L - Fluo/Orange,Head,7493 ₽,https://saletennis.com/catalog/product/sumka-head-tour-racquet-bag-l-fluo-orange-18022,Парина: 1 шт,1.0,public/data/product_images/d563ba22b604.webp,0.0,0.0,0,0.0,1.0,0.0,0,0.0,0.0,0.0
Сумки и чехлы,260316-OR,Сумка Head Tour Racquet Bag L - Orange,Head,8902 ₽,https://saletennis.com/catalog/product/sumka-head-tour-racquet-bag-l-orange-19450,Тюмень (Народная): 1 шт | Парина: 1 шт | Санкт-Петербург (Спортивная): 1 шт | Уфа: 1 шт | Ижевск: 1 шт,5.0,public/data/product_images/1b1c18f3f4c3.webp,0.0,1.0,0,0.0,1.0,0.0,0,1.0,1.0,1.0
Сумки и чехлы,260416-PK,Сумка Head Tour Racquet Bag L - Pink,Head,8902 ₽,https://saletennis.com/catalog/product/sumka-head-tour-racquet-bag-l-pink-19320,Санкт-Петербург (Спортивная): 1 шт,1.0,public/data/product_images/86aa8ca1739a.webp,0.0,1.0,0,0.0,0.0,0.0,0,0.0,0.0,0.0
Сумки и чехлы,262016-PU,Сумка Head Tour Racquet Bag L - Purple,Head,8902 ₽,https://saletennis.com/catalog/product/sumka-head-tour-racquet-bag-l-purple-19331,Парина: 1 шт,1.0,public/data/product_images/65fa28534f22.webp,0.0,0.0,0,0.0,1.0,0.0,0,0.0,0.0,0.0
Сумки и чехлы,260915-SG,Сумка Head Tour Racquet Bag L - Sage,Head,8243 ₽,https://saletennis.com/catalog/product/sumka-head-tour-racquet-bag-l-sage-18649,Санкт-Петербург (Спортивная): 1 шт | Тюмень (Народная): 1 шт,2.0,public/data/product_images/fc8226b36655.webp,0.0,1.0,0,0.0,0.0,0.0,0,1.0,0.0,0.0
Сумки и чехлы,260226-BK,Сумка Head Tour Racquet Bag M - Black,Head,7687 ₽,https://saletennis.com/catalog/product/sumka-head-tour-racquet-bag-m-black-19451,Парина: 1 шт,1.0,public/data/product_images/69c8df723c72.webp,0.0,0.0,0,0.0,1.0,0.0,0,0.0,0.0,0.0
Сумки и чехлы,260754-Monster,Сумка Head Tour Racquet Bag  - Monster,Head,4447 ₽,https://saletennis.com/catalog/product/sumka-head-tour-racquet-bag-monster-16857,Парина: 1 шт | Бисертская: 1 шт | Санкт-Петербург (Спортивная): 3 шт,5.0,public/data/product_images/07e5d1d03f90.webp,0.0,3.0,0,0.0,1.0,1.0,0,0.0,0.0,0.0
Сумки и чехлы,260236-BK,Сумка Head Tour Racquet Bag S - Black,Head,5419 ₽,https://saletennis.com/catalog/product/sumka-head-tour-racquet-bag-s-black-19452,Санкт-Петербург (Спортивная): 1 шт,1.0,public/data/product_images/6c93251da258.webp,0.0,1.0,0,0.0,0.0,0.0,0,0.0,0.0,0.0
Сумки и чехлы,260626-BL,Сумка Head Tour Racquet Bag S - Blue,Head,5662 ₽,https://saletennis.com/catalog/product/sumka-head-tour-racquet-bag-s-blue-19332,Ижевск: 1 шт | Санкт-Петербург (Спортивная): 1 шт,2.0,public/data/product_images/d07c8bc274fd.webp,0.0,1.0,0,0.0,0.0,0.0,0,0.0,0.0,1.0
Сумки и чехлы,260835,Сумка Head Tour Racquet Bag S - Navy,Head,5843 ₽,https://saletennis.com/catalog/product/sumka-head-tour-racquet-bag-s-navy-18024,Соболева: 1 шт | Парина: 1 шт,2.0,public/data/product_images/10793164b9ee.webp,0.0,0.0,0,1.0,1.0,0.0,0,0.0,0.0,0.0
Сумки и чехлы,260326-OR,Сумка Head Tour Racquet Bag S - Orange,Head,5662 ₽,https://saletennis.com/catalog/product/sumka-head-tour-racquet-bag-s-orange-19321,Парина: 1 шт | Санкт-Петербург (Спортивная): 1 шт | Тюмень (Народная): 1 шт,3.0,public/data/product_images/3fe02d0c436b.webp,0.0,1.0,0,0.0,1.0,0.0,0,1.0,0.0,0.0
Сумки и чехлы,260426-PK,Сумка Head Tour Racquet Bag S - Pink,Head,5662 ₽,https://saletennis.com/catalog/product/sumka-head-tour-racquet-bag-s-pink-19349,Парина: 1 шт | Соболева: 1 шт,2.0,public/data/product_images/7d2e02f2da17.webp,0.0,0.0,0,1.0,1.0,0.0,0,0.0,0.0,0.0
Сумки и чехлы,262026-PU,Сумка Head Tour Racquet Bag S - Purple,Head,5662 ₽,https://saletennis.com/catalog/product/sumka-head-tour-racquet-bag-s-purple-19334,Санкт-Петербург (Спортивная): 1 шт,1.0,public/data/product_images/703728d1d8b6.webp,0.0,1.0,0,0.0,0.0,0.0,0,0.0,0.0,0.0
Сумки и чехлы,260206-BK,Сумка Head Tour Racquet Bag XL - Black,Head,10117 ₽,https://saletennis.com/catalog/product/sumka-head-tour-racquet-bag-xl-black-19453,Парина: 1 шт,1.0,public/data/product_images/c323cc884a49.webp,0.0,0.0,0,0.0,1.0,0.0,0,0.0,0.0,0.0
Сумки и чехлы,260614-BKWH,Сумка Head Tour Racquet Bag XL - Black/White,Head,11737 ₽,https://saletennis.com/catalog/product/sumka-head-tour-racquet-bag-xl-black-white-18224,Соболева: 1 шт | Бисертская: 1 шт,2.0,public/data/product_images/98b55d31c8d9.webp,0.0,0.0,0,1.0,0.0,1.0,0,0.0,0.0,0.0
Сумки и чехлы,260606-BL,Сумка Head Tour Racquet Bag XL - Blue,Head,10522 ₽,https://saletennis.com/catalog/product/sumka-head-tour-racquet-bag-xl-blue-19335,Санкт-Петербург (Спортивная): 1 шт,1.0,public/data/product_images/c2b477049350.webp,0.0,1.0,0,0.0,0.0,0.0,0,0.0,0.0,0.0
Сумки и чехлы,260914-CCTE,Сумка Head Tour Racquet Bag XL - Ceramic/Teal,Head,9743 ₽,https://saletennis.com/catalog/product/sumka-head-tour-racquet-bag-xl-ceramic-teal-17054,Парина: 1 шт | Тюмень (Народная): 1 шт,2.0,public/data/product_images/c86226d81c35.webp,0.0,0.0,0,0.0,1.0,0.0,0,1.0,0.0,0.0
Сумки и чехлы,260814-FO,Сумка Head Tour Racquet Bag XL - Fluo/Orange,Head,10522 ₽,https://saletennis.com/catalog/product/sumka-head-tour-racquet-bag-xl-fluo-orange-17055,Ижевск: 1 шт,1.0,public/data/product_images/c4ca897e21e0.webp,0.0,0.0,0,0.0,0.0,0.0,0,0.0,0.0,1.0
Сумки и чехлы,261945,Сумка Head Tour Racquet Bag XL Neon 2025,Head,10868 ₽,https://saletennis.com/catalog/product/sumka-head-tour-racquet-bag-xl-neon-2025-18225,Бисертская: 1 шт | Соболева: 2 шт | Основной склад Екатеринбург: 1 шт,4.0,public/data/product_images/21e833c149fb.webp,0.0,0.0,1,2.0,0.0,1.0,0,0.0,0.0,0.0
Сумки и чехлы,260306-OR,Сумка Head Tour Racquet Bag XL - Orange,Head,10117 ₽,https://saletennis.com/catalog/product/sumka-head-tour-racquet-bag-xl-orange-19454,Санкт-Петербург (Спортивная): 1 шт | Соболева: 1 шт,2.0,public/data/product_images/efcabbff93fd.webp,0.0,1.0,0,1.0,0.0,0.0,0,0.0,0.0,0.0
Сумки и чехлы,262006-PU,Сумка Head Tour Racquet Bag XL - Purple,Head,10522 ₽,https://saletennis.com/catalog/product/sumka-head-tour-racquet-bag-xl-purple-19337,Бисертская: 1 шт | Санкт-Петербург (Спортивная): 1 шт,2.0,public/data/product_images/0da1db6838fb.webp,0.0,1.0,0,0.0,0.0,1.0,0,0.0,0.0,0.0
Сумки и чехлы,260905-SG,Сумка Head Tour Racquet Bag XL - Sage,Head,9743 ₽,https://saletennis.com/catalog/product/sumka-head-tour-racquet-bag-xl-sage-18651,Соболева: 1 шт | Санкт-Петербург (Спортивная): 1 шт,2.0,public/data/product_images/4b50263d22fe.webp,0.0,1.0,0,1.0,0.0,0.0,0,0.0,0.0,0.0
Сумки и чехлы,260956-BK,Сумка Head Tour Travel Bag - Black,Head,16111 ₽,https://saletennis.com/catalog/product/sumka-head-tour-travel-bag-black-19455,Санкт-Петербург (Спортивная): 1 шт | Основной склад Екатеринбург: 3 шт,4.0,public/data/product_images/93f8bffd6319.webp,0.0,1.0,3,0.0,0.0,0.0,0,0.0,0.0,0.0
Сумки и чехлы,1920639,Сумка Solinco Gym Duffle,Solinco,7990 ₽,https://saletennis.com/catalog/product/sumka-solinco-gym-duffle-19134,Соболева: 1 шт | Санкт-Петербург (Спортивная): 1 шт | Парина: 1 шт,3.0,public/data/product_images/00f89ae06200.webp,0.0,1.0,0,1.0,1.0,0.0,0,0.0,0.0,0.0
Сумки и чехлы,1920675,Сумка Solinco Tech Duffle Bag,Solinco,8990 ₽,https://saletennis.com/catalog/product/sumka-solinco-tech-duffle-bag-19135,Тюмень (Народная): 1 шт | Соболева: 1 шт | Парина: 1 шт,3.0,public/data/product_images/90e1db1dacbb.webp,0.0,0.0,0,1.0,1.0,0.0,0,1.0,0.0,0.0
Сумки и чехлы,1920567,Сумка Solinco Tour Team Camo 6 pk - Black/Grey,Solinco,10990 ₽,https://saletennis.com/catalog/product/sumka-solinco-tour-team-camo-6-pk-black-grey-16724,Парина: 1 шт | Уфа: 1 шт | Соболева: 1 шт | Бисертская: 1 шт | Тюмень (Народная): 1 шт | Ижевск: 1 шт | Основной склад Екатеринбург: 5 шт | Санкт-Петербург (Спортивная): 1 шт,12.0,public/data/product_images/04ad8df3c156.webp,0.0,1.0,5,1.0,1.0,1.0,0,1.0,1.0,1.0
Сумки и чехлы,1920564,Сумка Solinco Tour Team Camo 6 pk - White/Grey,Solinco,10990 ₽,https://saletennis.com/catalog/product/sumka-solinco-tour-team-camo-6-pk-white-grey-16725,Парина: 1 шт | Основной склад Екатеринбург: 3 шт | Ижевск: 1 шт | Санкт-Петербург (Спортивная): 1 шт | Соболева: 1 шт | Тюмень (Народная): 1 шт | Уфа: 1 шт | Бисертская: 1 шт | Тюмень: 1 шт,11.0,public/data/product_images/77d5612fabdd.webp,0.0,1.0,3,1.0,1.0,1.0,0,2.0,1.0,1.0
Сумки и чехлы,1920194,Сумка Solinco Travel Roller Bag - Black,Solinco,25990 ₽,https://saletennis.com/catalog/product/sumka-solinco-travel-roller-bag-black-19136,Основной склад Екатеринбург: 2 шт,2.0,public/data/product_images/ffa218633e25.webp,0.0,0.0,2,0.0,0.0,0.0,0,0.0,0.0,0.0
Сумки и чехлы,40TOUW2512,Сумка Tecnifibre Tour Endurance 12R 2025 - White,Tecnifibre,14792 ₽,https://saletennis.com/catalog/product/sumka-tecnifibre-tour-endurance-12r-2025-white-17087,Тюмень (Народная): 1 шт,1.0,public/data/product_images/dfa9d26eeb1a.webp,0.0,0.0,0,0.0,0.0,0.0,0,1.0,0.0,0.0
Сумки и чехлы,40TOURIG12,Сумка Tecnifibre Tour Endurance 12R - Orange,Tecnifibre,13592 ₽,https://saletennis.com/catalog/product/sumka-tecnifibre-tour-endurance-12r-orange-19082,Соболева: 1 шт | Тюмень (Народная): 1 шт | Санкт-Петербург (Спортивная): 1 шт,3.0,public/data/product_images/be41ace59849.webp,0.0,1.0,0,1.0,0.0,0.0,0,1.0,0.0,0.0
Сумки и чехлы,40TOUKHA12,Сумка Tecnifibre Tour Endurance Khaki 12R - Green/Black,Tecnifibre,14392 ₽,https://saletennis.com/catalog/product/sumka-tecnifibre-tour-endurance-khaki-12r-green-black-16917,Санкт-Петербург (Спортивная): 1 шт | Тюмень: 1 шт | Соболева: 1 шт,3.0,public/data/product_images/3a553fdb6171.webp,0.0,1.0,0,1.0,0.0,0.0,0,1.0,0.0,0.0
Сумки и чехлы,WR8031801001,Сумка Wilson Blade Super Tour 15PK V9.0,Wilson,16490 ₽,https://saletennis.com/catalog/product/sumka-wilson-blade-super-tour-15pk-v9-0-15814,Соболева: 1 шт,1.0,public/data/product_images/929fd6f091f4.webp,0.0,0.0,0,1.0,0.0,0.0,0,0.0,0.0,0.0
Сумки и чехлы,WR8058001001,Сумка Wilson Defyer V1 15PK Red,Wilson,19992 ₽,https://saletennis.com/catalog/product/sumka-wilson-defyer-v1-15pk-red-19350,Санкт-Петербург (Спортивная): 1 шт | Парина: 1 шт,2.0,public/data/product_images/ee3d1dd64be5.webp,0.0,1.0,0,0.0,1.0,0.0,0,0.0,0.0,0.0
Сумки и чехлы,WR8058101001,Сумка Wilson Defyer V1 9PK Red,Wilson,16792 ₽,https://saletennis.com/catalog/product/sumka-wilson-defyer-v1-9pk-red-19351,Ижевск: 1 шт | Бисертская: 1 шт | Парина: 1 шт,3.0,public/data/product_images/7476354869a9.webp,0.0,0.0,0,0.0,1.0,1.0,0,0.0,0.0,1.0
Сумки и чехлы,WR8030101001,Сумка Wilson Shift Super Tour 9PK V1.0,Wilson,14993 ₽,https://saletennis.com/catalog/product/sumka-wilson-shift-super-tour-9pk-v1-0-15838,Тюмень (Народная): 1 шт | Уфа: 1 шт | Бисертская: 2 шт | Ижевск: 1 шт | Парина: 1 шт | Санкт-Петербург (Спортивная): 1 шт,7.0,public/data/product_images/4b9ba6d21a9e.webp,0.0,1.0,0,0.0,1.0,2.0,0,1.0,1.0,1.0
Сумки и чехлы,WR8029901001,Сумка Wilson Super Tour 15 Pack Shift,Wilson,19032 ₽,https://saletennis.com/catalog/product/sumka-wilson-super-tour-15-pack-shift-15524,Тюмень (Народная): 1 шт,1.0,public/data/product_images/56dbe1551af1.webp,0.0,0.0,0,0.0,0.0,0.0,0,1.0,0.0,0.0
Сумки и чехлы,WR8010501001,Сумка Wilson Super Tour 9PK - Red,Wilson,19493 ₽,https://saletennis.com/catalog/product/sumka-wilson-super-tour-9pk-red-16065,Бисертская: 1 шт,1.0,public/data/product_images/02bc6096e20b.webp,0.0,0.0,0,0.0,0.0,1.0,0,0.0,0.0,0.0
Сумки и чехлы,WR8036701001,Сумка Wilson Super Tour 9R - Red,Wilson,17592 ₽,https://saletennis.com/catalog/product/sumka-wilson-super-tour-9r-red-17203,Соболева: 1 шт | Парина: 1 шт,2.0,public/data/product_images/56f11d639bdd.webp,0.0,0.0,0,1.0,1.0,0.0,0,0.0,0.0,0.0
Сумки и чехлы,WR8037201001,Сумка Wilson Super Tour Travel Bag 2025,Wilson,19390 ₽,https://saletennis.com/catalog/product/sumka-wilson-super-tour-travel-bag-2025-17143,Основной склад Екатеринбург: 1 шт | Санкт-Петербург (Спортивная): 1 шт | Тюмень (Народная): 1 шт | Соболева: 1 шт,4.0,public/data/product_images/eec441b812e7.webp,0.0,1.0,1,1.0,0.0,0.0,0,1.0,0.0,0.0
Сумки и чехлы,WR8012201001,Сумка Wilson Super Tour Travel Bag - Red,Wilson,25992 ₽,https://saletennis.com/catalog/product/sumka-wilson-super-tour-travel-bag-red-11235,Соболева: 1 шт,1.0,public/data/product_images/3d7be34b315a.webp,0.0,0.0,0,1.0,0.0,0.0,0,0.0,0.0,0.0
Сумки и чехлы,WR8037501001,Сумка Wilson Tour Racket Bag 6 Pack 2025,Wilson,11592 ₽,https://saletennis.com/catalog/product/sumka-wilson-tour-racket-bag-6-pack-2025-18052,Соболева: 1 шт,1.0,public/data/product_images/6b7e414e8aee.webp,0.0,0.0,0,1.0,0.0,0.0,0,0.0,0.0,0.0
Одежда,FZ6928-478,Брюки мужские Nike Heritage - Armory Navy,Nike,5943 ₽,https://saletennis.com/catalog/product/briuki-muzhskiie-nike-heritage-armory-navy-17708,XL: Парина - 1 шт,1.0,public/data/product_images/1fe4be939a3e.webp,0.0,0.0,0,0.0,1.0,0.0,0,0.0,0.0,0.0
Одежда,HM6766-276,Брюки мужские Nike Heritage Pants - Neutral Olive,Nike,8393 ₽,https://saletennis.com/catalog/product/briuki-muzhskiie-nike-heritage-pants-neutral-olive-18492,S: Тюмень (Народная) - 1 шт,1.0,public/data/product_images/e85ce5fa63ba.webp,0.0,0.0,0,0.0,0.0,0.0,0,1.0,0.0,0.0
Одежда,FZ6928-133,Брюки мужские Nike Heritage - Sail/Turf Orange,Nike,8990 ₽,https://saletennis.com/catalog/product/briuki-muzhskiie-nike-heritage-sail-turf-orange-18837,L: Ижевск - 1 шт,1.0,public/data/product_images/7c7efe9eabbd.webp,0.0,0.0,0,0.0,0.0,0.0,0,0.0,0.0,1.0
Одежда,IB0782-010,Брюки женские Nike Court Advantage Tennis Pants - Black/White,Nike,9490 ₽,https://saletennis.com/catalog/product/briuki-zhienskiie-nike-court-advantage-tennis-pants-black-white-18838,S: Парина - 1 шт,1.0,public/data/product_images/c735650e7948.webp,0.0,0.0,0,0.0,1.0,0.0,0,0.0,0.0,0.0
Одежда,IB0782-617,Брюки женские Nike Court Advantage Tennis Pants - Laser Fuchsia/Black,Nike,9990 ₽,https://saletennis.com/catalog/product/briuki-zhienskiie-nike-court-advantage-tennis-pants-laser-fuchsia-black-18839,XS: Санкт-Петербург (Спортивная) - 1 шт | S: Соболева - 1 шт | S: Парина - 1 шт | M: Парина - 1 шт | M: Санкт-Петербург (Спортивная) - 1 шт,5.0,public/data/product_images/ef8880bf3efa.webp,0.0,2.0,0,1.0,2.0,0.0,0,0.0,0.0,0.0
Одежда,FZ6509-323,Брюки женские Nike Court Heritage Windrunner - Fir,Nike,11490 ₽,https://saletennis.com/catalog/product/briuki-zhienskiie-nike-court-heritage-windrunner-fir-18472,XS: Санкт-Петербург (Спортивная) - 1 шт | M: Санкт-Петербург (Спортивная) - 1 шт,2.0,public/data/product_images/a1fc2e464a42.webp,0.0,2.0,0,0.0,0.0,0.0,0,0.0,0.0,0.0
Одежда,BTS76-1119,Футболка детская 7/6 Max T-Shirt - Taos Taupe,7/6,490 ₽,https://saletennis.com/catalog/product/futbolka-dietskaia-7-6-max-t-shirt-taos-taupe-15403,S: Основной склад Екатеринбург - 3 шт,3.0,public/data/product_images/a1f96a584548.webp,0.0,0.0,3,0.0,0.0,0.0,0,0.0,0.0,0.0
Одежда,ET76-0205,Футболка для девочек 7/6 Eva T-shirt 2.0 - Cream,7/6,2093 ₽,https://saletennis.com/catalog/product/futbolka-dlia-dievochiek-7-6-eva-t-shirt-2-0-cream-17909,XS: Уфа - 1 шт | S: Уфа - 1 шт | M: Основной склад Екатеринбург - 1 шт | M: Санкт-Петербург (Спортивная) - 1 шт | M: Уфа - 1 шт | L: Уфа - 1 шт | L: Соболева - 1 шт | L: Санкт-Петербург (Спортивная) - 1 шт | XL: Санкт-Петербург (Спортивная) - 1 шт | XL: Уфа - 1 шт | XL: Основной склад Екатеринбург - 1 шт,11.0,public/data/product_images/02309960ba8c.webp,0.0,3.0,2,1.0,0.0,0.0,0,0.0,5.0,0.0
Одежда,ET76-3612,Футболка для девочек 7/6 Eva T-shirt 2.0 - Lavander Haze,7/6,2093 ₽,https://saletennis.com/catalog/product/futbolka-dlia-dievochiek-7-6-eva-t-shirt-2-0-lavander-haze-17910,M: Санкт-Петербург (Спортивная) - 1 шт | L: Санкт-Петербург (Спортивная) - 1 шт | XL: Основной склад Екатеринбург - 1 шт | XL: Санкт-Петербург (Спортивная) - 1 шт,4.0,public/data/product_images/fb9a2200478b.webp,0.0,3.0,1,0.0,0.0,0.0,0,0.0,0.0,0.0
Одежда,ET76-4313,Футболка для девочек 7/6 Eva T-shirt 2.0 - Light Blue,7/6,2093 ₽,https://saletennis.com/catalog/product/futbolka-dlia-dievochiek-7-6-eva-t-shirt-2-0-light-blue-17911,XS: Основной склад Екатеринбург - 1 шт | XS: Уфа - 1 шт | M: Санкт-Петербург (Спортивная) - 1 шт | M: Уфа - 1 шт | L: Тюмень (Народная) - 1 шт | L: Основной склад Екатеринбург - 1 шт | L: Санкт-Петербург (Спортивная) - 1 шт | XL: Основной склад Екатеринбург - 2 шт | XL: Ижевск - 1 шт | XL: Уфа - 1 шт | XL: Тюмень (Народная) - 1 шт,12.0,public/data/product_images/07e7c0a69c8e.webp,0.0,2.0,4,0.0,0.0,0.0,0,2.0,3.0,1.0
Одежда,ET76-1265,Футболка для девочек 7/6 Eva T-shirt 2.0 - Pink Blossom,7/6,2093 ₽,https://saletennis.com/catalog/product/futbolka-dlia-dievochiek-7-6-eva-t-shirt-2-0-pink-blossom-17912,S: Уфа - 1 шт | M: Уфа - 1 шт | M: Основной склад Екатеринбург - 1 шт | M: Соболева - 1 шт | M: Санкт-Петербург (Спортивная) - 1 шт | L: Соболева - 1 шт | L: Уфа - 1 шт | XL: Соболева - 1 шт | XL: Уфа - 1 шт | XL: Санкт-Петербург (Спортивная) - 1 шт,10.0,public/data/product_images/9103d78ebf72.webp,0.0,2.0,1,3.0,0.0,0.0,0,0.0,4.0,0.0
Одежда,GT76-010,Футболка для девочек 7/6 Eva T-shirt - Black,7/6,2490 ₽,https://saletennis.com/catalog/product/futbolka-dlia-dievochiek-7-6-eva-t-shirt-black-17512,XS: Тюмень (Народная) - 2 шт | XS: Бисертская - 1 шт | XS: Санкт-Петербург (Спортивная) - 1 шт | XS: Уфа - 1 шт | XS: Санкт-Петербург (Ярослава Гашека) - 1 шт | S: Санкт-Петербург (Спортивная) - 1 шт | S: Санкт-Петербург (Ярослава Гашека) - 1 шт | S: Бисертская - 1 шт | M: Уфа - 1 шт | M: Парина - 1 шт | M: Санкт-Петербург (Ярослава Гашека) - 1 шт | M: Санкт-Петербург (Спортивная) - 1 шт | L: Уфа - 1 шт | L: Санкт-Петербург (Ярослава Гашека) - 1 шт | L: Санкт-Петербург (Спортивная) - 2 шт | L: Ижевск - 1 шт | XL: Уфа - 1 шт | XL: Санкт-Петербург (Спортивная) - 1 шт,20.0,public/data/product_images/0f0cd30cc715.webp,4.0,6.0,0,0.0,1.0,2.0,0,2.0,4.0,1.0
Одежда,GT76-100,Футболка для девочек 7/6 Eva T-shirt - White,7/6,2490 ₽,https://saletennis.com/catalog/product/futbolka-dlia-dievochiek-7-6-eva-t-shirt-white-17513,XS: Санкт-Петербург (Ярослава Гашека) - 1 шт | XS: Санкт-Петербург (Спортивная) - 1 шт | S: Тюмень (Народная) - 1 шт | S: Санкт-Петербург (Спортивная) - 2 шт | M: Санкт-Петербург (Ярослава Гашека) - 1 шт | L: Парина - 1 шт | L: Тюмень (Народная) - 1 шт | L: Уфа - 1 шт | L: Санкт-Петербург (Спортивная) - 1 шт | L: Санкт-Петербург (Ярослава Гашека) - 1 шт | XL: Санкт-Петербург (Спортивная) - 2 шт | XL: Ижевск - 1 шт | XL: Уфа - 1 шт | XL: Соболева - 1 шт | XL: Основной склад Екатеринбург - 1 шт | XL: Парина - 1 шт | XL: Тюмень - 1 шт,19.0,public/data/product_images/0ddb51491781.webp,3.0,6.0,1,1.0,2.0,0.0,0,3.0,2.0,1.0
Одежда,GT76-4718,Футболка для девочек 7/6 Mia T-shirt - Hydro,7/6,2990 ₽,https://saletennis.com/catalog/product/futbolka-dlia-dievochiek-7-6-mia-t-shirt-hydro-19403,XS: Санкт-Петербург (Ярослава Гашека) - 1 шт | XS: Тюмень (Народная) - 1 шт | XS: Санкт-Петербург (Спортивная) - 1 шт | XS: Парина - 1 шт | XS: Уфа - 1 шт | XS: Ижевск - 1 шт | S: Ижевск - 1 шт | S: Тюмень (Народная) - 1 шт | S: Санкт-Петербург (Спортивная) - 2 шт | S: Уфа - 1 шт | S: Санкт-Петербург (Ярослава Гашека) - 1 шт | S: Основной склад Екатеринбург - 1 шт | S: Соболева - 1 шт | M: Ижевск - 1 шт | M: Уфа - 1 шт | M: Тюмень (Народная) - 1 шт | M: Соболева - 1 шт | M: Санкт-Петербург (Спортивная) - 2 шт | M: Основной склад Екатеринбург - 2 шт | M: Санкт-Петербург (Ярослава Гашека) - 1 шт | L: Ижевск - 1 шт | L: Санкт-Петербург (Спортивная) - 2 шт | L: Основной склад Екатеринбург - 2 шт | L: Парина - 1 шт | L: Соболева - 1 шт | L: Тюмень (Народная) - 2 шт | L: Санкт-Петербург (Ярослава Гашека) - 1 шт | XL: Соболева - 1 шт | XL: Санкт-Петербург (Спортивная) - 1 шт | XL: Ижевск - 1 шт | XL: Уфа - 1 шт | XL: Санкт-Петербург (Ярослава Гашека) - 1 шт | XL: Парина - 1 шт | XL: Основной склад Екатеринбург - 1 шт,40.0,public/data/product_images/cc34c0332ff7.webp,5.0,8.0,6,4.0,3.0,0.0,0,5.0,4.0,5.0
Одежда,GT76-1632,Футболка для девочек 7/6 Mia T-shirt - Sparkle Pink Print,7/6,3490 ₽,https://saletennis.com/catalog/product/futbolka-dlia-dievochiek-7-6-mia-t-shirt-sparkle-pink-print-19322,XS: Ижевск - 1 шт | XS: Санкт-Петербург (Ярослава Гашека) - 1 шт | XS: Соболева - 1 шт | XS: Тюмень (Народная) - 1 шт | S: Санкт-Петербург (Ярослава Гашека) - 1 шт | S: Соболева - 1 шт | S: Ижевск - 1 шт | S: Санкт-Петербург (Спортивная) - 2 шт | S: Основной склад Екатеринбург - 1 шт | S: Тюмень (Народная) - 2 шт | M: Основной склад Екатеринбург - 1 шт | M: Санкт-Петербург (Ярослава Гашека) - 1 шт | M: Парина - 1 шт | M: Уфа - 1 шт | M: Тюмень (Народная) - 2 шт | M: Соболева - 1 шт | M: Санкт-Петербург (Спортивная) - 1 шт | L: Санкт-Петербург (Спортивная) - 1 шт | L: Уфа - 1 шт | L: Тюмень (Народная) - 2 шт | L: Санкт-Петербург (Ярослава Гашека) - 1 шт | L: Ижевск - 1 шт | L: Основной склад Екатеринбург - 2 шт | XL: Соболева - 1 шт | XL: Уфа - 1 шт | XL: Санкт-Петербург (Ярослава Гашека) - 1 шт | XL: Парина - 1 шт | XL: Санкт-Петербург (Спортивная) - 1 шт | XL: Основной склад Екатеринбург - 1 шт,34.0,public/data/product_images/83dc88976a43.webp,5.0,5.0,5,4.0,2.0,0.0,0,7.0,3.0,3.0
Одежда,G1620024-DBLRD,Футболка для девочки Bidi Badu New York 2024 - Blue/Red,Bidi Badu,1996 ₽,https://saletennis.com/catalog/product/futbolka-dlia-dievochki-bidi-badu-new-york-2024-blue-red-16432,128: Основной склад Екатеринбург - 1 шт,1.0,public/data/product_images/107b466fa234.webp,0.0,0.0,1,0.0,0.0,0.0,0,0.0,0.0,0.0
Одежда,G1620029,Футболка для девочки Bidi Badu New York 2024 Chill - Blue/Red,Bidi Badu,1596 ₽,https://saletennis.com/catalog/product/futbolka-dlia-dievochki-bidi-badu-new-york-2024-chill-blue-red-16433,164: Санкт-Петербург (Спортивная) - 1 шт,1.0,public/data/product_images/bfd4543ec8fa.webp,0.0,1.0,0,0.0,0.0,0.0,0,0.0,0.0,0.0
Одежда,MTS76-010,Футболка для мальчиков 7/6 Max T-shirt 2.0 - Black,7/6,2490 ₽,https://saletennis.com/catalog/product/futbolka-dlia-mal-chikov-7-6-max-t-shirt-2-0-black-17514,XS: Санкт-Петербург (Спортивная) - 1 шт | XS: Санкт-Петербург (Ярослава Гашека) - 1 шт | XS: Тюмень (Народная) - 1 шт | S: Санкт-Петербург (Спортивная) - 1 шт | S: Санкт-Петербург (Ярослава Гашека) - 1 шт | S: Соболева - 1 шт | M: Санкт-Петербург (Спортивная) - 2 шт | M: Санкт-Петербург (Ярослава Гашека) - 1 шт | L: Санкт-Петербург (Спортивная) - 1 шт | L: Парина - 1 шт | L: Санкт-Петербург (Ярослава Гашека) - 1 шт | L: Бисертская - 1 шт | L: Уфа - 1 шт | XL: Санкт-Петербург (Ярослава Гашека) - 1 шт | XL: Санкт-Петербург (Спортивная) - 1 шт | XL: Бисертская - 1 шт | XL: Соболева - 1 шт,18.0,public/data/product_images/b913fb49aa1c.webp,5.0,6.0,0,2.0,1.0,2.0,0,1.0,1.0,0.0
Одежда,MTS76-1264,Футболка для мальчиков 7/6 Max T-shirt 2.0 - Bright Orange,7/6,2093 ₽,https://saletennis.com/catalog/product/futbolka-dlia-mal-chikov-7-6-max-t-shirt-2-0-bright-orange-17914,XS: Основной склад Екатеринбург - 1 шт | XS: Соболева - 1 шт | XS: Уфа - 1 шт | XS: Санкт-Петербург (Спортивная) - 1 шт | S: Уфа - 1 шт | S: Санкт-Петербург (Спортивная) - 1 шт | S: Соболева - 1 шт | S: Бисертская - 1 шт | M: Основной склад Екатеринбург - 1 шт | M: Уфа - 1 шт | M: Санкт-Петербург (Спортивная) - 1 шт | M: Соболева - 1 шт | M: Тюмень (Народная) - 1 шт | L: Соболева - 1 шт | L: Уфа - 1 шт | L: Тюмень (Народная) - 1 шт | L: Основной склад Екатеринбург - 1 шт | L: Санкт-Петербург (Спортивная) - 1 шт | XL: Уфа - 1 шт | XL: Ижевск - 1 шт,20.0,public/data/product_images/d207074e4c10.webp,0.0,4.0,3,4.0,0.0,1.0,0,2.0,5.0,1.0
Одежда,MTS76-0205,Футболка для мальчиков 7/6 Max T-shirt 2.0 - Cream,7/6,2093 ₽,https://saletennis.com/catalog/product/futbolka-dlia-mal-chikov-7-6-max-t-shirt-2-0-cream-17915,XS: Санкт-Петербург (Спортивная) - 1 шт | S: Тюмень (Народная) - 2 шт | S: Санкт-Петербург (Спортивная) - 2 шт | S: Соболева - 1 шт | S: Основной склад Екатеринбург - 2 шт | S: Уфа - 1 шт | M: Основной склад Екатеринбург - 1 шт | M: Соболева - 1 шт | M: Санкт-Петербург (Спортивная) - 2 шт | L: Санкт-Петербург (Спортивная) - 1 шт | L: Соболева - 1 шт | L: Тюмень (Народная) - 1 шт | L: Основной склад Екатеринбург - 2 шт | XL: Санкт-Петербург (Спортивная) - 1 шт,19.0,public/data/product_images/9ed38feecb7b.webp,0.0,7.0,5,3.0,0.0,0.0,0,3.0,1.0,0.0
Одежда,MTS76-4718,Футболка для мальчиков 7/6 Max T-shirt 2.0 - Hydro,7/6,2990 ₽,https://saletennis.com/catalog/product/futbolka-dlia-mal-chikov-7-6-max-t-shirt-2-0-hydro-19404,XS: Ижевск - 1 шт | XS: Парина - 1 шт | XS: Санкт-Петербург (Спортивная) - 1 шт | XS: Санкт-Петербург (Ярослава Гашека) - 1 шт | XS: Соболева - 1 шт | S: Соболева - 1 шт | S: Санкт-Петербург (Ярослава Гашека) - 1 шт | S: Санкт-Петербург (Спортивная) - 2 шт | S: Уфа - 1 шт | S: Ижевск - 1 шт | S: Тюмень (Народная) - 1 шт | S: Парина - 1 шт | M: Санкт-Петербург (Спортивная) - 1 шт | M: Санкт-Петербург (Ярослава Гашека) - 1 шт | M: Парина - 1 шт | M: Тюмень (Народная) - 1 шт | M: Основной склад Екатеринбург - 1 шт | L: Санкт-Петербург (Ярослава Гашека) - 1 шт | L: Санкт-Петербург (Спортивная) - 2 шт | L: Соболева - 1 шт | L: Ижевск - 1 шт | L: Парина - 1 шт | L: Уфа - 1 шт | L: Тюмень (Народная) - 1 шт | XL: Соболева - 1 шт | XL: Основной склад Екатеринбург - 1 шт | XL: Уфа - 1 шт | XL: Санкт-Петербург (Ярослава Гашека) - 1 шт | XL: Ижевск - 1 шт,31.0,public/data/product_images/98488b859678.webp,5.0,6.0,2,4.0,4.0,0.0,0,3.0,3.0,4.0
Одежда,MTS76-0116,Футболка для мальчиков 7/6 Max T-shirt 2.0 - Light Green,7/6,2093 ₽,https://saletennis.com/catalog/product/futbolka-dlia-mal-chikov-7-6-max-t-shirt-2-0-light-green-17916,XS: Тюмень - 1 шт | XS: Основной склад Екатеринбург - 1 шт | XS: Соболева - 1 шт | S: Тюмень - 1 шт | S: Соболева - 1 шт | S: Основной склад Екатеринбург - 1 шт | S: Санкт-Петербург (Спортивная) - 1 шт | M: Тюмень - 1 шт | M: Санкт-Петербург (Спортивная) - 1 шт | M: Уфа - 1 шт | M: Бисертская - 1 шт | L: Основной склад Екатеринбург - 1 шт | L: Санкт-Петербург (Спортивная) - 1 шт | L: Соболева - 1 шт | L: Тюмень (Народная) - 1 шт | XL: Санкт-Петербург (Спортивная) - 1 шт | XL: Уфа - 1 шт,17.0,public/data/product_images/f9f554cf07a6.webp,0.0,4.0,3,3.0,0.0,1.0,0,4.0,2.0,0.0
Одежда,MTS76-4405,Футболка для мальчиков 7/6 Max T-shirt 2.0 - Misty Blue,7/6,2990 ₽,https://saletennis.com/catalog/product/futbolka-dlia-mal-chikov-7-6-max-t-shirt-2-0-misty-blue-19405,XS: Санкт-Петербург (Спортивная) - 1 шт | XS: Санкт-Петербург (Ярослава Гашека) - 1 шт | XS: Парина - 1 шт | XS: Уфа - 1 шт | XS: Соболева - 1 шт | XS: Ижевск - 1 шт | S: Уфа - 1 шт | S: Санкт-Петербург (Спортивная) - 2 шт | S: Соболева - 1 шт | S: Парина - 1 шт | S: Основной склад Екатеринбург - 1 шт | S: Санкт-Петербург (Ярослава Гашека) - 1 шт | S: Тюмень (Народная) - 1 шт | M: Санкт-Петербург (Спортивная) - 1 шт | M: Тюмень (Народная) - 1 шт | M: Уфа - 1 шт | M: Ижевск - 1 шт | M: Основной склад Екатеринбург - 1 шт | M: Санкт-Петербург (Ярослава Гашека) - 1 шт | M: Парина - 1 шт | L: Соболева - 1 шт | L: Санкт-Петербург (Спортивная) - 2 шт | L: Парина - 1 шт | L: Уфа - 1 шт | L: Ижевск - 1 шт | L: Тюмень (Народная) - 1 шт | L: Санкт-Петербург (Ярослава Гашека) - 1 шт | XL: Соболева - 1 шт | XL: Тюмень (Народная) - 1 шт | XL: Уфа - 1 шт | XL: Санкт-Петербург (Спортивная) - 1 шт | XL: Санкт-Петербург (Ярослава Гашека) - 1 шт | XL: Основной склад Екатеринбург - 1 шт | XL: Ижевск - 1 шт,36.0,public/data/product_images/6d31d519de43.webp,5.0,7.0,3,4.0,4.0,0.0,0,4.0,5.0,4.0
Одежда,MTS76-1632,Футболка для мальчиков 7/6 Max T-shirt 2.0 - Shell Pink,7/6,2990 ₽,https://saletennis.com/catalog/product/futbolka-dlia-mal-chikov-7-6-max-t-shirt-2-0-shell-pink-19323,XS: Соболева - 1 шт | XS: Ижевск - 1 шт | XS: Уфа - 1 шт | XS: Парина - 1 шт | XS: Санкт-Петербург (Ярослава Гашека) - 1 шт | XS: Тюмень (Народная) - 1 шт | XS: Санкт-Петербург (Спортивная) - 1 шт | S: Парина - 1 шт | S: Уфа - 1 шт | S: Санкт-Петербург (Спортивная) - 1 шт | S: Санкт-Петербург (Ярослава Гашека) - 1 шт | S: Тюмень (Народная) - 1 шт | M: Ижевск - 1 шт | M: Уфа - 1 шт | M: Санкт-Петербург (Ярослава Гашека) - 1 шт | M: Санкт-Петербург (Спортивная) - 1 шт | M: Тюмень (Народная) - 1 шт | L: Уфа - 1 шт | L: Соболева - 1 шт | L: Основной склад Екатеринбург - 2 шт | L: Санкт-Петербург (Ярослава Гашека) - 1 шт | L: Тюмень (Народная) - 1 шт | L: Санкт-Петербург (Спортивная) - 1 шт | XL: Основной склад Екатеринбург - 1 шт | XL: Санкт-Петербург (Ярослава Гашека) - 1 шт | XL: Уфа - 1 шт | XL: Ижевск - 1 шт | XL: Соболева - 1 шт | XL: Санкт-Петербург (Спортивная) - 1 шт | XL: Тюмень (Народная) - 1 шт | XL: Парина - 1 шт,32.0,public/data/product_images/1ab981239ee7.webp,5.0,5.0,3,3.0,3.0,0.0,0,5.0,5.0,3.0
Одежда,MTS76-1471,Футболка для мальчиков 7/6 Max T-shirt 2.0 - Sparkle Hydro Print,7/6,3490 ₽,https://saletennis.com/catalog/product/futbolka-dlia-mal-chikov-7-6-max-t-shirt-2-0-sparkle-hydro-print-19406,XS: Парина - 1 шт | XS: Тюмень (Народная) - 1 шт | XS: Соболева - 1 шт | XS: Санкт-Петербург (Ярослава Гашека) - 1 шт | S: Соболева - 1 шт | S: Основной склад Екатеринбург - 1 шт | S: Санкт-Петербург (Спортивная) - 1 шт | S: Тюмень (Народная) - 1 шт | S: Парина - 1 шт | S: Санкт-Петербург (Ярослава Гашека) - 1 шт | M: Санкт-Петербург (Спортивная) - 2 шт | M: Санкт-Петербург (Ярослава Гашека) - 1 шт | M: Уфа - 1 шт | L: Санкт-Петербург (Ярослава Гашека) - 1 шт | L: Тюмень (Народная) - 1 шт | L: Ижевск - 1 шт | L: Санкт-Петербург (Спортивная) - 2 шт | L: Уфа - 1 шт | XL: Ижевск - 1 шт | XL: Парина - 1 шт | XL: Тюмень (Народная) - 1 шт | XL: Уфа - 1 шт | XL: Соболева - 1 шт,25.0,public/data/product_images/52a7f5a60ee4.webp,4.0,5.0,1,3.0,3.0,0.0,0,4.0,3.0,2.0
Одежда,MTS76-100,Футболка для мальчиков 7/6 Max T-shirt 2.0 - White,7/6,2490 ₽,https://saletennis.com/catalog/product/futbolka-dlia-mal-chikov-7-6-max-t-shirt-2-0-white-17515,XS: Санкт-Петербург (Ярослава Гашека) - 1 шт | XS: Санкт-Петербург (Спортивная) - 1 шт | S: Санкт-Петербург (Ярослава Гашека) - 1 шт | S: Санкт-Петербург (Спортивная) - 1 шт | S: Тюмень (Народная) - 1 шт | M: Санкт-Петербург (Ярослава Гашека) - 1 шт | M: Тюмень (Народная) - 1 шт | M: Санкт-Петербург (Спортивная) - 1 шт | L: Санкт-Петербург (Ярослава Гашека) - 1 шт | L: Ижевск - 2 шт | L: Санкт-Петербург (Спортивная) - 1 шт | L: Тюмень (Народная) - 1 шт | XL: Санкт-Петербург (Спортивная) - 1 шт | XL: Уфа - 1 шт | XL: Ижевск - 1 шт | XL: Санкт-Петербург (Ярослава Гашека) - 1 шт,17.0,public/data/product_images/20ff8e7ec126.webp,5.0,5.0,0,0.0,0.0,0.0,0,3.0,1.0,3.0
Одежда,DTS76-1215,Футболка мужская 7/6 Den T-Shirt Sparkle Chocolate Print,7/6,4990 ₽,https://saletennis.com/catalog/product/futbolka-muzhskaia-7-6-den-t-shirt-sparkle-chocolate-print-19300,S: Санкт-Петербург (Спортивная) - 1 шт | S: Санкт-Петербург (Ярослава Гашека) - 1 шт | S: Тюмень (Народная) - 1 шт | S: Уфа - 1 шт | S: Парина - 1 шт | M: Уфа - 1 шт | M: Ижевск - 1 шт | M: Санкт-Петербург (Ярослава Гашека) - 1 шт | M: Соболева - 1 шт | M: Санкт-Петербург (Спортивная) - 1 шт | M: Тюмень (Народная) - 2 шт | M: Бисертская - 1 шт | M: Елизаветенское шоссе - 2 шт | M: Парина - 2 шт | L: Парина - 2 шт | L: Бисертская - 1 шт | L: Соболева - 1 шт | L: Елизаветенское шоссе - 2 шт | L: Тюмень (Народная) - 2 шт | L: Ижевск - 1 шт | L: Уфа - 1 шт | L: Санкт-Петербург (Ярослава Гашека) - 1 шт | XL: Санкт-Петербург (Спортивная) - 1 шт | XL: Уфа - 1 шт | XL: Елизаветенское шоссе - 1 шт | XL: Парина - 1 шт | XL: Санкт-Петербург (Ярослава Гашека) - 1 шт | XXL: Соболева - 1 шт | XXL: Парина - 1 шт | XXL: Санкт-Петербург (Спортивная) - 1 шт | XXL: Санкт-Петербург (Ярослава Гашека) - 1 шт | XXL: Уфа - 1 шт,38.0,public/data/product_images/0ebdf7bd7932.webp,5.0,4.0,0,3.0,7.0,2.0,5,5.0,5.0,2.0
Одежда,DTS76-4718,Футболка мужская 7/6 Den T-Shirt Sparkle Hydro Print,7/6,4990 ₽,https://saletennis.com/catalog/product/futbolka-muzhskaia-7-6-den-t-shirt-sparkle-hydro-print-19382,S: Ижевск - 1 шт | S: Тюмень (Народная) - 1 шт | M: Ижевск - 1 шт | M: Бисертская - 1 шт | M: Уфа - 1 шт | M: Соболева - 1 шт | M: Тюмень (Народная) - 2 шт | M: Санкт-Петербург (Ярослава Гашека) - 1 шт | M: Парина - 1 шт | L: Санкт-Петербург (Ярослава Гашека) - 1 шт | L: Ижевск - 1 шт | L: Санкт-Петербург (Спортивная) - 1 шт | XL: Елизаветенское шоссе - 1 шт | XL: Санкт-Петербург (Ярослава Гашека) - 1 шт | XL: Санкт-Петербург (Спортивная) - 1 шт | XL: Ижевск - 1 шт | XL: Уфа - 1 шт | XXL: Санкт-Петербург (Спортивная) - 1 шт,19.0,public/data/product_images/28ed336fb20d.webp,3.0,3.0,0,1.0,1.0,1.0,1,3.0,2.0,4.0
Одежда,MTL76-4104,Футболка мужская 7/6 Loddy T-Shirt 2.0 - Antarctica,7/6,1995 ₽,https://saletennis.com/catalog/product/futbolka-muzhskaia-7-6-loddy-t-shirt-2-0-antarctica-18631,S: Тюмень (Народная) - 1 шт | M: Ижевск - 1 шт | M: Бисертская - 1 шт | M: Основной склад Екатеринбург - 1 шт | M: Соболева - 1 шт | M: Уфа - 1 шт,6.0,public/data/product_images/17edf05cd82f.webp,0.0,0.0,1,1.0,0.0,1.0,0,1.0,1.0,1.0
Одежда,MTL76-1316,Футболка мужская 7/6 Loddy T-Shirt 2.0 - Antarctica/Arona,7/6,2245 ₽,https://saletennis.com/catalog/product/futbolka-muzhskaia-7-6-loddy-t-shirt-2-0-antarctica-arona-18612,S: Соболева - 1 шт | M: Тюмень (Народная) - 1 шт | M: Бисертская - 1 шт | M: Основной склад Екатеринбург - 1 шт | M: Уфа - 1 шт | XXL: Ижевск - 1 шт,6.0,public/data/product_images/0d8ac0e23e02.webp,0.0,0.0,1,1.0,0.0,1.0,0,1.0,1.0,1.0
Одежда,MTL76-1319,Футболка мужская 7/6 Loddy T-Shirt 2.0 - Antarctica/Ebony,7/6,3143 ₽,https://saletennis.com/catalog/product/futbolka-muzhskaia-7-6-loddy-t-shirt-2-0-antarctica-ebony-18617,S: Парина - 1 шт | S: Тюмень (Народная) - 1 шт | S: Основной склад Екатеринбург - 1 шт | M: Тюмень (Народная) - 1 шт | M: Основной склад Екатеринбург - 1 шт | M: Уфа - 1 шт | M: Соболева - 1 шт | L: Ижевск - 1 шт,8.0,public/data/product_images/e225158be14c.webp,0.0,0.0,2,1.0,1.0,0.0,0,2.0,1.0,1.0
Одежда,MTL76-4109,Футболка мужская 7/6 Loddy T-Shirt 2.0 - Arona,7/6,1995 ₽,https://saletennis.com/catalog/product/futbolka-muzhskaia-7-6-loddy-t-shirt-2-0-arona-18618,M: Соболева - 1 шт | M: Тюмень (Народная) - 2 шт,3.0,public/data/product_images/ea44c152cfea.webp,0.0,0.0,0,1.0,0.0,0.0,0,2.0,0.0,0.0
Одежда,MTL76-010,Футболка мужская 7/6 Loddy T-Shirt 2.0 - Black,7/6,3192 ₽,https://saletennis.com/catalog/product/futbolka-muzhskaia-7-6-loddy-t-shirt-2-0-black-17119,S: Елизаветенское шоссе - 1 шт | S: Санкт-Петербург (Спортивная) - 2 шт | S: Ижевск - 1 шт | S: Уфа - 1 шт | M: Тюмень (Народная) - 1 шт | M: Бисертская - 1 шт | M: Парина - 1 шт | XXL: Тюмень (Народная) - 1 шт,9.0,public/data/product_images/167bd9a151cc.webp,0.0,2.0,0,0.0,1.0,1.0,1,2.0,1.0,1.0
Одежда,MTL76-1360,Футболка мужская 7/6 Loddy T-Shirt 2.0 - Bright Orange,7/6,1995 ₽,https://saletennis.com/catalog/product/futbolka-muzhskaia-7-6-loddy-t-shirt-2-0-bright-orange-17872,S: Основной склад Екатеринбург - 1 шт | S: Санкт-Петербург (Спортивная) - 1 шт | M: Основной склад Екатеринбург - 1 шт | XL: Санкт-Петербург (Спортивная) - 1 шт,4.0,public/data/product_images/4e80a65382d0.webp,0.0,2.0,2,0.0,0.0,0.0,0,0.0,0.0,0.0
Одежда,MTL76-1913,Футболка мужская 7/6 Loddy T-Shirt 2.0 - Ebony/Antarctica,7/6,3143 ₽,https://saletennis.com/catalog/product/futbolka-muzhskaia-7-6-loddy-t-shirt-2-0-ebony-antarctica-18619,S: Тюмень (Народная) - 1 шт | M: Парина - 2 шт | M: Бисертская - 1 шт | L: Тюмень (Народная) - 1 шт,5.0,public/data/product_images/3bd482dd510b.webp,0.0,0.0,0,0.0,2.0,1.0,0,2.0,0.0,0.0
Одежда,MTL76-4405,Футболка мужская 7/6 Loddy T-Shirt 2.0 - Grey Blossom,7/6,2495 ₽,https://saletennis.com/catalog/product/futbolka-muzhskaia-7-6-loddy-t-shirt-2-0-grey-blossom-17873,M: Основной склад Екатеринбург - 1 шт | M: Тюмень (Народная) - 1 шт,2.0,public/data/product_images/0444970f4f71.webp,0.0,0.0,1,0.0,0.0,0.0,0,1.0,0.0,0.0
Одежда,MTL76-4718,Футболка мужская 7/6 Loddy T-Shirt 2.0 - Hydro,7/6,3990 ₽,https://saletennis.com/catalog/product/futbolka-muzhskaia-7-6-loddy-t-shirt-2-0-hydro-19383,S: Санкт-Петербург (Ярослава Гашека) - 1 шт | S: Санкт-Петербург (Спортивная) - 1 шт | M: Тюмень (Народная) - 1 шт | M: Уфа - 1 шт | M: Санкт-Петербург (Спортивная) - 1 шт | M: Парина - 1 шт | M: Елизаветенское шоссе - 2 шт | M: Бисертская - 1 шт | L: Санкт-Петербург (Ярослава Гашека) - 1 шт | L: Парина - 1 шт | L: Уфа - 1 шт | L: Тюмень (Народная) - 1 шт | L: Ижевск - 2 шт | XL: Ижевск - 1 шт | XL: Тюмень (Народная) - 1 шт | XL: Уфа - 1 шт | XL: Санкт-Петербург (Ярослава Гашека) - 1 шт | XL: Санкт-Петербург (Спортивная) - 1 шт | XXL: Санкт-Петербург (Спортивная) - 1 шт | XXL: Ижевск - 1 шт | XXL: Елизаветенское шоссе - 1 шт,23.0,public/data/product_images/279555268bd0.webp,3.0,4.0,0,0.0,2.0,1.0,3,3.0,3.0,4.0
Одежда,MTL76-0515,Футболка мужская 7/6 Loddy T-Shirt 2.0 - Lemon Icing,7/6,3990 ₽,https://saletennis.com/catalog/product/futbolka-muzhskaia-7-6-loddy-t-shirt-2-0-lemon-icing-19301,S: Санкт-Петербург (Спортивная) - 1 шт | S: Парина - 1 шт | S: Уфа - 1 шт | S: Тюмень (Народная) - 1 шт | S: Санкт-Петербург (Ярослава Гашека) - 1 шт | M: Парина - 2 шт | M: Тюмень (Народная) - 1 шт | M: Соболева - 2 шт | M: Ижевск - 1 шт | M: Санкт-Петербург (Спортивная) - 1 шт | M: Елизаветенское шоссе - 2 шт | M: Уфа - 2 шт | M: Санкт-Петербург (Ярослава Гашека) - 1 шт | L: Ижевск - 2 шт | L: Елизаветенское шоссе - 2 шт | L: Парина - 2 шт | L: Санкт-Петербург (Спортивная) - 1 шт | L: Тюмень (Народная) - 1 шт | L: Бисертская - 1 шт | L: Соболева - 2 шт | L: Санкт-Петербург (Ярослава Гашека) - 1 шт | XL: Уфа - 1 шт | XL: Елизаветенское шоссе - 1 шт | XL: Ижевск - 1 шт | XL: Парина - 1 шт | XL: Санкт-Петербург (Ярослава Гашека) - 1 шт | XL: Санкт-Петербург (Спортивная) - 1 шт | XL: Основной склад Екатеринбург - 2 шт | XL: Соболева - 1 шт | XL: Тюмень (Народная) - 1 шт | XXL: Уфа - 1 шт | XXL: Елизаветенское шоссе - 1 шт | XXL: Санкт-Петербург (Спортивная) - 1 шт,42.0,public/data/product_images/295a86689d1a.webp,4.0,5.0,2,5.0,6.0,1.0,6,4.0,5.0,4.0
Одежда,MTL76-4201,Футболка мужская 7/6 Loddy T-Shirt 2.0 - Light Grey,7/6,1995 ₽,https://saletennis.com/catalog/product/futbolka-muzhskaia-7-6-loddy-t-shirt-2-0-light-grey-17875,S: Основной склад Екатеринбург - 2 шт,2.0,public/data/product_images/2511a6631059.webp,0.0,0.0,2,0.0,0.0,0.0,0,0.0,0.0,0.0
Одежда,MTL76-1440,Футболка мужская 7/6 Loddy T-Shirt 2.0 - Misty Blue,7/6,3990 ₽,https://saletennis.com/catalog/product/futbolka-muzhskaia-7-6-loddy-t-shirt-2-0-misty-blue-19384,S: Санкт-Петербург (Спортивная) - 1 шт | S: Санкт-Петербург (Ярослава Гашека) - 1 шт | M: Тюмень (Народная) - 1 шт | M: Бисертская - 1 шт | M: Соболева - 1 шт | M: Елизаветенское шоссе - 1 шт | L: Елизаветенское шоссе - 2 шт | L: Парина - 1 шт | L: Бисертская - 1 шт | L: Санкт-Петербург (Спортивная) - 1 шт | L: Ижевск - 1 шт | L: Тюмень (Народная) - 1 шт | XL: Санкт-Петербург (Спортивная) - 1 шт | XL: Бисертская - 1 шт | XL: Соболева - 1 шт | XL: Тюмень (Народная) - 1 шт | XL: Елизаветенское шоссе - 1 шт | XL: Ижевск - 1 шт | XL: Основной склад Екатеринбург - 1 шт | XL: Уфа - 1 шт | XL: Парина - 1 шт | XXL: Санкт-Петербург (Спортивная) - 1 шт | XXL: Санкт-Петербург (Ярослава Гашека) - 1 шт | XXL: Елизаветенское шоссе - 1 шт,25.0,public/data/product_images/1baa68bf4fd1.webp,2.0,4.0,1,2.0,2.0,3.0,5,3.0,1.0,2.0
Одежда,MTL76-1264,Футболка мужская 7/6 Loddy T-Shirt 2.0 - Orange Blossom,7/6,2495 ₽,https://saletennis.com/catalog/product/futbolka-muzhskaia-7-6-loddy-t-shirt-2-0-orange-blossom-17876,S: Тюмень (Народная) - 1 шт | M: Санкт-Петербург (Спортивная) - 1 шт | M: Тюмень (Народная) - 1 шт | M: Основной склад Екатеринбург - 1 шт,4.0,public/data/product_images/559564c49424.webp,0.0,1.0,1,0.0,0.0,0.0,0,2.0,0.0,0.0
Одежда,MTL76-2520,Футболка мужская 7/6 Loddy T-Shirt 2.0 - Potent Purple,7/6,2793 ₽,https://saletennis.com/catalog/product/futbolka-muzhskaia-7-6-loddy-t-shirt-2-0-potent-purple-18620,S: Санкт-Петербург (Спортивная) - 1 шт,1.0,public/data/product_images/abfdd10816d9.webp,0.0,1.0,0,0.0,0.0,0.0,0,0.0,0.0,0.0
Одежда,MTL76-6131,Футболка мужская 7/6 Loddy T-Shirt 2.0 - Rigatta Blue,7/6,1995 ₽,https://saletennis.com/catalog/product/futbolka-muzhskaia-7-6-loddy-t-shirt-2-0-rigatta-blue-17877,S: Санкт-Петербург (Спортивная) - 1 шт,1.0,public/data/product_images/e1676de3e322.webp,0.0,1.0,0,0.0,0.0,0.0,0,0.0,0.0,0.0
Одежда,MTL76-1632,Футболка мужская 7/6 Loddy T-Shirt 2.0 - Shell Pink,7/6,3990 ₽,https://saletennis.com/catalog/product/futbolka-muzhskaia-7-6-loddy-t-shirt-2-0-shell-pink-19302,S: Санкт-Петербург (Спортивная) - 1 шт | S: Соболева - 1 шт | S: Санкт-Петербург (Ярослава Гашека) - 1 шт | S: Уфа - 1 шт | M: Ижевск - 1 шт | M: Санкт-Петербург (Ярослава Гашека) - 1 шт | M: Бисертская - 1 шт | M: Санкт-Петербург (Спортивная) - 1 шт | M: Соболева - 1 шт | M: Парина - 1 шт | M: Уфа - 1 шт | M: Тюмень (Народная) - 1 шт | M: Елизаветенское шоссе - 2 шт | L: Санкт-Петербург (Ярослава Гашека) - 1 шт | L: Уфа - 1 шт | L: Ижевск - 1 шт | L: Санкт-Петербург (Спортивная) - 1 шт | L: Соболева - 1 шт | L: Парина - 1 шт | L: Тюмень (Народная) - 1 шт | L: Елизаветенское шоссе - 1 шт | L: Бисертская - 1 шт | XL: Основной склад Екатеринбург - 4 шт | XL: Елизаветенское шоссе - 2 шт | XL: Санкт-Петербург (Ярослава Гашека) - 1 шт | XL: Соболева - 1 шт | XL: Ижевск - 1 шт | XL: Уфа - 1 шт | XL: Бисертская - 1 шт | XXL: Бисертская - 1 шт | XXL: Санкт-Петербург (Спортивная) - 1 шт | XXL: Ижевск - 1 шт | XXL: Соболева - 1 шт,38.0,public/data/product_images/19f8803be4d9.webp,4.0,4.0,4,5.0,2.0,4.0,5,2.0,4.0,4.0
Одежда,MTL76-100,Футболка мужская 7/6 Loddy T-Shirt 2.0 - White,7/6,3192 ₽,https://saletennis.com/catalog/product/futbolka-muzhskaia-7-6-loddy-t-shirt-2-0-white-17120,M: Бисертская - 1 шт | M: Уфа - 1 шт,2.0,public/data/product_images/c72ce421393c.webp,0.0,0.0,0,0.0,0.0,1.0,0,0.0,1.0,0.0
Одежда,TS7060-010,Футболка мужская 7/6 Loddy T-Shirt - Black/White,7/6,1490 ₽,https://saletennis.com/catalog/product/futbolka-muzhskaia-7-6-loddy-t-shirt-black-white-13094,S: Основной склад Екатеринбург - 2 шт | S: Соболева - 1 шт,3.0,public/data/product_images/6cd61d7213cf.webp,0.0,0.0,2,1.0,0.0,0.0,0,0.0,0.0,0.0
Одежда,TS7060-0602,Футболка мужская 7/6 Loddy T-Shirt - White/Black,7/6,1490 ₽,https://saletennis.com/catalog/product/futbolka-muzhskaia-7-6-loddy-t-shirt-white-black-13095,S: Бисертская - 1 шт,1.0,public/data/product_images/c76868633bd6.webp,0.0,0.0,0,0.0,0.0,1.0,0,0.0,0.0,0.0
Одежда,VT76-010,Футболка мужская 7/6 Victory Cotton T-shirt - Black,7/6,1990 ₽,https://saletennis.com/catalog/product/futbolka-muzhskaia-7-6-victory-cotton-t-shirt-black-17121,S: Санкт-Петербург (Спортивная) - 1 шт | S: Парина - 1 шт | S: Уфа - 1 шт | S: Основной склад Екатеринбург - 1 шт | S: Тюмень (Народная) - 1 шт | S: Соболева - 1 шт | M: Основной склад Екатеринбург - 1 шт | M: Санкт-Петербург (Спортивная) - 1 шт | M: Тюмень (Народная) - 1 шт | M: Соболева - 1 шт | M: Бисертская - 1 шт | L: Соболева - 1 шт | L: Санкт-Петербург (Спортивная) - 1 шт | L: Тюмень (Народная) - 1 шт | L: Уфа - 1 шт | L: Бисертская - 1 шт | XL: Основной склад Екатеринбург - 1 шт | XL: Уфа - 1 шт | XXL: Санкт-Петербург (Спортивная) - 1 шт | XXL: Бисертская - 1 шт | XXL: Соболева - 1 шт,21.0,public/data/product_images/772a6cf12c4c.webp,0.0,4.0,3,4.0,1.0,3.0,0,3.0,3.0,0.0
Одежда,VT76-0205,Футболка мужская 7/6 Victory Cotton T-shirt - Cream,7/6,1995 ₽,https://saletennis.com/catalog/product/futbolka-muzhskaia-7-6-victory-cotton-t-shirt-cream-17878,S: Тюмень (Народная) - 1 шт | S: Санкт-Петербург (Спортивная) - 1 шт | S: Уфа - 1 шт | M: Санкт-Петербург (Спортивная) - 1 шт | M: Уфа - 1 шт | M: Основной склад Екатеринбург - 3 шт | M: Тюмень (Народная) - 1 шт | L: Тюмень (Народная) - 1 шт | L: Санкт-Петербург (Спортивная) - 1 шт | L: Уфа - 1 шт | L: Основной склад Екатеринбург - 3 шт | XL: Санкт-Петербург (Спортивная) - 1 шт | XL: Уфа - 1 шт | XL: Тюмень (Народная) - 1 шт | XXL: Уфа - 1 шт | XXL: Санкт-Петербург (Спортивная) - 1 шт | XXL: Основной склад Екатеринбург - 2 шт,22.0,public/data/product_images/fd3b1e39b78c.webp,0.0,5.0,8,0.0,0.0,0.0,0,4.0,5.0,0.0
Одежда,VT76-4201,Футболка мужская 7/6 Victory Cotton T-shirt - Grey,7/6,1995 ₽,https://saletennis.com/catalog/product/futbolka-muzhskaia-7-6-victory-cotton-t-shirt-grey-17879,S: Основной склад Екатеринбург - 4 шт | M: Основной склад Екатеринбург - 3 шт | M: Тюмень (Народная) - 1 шт | M: Санкт-Петербург (Спортивная) - 1 шт | XXL: Основной склад Екатеринбург - 1 шт,10.0,public/data/product_images/6dbaf60eb0f0.webp,0.0,1.0,8,0.0,0.0,0.0,0,1.0,0.0,0.0
Одежда,VT76-4313,Футболка мужская 7/6 Victory Cotton T-shirt - Light Blue,7/6,1995 ₽,https://saletennis.com/catalog/product/futbolka-muzhskaia-7-6-victory-cotton-t-shirt-light-blue-17880,S: Основной склад Екатеринбург - 3 шт | S: Тюмень (Народная) - 1 шт | M: Основной склад Екатеринбург - 3 шт | M: Санкт-Петербург (Спортивная) - 1 шт | L: Основной склад Екатеринбург - 3 шт | L: Санкт-Петербург (Спортивная) - 1 шт | XL: Основной склад Екатеринбург - 1 шт | XXL: Санкт-Петербург (Спортивная) - 1 шт | XXL: Основной склад Екатеринбург - 1 шт | XXL: Тюмень (Народная) - 1 шт,16.0,public/data/product_images/ac3a6939f6cd.webp,0.0,3.0,11,0.0,0.0,0.0,0,2.0,0.0,0.0
Одежда,VT76-0116,Футболка мужская 7/6 Victory Cotton T-shirt - Light Green,7/6,1995 ₽,https://saletennis.com/catalog/product/futbolka-muzhskaia-7-6-victory-cotton-t-shirt-light-green-17881,S: Основной склад Екатеринбург - 1 шт | S: Тюмень (Народная) - 1 шт | M: Тюмень (Народная) - 1 шт | M: Основной склад Екатеринбург - 2 шт | XL: Уфа - 1 шт | XXL: Уфа - 1 шт | XXL: Санкт-Петербург (Спортивная) - 1 шт,8.0,public/data/product_images/7fab6c82abd1.webp,0.0,1.0,3,0.0,0.0,0.0,0,2.0,2.0,0.0
Одежда,VT76-100,Футболка мужская 7/6 Victory Cotton T-shirt - White,7/6,1990 ₽,https://saletennis.com/catalog/product/futbolka-muzhskaia-7-6-victory-cotton-t-shirt-white-17122,S: Основной склад Екатеринбург - 1 шт | S: Уфа - 1 шт | S: Тюмень (Народная) - 1 шт | S: Санкт-Петербург (Спортивная) - 2 шт | M: Тюмень (Народная) - 1 шт | M: Уфа - 1 шт | M: Соболева - 1 шт | M: Основной склад Екатеринбург - 1 шт | M: Санкт-Петербург (Спортивная) - 1 шт | L: Основной склад Екатеринбург - 2 шт | L: Уфа - 1 шт | XL: Основной склад Екатеринбург - 1 шт | XXL: Парина - 1 шт | XXL: Санкт-Петербург (Спортивная) - 1 шт,16.0,public/data/product_images/7bbac9d9fa42.webp,0.0,4.0,5,1.0,1.0,0.0,0,2.0,3.0,0.0
Одежда,VT76-0102,Футболка мужская 7/6 Victory Cotton T-shirt - White/Black,7/6,1990 ₽,https://saletennis.com/catalog/product/futbolka-muzhskaia-7-6-victory-cotton-t-shirt-white-black-17123,M: Основной склад Екатеринбург - 1 шт | M: Тюмень (Народная) - 1 шт | M: Соболева - 1 шт | M: Санкт-Петербург (Спортивная) - 1 шт | L: Тюмень (Народная) - 1 шт | L: Бисертская - 1 шт | L: Уфа - 1 шт | XL: Основной склад Екатеринбург - 1 шт | XL: Бисертская - 1 шт | XL: Соболева - 1 шт | XL: Санкт-Петербург (Спортивная) - 2 шт | XXL: Санкт-Петербург (Спортивная) - 1 шт | XXL: Основной склад Екатеринбург - 1 шт | XXL: Соболева - 1 шт,15.0,public/data/product_images/9feaaa83cb44.webp,0.0,4.0,3,3.0,0.0,2.0,0,2.0,1.0,0.0
Одежда,DR10217975955286,Футболка мужская Diadora SS Score T-Shirt - Bordeaux,Diadora,1490 ₽,https://saletennis.com/catalog/product/futbolka-muzhskaia-diadora-ss-score-t-shirt-bordeaux-15325,S: Основной склад Екатеринбург - 1 шт,1.0,public/data/product_images/fca14f62a41f.webp,0.0,0.0,1,0.0,0.0,0.0,0,0.0,0.0,0.0
Одежда,DR10217913035073,Футболка мужская Diadora SS Score T-Shirt - Lime/Black/White,Diadora,1490 ₽,https://saletennis.com/catalog/product/futbolka-muzhskaia-diadora-ss-score-t-shirt-lime-black-white-15187,S: Основной склад Екатеринбург - 1 шт | S: Санкт-Петербург (Спортивная) - 1 шт | M: Основной склад Екатеринбург - 1 шт | L: Основной склад Екатеринбург - 1 шт,4.0,public/data/product_images/0e82500d740a.webp,0.0,1.0,3,0.0,0.0,0.0,0,0.0,0.0,0.0
Одежда,DR10217912635073,Футболка мужская Diadora T-Shirt Icon - Lime,Diadora,2490 ₽,https://saletennis.com/catalog/product/futbolka-muzhskaia-diadora-t-shirt-icon-lime-15318,S: Тюмень (Народная) - 1 шт | M: Основной склад Екатеринбург - 1 шт | L: Основной склад Екатеринбург - 1 шт | L: Тюмень (Народная) - 1 шт,4.0,public/data/product_images/1f2d790ad56a.webp,0.0,0.0,2,0.0,0.0,0.0,0,2.0,0.0,0.0
Одежда,62GAB00254,Футболка мужская Mizuno Charge Shadow Tee - Carrot Curl,Mizuno,3490 ₽,https://saletennis.com/catalog/product/futbolka-muzhskaia-mizuno-charge-shadow-tee-carrot-curl-16347,M: Основной склад Екатеринбург - 1 шт,1.0,public/data/product_images/fc85557ad4d1.webp,0.0,0.0,1,0.0,0.0,0.0,0,0.0,0.0,0.0
Одежда,62GAC500-94,Футболка мужская Mizuno Daybreakers - Black/Vibrant Yellow,Mizuno,3143 ₽,https://saletennis.com/catalog/product/futbolka-muzhskaia-mizuno-daybreakers-black-vibrant-yellow-18406,S: Основной склад Екатеринбург - 1 шт | L: Основной склад Екатеринбург - 1 шт,2.0,public/data/product_images/84bf17615a83.webp,0.0,0.0,2,0.0,0.0,0.0,0,0.0,0.0,0.0
Одежда,62GAC501-05,Футболка мужская Mizuno Daybreakers Graphic - Odyssey Gray,Mizuno,3493 ₽,https://saletennis.com/catalog/product/futbolka-muzhskaia-mizuno-daybreakers-graphic-odyssey-gray-18407,M: Соболева - 1 шт | M: Санкт-Петербург (Спортивная) - 1 шт,2.0,public/data/product_images/3b97f4ed8fd1.webp,0.0,1.0,0,1.0,0.0,0.0,0,0.0,0.0,0.0
Одежда,62GAC501-66,Футболка мужская Mizuno Daybreakers Graphic - Vibrant Red,Mizuno,3493 ₽,https://saletennis.com/catalog/product/futbolka-muzhskaia-mizuno-daybreakers-graphic-vibrant-red-18408,S: Соболева - 1 шт | XL: Соболева - 1 шт,2.0,public/data/product_images/0cf160420809.webp,0.0,0.0,0,2.0,0.0,0.0,0,0.0,0.0,0.0
Одежда,62GAC501-45,Футболка мужская Mizuno Daybreakers Graphic - Vibrant Yellow,Mizuno,3493 ₽,https://saletennis.com/catalog/product/futbolka-muzhskaia-mizuno-daybreakers-graphic-vibrant-yellow-18409,M: Тюмень (Народная) - 1 шт | M: Основной склад Екатеринбург - 1 шт,2.0,public/data/product_images/45a4a5a5e5fc.webp,0.0,0.0,1,0.0,0.0,0.0,0,1.0,0.0,0.0
Одежда,62GAC00309,Футболка мужская Mizuno Frontier Shadow Graphic Tee - Black,Mizuno,3353 ₽,https://saletennis.com/catalog/product/futbolka-muzhskaia-mizuno-frontier-shadow-graphic-tee-black-18183,M: Санкт-Петербург (Спортивная) - 1 шт,1.0,public/data/product_images/e2505fc5e96c.webp,0.0,1.0,0,0.0,0.0,0.0,0,0.0,0.0,0.0
Одежда,62GAC00301,Футболка мужская Mizuno Frontier Shadow Graphic Tee - White,Mizuno,3353 ₽,https://saletennis.com/catalog/product/futbolka-muzhskaia-mizuno-frontier-shadow-graphic-tee-white-18184,S: Основной склад Екатеринбург - 1 шт | M: Основной склад Екатеринбург - 1 шт | L: Основной склад Екатеринбург - 1 шт,3.0,public/data/product_images/cb71d83f4441.webp,0.0,0.0,3,0.0,0.0,0.0,0,0.0,0.0,0.0
Одежда,62GAC00214,Футболка мужская Mizuno Frontier Shadow Tee - Bellwether Blue,Mizuno,2933 ₽,https://saletennis.com/catalog/product/futbolka-muzhskaia-mizuno-frontier-shadow-tee-bellwether-blue-18185,M: Основной склад Екатеринбург - 1 шт,1.0,public/data/product_images/ccf63b971559.webp,0.0,0.0,1,0.0,0.0,0.0,0,0.0,0.0,0.0
Одежда,62GAC00201,Футболка мужская Mizuno Frontier Shadow Tee - White,Mizuno,2933 ₽,https://saletennis.com/catalog/product/futbolka-muzhskaia-mizuno-frontier-shadow-tee-white-18186,XL: Основной склад Екатеринбург - 1 шт,1.0,public/data/product_images/c63b78a624d7.webp,0.0,0.0,1,0.0,0.0,0.0,0,0.0,0.0,0.0
Одежда,62GAA00145,Футболка мужская Mizuno Logo Tee - Cyber Yellow,Mizuno,2274 ₽,https://saletennis.com/catalog/product/futbolka-muzhskaia-mizuno-logo-tee-cyber-yellow-18187,S: Основной склад Екатеринбург - 1 шт | M: Основной склад Екатеринбург - 2 шт | L: Бисертская - 1 шт | XL: Тюмень (Народная) - 1 шт,5.0,public/data/product_images/7d8d22650bb0.webp,0.0,0.0,3,0.0,0.0,1.0,0,1.0,0.0,0.0
Одежда,62GAB500-09,Футболка мужская Mizuno Mugen Shadow - Black,Mizuno,3490 ₽,https://saletennis.com/catalog/product/futbolka-muzhskaia-mizuno-mugen-shadow-black-17440,S: Основной склад Екатеринбург - 1 шт,1.0,public/data/product_images/2898539fd069.webp,0.0,0.0,1,0.0,0.0,0.0,0,0.0,0.0,0.0
Одежда,62GAB500-20,Футболка мужская Mizuno Mugen Shadow - Blue Mirage,Mizuno,2990 ₽,https://saletennis.com/catalog/product/futbolka-muzhskaia-mizuno-mugen-shadow-blue-mirage-17441,M: Санкт-Петербург (Спортивная) - 1 шт | M: Основной склад Екатеринбург - 1 шт,2.0,public/data/product_images/d4101a611337.webp,0.0,1.0,1,0.0,0.0,0.0,0,0.0,0.0,0.0
Одежда,62GAB500-16,Футболка мужская Mizuno Mugen Shadow - Estate Blue,Mizuno,3490 ₽,https://saletennis.com/catalog/product/futbolka-muzhskaia-mizuno-mugen-shadow-estate-blue-17442,L: Основной склад Екатеринбург - 1 шт,1.0,public/data/product_images/26360588a2a4.webp,0.0,0.0,1,0.0,0.0,0.0,0,0.0,0.0,0.0
Одежда,62GAB501-09,Футболка мужская Mizuno Mugen Shadow Graphic - Black,Mizuno,3990 ₽,https://saletennis.com/catalog/product/futbolka-muzhskaia-mizuno-mugen-shadow-graphic-black-17444,M: Основной склад Екатеринбург - 2 шт,2.0,public/data/product_images/45531b5cc982.webp,0.0,0.0,2,0.0,0.0,0.0,0,0.0,0.0,0.0
Одежда,62GAB501-24,Футболка мужская Mizuno Mugen Shadow Graphic - Mugen Blue,Mizuno,3894 ₽,https://saletennis.com/catalog/product/futbolka-muzhskaia-mizuno-mugen-shadow-graphic-mugen-blue-17445,S: Санкт-Петербург (Спортивная) - 1 шт | L: Основной склад Екатеринбург - 1 шт,2.0,public/data/product_images/cd7e83613b7a.webp,0.0,1.0,1,0.0,0.0,0.0,0,0.0,0.0,0.0
Одежда,62GAB501-41,Футболка мужская Mizuno Mugen Shadow Graphic - Neon Lime,Mizuno,3990 ₽,https://saletennis.com/catalog/product/futbolka-muzhskaia-mizuno-mugen-shadow-graphic-neon-lime-17446,S: Основной склад Екатеринбург - 1 шт | M: Основной склад Екатеринбург - 1 шт,2.0,public/data/product_images/f3c4dcd626c9.webp,0.0,0.0,2,0.0,0.0,0.0,0,0.0,0.0,0.0
Одежда,62GAB501-53,Футболка мужская Mizuno Mugen Shadow Graphic - Salsa,Mizuno,3990 ₽,https://saletennis.com/catalog/product/futbolka-muzhskaia-mizuno-mugen-shadow-graphic-salsa-17447,S: Основной склад Екатеринбург - 1 шт | L: Основной склад Екатеринбург - 1 шт,2.0,public/data/product_images/f25388b98638.webp,0.0,0.0,2,0.0,0.0,0.0,0,0.0,0.0,0.0
Одежда,62GAB501-01,Футболка мужская Mizuno Mugen Shadow Graphic - White,Mizuno,3990 ₽,https://saletennis.com/catalog/product/futbolka-muzhskaia-mizuno-mugen-shadow-graphic-white-17448,M: Основной склад Екатеринбург - 1 шт,1.0,public/data/product_images/f10f0c653158.webp,0.0,0.0,1,0.0,0.0,0.0,0,0.0,0.0,0.0
Одежда,62GAB500-53,Футболка мужская Mizuno Mugen Shadow - Salsa,Mizuno,3490 ₽,https://saletennis.com/catalog/product/futbolka-muzhskaia-mizuno-mugen-shadow-salsa-17443,S: Основной склад Екатеринбург - 1 шт | M: Основной склад Екатеринбург - 1 шт | L: Основной склад Екатеринбург - 1 шт,3.0,public/data/product_images/781fe3a03067.webp,0.0,0.0,3,0.0,0.0,0.0,0,0.0,0.0,0.0
Одежда,FZ6910-673,Футболка мужская Nike Court Advantage - Chile Red/White,Nike,7990 ₽,https://saletennis.com/catalog/product/futbolka-muzhskaia-nike-court-advantage-chile-red-white-18832,L: Уфа - 1 шт | L: Парина - 1 шт | XL: Уфа - 1 шт,3.0,public/data/product_images/60f165016743.webp,0.0,0.0,0,0.0,1.0,0.0,0,0.0,2.0,0.0
Одежда,IB1016-744,Футболка мужская Nike Court Advantage Slam - Alabaster/Topaz Gold/Black,Nike,11490 ₽,https://saletennis.com/catalog/product/futbolka-muzhskaia-nike-court-advantage-slam-alabaster-topaz-gold-black-19238,S: Парина - 1 шт | M: Парина - 1 шт | M: Тюмень (Народная) - 1 шт | M: Ижевск - 1 шт | L: Уфа - 1 шт | L: Тюмень (Народная) - 1 шт | L: Соболева - 1 шт | XL: Соболева - 1 шт | 2XL: Парина - 1 шт,9.0,public/data/product_images/fcd82727754f.webp,0.0,0.0,0,2.0,3.0,0.0,0,2.0,1.0,1.0
Одежда,IB1016-394,Футболка мужская Nike Court Advantage Slam - Barely Green/Steam/Black,Nike,11490 ₽,https://saletennis.com/catalog/product/futbolka-muzhskaia-nike-court-advantage-slam-barely-green-steam-black-19239,S: Соболева - 1 шт | M: Тюмень (Народная) - 1 шт | L: Соболева - 1 шт | XL: Санкт-Петербург (Спортивная) - 1 шт | 2XL: Соболева - 1 шт,5.0,public/data/product_images/4492f6d85e1a.webp,0.0,1.0,0,3.0,0.0,0.0,0,1.0,0.0,0.0
Одежда,IB1016-664,Футболка мужская Nike Court Advantage Slam - Pearl Pink/Silt Red/Black,Nike,11490 ₽,https://saletennis.com/catalog/product/futbolka-muzhskaia-nike-court-advantage-slam-pearl-pink-silt-red-black-19240,S: Уфа - 1 шт | M: Тюмень (Народная) - 1 шт | M: Соболева - 1 шт | M: Парина - 1 шт | L: Тюмень (Народная) - 1 шт | L: Ижевск - 1 шт | XL: Парина - 1 шт,7.0,public/data/product_images/651f856dcea7.webp,0.0,0.0,0,1.0,2.0,0.0,0,2.0,1.0,1.0
Одежда,IB1016-511,Футболка мужская Nike Court Advantage Slam - Violet Mist/Bright Violet/Black,Nike,11490 ₽,https://saletennis.com/catalog/product/futbolka-muzhskaia-nike-court-advantage-slam-violet-mist-bright-violet-black-19241,M: Соболева - 1 шт | M: Парина - 1 шт | M: Санкт-Петербург (Спортивная) - 1 шт | L: Ижевск - 1 шт | XL: Соболева - 1 шт,5.0,public/data/product_images/f0cce31283ac.webp,0.0,1.0,0,2.0,1.0,0.0,0,0.0,0.0,1.0
Одежда,FZ6910-478,Футболка мужская Nike Court Advantage Top - Armory Navy/White,Nike,7990 ₽,https://saletennis.com/catalog/product/futbolka-muzhskaia-nike-court-advantage-top-armory-navy-white-19222,M: Ижевск - 1 шт | M: Парина - 1 шт | XL: Парина - 1 шт,3.0,public/data/product_images/b95ed0b72b21.webp,0.0,0.0,0,0.0,2.0,0.0,0,0.0,0.0,1.0
Одежда,FZ6910-010,Футболка мужская Nike Court Advantage Top - Black/White,Nike,5993 ₽,https://saletennis.com/catalog/product/futbolka-muzhskaia-nike-court-advantage-top-black-white-17372,XL: Уфа - 1 шт,1.0,public/data/product_images/1dafdfcb33c8.webp,0.0,0.0,0,0.0,0.0,0.0,0,0.0,1.0,0.0
Одежда,FZ6910-736,Футболка мужская Nike Court Advantage Top - Light Lemon Twist,Nike,6490 ₽,https://saletennis.com/catalog/product/futbolka-muzhskaia-nike-court-advantage-top-light-lemon-twist-18459,M: Соболева - 1 шт,1.0,public/data/product_images/9b112211cdfb.webp,0.0,0.0,0,1.0,0.0,0.0,0,0.0,0.0,0.0
Одежда,FZ6910-435,Футболка мужская Nike Court Advantage Top - Light Photo Blue/Hydrogen Blue,Nike,7990 ₽,https://saletennis.com/catalog/product/futbolka-muzhskaia-nike-court-advantage-top-light-photo-blue-hydrogen-blue-19223,M: Соболева - 1 шт | M: Парина - 1 шт | L: Ижевск - 1 шт,3.0,public/data/product_images/0a189c4ca039.webp,0.0,0.0,0,1.0,1.0,0.0,0,0.0,0.0,1.0
Одежда,FZ6910-365,Футболка мужская Nike Court Advantage Top - Malachite/White,Nike,5992 ₽,https://saletennis.com/catalog/product/futbolka-muzhskaia-nike-court-advantage-top-malachite-white-19020,M: Уфа - 1 шт | M: Ижевск - 1 шт,2.0,public/data/product_images/75602a4cfb35.webp,0.0,0.0,0,0.0,0.0,0.0,0,0.0,1.0,1.0
Одежда,IB1064-010,Футболка мужская Nike Court Advantage Top Print - Black/White,Nike,8490 ₽,https://saletennis.com/catalog/product/futbolka-muzhskaia-nike-court-advantage-top-print-black-white-19189,M: Парина - 2 шт | M: Уфа - 1 шт | M: Тюмень (Народная) - 1 шт,4.0,public/data/product_images/d05b2a89cfbb.webp,0.0,0.0,0,0.0,2.0,0.0,0,1.0,1.0,0.0
Одежда,IB1064-845,Футболка мужская Nike Court Advantage Top Print - Laser Orange/Black,Nike,8490 ₽,https://saletennis.com/catalog/product/futbolka-muzhskaia-nike-court-advantage-top-print-laser-orange-black-19199,S: Ижевск - 1 шт | M: Ижевск - 1 шт | M: Санкт-Петербург (Спортивная) - 1 шт | L: Парина - 1 шт,4.0,public/data/product_images/53e4d1622963.webp,0.0,1.0,0,0.0,1.0,0.0,0,0.0,0.0,2.0
Одежда,IB1064-226,Футболка мужская Nike Court Advantage Top Print - Light Violet Ore/Black,Nike,8490 ₽,https://saletennis.com/catalog/product/futbolka-muzhskaia-nike-court-advantage-top-print-light-violet-ore-black-19242,XL: Парина - 1 шт,1.0,public/data/product_images/c432458682ad.webp,0.0,0.0,0,0.0,1.0,0.0,0,0.0,0.0,0.0
Одежда,IB1064-365,Футболка мужская Nike Court Advantage Top Print - Malachite/White,Nike,8490 ₽,https://saletennis.com/catalog/product/futbolka-muzhskaia-nike-court-advantage-top-print-malachite-white-19190,S: Санкт-Петербург (Спортивная) - 1 шт | M: Соболева - 1 шт | M: Уфа - 1 шт | M: Ижевск - 1 шт | M: Санкт-Петербург (Спортивная) - 1 шт | L: Ижевск - 1 шт | L: Уфа - 1 шт | L: Парина - 1 шт | XL: Ижевск - 1 шт,9.0,public/data/product_images/9445de2f6c92.webp,0.0,2.0,0,1.0,1.0,0.0,0,0.0,2.0,3.0
Одежда,IH2087-475,Футболка мужская Nike Court Dri-FIT - Dark Obsidian/Photo Blue,Nike,4990 ₽,https://saletennis.com/catalog/product/futbolka-muzhskaia-nike-court-dri-fit-dark-obsidian-photo-blue-19200,M: Парина - 1 шт | M: Санкт-Петербург (Спортивная) - 1 шт | M: Ижевск - 1 шт | L: Уфа - 1 шт | L: Парина - 1 шт | L: Ижевск - 1 шт | L: Санкт-Петербург (Спортивная) - 1 шт,7.0,public/data/product_images/ded1e23efe11.webp,0.0,2.0,0,0.0,2.0,0.0,0,0.0,1.0,2.0
Одежда,FN0318-010,Футболка мужская Nike Court Heritage - Black,Nike,4990 ₽,https://saletennis.com/catalog/product/futbolka-muzhskaia-nike-court-heritage-black-16882,S: Тюмень (Народная) - 1 шт,1.0,public/data/product_images/2eba2f4275a0.webp,0.0,0.0,0,0.0,0.0,0.0,0,1.0,0.0,0.0
Одежда,FN0318-133,Футболка мужская Nike Court Heritage Logo - Sail/Dark Obsidian,Nike,6490 ₽,https://saletennis.com/catalog/product/futbolka-muzhskaia-nike-court-heritage-logo-sail-dark-obsidian-19185,M: Ижевск - 1 шт | L: Ижевск - 1 шт,2.0,public/data/product_images/9eadfaad3b11.webp,0.0,0.0,0,0.0,0.0,0.0,0,0.0,0.0,2.0
Одежда,IH2085-394,Футболка мужская Nike Court Heritage Tennis T-Shirt - Barely Green,Nike,4990 ₽,https://saletennis.com/catalog/product/futbolka-muzhskaia-nike-court-heritage-tennis-t-shirt-barely-green-19243,S: Парина - 1 шт | M: Санкт-Петербург (Спортивная) - 1 шт | 2XL: Парина - 1 шт,3.0,public/data/product_images/3302e2f435e5.webp,0.0,1.0,0,0.0,2.0,0.0,0,0.0,0.0,0.0
Одежда,IH2085-010,Футболка мужская Nike Court Heritage Tennis T-Shirt - Black,Nike,4990 ₽,https://saletennis.com/catalog/product/futbolka-muzhskaia-nike-court-heritage-tennis-t-shirt-black-18859,M: Санкт-Петербург (Спортивная) - 1 шт | L: Уфа - 1 шт | L: Санкт-Петербург (Спортивная) - 1 шт | L: Тюмень (Народная) - 1 шт | L: Соболева - 1 шт,5.0,public/data/product_images/b2cda41be91d.webp,0.0,2.0,0,1.0,0.0,0.0,0,1.0,1.0,0.0
Одежда,IH2085-667,Футболка мужская Nike Court Heritage Tennis T-Shirt - Silt Red,Nike,4990 ₽,https://saletennis.com/catalog/product/futbolka-muzhskaia-nike-court-heritage-tennis-t-shirt-silt-red-19244,M: Уфа - 1 шт | L: Уфа - 1 шт | L: Парина - 1 шт | XL: Тюмень (Народная) - 1 шт | XL: Ижевск - 1 шт | 2XL: Соболева - 1 шт,6.0,public/data/product_images/497018dbbcda.webp,0.0,0.0,0,1.0,1.0,0.0,0,1.0,2.0,1.0
Одежда,FZ6934-619,Футболка мужская Nike Court Slam Maglietta - Dark Team Red/White,Nike,8243 ₽,https://saletennis.com/catalog/product/futbolka-muzhskaia-nike-court-slam-maglietta-dark-team-red-white-17781,S: Уфа - 1 шт | M: Санкт-Петербург (Спортивная) - 1 шт,2.0,public/data/product_images/ebb95d05e587.webp,0.0,1.0,0,0.0,0.0,0.0,0,0.0,1.0,0.0
Одежда,FZ6934-696,Футболка мужская Nike Court Slam Maglietta - Light Crimson/White,Nike,7490 ₽,https://saletennis.com/catalog/product/futbolka-muzhskaia-nike-court-slam-maglietta-light-crimson-white-17782,S: Парина - 1 шт | M: Соболева - 1 шт | M: Уфа - 1 шт | L: Уфа - 1 шт | L: Тюмень (Народная) - 1 шт,5.0,public/data/product_images/e2f51cd4ac00.webp,0.0,0.0,0,1.0,1.0,0.0,0,1.0,2.0,0.0
Одежда,IB0201-133,Футболка мужская Nike Court Slam T-Shirt - Sail/Dark Hazel,Nike,9192 ₽,https://saletennis.com/catalog/product/futbolka-muzhskaia-nike-court-slam-t-shirt-sail-dark-hazel-19030,M: Уфа - 1 шт | M: Санкт-Петербург (Спортивная) - 1 шт | L: Уфа - 1 шт,3.0,public/data/product_images/32cfba539dbf.webp,0.0,1.0,0,0.0,0.0,0.0,0,0.0,2.0,0.0
Одежда,FZ6923-229,Футболка мужская Nike Court Victory Printed - Light Khaki,Nike,4490 ₽,https://saletennis.com/catalog/product/futbolka-muzhskaia-nike-court-victory-printed-light-khaki-17702,M: Санкт-Петербург (Спортивная) - 1 шт,1.0,public/data/product_images/bdcaf79e7410.webp,0.0,1.0,0,0.0,0.0,0.0,0,0.0,0.0,0.0
Одежда,FZ6921-297,Футболка мужская Nike Victory - Parachute Beige/White,Nike,3990 ₽,https://saletennis.com/catalog/product/futbolka-muzhskaia-nike-victory-parachute-beige-white-17784,S: Парина - 1 шт,1.0,public/data/product_images/9d4f225507c8.webp,0.0,0.0,0,0.0,1.0,0.0,0,0.0,0.0,0.0
Одежда,1120052B_20_XL/52,Футболка мужская TENNIS,Не определен,990 ₽,https://saletennis.com/catalog/product/futbolka-muzhskaia-tennis-15936,S: Соболева - 1 шт | S: Тюмень (Народная) - 1 шт,2.0,public/data/product_images/627b99ed047a.webp,0.0,0.0,0,1.0,0.0,0.0,0,1.0,0.0,0.0
Одежда,120052B_20_S/46,Футболка унисекс LOVE,Не определен,990 ₽,https://saletennis.com/catalog/product/futbolka-unisieks-love-15937,S: Бисертская - 2 шт | S: Тюмень (Народная) - 1 шт | S: Основной склад Екатеринбург - 15 шт | S: Соболева - 1 шт | M: Бисертская - 1 шт | M: Основной склад Екатеринбург - 22 шт | M: Соболева - 1 шт | L: Основной склад Екатеринбург - 2 шт | L: Бисертская - 1 шт | L: Соболева - 2 шт,48.0,public/data/product_images/367c8de3afc1.webp,0.0,0.0,39,4.0,0.0,4.0,0,1.0,0.0,0.0
Одежда,2023-05,"Футболка унисекс ""Love is ..."" White",Не определен,1490 ₽,https://saletennis.com/catalog/product/futbolka-unisieks-love-is-white-14637,S: Соболева - 1 шт,1.0,public/data/product_images/90316ebfaa1a.webp,0.0,0.0,0,1.0,0.0,0.0,0,0.0,0.0,0.0
Одежда,WT76-010,Футболка женская 7/6 Alice T-shirt - Black,7/6,3192 ₽,https://saletennis.com/catalog/product/futbolka-zhienskaia-7-6-alice-t-shirt-black-17111,XXS: Санкт-Петербург (Спортивная) - 1 шт | XXS: Бисертская - 1 шт | XXS: Ижевск - 1 шт | XS: Санкт-Петербург (Спортивная) - 2 шт | XS: Парина - 1 шт | XS: Ижевск - 1 шт | XS: Соболева - 1 шт | XS: Елизаветенское шоссе - 1 шт | S: Бисертская - 1 шт | S: Санкт-Петербург (Спортивная) - 2 шт | S: Соболева - 1 шт | S: Парина - 2 шт | S: Ижевск - 1 шт | S: Елизаветенское шоссе - 1 шт | M: Ижевск - 1 шт | M: Санкт-Петербург (Спортивная) - 1 шт | M: Тюмень (Народная) - 1 шт | L: Санкт-Петербург (Спортивная) - 1 шт | XL: Санкт-Петербург (Спортивная) - 1 шт | XL: Соболева - 1 шт,23.0,public/data/product_images/c1814656b4b0.webp,0.0,8.0,0,3.0,3.0,2.0,2,1.0,0.0,4.0
Одежда,WT76-1264,Футболка женская 7/6 Alice T-shirt - Bright Orange,7/6,1995 ₽,https://saletennis.com/catalog/product/futbolka-zhienskaia-7-6-alice-t-shirt-bright-orange-17933,XXS: Основной склад Екатеринбург - 4 шт | XXS: Санкт-Петербург (Спортивная) - 1 шт | XS: Тюмень (Народная) - 1 шт | XS: Санкт-Петербург (Спортивная) - 2 шт | XS: Основной склад Екатеринбург - 4 шт | S: Санкт-Петербург (Спортивная) - 1 шт | S: Основной склад Екатеринбург - 2 шт | S: Тюмень (Народная) - 1 шт | L: Санкт-Петербург (Спортивная) - 1 шт | XL: Тюмень (Народная) - 1 шт,18.0,public/data/product_images/757ccfd36a11.webp,0.0,5.0,10,0.0,0.0,0.0,0,3.0,0.0,0.0
Одежда,WT76-0116,Футболка женская 7/6 Alice T-shirt - Light Green,7/6,1995 ₽,https://saletennis.com/catalog/product/futbolka-zhienskaia-7-6-alice-t-shirt-light-green-17934,XXS: Основной склад Екатеринбург - 3 шт | XXS: Санкт-Петербург (Спортивная) - 2 шт | XS: Тюмень (Народная) - 1 шт | XS: Основной склад Екатеринбург - 1 шт | XS: Санкт-Петербург (Спортивная) - 2 шт | S: Основной склад Екатеринбург - 3 шт | M: Тюмень (Народная) - 1 шт | M: Основной склад Екатеринбург - 1 шт | L: Ижевск - 1 шт,15.0,public/data/product_images/f2897994b9fa.webp,0.0,4.0,8,0.0,0.0,0.0,0,2.0,0.0,1.0
Одежда,WT76-2124,Футболка женская 7/6 Alice T-shirt - Pink,7/6,1995 ₽,https://saletennis.com/catalog/product/futbolka-zhienskaia-7-6-alice-t-shirt-pink-17935,XXS: Санкт-Петербург (Спортивная) - 2 шт | XXS: Основной склад Екатеринбург - 1 шт | XS: Основной склад Екатеринбург - 2 шт | M: Санкт-Петербург (Спортивная) - 1 шт,6.0,public/data/product_images/cd64b0d450e8.webp,0.0,3.0,3,0.0,0.0,0.0,0,0.0,0.0,0.0
Одежда,WT76-100,Футболка женская 7/6 Alice T-shirt - White,7/6,3192 ₽,https://saletennis.com/catalog/product/futbolka-zhienskaia-7-6-alice-t-shirt-white-17112,XXS: Санкт-Петербург (Спортивная) - 1 шт | XXS: Бисертская - 1 шт | XXS: Соболева - 1 шт | XS: Парина - 1 шт | XS: Санкт-Петербург (Спортивная) - 1 шт | XS: Бисертская - 1 шт | XS: Елизаветенское шоссе - 1 шт | XS: Соболева - 1 шт | S: Парина - 1 шт | S: Елизаветенское шоссе - 1 шт | S: Соболева - 1 шт | M: Санкт-Петербург (Спортивная) - 1 шт | M: Парина - 1 шт | L: Санкт-Петербург (Спортивная) - 1 шт | XL: Соболева - 1 шт | XL: Санкт-Петербург (Спортивная) - 1 шт,16.0,public/data/product_images/fef7fc459b69.webp,0.0,5.0,0,4.0,3.0,2.0,2,0.0,0.0,0.0
Одежда,KTS76-4104,Футболка женская 7/6 Kate T-shirt - Antarctica,7/6,2793 ₽,https://saletennis.com/catalog/product/futbolka-zhienskaia-7-6-kate-t-shirt-antarctica-18594,XS: Тюмень (Народная) - 1 шт | XS: Парина - 1 шт | XS: Соболева - 1 шт | S: Соболева - 1 шт | S: Санкт-Петербург (Спортивная) - 1 шт | M: Уфа - 1 шт | M: Основной склад Екатеринбург - 1 шт | M: Соболева - 1 шт | M: Парина - 1 шт | M: Бисертская - 1 шт | L: Парина - 1 шт | L: Санкт-Петербург (Спортивная) - 1 шт,12.0,public/data/product_images/d14aa1300d1f.webp,0.0,2.0,1,3.0,3.0,1.0,0,1.0,1.0,0.0
Одежда,KTS76-4109,Футболка женская 7/6 Kate T-shirt - Arona,7/6,2793 ₽,https://saletennis.com/catalog/product/futbolka-zhienskaia-7-6-kate-t-shirt-arona-18595,XXS: Санкт-Петербург (Спортивная) - 1 шт | XS: Уфа - 1 шт | XS: Соболева - 1 шт | XS: Санкт-Петербург (Спортивная) - 1 шт | S: Тюмень (Народная) - 1 шт | S: Санкт-Петербург (Спортивная) - 1 шт | S: Уфа - 1 шт | M: Парина - 1 шт | M: Основной склад Екатеринбург - 1 шт | M: Соболева - 1 шт | M: Уфа - 1 шт | L: Тюмень (Народная) - 1 шт | L: Санкт-Петербург (Спортивная) - 1 шт,13.0,public/data/product_images/a7446e5d656b.webp,0.0,4.0,1,2.0,1.0,0.0,0,2.0,3.0,0.0
Одежда,KTS76-0515,Футболка женская 7/6 Kate T-shirt - Lemon Icing,7/6,4490 ₽,https://saletennis.com/catalog/product/futbolka-zhienskaia-7-6-kate-t-shirt-lemon-icing-19393,XXS: Санкт-Петербург (Ярослава Гашека) - 1 шт | XXS: Санкт-Петербург (Спортивная) - 1 шт | XXS: Тюмень (Народная) - 1 шт | XS: Тюмень (Народная) - 2 шт | XS: Санкт-Петербург (Спортивная) - 1 шт | XS: Санкт-Петербург (Ярослава Гашека) - 1 шт | XS: Соболева - 1 шт | S: Елизаветенское шоссе - 1 шт | S: Парина - 1 шт | S: Санкт-Петербург (Спортивная) - 1 шт | S: Тюмень (Народная) - 1 шт | S: Санкт-Петербург (Ярослава Гашека) - 1 шт | M: Елизаветенское шоссе - 1 шт | M: Парина - 1 шт | M: Санкт-Петербург (Спортивная) - 1 шт | M: Основной склад Екатеринбург - 3 шт | M: Тюмень (Народная) - 1 шт | M: Соболева - 1 шт | M: Бисертская - 1 шт | M: Уфа - 1 шт | M: Санкт-Петербург (Ярослава Гашека) - 1 шт | L: Соболева - 1 шт | L: Уфа - 1 шт | L: Санкт-Петербург (Спортивная) - 1 шт | L: Тюмень (Народная) - 1 шт | L: Санкт-Петербург (Ярослава Гашека) - 1 шт | XL: Санкт-Петербург (Спортивная) - 1 шт,30.0,public/data/product_images/ed2010e75124.webp,5.0,6.0,3,3.0,2.0,1.0,2,6.0,2.0,0.0
Одежда,KTS76-4405,Футболка женская 7/6 Kate T-shirt - Misty Blue,7/6,4490 ₽,https://saletennis.com/catalog/product/futbolka-zhienskaia-7-6-kate-t-shirt-misty-blue-19394,XXS: Тюмень (Народная) - 1 шт | XXS: Санкт-Петербург (Ярослава Гашека) - 1 шт | XXS: Санкт-Петербург (Спортивная) - 1 шт | XS: Парина - 1 шт | XS: Тюмень (Народная) - 2 шт | XS: Санкт-Петербург (Ярослава Гашека) - 1 шт | XS: Соболева - 1 шт | XS: Санкт-Петербург (Спортивная) - 1 шт | S: Соболева - 1 шт | S: Елизаветенское шоссе - 1 шт | S: Санкт-Петербург (Спортивная) - 2 шт | S: Ижевск - 1 шт | S: Парина - 1 шт | S: Основной склад Екатеринбург - 1 шт | S: Тюмень (Народная) - 2 шт | S: Бисертская - 1 шт | M: Санкт-Петербург (Ярослава Гашека) - 1 шт | M: Уфа - 1 шт | M: Ижевск - 1 шт | M: Санкт-Петербург (Спортивная) - 1 шт | M: Елизаветенское шоссе - 1 шт | M: Парина - 1 шт | M: Основной склад Екатеринбург - 3 шт | M: Бисертская - 1 шт | M: Тюмень (Народная) - 1 шт | L: Елизаветенское шоссе - 1 шт | L: Санкт-Петербург (Спортивная) - 1 шт | L: Тюмень (Народная) - 1 шт | L: Ижевск - 1 шт | XL: Санкт-Петербург (Спортивная) - 1 шт,35.0,public/data/product_images/a60a9574d977.webp,3.0,7.0,4,2.0,3.0,2.0,3,7.0,1.0,3.0
Одежда,KTS76-2520,Футболка женская 7/6 Kate T-shirt - Potent Purple,7/6,2793 ₽,https://saletennis.com/catalog/product/futbolka-zhienskaia-7-6-kate-t-shirt-potent-purple-18596,XS: Санкт-Петербург (Спортивная) - 1 шт | XS: Тюмень (Народная) - 1 шт | S: Санкт-Петербург (Спортивная) - 1 шт | S: Ижевск - 1 шт | M: Уфа - 1 шт,5.0,public/data/product_images/55af8321f3d3.webp,0.0,2.0,0,0.0,0.0,0.0,0,1.0,1.0,1.0
Одежда,STS76-4718,Футболка женская 7/6 Stacy T-shirt - Sparkle Hydro Print,7/6,4990 ₽,https://saletennis.com/catalog/product/futbolka-zhienskaia-7-6-stacy-t-shirt-sparkle-hydro-print-19395,XXS: Санкт-Петербург (Ярослава Гашека) - 1 шт | XXS: Санкт-Петербург (Спортивная) - 1 шт | XXS: Тюмень (Народная) - 1 шт | XS: Санкт-Петербург (Ярослава Гашека) - 1 шт | XS: Соболева - 1 шт | XS: Санкт-Петербург (Спортивная) - 1 шт | XS: Парина - 1 шт | XS: Тюмень (Народная) - 2 шт | S: Тюмень (Народная) - 2 шт | S: Уфа - 1 шт | S: Ижевск - 1 шт | M: Санкт-Петербург (Ярослава Гашека) - 1 шт | M: Основной склад Екатеринбург - 3 шт | M: Парина - 1 шт | M: Елизаветенское шоссе - 1 шт | M: Ижевск - 1 шт | M: Соболева - 1 шт | M: Тюмень (Народная) - 1 шт | M: Уфа - 1 шт | M: Бисертская - 1 шт | M: Санкт-Петербург (Спортивная) - 1 шт | L: Соболева - 1 шт | L: Тюмень (Народная) - 1 шт | L: Санкт-Петербург (Спортивная) - 1 шт | L: Санкт-Петербург (Ярослава Гашека) - 1 шт | L: Елизаветенское шоссе - 1 шт | XL: Санкт-Петербург (Спортивная) - 1 шт,31.0,public/data/product_images/521ef7090754.webp,4.0,5.0,3,3.0,2.0,1.0,2,7.0,2.0,2.0
Одежда,STS76-1632,Футболка женская 7/6 Stacy T-shirt - Sparkle Pink Print,7/6,4990 ₽,https://saletennis.com/catalog/product/futbolka-zhienskaia-7-6-stacy-t-shirt-sparkle-pink-print-19324,XXS: Санкт-Петербург (Спортивная) - 1 шт | XXS: Тюмень (Народная) - 1 шт | XXS: Санкт-Петербург (Ярослава Гашека) - 1 шт | XS: Соболева - 1 шт | XS: Санкт-Петербург (Спортивная) - 1 шт | XS: Елизаветенское шоссе - 1 шт | XS: Санкт-Петербург (Ярослава Гашека) - 1 шт | XS: Тюмень (Народная) - 2 шт | S: Бисертская - 1 шт | S: Парина - 1 шт | S: Санкт-Петербург (Ярослава Гашека) - 1 шт | S: Елизаветенское шоссе - 1 шт | S: Тюмень (Народная) - 2 шт | S: Санкт-Петербург (Спортивная) - 1 шт | S: Соболева - 1 шт | S: Ижевск - 1 шт | S: Уфа - 1 шт | M: Елизаветенское шоссе - 1 шт | M: Уфа - 1 шт | M: Ижевск - 1 шт | M: Парина - 1 шт | M: Санкт-Петербург (Спортивная) - 2 шт | M: Соболева - 1 шт | M: Тюмень (Народная) - 1 шт | M: Бисертская - 1 шт | L: Санкт-Петербург (Спортивная) - 1 шт | L: Тюмень (Народная) - 1 шт | L: Ижевск - 1 шт | L: Санкт-Петербург (Ярослава Гашека) - 1 шт | L: Бисертская - 1 шт | XL: Санкт-Петербург (Спортивная) - 1 шт,34.0,public/data/product_images/972c3648772d.webp,4.0,7.0,0,3.0,2.0,3.0,3,7.0,2.0,3.0
Одежда,W2620019-AQ,Футболка женская Bidi Badu Beach Spirit V-Neck - Aqua,Bidi Badu,1490 ₽,https://saletennis.com/catalog/product/futbolka-zhienskaia-bidi-badu-beach-spirit-v-neck-aqua-15735,XS: Основной склад Екатеринбург - 1 шт,1.0,public/data/product_images/d2a5c1fc7905.webp,0.0,0.0,1,0.0,0.0,0.0,0,0.0,0.0,0.0
Одежда,W1330002,Футболка женская Bidi Badu Crew V-Neck - Black,Bidi Badu,2490 ₽,https://saletennis.com/catalog/product/futbolka-zhienskaia-bidi-badu-crew-v-neck-black-17226,XS: Основной склад Екатеринбург - 1 шт | S: Санкт-Петербург (Спортивная) - 1 шт,2.0,public/data/product_images/3b400e9ce94e.webp,0.0,1.0,1,0.0,0.0,0.0,0,0.0,0.0,0.0
Одежда,W1330002,Футболка женская Bidi Badu Crew V-Neck - Navy,Bidi Badu,2490 ₽,https://saletennis.com/catalog/product/futbolka-zhienskaia-bidi-badu-crew-v-neck-navy-17227,XS: Основной склад Екатеринбург - 1 шт,1.0,public/data/product_images/2a0089c004b2.webp,0.0,0.0,1,0.0,0.0,0.0,0,0.0,0.0,0.0
Одежда,W1330002,Футболка женская Bidi Badu Crew V-Neck - Pink,Bidi Badu,2490 ₽,https://saletennis.com/catalog/product/futbolka-zhienskaia-bidi-badu-crew-v-neck-pink-17228,XS: Основной склад Екатеринбург - 1 шт,1.0,public/data/product_images/0a6609955c7f.webp,0.0,0.0,1,0.0,0.0,0.0,0,0.0,0.0,0.0
Одежда,W1330007,Футболка женская Bidi Badu Kaleido V-Neck - White/Mixed,Bidi Badu,1490 ₽,https://saletennis.com/catalog/product/futbolka-zhienskaia-bidi-badu-kaleido-v-neck-white-mixed-17230,XS: Санкт-Петербург (Спортивная) - 1 шт | XS: Основной склад Екатеринбург - 1 шт,2.0,public/data/product_images/a19560003840.webp,0.0,1.0,1,0.0,0.0,0.0,0,0.0,0.0,0.0
Одежда,W1620031,Футболка женская Bidi Badu Melbourne - Orange/Turquoise,Bidi Badu,1990 ₽,https://saletennis.com/catalog/product/futbolka-zhienskaia-bidi-badu-melbourne-orange-turquoise-17231,XS: Основной склад Екатеринбург - 1 шт,1.0,public/data/product_images/fd1b6cc5bebc.webp,0.0,0.0,1,0.0,0.0,0.0,0,0.0,0.0,0.0
Одежда,HQ2994-641,Футболка женская Court Advantage Pro T-Shirt - Peony/White,Не определен,7990 ₽,https://saletennis.com/catalog/product/futbolka-zhienskaia-court-advantage-pro-t-shirt-peony-white-19220,XS: Санкт-Петербург (Спортивная) - 1 шт,1.0,public/data/product_images/875ae7e3b5e4.webp,0.0,1.0,0,0.0,0.0,0.0,0,0.0,0.0,0.0
Одежда,HQ2994-006,Футболка женская Court Advantage Pro T-Shirt - Steam/White,Не определен,7990 ₽,https://saletennis.com/catalog/product/futbolka-zhienskaia-court-advantage-pro-t-shirt-steam-white-19221,S: Парина - 1 шт | S: Ижевск - 1 шт,2.0,public/data/product_images/ef8f806518ab.webp,0.0,0.0,0,0.0,1.0,0.0,0,0.0,0.0,1.0
Одежда,DR10217911955050,Футболка женская Diadora L. T-shirt - Pink,Diadora,2490 ₽,https://saletennis.com/catalog/product/futbolka-zhienskaia-diadora-l-t-shirt-pink-15321,XS: Основной склад Екатеринбург - 1 шт | M: Основной склад Екатеринбург - 1 шт,2.0,public/data/product_images/34a3b5212cc2.webp,0.0,0.0,2,0.0,0.0,0.0,0,0.0,0.0,0.0
Одежда,62GAC700-61,Футболка женская Mizuno Daybreakers Printed - Coral,Mizuno,2793 ₽,https://saletennis.com/catalog/product/futbolka-zhienskaia-mizuno-daybreakers-printed-coral-18414,XS: Уфа - 1 шт | S: Уфа - 1 шт | M: Санкт-Петербург (Спортивная) - 1 шт,3.0,public/data/product_images/f3c03a760da7.webp,0.0,1.0,0,0.0,0.0,0.0,0,0.0,2.0,0.0
Одежда,62GAC700-44,Футболка женская Mizuno Daybreakers Printed - Lemon Tonic,Mizuno,2793 ₽,https://saletennis.com/catalog/product/futbolka-zhienskaia-mizuno-daybreakers-printed-lemon-tonic-18415,M: Основной склад Екатеринбург - 1 шт,1.0,public/data/product_images/852909008603.webp,0.0,0.0,1,0.0,0.0,0.0,0,0.0,0.0,0.0
Одежда,62GAC20121,Футболка женская Mizuno Frontier Tee - Bel Air Blue,Mizuno,3143 ₽,https://saletennis.com/catalog/product/futbolka-zhienskaia-mizuno-frontier-tee-bel-air-blue-18198,S: Основной склад Екатеринбург - 2 шт,2.0,public/data/product_images/0630f7c9a3be.webp,0.0,0.0,2,0.0,0.0,0.0,0,0.0,0.0,0.0
Одежда,62GAC20166,Футболка женская Mizuno Frontier Tee - Fuchsia Purple,Mizuno,2443 ₽,https://saletennis.com/catalog/product/futbolka-zhienskaia-mizuno-frontier-tee-fuchsia-purple-18199,XS: Основной склад Екатеринбург - 1 шт | M: Основной склад Екатеринбург - 1 шт,2.0,public/data/product_images/5e0317faedfb.webp,0.0,0.0,2,0.0,0.0,0.0,0,0.0,0.0,0.0
Одежда,62GAB700-67,Футболка женская Mizuno Mugen Printed Tee - Crocus Petal,Mizuno,2990 ₽,https://saletennis.com/catalog/product/futbolka-zhienskaia-mizuno-mugen-printed-tee-crocus-petal-17435,XS: Соболева - 1 шт | XS: Основной склад Екатеринбург - 1 шт | M: Основной склад Екатеринбург - 2 шт,4.0,public/data/product_images/c5b293d0a082.webp,0.0,0.0,3,1.0,0.0,0.0,0,0.0,0.0,0.0
Одежда,62GAB700-01,Футболка женская Mizuno Mugen Printed Tee - White,Mizuno,1490 ₽,https://saletennis.com/catalog/product/futbolka-zhienskaia-mizuno-mugen-printed-tee-white-17436,L: Тюмень (Народная) - 1 шт,1.0,public/data/product_images/a3e708660196.webp,0.0,0.0,0,0.0,0.0,0.0,0,1.0,0.0,0.0
Одежда,IH5059-133,Футболка женская Nike Heritage - Sail/Midnight Navy,Nike,4990 ₽,https://saletennis.com/catalog/product/futbolka-zhienskaia-nike-heritage-sail-midnight-navy-18850,S: Парина - 1 шт | S: Санкт-Петербург (Спортивная) - 1 шт | M: Парина - 1 шт | M: Санкт-Петербург (Спортивная) - 1 шт,4.0,public/data/product_images/99bbd4cf0d5a.webp,0.0,2.0,0,0.0,2.0,0.0,0,0.0,0.0,0.0
Одежда,IH5059-006,Футболка женская Nike Heritage - Steam/Barely Green,Nike,4990 ₽,https://saletennis.com/catalog/product/futbolka-zhienskaia-nike-heritage-steam-barely-green-19233,XS: Парина - 1 шт,1.0,public/data/product_images/125f408f8c51.webp,0.0,0.0,0,0.0,1.0,0.0,0,0.0,0.0,0.0
Одежда,CV7539-010,Футболка женская Nike SB - Black,Nike,3990 ₽,https://saletennis.com/catalog/product/futbolka-zhienskaia-nike-sb-black-16217,XS: Соболева - 1 шт,1.0,public/data/product_images/90f39282a4f8.webp,0.0,0.0,0,1.0,0.0,0.0,0,0.0,0.0,0.0
Одежда,IM0310-341,Футболка женская Nike Slam Women's Tennis T-Shirt - Gorge Green,Nike,5490 ₽,https://saletennis.com/catalog/product/futbolka-zhienskaia-nike-slam-women-s-tennis-t-shirt-gorge-green-19260,M: Санкт-Петербург (Спортивная) - 1 шт,1.0,public/data/product_images/24dc90a044ea.webp,0.0,1.0,0,0.0,0.0,0.0,0,0.0,0.0,0.0
Одежда,IB3776-010,Футболка женская Nike Victory - Black/White,Nike,6490 ₽,https://saletennis.com/catalog/product/futbolka-zhienskaia-nike-victory-black-white-19196,S: Уфа - 1 шт,1.0,public/data/product_images/66c1512e6bdf.webp,0.0,0.0,0,0.0,0.0,0.0,0,0.0,1.0,0.0
Одежда,IB3776-663,Футболка женская Nike Victory - Pink Foam/White,Nike,6490 ₽,https://saletennis.com/catalog/product/futbolka-zhienskaia-nike-victory-pink-foam-white-19197,M: Санкт-Петербург (Спортивная) - 1 шт,1.0,public/data/product_images/9e23736393bb.webp,0.0,1.0,0,0.0,0.0,0.0,0,0.0,0.0,0.0
Одежда,KSK76-4718,Юбка детская 7/6 Kristy Skirt - Hydro,7/6,3990 ₽,https://saletennis.com/catalog/product/iubka-dietskaia-7-6-kristy-skirt-hydro-19411,XS: Тюмень (Народная) - 1 шт | XS: Санкт-Петербург (Ярослава Гашека) - 1 шт | XS: Уфа - 1 шт | XS: Ижевск - 1 шт | S: Основной склад Екатеринбург - 1 шт | S: Ижевск - 1 шт | S: Санкт-Петербург (Спортивная) - 1 шт | S: Уфа - 1 шт | S: Соболева - 1 шт | S: Санкт-Петербург (Ярослава Гашека) - 1 шт | M: Основной склад Екатеринбург - 2 шт | M: Санкт-Петербург (Ярослава Гашека) - 1 шт | M: Парина - 1 шт | M: Ижевск - 1 шт | M: Санкт-Петербург (Спортивная) - 2 шт | L: Санкт-Петербург (Ярослава Гашека) - 1 шт | L: Тюмень (Народная) - 2 шт | L: Уфа - 1 шт | L: Санкт-Петербург (Спортивная) - 1 шт | L: Соболева - 1 шт | L: Парина - 1 шт | L: Основной склад Екатеринбург - 2 шт | XL: Ижевск - 1 шт | XL: Основной склад Екатеринбург - 1 шт | XL: Санкт-Петербург (Ярослава Гашека) - 1 шт | XL: Парина - 1 шт | XL: Соболева - 1 шт | XL: Уфа - 1 шт | XL: Санкт-Петербург (Спортивная) - 1 шт,33.0,public/data/product_images/a7bdabe722bc.webp,5.0,5.0,6,3.0,3.0,0.0,0,3.0,4.0,4.0
Одежда,KSK76-0116,Юбка детская 7/6 Kristy Skirt - Light Green/Lavander,7/6,2793 ₽,https://saletennis.com/catalog/product/iubka-dietskaia-7-6-kristy-skirt-light-green-lavander-18143,S: Санкт-Петербург (Спортивная) - 1 шт | M: Основной склад Екатеринбург - 2 шт | M: Соболева - 1 шт | M: Санкт-Петербург (Спортивная) - 1 шт | L: Тюмень (Народная) - 2 шт | L: Санкт-Петербург (Спортивная) - 1 шт | L: Соболева - 1 шт | L: Уфа - 1 шт | L: Основной склад Екатеринбург - 2 шт | XL: Основной склад Екатеринбург - 3 шт | XL: Санкт-Петербург (Спортивная) - 1 шт | XL: Соболева - 1 шт | XL: Тюмень (Народная) - 1 шт | XL: Уфа - 1 шт,19.0,public/data/product_images/1b738583d04d.webp,0.0,4.0,7,3.0,0.0,0.0,0,3.0,2.0,0.0
Одежда,KSK76-1265,Юбка детская 7/6 Kristy Skirt - Pink Blossom,7/6,2793 ₽,https://saletennis.com/catalog/product/iubka-dietskaia-7-6-kristy-skirt-pink-blossom-18144,M: Уфа - 1 шт | M: Тюмень (Народная) - 1 шт | M: Санкт-Петербург (Спортивная) - 1 шт | L: Основной склад Екатеринбург - 1 шт | L: Уфа - 1 шт | L: Тюмень (Народная) - 1 шт | L: Санкт-Петербург (Спортивная) - 2 шт | XL: Основной склад Екатеринбург - 1 шт | XL: Санкт-Петербург (Спортивная) - 1 шт | XL: Тюмень (Народная) - 1 шт | XL: Уфа - 1 шт | XL: Соболева - 1 шт,13.0,public/data/product_images/63377dc3d8d4.webp,0.0,4.0,2,1.0,0.0,0.0,0,3.0,3.0,0.0
Одежда,KSK76-1632,Юбка детская 7/6 Kristy Skirt - Shell Pink,7/6,3990 ₽,https://saletennis.com/catalog/product/iubka-dietskaia-7-6-kristy-skirt-shell-pink-19412,XS: Санкт-Петербург (Ярослава Гашека) - 1 шт | XS: Тюмень (Народная) - 1 шт | S: Соболева - 1 шт | S: Санкт-Петербург (Ярослава Гашека) - 1 шт | S: Тюмень (Народная) - 1 шт | S: Парина - 1 шт | S: Основной склад Екатеринбург - 1 шт | M: Тюмень (Народная) - 2 шт | M: Соболева - 1 шт | M: Парина - 1 шт | M: Санкт-Петербург (Спортивная) - 1 шт | M: Санкт-Петербург (Ярослава Гашека) - 1 шт | M: Основной склад Екатеринбург - 1 шт | M: Уфа - 1 шт | L: Тюмень (Народная) - 2 шт | L: Основной склад Екатеринбург - 2 шт | L: Санкт-Петербург (Спортивная) - 2 шт | L: Санкт-Петербург (Ярослава Гашека) - 1 шт | L: Соболева - 1 шт | L: Парина - 1 шт | L: Ижевск - 1 шт | L: Уфа - 1 шт | XL: Парина - 1 шт | XL: Санкт-Петербург (Ярослава Гашека) - 1 шт | XL: Санкт-Петербург (Спортивная) - 1 шт | XL: Соболева - 1 шт | XL: Основной склад Екатеринбург - 1 шт | XL: Уфа - 1 шт,32.0,public/data/product_images/c4504231d722.webp,5.0,4.0,5,4.0,4.0,0.0,0,6.0,3.0,1.0
Одежда,GSK76-1559,Юбка детская 7/6 Liza Skirt - Red Alert,7/6,490 ₽,https://saletennis.com/catalog/product/iubka-dietskaia-7-6-liza-skirt-red-alert-15410,L: Основной склад Екатеринбург - 1 шт | L: Бисертская - 1 шт,2.0,public/data/product_images/5020fba1a39d.webp,0.0,0.0,1,0.0,0.0,1.0,0,0.0,0.0,0.0
Одежда,G1390018,Юбка детская Bidi Badu Kaleido Pleated - White/Mixed,Bidi Badu,1996 ₽,https://saletennis.com/catalog/product/iubka-dietskaia-bidi-badu-kaleido-pleated-white-mixed-17257,164: Основной склад Екатеринбург - 1 шт,1.0,public/data/product_images/733db226f1dd.webp,0.0,0.0,1,0.0,0.0,0.0,0,0.0,0.0,0.0
Одежда,G1390009-DBLRD,Юбка детская Bidi Badu New York 2024 - Blue/Red,Bidi Badu,2196 ₽,https://saletennis.com/catalog/product/iubka-dietskaia-bidi-badu-new-york-2024-blue-red-16437,164: Основной склад Екатеринбург - 1 шт,1.0,public/data/product_images/714309731e6b.webp,0.0,0.0,1,0.0,0.0,0.0,0,0.0,0.0,0.0
Одежда,G1390011-LIPK,Юбка детская Bidi Badu Spike Printed Wavy - Lilac/Pink,Bidi Badu,1996 ₽,https://saletennis.com/catalog/product/iubka-dietskaia-bidi-badu-spike-printed-wavy-lilac-pink-16420,164: Основной склад Екатеринбург - 1 шт | 164: Санкт-Петербург (Спортивная) - 1 шт,2.0,public/data/product_images/8142b1b3b59d.webp,0.0,1.0,1,0.0,0.0,0.0,0,0.0,0.0,0.0
Одежда,G1390010-DBLMX,Юбка детская Bidi Badu Twiggy Printed - Blue/Mixed,Bidi Badu,2196 ₽,https://saletennis.com/catalog/product/iubka-dietskaia-bidi-badu-twiggy-printed-blue-mixed-16438,164: Основной склад Екатеринбург - 1 шт | 164: Санкт-Петербург (Спортивная) - 1 шт,2.0,public/data/product_images/913717979522.webp,0.0,1.0,1,0.0,0.0,0.0,0,0.0,0.0,0.0
Одежда,CV7575-515,Юбка детская Nike Court Victory Skirt - Hydrangeas,Nike,3894 ₽,https://saletennis.com/catalog/product/iubka-dietskaia-nike-court-victory-skirt-hydrangeas-16357,L: Уфа - 1 шт | XL: Тюмень (Народная) - 1 шт | XL: Санкт-Петербург (Спортивная) - 1 шт,3.0,public/data/product_images/cc8cb35d7362.webp,0.0,1.0,0,0.0,0.0,0.0,0,1.0,1.0,0.0
Одежда,CV7575-422,Юбка детская Nike Court Victory Skirt - Psychic Blue/White,Nike,3493 ₽,https://saletennis.com/catalog/product/iubka-dietskaia-nike-court-victory-skirt-psychic-blue-white-17329,XL: Ижевск - 1 шт,1.0,public/data/product_images/b53d001d0f3a.webp,0.0,0.0,0,0.0,0.0,0.0,0,0.0,0.0,1.0
Одежда,CV7575-376,Юбка детская Nike Court Victory Skirt - Vapor Green,Nike,3894 ₽,https://saletennis.com/catalog/product/iubka-dietskaia-nike-court-victory-skirt-vapor-green-16358,XL: Санкт-Петербург (Спортивная) - 1 шт | XL: Уфа - 1 шт | XL: Парина - 2 шт,4.0,public/data/product_images/9dab6ed9ceeb.webp,0.0,1.0,0,0.0,2.0,0.0,0,0.0,1.0,0.0
Одежда,KS76-4104,Юбка женская 7/6 Kris Skirt - Antarctica,7/6,3843 ₽,https://saletennis.com/catalog/product/iubka-zhienskaia-7-6-kris-skirt-antarctica-18598,XXS: Санкт-Петербург (Спортивная) - 1 шт | XS: Санкт-Петербург (Спортивная) - 1 шт | XS: Соболева - 1 шт | XS: Парина - 1 шт | S: Соболева - 1 шт | S: Парина - 1 шт | S: Елизаветенское шоссе - 1 шт | M: Уфа - 1 шт | M: Бисертская - 1 шт | M: Парина - 1 шт | XL: Санкт-Петербург (Спортивная) - 1 шт,11.0,public/data/product_images/47845e422398.webp,0.0,3.0,0,2.0,3.0,1.0,1,0.0,1.0,0.0
Одежда,KS76-010,Юбка женская 7/6 Kris Skirt - Black,7/6,4392 ₽,https://saletennis.com/catalog/product/iubka-zhienskaia-7-6-kris-skirt-black-17113,XXS: Санкт-Петербург (Спортивная) - 1 шт | M: Санкт-Петербург (Спортивная) - 2 шт | M: Бисертская - 1 шт | M: Уфа - 1 шт | L: Уфа - 1 шт | L: Санкт-Петербург (Спортивная) - 1 шт | L: Парина - 1 шт | XL: Тюмень - 1 шт,9.0,public/data/product_images/13dfc4cb3df4.webp,0.0,4.0,0,0.0,1.0,1.0,0,1.0,2.0,0.0
Одежда,KS76-1265,Юбка женская 7/6 Kris Skirt - Bright Pink,7/6,2745 ₽,https://saletennis.com/catalog/product/iubka-zhienskaia-7-6-kris-skirt-bright-pink-17936,XXS: Основной склад Екатеринбург - 1 шт | XS: Основной склад Екатеринбург - 2 шт | L: Основной склад Екатеринбург - 1 шт,4.0,public/data/product_images/f8851d323c21.webp,0.0,0.0,4,0.0,0.0,0.0,0,0.0,0.0,0.0
Одежда,KS76-1941,Юбка женская 7/6 Kris Skirt - Ebony,7/6,3843 ₽,https://saletennis.com/catalog/product/iubka-zhienskaia-7-6-kris-skirt-ebony-18599,XXS: Санкт-Петербург (Спортивная) - 1 шт | XS: Тюмень (Народная) - 1 шт | XS: Бисертская - 1 шт | XS: Соболева - 1 шт | S: Елизаветенское шоссе - 1 шт | S: Санкт-Петербург (Спортивная) - 1 шт | S: Бисертская - 1 шт | M: Уфа - 1 шт | M: Соболева - 1 шт | L: Санкт-Петербург (Спортивная) - 1 шт | XL: Санкт-Петербург (Спортивная) - 1 шт,11.0,public/data/product_images/3560f1c5e418.webp,0.0,4.0,0,2.0,0.0,2.0,1,1.0,1.0,0.0
Одежда,KS76-4718,Юбка женская 7/6 Kris Skirt - Hydro,7/6,5990 ₽,https://saletennis.com/catalog/product/iubka-zhienskaia-7-6-kris-skirt-hydro-19290,XXS: Тюмень (Народная) - 2 шт | XXS: Санкт-Петербург (Спортивная) - 1 шт | XXS: Санкт-Петербург (Ярослава Гашека) - 1 шт | XS: Санкт-Петербург (Спортивная) - 1 шт | XS: Парина - 1 шт | XS: Санкт-Петербург (Ярослава Гашека) - 1 шт | XS: Соболева - 1 шт | XS: Ижевск - 1 шт | XS: Тюмень (Народная) - 2 шт | S: Санкт-Петербург (Спортивная) - 1 шт | S: Соболева - 1 шт | S: Санкт-Петербург (Ярослава Гашека) - 1 шт | S: Тюмень (Народная) - 1 шт | S: Бисертская - 1 шт | S: Елизаветенское шоссе - 1 шт | S: Парина - 1 шт | S: Уфа - 1 шт | M: Тюмень (Народная) - 2 шт | M: Елизаветенское шоссе - 1 шт | M: Ижевск - 1 шт | M: Парина - 1 шт | M: Санкт-Петербург (Спортивная) - 1 шт | M: Бисертская - 1 шт | M: Уфа - 1 шт | M: Санкт-Петербург (Ярослава Гашека) - 1 шт | L: Санкт-Петербург (Ярослава Гашека) - 1 шт | L: Ижевск - 1 шт | L: Санкт-Петербург (Спортивная) - 1 шт | XL: Санкт-Петербург (Спортивная) - 1 шт,32.0,public/data/product_images/b42633dacc59.webp,5.0,6.0,0,2.0,3.0,2.0,2,7.0,2.0,3.0
Одежда,KS76-0116,Юбка женская 7/6 Kris Skirt - Light Green/Green,7/6,2745 ₽,https://saletennis.com/catalog/product/iubka-zhienskaia-7-6-kris-skirt-light-green-green-17937,XXS: Основной склад Екатеринбург - 3 шт | XS: Основной склад Екатеринбург - 2 шт,5.0,public/data/product_images/a05a184d010f.webp,0.0,0.0,5,0.0,0.0,0.0,0,0.0,0.0,0.0
Одежда,KS76-1360,Юбка женская 7/6 Kris Skirt - Orange Blossom,7/6,2995 ₽,https://saletennis.com/catalog/product/iubka-zhienskaia-7-6-kris-skirt-orange-blossom-17938,XXS: Санкт-Петербург (Спортивная) - 1 шт | XXS: Основной склад Екатеринбург - 3 шт | XS: Основной склад Екатеринбург - 5 шт | XS: Санкт-Петербург (Спортивная) - 2 шт | S: Санкт-Петербург (Спортивная) - 1 шт | S: Основной склад Екатеринбург - 1 шт | M: Основной склад Екатеринбург - 2 шт | M: Санкт-Петербург (Спортивная) - 1 шт | L: Санкт-Петербург (Спортивная) - 2 шт | L: Основной склад Екатеринбург - 2 шт | XL: Санкт-Петербург (Спортивная) - 1 шт,21.0,public/data/product_images/08513069e7ef.webp,0.0,8.0,13,0.0,0.0,0.0,0,0.0,0.0,0.0
Одежда,KS76-2520,Юбка женская 7/6 Kris Skirt - Potent Purple,7/6,3843 ₽,https://saletennis.com/catalog/product/iubka-zhienskaia-7-6-kris-skirt-potent-purple-18600,S: Тюмень (Народная) - 1 шт | M: Ижевск - 1 шт | M: Тюмень (Народная) - 1 шт | M: Бисертская - 1 шт | L: Ижевск - 1 шт | L: Елизаветенское шоссе - 1 шт | XL: Санкт-Петербург (Спортивная) - 1 шт,7.0,public/data/product_images/13c76decd090.webp,0.0,1.0,0,0.0,0.0,1.0,1,2.0,0.0,2.0
Одежда,KS76-1215,Юбка женская 7/6 Kris Skirt - Shaved Chocolate,7/6,5990 ₽,https://saletennis.com/catalog/product/iubka-zhienskaia-7-6-kris-skirt-shaved-chocolate-19291,XXS: Санкт-Петербург (Ярослава Гашека) - 1 шт | XXS: Санкт-Петербург (Спортивная) - 1 шт | XXS: Тюмень (Народная) - 2 шт | XS: Соболева - 1 шт | XS: Тюмень (Народная) - 1 шт | XS: Санкт-Петербург (Спортивная) - 2 шт | XS: Елизаветенское шоссе - 1 шт | XS: Парина - 1 шт | S: Парина - 2 шт | S: Ижевск - 1 шт | S: Санкт-Петербург (Спортивная) - 1 шт | S: Елизаветенское шоссе - 1 шт | S: Санкт-Петербург (Ярослава Гашека) - 1 шт | S: Уфа - 1 шт | M: Уфа - 1 шт | M: Ижевск - 1 шт | M: Парина - 2 шт | M: Соболева - 1 шт | M: Елизаветенское шоссе - 1 шт | M: Бисертская - 1 шт | M: Санкт-Петербург (Ярослава Гашека) - 1 шт | M: Тюмень (Народная) - 1 шт | L: Парина - 1 шт | L: Соболева - 1 шт | L: Санкт-Петербург (Ярослава Гашека) - 1 шт | L: Санкт-Петербург (Спортивная) - 1 шт | XL: Санкт-Петербург (Спортивная) - 1 шт,31.0,public/data/product_images/bcd2d6b5f5f0.webp,4.0,6.0,0,3.0,6.0,1.0,3,4.0,2.0,2.0
Одежда,KS76-1632,Юбка женская 7/6 Kris Skirt - Shell Pink,7/6,5990 ₽,https://saletennis.com/catalog/product/iubka-zhienskaia-7-6-kris-skirt-shell-pink-19292,XXS: Санкт-Петербург (Спортивная) - 1 шт | XXS: Санкт-Петербург (Ярослава Гашека) - 1 шт | XXS: Тюмень (Народная) - 2 шт | XS: Ижевск - 1 шт | XS: Парина - 1 шт | XS: Санкт-Петербург (Ярослава Гашека) - 1 шт | XS: Тюмень (Народная) - 2 шт | XS: Елизаветенское шоссе - 1 шт | XS: Санкт-Петербург (Спортивная) - 1 шт | S: Ижевск - 1 шт | S: Уфа - 1 шт | S: Бисертская - 1 шт | S: Тюмень (Народная) - 2 шт | S: Парина - 1 шт | S: Основной склад Екатеринбург - 3 шт | S: Санкт-Петербург (Ярослава Гашека) - 1 шт | S: Санкт-Петербург (Спортивная) - 1 шт | S: Елизаветенское шоссе - 1 шт | M: Уфа - 1 шт | M: Основной склад Екатеринбург - 3 шт | M: Ижевск - 1 шт | M: Бисертская - 1 шт | M: Парина - 1 шт | M: Санкт-Петербург (Спортивная) - 2 шт | M: Тюмень (Народная) - 2 шт | M: Соболева - 1 шт | M: Елизаветенское шоссе - 1 шт | L: Санкт-Петербург (Ярослава Гашека) - 1 шт | L: Соболева - 1 шт | L: Санкт-Петербург (Спортивная) - 1 шт | XL: Санкт-Петербург (Спортивная) - 1 шт,40.0,public/data/product_images/9c72a9e6751f.webp,4.0,7.0,6,2.0,3.0,2.0,3,8.0,2.0,3.0
Одежда,KS76-100,Юбка женская 7/6 Kris Skirt - White,7/6,4392 ₽,https://saletennis.com/catalog/product/iubka-zhienskaia-7-6-kris-skirt-white-17114,XXS: Санкт-Петербург (Спортивная) - 1 шт | XS: Соболева - 1 шт | XS: Парина - 1 шт | S: Бисертская - 2 шт | S: Тюмень (Народная) - 1 шт | S: Ижевск - 1 шт | S: Елизаветенское шоссе - 1 шт | S: Соболева - 1 шт | S: Парина - 1 шт | M: Санкт-Петербург (Спортивная) - 1 шт | M: Ижевск - 1 шт | M: Уфа - 1 шт | M: Бисертская - 1 шт | L: Санкт-Петербург (Спортивная) - 1 шт | XL: Санкт-Петербург (Спортивная) - 1 шт,16.0,public/data/product_images/42d127e140f7.webp,0.0,4.0,0,2.0,2.0,3.0,1,1.0,1.0,2.0
Одежда,NS76-4104,Юбка женская 7/6 Nata Skirt - Antarctica,7/6,2994 ₽,https://saletennis.com/catalog/product/iubka-zhienskaia-7-6-nata-skirt-antarctica-18601,XXS: Санкт-Петербург (Спортивная) - 1 шт | XS: Елизаветенское шоссе - 1 шт | M: Санкт-Петербург (Спортивная) - 1 шт | M: Бисертская - 1 шт | M: Тюмень (Народная) - 1 шт | M: Уфа - 1 шт | XL: Санкт-Петербург (Спортивная) - 1 шт,7.0,public/data/product_images/0d25b1977a0f.webp,0.0,3.0,0,0.0,0.0,1.0,1,1.0,1.0,0.0
Одежда,NS76-4109,Юбка женская 7/6 Nata Skirt - Arona,7/6,2994 ₽,https://saletennis.com/catalog/product/iubka-zhienskaia-7-6-nata-skirt-arona-18602,XXS: Санкт-Петербург (Спортивная) - 1 шт | XS: Ижевск - 1 шт | S: Тюмень (Народная) - 2 шт | L: Санкт-Петербург (Спортивная) - 1 шт | XL: Санкт-Петербург (Спортивная) - 1 шт,6.0,public/data/product_images/b677b105f430.webp,0.0,3.0,0,0.0,0.0,0.0,0,2.0,0.0,1.0
Одежда,NS76-4405,Юбка женская 7/6 Nata Skirt - Grey Blossom/Pink,7/6,3495 ₽,https://saletennis.com/catalog/product/iubka-zhienskaia-7-6-nata-skirt-grey-blossom-pink-17939,XXS: Основной склад Екатеринбург - 2 шт | XS: Санкт-Петербург (Спортивная) - 1 шт | XS: Основной склад Екатеринбург - 3 шт | M: Санкт-Петербург (Спортивная) - 1 шт | M: Основной склад Екатеринбург - 1 шт | L: Санкт-Петербург (Спортивная) - 1 шт | L: Основной склад Екатеринбург - 3 шт | XL: Санкт-Петербург (Спортивная) - 1 шт,13.0,public/data/product_images/de50ff3e1eb9.webp,0.0,4.0,9,0.0,0.0,0.0,0,0.0,0.0,0.0
Одежда,NS76-0628,Юбка женская 7/6 Nata Skirt - Leaf Green/Orange,7/6,2995 ₽,https://saletennis.com/catalog/product/iubka-zhienskaia-7-6-nata-skirt-leaf-green-orange-17940,XXS: Основной склад Екатеринбург - 3 шт | XXS: Санкт-Петербург (Спортивная) - 1 шт | XS: Санкт-Петербург (Спортивная) - 1 шт | XS: Основной склад Екатеринбург - 3 шт | S: Основной склад Екатеринбург - 2 шт | S: Санкт-Петербург (Спортивная) - 1 шт | S: Тюмень (Народная) - 1 шт | M: Санкт-Петербург (Спортивная) - 1 шт | M: Тюмень (Народная) - 1 шт | M: Основной склад Екатеринбург - 4 шт | L: Санкт-Петербург (Спортивная) - 1 шт | L: Основной склад Екатеринбург - 3 шт,22.0,public/data/product_images/5db409afd380.webp,0.0,5.0,15,0.0,0.0,0.0,0,2.0,0.0,0.0
Одежда,NS76-6324,Юбка женская 7/6 Nata Skirt - Light Green/Green,7/6,2995 ₽,https://saletennis.com/catalog/product/iubka-zhienskaia-7-6-nata-skirt-light-green-green-17941,XXS: Основной склад Екатеринбург - 2 шт | XXS: Санкт-Петербург (Спортивная) - 1 шт | XS: Основной склад Екатеринбург - 7 шт | XS: Тюмень (Народная) - 1 шт | XS: Санкт-Петербург (Спортивная) - 1 шт | S: Тюмень (Народная) - 1 шт | S: Санкт-Петербург (Спортивная) - 2 шт | S: Основной склад Екатеринбург - 4 шт | M: Основной склад Екатеринбург - 1 шт | L: Основной склад Екатеринбург - 2 шт | XL: Санкт-Петербург (Спортивная) - 1 шт,23.0,public/data/product_images/cccfb9535028.webp,0.0,5.0,16,0.0,0.0,0.0,0,2.0,0.0,0.0
Одежда,NS76-14405,Юбка женская 7/6 Nata Skirt - Misty Blue,7/6,5990 ₽,https://saletennis.com/catalog/product/iubka-zhienskaia-7-6-nata-skirt-misty-blue-19293,XXS: Тюмень (Народная) - 2 шт | XXS: Санкт-Петербург (Спортивная) - 1 шт | XXS: Санкт-Петербург (Ярослава Гашека) - 1 шт | XS: Санкт-Петербург (Спортивная) - 1 шт | XS: Тюмень (Народная) - 2 шт | XS: Санкт-Петербург (Ярослава Гашека) - 1 шт | XS: Соболева - 1 шт | S: Соболева - 1 шт | S: Уфа - 1 шт | S: Ижевск - 1 шт | S: Санкт-Петербург (Спортивная) - 2 шт | S: Парина - 1 шт | S: Основной склад Екатеринбург - 3 шт | S: Бисертская - 1 шт | S: Елизаветенское шоссе - 1 шт | S: Тюмень (Народная) - 1 шт | M: Санкт-Петербург (Ярослава Гашека) - 1 шт | M: Елизаветенское шоссе - 1 шт | M: Основной склад Екатеринбург - 2 шт | M: Тюмень (Народная) - 2 шт | M: Бисертская - 1 шт | M: Парина - 1 шт | M: Санкт-Петербург (Спортивная) - 1 шт | M: Ижевск - 1 шт | M: Уфа - 1 шт | L: Санкт-Петербург (Спортивная) - 1 шт | L: Бисертская - 1 шт | L: Елизаветенское шоссе - 1 шт | L: Санкт-Петербург (Ярослава Гашека) - 1 шт | XL: Санкт-Петербург (Спортивная) - 1 шт,37.0,public/data/product_images/a8230e7c0e32.webp,4.0,7.0,5,2.0,2.0,3.0,3,7.0,2.0,2.0
Одежда,NS76-1304,Юбка женская 7/6 Nata Skirt - Pearl,7/6,5990 ₽,https://saletennis.com/catalog/product/iubka-zhienskaia-7-6-nata-skirt-pearl-19294,XXS: Санкт-Петербург (Ярослава Гашека) - 1 шт | XXS: Санкт-Петербург (Спортивная) - 1 шт | XXS: Тюмень (Народная) - 2 шт | XS: Санкт-Петербург (Спортивная) - 1 шт | XS: Санкт-Петербург (Ярослава Гашека) - 1 шт | XS: Парина - 1 шт | XS: Ижевск - 1 шт | XS: Уфа - 1 шт | XS: Елизаветенское шоссе - 1 шт | XS: Тюмень (Народная) - 2 шт | S: Бисертская - 1 шт | S: Парина - 1 шт | S: Санкт-Петербург (Спортивная) - 1 шт | S: Елизаветенское шоссе - 1 шт | S: Уфа - 1 шт | S: Санкт-Петербург (Ярослава Гашека) - 1 шт | S: Соболева - 1 шт | S: Тюмень (Народная) - 2 шт | S: Основной склад Екатеринбург - 3 шт | S: Ижевск - 2 шт | M: Тюмень (Народная) - 2 шт | M: Санкт-Петербург (Спортивная) - 1 шт | M: Парина - 1 шт | M: Соболева - 1 шт | M: Ижевск - 1 шт | M: Санкт-Петербург (Ярослава Гашека) - 1 шт | M: Бисертская - 1 шт | M: Уфа - 1 шт | M: Елизаветенское шоссе - 1 шт | L: Основной склад Екатеринбург - 1 шт | L: Елизаветенское шоссе - 1 шт | L: Санкт-Петербург (Спортивная) - 1 шт | L: Соболева - 1 шт | L: Парина - 1 шт | L: Санкт-Петербург (Ярослава Гашека) - 1 шт | XL: Санкт-Петербург (Спортивная) - 1 шт,43.0,public/data/product_images/05cb1ce5bde2.webp,5.0,6.0,4,3.0,4.0,2.0,4,8.0,3.0,4.0
Одежда,NS76-2520,Юбка женская 7/6 Nata Skirt - Potent Purple,7/6,2495 ₽,https://saletennis.com/catalog/product/iubka-zhienskaia-7-6-nata-skirt-potent-purple-18603,XS: Тюмень (Народная) - 1 шт | XS: Санкт-Петербург (Спортивная) - 1 шт | XS: Уфа - 1 шт,3.0,public/data/product_images/63a4a3c26eed.webp,0.0,1.0,0,0.0,0.0,0.0,0,1.0,1.0,0.0
Одежда,NS76-1215,Юбка женская 7/6 Nata Skirt - Shaved Chocolate,7/6,5990 ₽,https://saletennis.com/catalog/product/iubka-zhienskaia-7-6-nata-skirt-shaved-chocolate-19295,XXS: Санкт-Петербург (Ярослава Гашека) - 1 шт | XXS: Тюмень (Народная) - 2 шт | XXS: Санкт-Петербург (Спортивная) - 1 шт | XS: Ижевск - 1 шт | XS: Соболева - 1 шт | XS: Елизаветенское шоссе - 1 шт | XS: Санкт-Петербург (Спортивная) - 1 шт | XS: Парина - 1 шт | XS: Тюмень (Народная) - 2 шт | XS: Санкт-Петербург (Ярослава Гашека) - 1 шт | S: Бисертская - 1 шт | S: Соболева - 1 шт | S: Санкт-Петербург (Спортивная) - 1 шт | S: Елизаветенское шоссе - 1 шт | S: Основной склад Екатеринбург - 2 шт | S: Тюмень (Народная) - 2 шт | S: Парина - 1 шт | M: Уфа - 1 шт | M: Бисертская - 1 шт | M: Парина - 1 шт | M: Соболева - 1 шт | M: Тюмень (Народная) - 1 шт | M: Елизаветенское шоссе - 1 шт | L: Елизаветенское шоссе - 1 шт | L: Санкт-Петербург (Спортивная) - 1 шт | L: Санкт-Петербург (Ярослава Гашека) - 1 шт | XL: Санкт-Петербург (Спортивная) - 1 шт,31.0,public/data/product_images/f1930d0bafc7.webp,3.0,5.0,2,3.0,3.0,2.0,4,7.0,1.0,1.0
Одежда,W1390018,Юбка женская Bidi Badu Kaleido - White/Mixed,Bidi Badu,1490 ₽,https://saletennis.com/catalog/product/iubka-zhienskaia-bidi-badu-kaleido-white-mixed-17234,XS: Санкт-Петербург (Спортивная) - 1 шт,1.0,public/data/product_images/d4c2c459fbc3.webp,0.0,1.0,0,0.0,0.0,0.0,0,0.0,0.0,0.0
Одежда,W1390017,Юбка женская Bidi Badu Melbourne Printed Wavy - Orange/Turquoise,Bidi Badu,1990 ₽,https://saletennis.com/catalog/product/iubka-zhienskaia-bidi-badu-melbourne-printed-wavy-orange-turquoise-17235,XS: Основной склад Екатеринбург - 1 шт | S: Основной склад Екатеринбург - 4 шт | M: Основной склад Екатеринбург - 1 шт,6.0,public/data/product_images/788a6c3f1484.webp,0.0,0.0,6,0.0,0.0,0.0,0,0.0,0.0,0.0
Одежда,W1390009-DBLRD,Юбка женская Bidi Badu New York 2024 - Blue/Red,Bidi Badu,2490 ₽,https://saletennis.com/catalog/product/iubka-zhienskaia-bidi-badu-new-york-2024-blue-red-16447,XS: Основной склад Екатеринбург - 2 шт | S: Основной склад Екатеринбург - 1 шт | S: Санкт-Петербург (Спортивная) - 1 шт | M: Основной склад Екатеринбург - 1 шт,5.0,public/data/product_images/6c6c0f96b147.webp,0.0,1.0,4,0.0,0.0,0.0,0,0.0,0.0,0.0
Одежда,W1390013,Юбка женская Bidi Badu Spectrum Printed Wavy - Light Brown/Coral/Yellow,Bidi Badu,1990 ₽,https://saletennis.com/catalog/product/iubka-zhienskaia-bidi-badu-spectrum-printed-wavy-light-brown-coral-yellow-17542,XS: Санкт-Петербург (Спортивная) - 1 шт | XS: Основной склад Екатеринбург - 1 шт | S: Основной склад Екатеринбург - 2 шт | M: Санкт-Петербург (Спортивная) - 1 шт | M: Основной склад Екатеринбург - 2 шт,7.0,public/data/product_images/cbfcf9db1f2e.webp,0.0,2.0,5,0.0,0.0,0.0,0,0.0,0.0,0.0
Одежда,W2390012-DBBL,Юбка женская Bidi Badu Spike Printed - Dark Blue/Blue,Bidi Badu,1990 ₽,https://saletennis.com/catalog/product/iubka-zhienskaia-bidi-badu-spike-printed-dark-blue-blue-16386,XS: Основной склад Екатеринбург - 1 шт | S: Санкт-Петербург (Спортивная) - 1 шт | S: Основной склад Екатеринбург - 2 шт | M: Санкт-Петербург (Спортивная) - 1 шт | M: Основной склад Екатеринбург - 1 шт,6.0,public/data/product_images/a1f889cc46ef.webp,0.0,2.0,4,0.0,0.0,0.0,0,0.0,0.0,0.0
Одежда,W1390011,Юбка женская Bidi Badu Spike Printed - Lilac/Pink,Bidi Badu,1990 ₽,https://saletennis.com/catalog/product/iubka-zhienskaia-bidi-badu-spike-printed-lilac-pink-16387,XS: Основной склад Екатеринбург - 1 шт | M: Основной склад Екатеринбург - 1 шт,2.0,public/data/product_images/b8e0c82a811d.webp,0.0,0.0,2,0.0,0.0,0.0,0,0.0,0.0,0.0
Одежда,W1390010-DBLMX,Юбка женская Bidi Badu Twiggy Printed  - Blue/Mixed,Bidi Badu,2490 ₽,https://saletennis.com/catalog/product/iubka-zhienskaia-bidi-badu-twiggy-printed-blue-mixed-16448,S: Основной склад Екатеринбург - 2 шт,2.0,public/data/product_images/9b7f871ed5e9.webp,0.0,0.0,2,0.0,0.0,0.0,0,0.0,0.0,0.0
Одежда,62GBB20119,Юбка женская Mizuno Charge Printed Flying Skirt - Blue Glow,Mizuno,3490 ₽,https://saletennis.com/catalog/product/iubka-zhienskaia-mizuno-charge-printed-flying-skirt-blue-glow-16336,XS: Основной склад Екатеринбург - 1 шт | S: Основной склад Екатеринбург - 1 шт | M: Основной склад Екатеринбург - 1 шт,3.0,public/data/product_images/96bc02440dda.webp,0.0,0.0,3,0.0,0.0,0.0,0,0.0,0.0,0.0
Одежда,62GBB20164,Юбка женская Mizuno Charge Printed Flying Skirt - Lilac Chiffon,Mizuno,3490 ₽,https://saletennis.com/catalog/product/iubka-zhienskaia-mizuno-charge-printed-flying-skirt-lilac-chiffon-16337,XS: Основной склад Екатеринбург - 1 шт | S: Основной склад Екатеринбург - 1 шт,2.0,public/data/product_images/2a988265b121.webp,0.0,0.0,2,0.0,0.0,0.0,0,0.0,0.0,0.0
Одежда,62GBC701-22,Юбка женская Mizuno Daybreakers Flying - Icelandic Blue,Mizuno,3143 ₽,https://saletennis.com/catalog/product/iubka-zhienskaia-mizuno-daybreakers-flying-icelandic-blue-18416,S: Соболева - 1 шт,1.0,public/data/product_images/a68b680d9bc3.webp,0.0,0.0,0,1.0,0.0,0.0,0,0.0,0.0,0.0
Одежда,62GBB730-67,Юбка женская Mizuno Flex Skirt - Crocus Petal,Mizuno,2994 ₽,https://saletennis.com/catalog/product/iubka-zhienskaia-mizuno-flex-skirt-crocus-petal-17463,XS: Основной склад Екатеринбург - 1 шт | S: Соболева - 1 шт | S: Санкт-Петербург (Спортивная) - 1 шт | S: Основной склад Екатеринбург - 1 шт | M: Основной склад Екатеринбург - 1 шт,5.0,public/data/product_images/061826dc502b.webp,0.0,1.0,3,1.0,0.0,0.0,0,0.0,0.0,0.0
Одежда,62GB2800-27,Юбка женская Mizuno Flying Skirt - Peace Blue,Mizuno,1990 ₽,https://saletennis.com/catalog/product/iubka-zhienskaia-mizuno-flying-skirt-peace-blue-14236,XS: Основной склад Екатеринбург - 1 шт,1.0,public/data/product_images/6e416f424770.webp,0.0,0.0,1,0.0,0.0,0.0,0,0.0,0.0,0.0
Одежда,62GBC20114,Юбка женская Mizuno Frontier Flying Skirt - Bellwether Blue,Mizuno,3143 ₽,https://saletennis.com/catalog/product/iubka-zhienskaia-mizuno-frontier-flying-skirt-bellwether-blue-18201,S: Основной склад Екатеринбург - 1 шт | M: Основной склад Екатеринбург - 1 шт,2.0,public/data/product_images/619d52d45c67.webp,0.0,0.0,2,0.0,0.0,0.0,0,0.0,0.0,0.0
Одежда,62GBC20113,Юбка женская Mizuno Frontier Flying Skirt - Midnight Navy,Mizuno,3143 ₽,https://saletennis.com/catalog/product/iubka-zhienskaia-mizuno-frontier-flying-skirt-midnight-navy-18202,XS: Соболева - 1 шт | S: Соболева - 1 шт,2.0,public/data/product_images/e5c7c9eb76d2.webp,0.0,0.0,0,2.0,0.0,0.0,0,0.0,0.0,0.0
Одежда,62GBC20173,Юбка женская Mizuno Frontier Flying Skirt - White/Bay,Mizuno,3143 ₽,https://saletennis.com/catalog/product/iubka-zhienskaia-mizuno-frontier-flying-skirt-white-bay-18203,M: Ижевск - 1 шт | L: Основной склад Екатеринбург - 1 шт,2.0,public/data/product_images/1011b346fcd9.webp,0.0,0.0,1,0.0,0.0,0.0,0,0.0,0.0,1.0
Одежда,62GBB702-01,Юбка женская Mizuno Mugen 2in1 Skirt - White,Mizuno,3245 ₽,https://saletennis.com/catalog/product/iubka-zhienskaia-mizuno-mugen-2in1-skirt-white-17464,XS: Санкт-Петербург (Спортивная) - 1 шт | M: Основной склад Екатеринбург - 1 шт | L: Основной склад Екатеринбург - 2 шт | XL: Санкт-Петербург (Спортивная) - 1 шт,5.0,public/data/product_images/0d7eb20d919c.webp,0.0,2.0,3,0.0,0.0,0.0,0,0.0,0.0,0.0
Одежда,62GBB701-67,Юбка женская Mizuno Mugen Flying Skirt - Crocus Petal,Mizuno,3490 ₽,https://saletennis.com/catalog/product/iubka-zhienskaia-mizuno-mugen-flying-skirt-crocus-petal-17465,XS: Соболева - 1 шт | S: Основной склад Екатеринбург - 2 шт | M: Санкт-Петербург (Спортивная) - 1 шт,4.0,public/data/product_images/299154977412.webp,0.0,1.0,2,1.0,0.0,0.0,0,0.0,0.0,0.0
Одежда,62GBB701-16,Юбка женская Mizuno Mugen Flying Skirt - Estate Blue,Mizuno,3490 ₽,https://saletennis.com/catalog/product/iubka-zhienskaia-mizuno-mugen-flying-skirt-estate-blue-17466,XS: Санкт-Петербург (Спортивная) - 1 шт,1.0,public/data/product_images/c32aa4eba637.webp,0.0,1.0,0,0.0,0.0,0.0,0,0.0,0.0,0.0
Одежда,62GBB701-41,Юбка женская Mizuno Mugen Flying Skirt - Neo Lime,Mizuno,3490 ₽,https://saletennis.com/catalog/product/iubka-zhienskaia-mizuno-mugen-flying-skirt-neo-lime-17467,S: Основной склад Екатеринбург - 1 шт,1.0,public/data/product_images/890245d3480e.webp,0.0,0.0,1,0.0,0.0,0.0,0,0.0,0.0,0.0
Одежда,FZ6726-010,Юбка женская Nike Advantage Ace - Black,Nike,7118 ₽,https://saletennis.com/catalog/product/iubka-zhienskaia-nike-advantage-ace-black-17723,XS: Уфа - 1 шт,1.0,public/data/product_images/b759f79a1305.webp,0.0,0.0,0,0.0,0.0,0.0,0,0.0,1.0,0.0
Одежда,FZ6726-527,Юбка женская Nike Advantage Ace - Dusty Amethyst,Nike,7592 ₽,https://saletennis.com/catalog/product/iubka-zhienskaia-nike-advantage-ace-dusty-amethyst-17724,XS: Парина - 1 шт,1.0,public/data/product_images/56caa2bfdf1d.webp,0.0,0.0,0,0.0,1.0,0.0,0,0.0,0.0,0.0
Одежда,FZ6726-323,Юбка женская Nike Advantage Ace - Fir,Nike,9490 ₽,https://saletennis.com/catalog/product/iubka-zhienskaia-nike-advantage-ace-fir-18447,XS: Санкт-Петербург (Спортивная) - 1 шт,1.0,public/data/product_images/922fbb173f8f.webp,0.0,1.0,0,0.0,0.0,0.0,0,0.0,0.0,0.0
Одежда,FZ6726-422,Юбка женская Nike Advantage Ace - Glacier Blue,Nike,9490 ₽,https://saletennis.com/catalog/product/iubka-zhienskaia-nike-advantage-ace-glacier-blue-17850,XS: Санкт-Петербург (Спортивная) - 1 шт,1.0,public/data/product_images/56ffb255337b.webp,0.0,1.0,0,0.0,0.0,0.0,0,0.0,0.0,0.0
Одежда,HJ7913-478,Юбка женская Nike Advantage Ace Skirt - Armory Navy,Nike,10990 ₽,https://saletennis.com/catalog/product/iubka-zhienskaia-nike-advantage-ace-skirt-armory-navy-18311,XS: Уфа - 1 шт,1.0,public/data/product_images/29fe3c115485.webp,0.0,0.0,0,0.0,0.0,0.0,0,0.0,1.0,0.0
Одежда,FQ2153-474,Юбка женская Nike Advantage - Glacier Blue/Black,Nike,8694 ₽,https://saletennis.com/catalog/product/iubka-zhienskaia-nike-advantage-glacier-blue-black-16991,XS: Парина - 1 шт | XS: Соболева - 1 шт | XS: Санкт-Петербург (Спортивная) - 1 шт | S: Санкт-Петербург (Спортивная) - 1 шт | S: Тюмень (Народная) - 1 шт | S: Уфа - 1 шт | S: Соболева - 1 шт | S: Ижевск - 1 шт | M: Парина - 1 шт | M: Санкт-Петербург (Спортивная) - 1 шт,10.0,public/data/product_images/456f96dbacd7.webp,0.0,3.0,0,2.0,2.0,0.0,0,1.0,1.0,1.0
Одежда,FZ6512-323,Юбка женская Nike Court Ace Skirt - Fir,Nike,9990 ₽,https://saletennis.com/catalog/product/iubka-zhienskaia-nike-court-ace-skirt-fir-18854,XS: Тюмень (Народная) - 1 шт | M: Парина - 1 шт,2.0,public/data/product_images/ab33390b6c67.webp,0.0,0.0,0,0.0,1.0,0.0,0,1.0,0.0,0.0
Одежда,FZ6512-499,Юбка женская Nike Court Ace Skirt - World Indigo,Nike,8632 ₽,https://saletennis.com/catalog/product/iubka-zhienskaia-nike-court-ace-skirt-world-indigo-18103,XS: Санкт-Петербург (Спортивная) - 1 шт,1.0,public/data/product_images/ad94bf4ca1d9.webp,0.0,1.0,0,0.0,0.0,0.0,0,0.0,0.0,0.0
Одежда,II3624-736,Юбка женская Nike Court Advantage - Lemon Twist/Black,Nike,9490 ₽,https://saletennis.com/catalog/product/iubka-zhienskaia-nike-court-advantage-lemon-twist-black-19215,XS: Парина - 1 шт | XS: Санкт-Петербург (Спортивная) - 1 шт | S: Санкт-Петербург (Спортивная) - 1 шт | S: Уфа - 1 шт,4.0,public/data/product_images/4efebc6f5be0.webp,0.0,2.0,0,0.0,1.0,0.0,0,0.0,1.0,0.0
Одежда,II3624-100,Юбка женская Nike Court Advantage - White/Black,Nike,9990 ₽,https://saletennis.com/catalog/product/iubka-zhienskaia-nike-court-advantage-white-black-19261,S: Санкт-Петербург (Спортивная) - 1 шт | S: Соболева - 1 шт | S: Тюмень (Народная) - 1 шт,3.0,public/data/product_images/8b9023274a65.webp,0.0,1.0,0,1.0,0.0,0.0,0,1.0,0.0,0.0
Одежда,II3469-503,Юбка женская Nike Court Slam High-Waisted Skirt - Light Magenta,Nike,10990 ₽,https://saletennis.com/catalog/product/iubka-zhienskaia-nike-court-slam-high-waisted-skirt-light-magenta-19263,XS: Санкт-Петербург (Спортивная) - 1 шт | M: Санкт-Петербург (Спортивная) - 1 шт,2.0,public/data/product_images/2498a99e8a7a.webp,0.0,2.0,0,0.0,0.0,0.0,0,0.0,0.0,0.0
Одежда,II3469-006,Юбка женская Nike Court Slam High-Waisted Skirt - Steam/Black,Nike,10990 ₽,https://saletennis.com/catalog/product/iubka-zhienskaia-nike-court-slam-high-waisted-skirt-steam-black-19265,S: Тюмень (Народная) - 1 шт | S: Ижевск - 1 шт | M: Уфа - 1 шт | L: Тюмень (Народная) - 1 шт,4.0,public/data/product_images/3b729c189c98.webp,0.0,0.0,0,0.0,0.0,0.0,0,2.0,1.0,1.0
Одежда,II3472-007,Юбка женская Nike Court Slam High-Waisted Skirt - Steam/Black Spruce/Black,Nike,10990 ₽,https://saletennis.com/catalog/product/iubka-zhienskaia-nike-court-slam-high-waisted-skirt-steam-black-spruce-black-19264,XS: Санкт-Петербург (Спортивная) - 1 шт | XS: Соболева - 1 шт | S: Соболева - 1 шт | S: Парина - 1 шт | S: Ижевск - 1 шт | L: Парина - 1 шт,6.0,public/data/product_images/c95cf80fecda.webp,0.0,1.0,0,2.0,2.0,0.0,0,0.0,0.0,1.0
Одежда,II3472-503,Юбка женская Nike Court Slam Skirt - Light Magenta/Tattoo/Black,Nike,10990 ₽,https://saletennis.com/catalog/product/iubka-zhienskaia-nike-court-slam-skirt-light-magenta-tattoo-black-19266,XS: Ижевск - 1 шт,1.0,public/data/product_images/390b2b96d1c2.png,0.0,0.0,0,0.0,0.0,0.0,0,0.0,0.0,1.0
Одежда,II3233-736,Юбка женская Nike Court Slam Tennis Skirt - Light Lemon Twist/Sapphire,Nike,11490 ₽,https://saletennis.com/catalog/product/iubka-zhienskaia-nike-court-slam-tennis-skirt-light-lemon-twist-sapphire-18855,M: Уфа - 1 шт,1.0,public/data/product_images/d4d26282a585.webp,0.0,0.0,0,0.0,0.0,0.0,0,0.0,1.0,0.0
Одежда,II3233-307,Юбка женская Nike Court Slam Tennis Skirt - Mean Green,Nike,8618 ₽,https://saletennis.com/catalog/product/iubka-zhienskaia-nike-court-slam-tennis-skirt-mean-green-18856,XS: Уфа - 1 шт | S: Уфа - 1 шт | S: Тюмень (Народная) - 1 шт,3.0,public/data/product_images/11cbf4140a89.webp,0.0,0.0,0,0.0,0.0,0.0,0,1.0,2.0,0.0
Одежда,IO0471-100,Юбка женская Nike Court Slam - White/White,Nike,10990 ₽,https://saletennis.com/catalog/product/iubka-zhienskaia-nike-court-slam-white-white-19262,XS: Санкт-Петербург (Спортивная) - 1 шт | S: Парина - 1 шт,2.0,public/data/product_images/5c5be25c78cf.webp,0.0,1.0,0,0.0,1.0,0.0,0,0.0,0.0,0.0
Одежда,FD5574-744,Юбка женская Nike Court Victory Skirt - Alabaster/White,Nike,5593 ₽,https://saletennis.com/catalog/product/iubka-zhienskaia-nike-court-victory-skirt-alabaster-white-17331,XS: Санкт-Петербург (Спортивная) - 1 шт,1.0,public/data/product_images/b3ff6346fae5.webp,0.0,1.0,0,0.0,0.0,0.0,0,0.0,0.0,0.0
Одежда,FD5574-017,Юбка женская Nike Court Victory Skirt - Cannon/White,Nike,5992 ₽,https://saletennis.com/catalog/product/iubka-zhienskaia-nike-court-victory-skirt-cannon-white-18301,XS: Санкт-Петербург (Спортивная) - 1 шт,1.0,public/data/product_images/82f9e347080c.webp,0.0,1.0,0,0.0,0.0,0.0,0,0.0,0.0,0.0
Одежда,FD5574-222,Юбка женская Nike Court Victory Skirt - Medium Olive/White,Nike,7990 ₽,https://saletennis.com/catalog/product/iubka-zhienskaia-nike-court-victory-skirt-medium-olive-white-18449,S: Парина - 1 шт,1.0,public/data/product_images/cc1bdd099c3b.webp,0.0,0.0,0,0.0,1.0,0.0,0,0.0,0.0,0.0
Одежда,FD5574-100,Юбка женская Nike Court Victory Skirt - White/Black,Nike,7990 ₽,https://saletennis.com/catalog/product/iubka-zhienskaia-nike-court-victory-skirt-white-black-18450,XS: Соболева - 1 шт,1.0,public/data/product_images/483366372599.webp,0.0,0.0,0,1.0,0.0,0.0,0,0.0,0.0,0.0
Одежда,DH9779-629,Юбка женская Nike Court Victory Straight Skirt - Aster Pink/Black,Nike,5593 ₽,https://saletennis.com/catalog/product/iubka-zhienskaia-nike-court-victory-straight-skirt-aster-pink-black-16587,S: Санкт-Петербург (Спортивная) - 1 шт,1.0,public/data/product_images/34b2757940ea.webp,0.0,1.0,0,0.0,0.0,0.0,0,0.0,0.0,0.0
Одежда,FB4153-429,Юбка женская Nike Heritage Skirt - Aegean Storm,Nike,9294 ₽,https://saletennis.com/catalog/product/iubka-zhienskaia-nike-heritage-skirt-aegean-storm-16992,S: Санкт-Петербург (Спортивная) - 1 шт | S: Ижевск - 1 шт,2.0,public/data/product_images/0a724aa93364.webp,0.0,1.0,0,0.0,0.0,0.0,0,0.0,0.0,1.0
Одежда,FD6528-844,Юбка женская Nike Victory Skirt - Apricot Agate,Nike,5243 ₽,https://saletennis.com/catalog/product/iubka-zhienskaia-nike-victory-skirt-apricot-agate-17775,XS: Санкт-Петербург (Спортивная) - 1 шт,1.0,public/data/product_images/f3fbdcdab30c.webp,0.0,1.0,0,0.0,0.0,0.0,0,0.0,0.0,0.0
Одежда,G1200001,Капри для девочек Bidi Badu Crew - Black,Bidi Badu,1436 ₽,https://saletennis.com/catalog/product/kapri-dlia-dievochiek-bidi-badu-crew-black-17268,140: Санкт-Петербург (Спортивная) - 1 шт | 152: Санкт-Петербург (Спортивная) - 1 шт | 164: Санкт-Петербург (Спортивная) - 1 шт | 164: Основной склад Екатеринбург - 1 шт,4.0,public/data/product_images/c148020a7eee.webp,0.0,3.0,1,0.0,0.0,0.0,0,0.0,0.0,0.0
Одежда,G1200001,Капри для девочек Bidi Badu Crew - Dark Blue/Pink,Bidi Badu,1436 ₽,https://saletennis.com/catalog/product/kapri-dlia-dievochiek-bidi-badu-crew-dark-blue-pink-17269,140: Санкт-Петербург (Спортивная) - 1 шт,1.0,public/data/product_images/5a196bcaf90c.webp,0.0,1.0,0,0.0,0.0,0.0,0,0.0,0.0,0.0
Одежда,W1270018,Худи женское Bidi Badu Spectrum Chill - Yellow,Bidi Badu,3490 ₽,https://saletennis.com/catalog/product/khudi-zhienskoie-bidi-badu-spectrum-chill-yellow-17217,XS: Основной склад Екатеринбург - 1 шт | S: Основной склад Екатеринбург - 1 шт,2.0,public/data/product_images/c863affb3481.webp,0.0,0.0,2,0.0,0.0,0.0,0,0.0,0.0,0.0
Одежда,AC-76BK,Кепка 7/6 Adults Cap - Black,7/6,2990 ₽,https://saletennis.com/catalog/product/kiepka-7-6-adults-cap-black-13212,Бисертская: 3 шт | Санкт-Петербург (Спортивная): 3 шт | Ижевск: 9 шт | Парина: 5 шт | Соболева: 6 шт | Елизаветенское шоссе: 5 шт | Санкт-Петербург (Ярослава Гашека): 2 шт | Уфа: 10 шт | Тюмень (Народная): 5 шт,48.0,public/data/product_images/adc92f61ffb0.webp,2.0,3.0,0,6.0,5.0,3.0,5,5.0,10.0,9.0
Одежда,AC-76WH,Кепка 7/6 Adults Cap - White,7/6,2990 ₽,https://saletennis.com/catalog/product/kiepka-7-6-adults-cap-white-13213,Елизаветенское шоссе: 5 шт | Тюмень: 2 шт | Парина: 5 шт | Уфа: 5 шт | Ижевск: 9 шт | Соболева: 6 шт | Санкт-Петербург (Ярослава Гашека): 2 шт | Санкт-Петербург (Спортивная): 3 шт | Бисертская: 5 шт,42.0,public/data/product_images/780979870ed4.webp,2.0,3.0,0,6.0,5.0,5.0,5,2.0,5.0,9.0
Одежда,KC-76WH,Кепка 7/6 Kids Cap - White,7/6,1743 ₽,https://saletennis.com/catalog/product/kiepka-7-6-kids-cap-white-13216,Уфа: 3 шт | Ижевск: 1 шт | Елизаветенское шоссе: 1 шт | Санкт-Петербург (Ярослава Гашека): 3 шт | Бисертская: 1 шт | Тюмень (Народная): 1 шт | Парина: 1 шт | Санкт-Петербург (Спортивная): 10 шт | Соболева: 2 шт,23.0,public/data/product_images/5f6b76c3354a.webp,3.0,10.0,0,2.0,1.0,1.0,1,1.0,3.0,1.0
Одежда,FB5598-010,Кепка Nike Dri-FIT ADV Club Cap - Black,Nike,4490 ₽,https://saletennis.com/catalog/product/kiepka-nike-dri-fit-adv-club-cap-black-15866,L/XL: Санкт-Петербург (Спортивная) - 1 шт | L/XL: Парина - 1 шт | L/XL: Тюмень (Народная) - 1 шт | M/L: Ижевск - 1 шт | M/L: Санкт-Петербург (Спортивная) - 1 шт | M/L: Тюмень (Народная) - 1 шт | M/L: Уфа - 1 шт,7.0,public/data/product_images/569de9cac6e0.webp,0.0,2.0,0,0.0,1.0,0.0,0,2.0,1.0,1.0
Одежда,FB5598-345,Кепка Nike Dri-FIT ADV Club Cap - Dusty Cactus,Nike,4490 ₽,https://saletennis.com/catalog/product/kiepka-nike-dri-fit-adv-club-cap-dusty-cactus-17663,L/XL: Соболева - 1 шт,1.0,public/data/product_images/1126726d22f6.webp,0.0,0.0,0,1.0,0.0,0.0,0,0.0,0.0,0.0
Одежда,FB5598-515,Кепка Nike Dri-FIT ADV Club Cap - Hydrangeas,Nike,4490 ₽,https://saletennis.com/catalog/product/kiepka-nike-dri-fit-adv-club-cap-hydrangeas-17664,L/XL: Ижевск - 1 шт,1.0,public/data/product_images/b8139f4ee3cd.webp,0.0,0.0,0,0.0,0.0,0.0,0,0.0,0.0,1.0
Одежда,FB5598-226,Кепка Nike Dri-FIT ADV Club Cap - Light Violet Ore/White,Nike,3990 ₽,https://saletennis.com/catalog/product/kiepka-nike-dri-fit-adv-club-cap-light-violet-ore-white-19216,L/XL: Уфа - 1 шт | L/XL: Тюмень (Народная) - 1 шт | L/XL: Бисертская - 1 шт | L/XL: Санкт-Петербург (Спортивная) - 1 шт | L/XL: Парина - 1 шт | M/L: Парина - 1 шт | M/L: Соболева - 1 шт | M/L: Тюмень (Народная) - 1 шт | M/L: Уфа - 1 шт,9.0,public/data/product_images/a3f1382aaa58.webp,0.0,1.0,0,1.0,2.0,1.0,0,2.0,2.0,0.0
Одежда,FB5598-353,Кепка Nike Dri-FIT ADV Club Cap - Mint Foam/Cannon,Nike,4490 ₽,https://saletennis.com/catalog/product/kiepka-nike-dri-fit-adv-club-cap-mint-foam-cannon-18452,M/L: Тюмень (Народная) - 1 шт,1.0,public/data/product_images/26bda1d037c9.webp,0.0,0.0,0,0.0,0.0,0.0,0,1.0,0.0,0.0
Одежда,FB5598-006,Кепка Nike Dri-FIT ADV Club Cap - Steam/Black,Nike,3990 ₽,https://saletennis.com/catalog/product/kiepka-nike-dri-fit-adv-club-cap-steam-black-19217,L/XL: Тюмень (Народная) - 1 шт | L/XL: Соболева - 1 шт | L/XL: Санкт-Петербург (Спортивная) - 1 шт | L/XL: Уфа - 1 шт | L/XL: Ижевск - 1 шт | L/XL: Парина - 1 шт | M/L: Парина - 1 шт,7.0,public/data/product_images/251bc2f8ae7e.webp,0.0,1.0,0,1.0,2.0,0.0,0,1.0,1.0,1.0
Одежда,FB5598-100,Кепка Nike Dri-FIT ADV Club Cap - White,Nike,4490 ₽,https://saletennis.com/catalog/product/kiepka-nike-dri-fit-adv-club-cap-white-15867,L/XL: Парина - 1 шт | L/XL: Уфа - 1 шт | L/XL: Тюмень (Народная) - 1 шт | L/XL: Соболева - 1 шт | L/XL: Ижевск - 1 шт | L/XL: Санкт-Петербург (Спортивная) - 1 шт | M/L: Тюмень (Народная) - 1 шт,7.0,public/data/product_images/5c8769ac16d7.webp,0.0,1.0,0,1.0,1.0,0.0,0,2.0,1.0,1.0
Одежда,KJJ76-4056,Кофта детская 7/6 Jackie Jacket Kids - Blue Lolite,7/6,4794 ₽,https://saletennis.com/catalog/product/kofta-dietskaia-7-6-jackie-jacket-kids-blue-lolite-17907,L: Санкт-Петербург (Ярослава Гашека) - 1 шт | L: Тюмень (Народная) - 1 шт | L: Санкт-Петербург (Спортивная) - 1 шт | M: Санкт-Петербург (Спортивная) - 1 шт | M: Санкт-Петербург (Ярослава Гашека) - 1 шт | M: Уфа - 1 шт | S: Санкт-Петербург (Спортивная) - 1 шт | S: Соболева - 1 шт | S: Санкт-Петербург (Ярослава Гашека) - 1 шт | XL: Уфа - 1 шт | XL: Соболева - 1 шт | XL: Тюмень (Народная) - 1 шт | XL: Санкт-Петербург (Спортивная) - 1 шт | XL: Основной склад Екатеринбург - 4 шт | XS: Соболева - 1 шт | XS: Санкт-Петербург (Ярослава Гашека) - 1 шт | XS: Санкт-Петербург (Спортивная) - 1 шт,20.0,public/data/product_images/bcfb4dc84515.webp,4.0,5.0,4,3.0,0.0,0.0,0,2.0,2.0,0.0
Одежда,KJJ76-0116,Кофта детская 7/6 Jackie Jacket Kids - Light Green,7/6,4794 ₽,https://saletennis.com/catalog/product/kofta-dietskaia-7-6-jackie-jacket-kids-light-green-17908,XL: Санкт-Петербург (Ярослава Гашека) - 1 шт | XL: Тюмень (Народная) - 1 шт | XL: Санкт-Петербург (Спортивная) - 1 шт | XL: Основной склад Екатеринбург - 2 шт | XL: Соболева - 1 шт | XS: Санкт-Петербург (Спортивная) - 1 шт | XS: Соболева - 1 шт | XS: Санкт-Петербург (Ярослава Гашека) - 1 шт | S: Соболева - 1 шт | S: Санкт-Петербург (Спортивная) - 1 шт | S: Основной склад Екатеринбург - 1 шт | S: Санкт-Петербург (Ярослава Гашека) - 1 шт | M: Санкт-Петербург (Спортивная) - 1 шт | M: Санкт-Петербург (Ярослава Гашека) - 1 шт | M: Тюмень (Народная) - 1 шт | M: Основной склад Екатеринбург - 1 шт | L: Санкт-Петербург (Ярослава Гашека) - 1 шт | L: Санкт-Петербург (Спортивная) - 1 шт,19.0,public/data/product_images/2b6518faef1b.webp,5.0,5.0,4,3.0,0.0,0.0,0,2.0,0.0,0.0
Одежда,KJ76-BK,Кофта детская 7/6 Taylor Kids Jacket - Black,7/6,5990 ₽,https://saletennis.com/catalog/product/kofta-dietskaia-7-6-taylor-kids-jacket-black-17278,XS: Санкт-Петербург (Спортивная) - 1 шт | XS: Санкт-Петербург (Ярослава Гашека) - 1 шт | XS: Парина - 1 шт | S: Санкт-Петербург (Спортивная) - 1 шт | S: Санкт-Петербург (Ярослава Гашека) - 1 шт | S: Ижевск - 1 шт | M: Санкт-Петербург (Ярослава Гашека) - 1 шт | M: Санкт-Петербург (Спортивная) - 2 шт | L: Ижевск - 1 шт | L: Санкт-Петербург (Ярослава Гашека) - 1 шт | L: Санкт-Петербург (Спортивная) - 1 шт,12.0,public/data/product_images/561c6b04693c.webp,4.0,5.0,0,0.0,1.0,0.0,0,0.0,0.0,2.0
Одежда,MJJ76-4104,Кофта мужская 7/6 Jackie Jacket Men - Antarctica,7/6,5495 ₽,https://saletennis.com/catalog/product/kofta-muzhskaia-7-6-jackie-jacket-men-antarctica-18604,S: Санкт-Петербург (Спортивная) - 1 шт | M: Тюмень (Народная) - 2 шт | M: Санкт-Петербург (Спортивная) - 1 шт | M: Елизаветенское шоссе - 1 шт | L: Парина - 1 шт | L: Тюмень (Народная) - 1 шт | L: Елизаветенское шоссе - 1 шт | L: Санкт-Петербург (Спортивная) - 1 шт | XL: Елизаветенское шоссе - 1 шт | XL: Тюмень (Народная) - 1 шт | XXL: Санкт-Петербург (Спортивная) - 1 шт | XXL: Елизаветенское шоссе - 1 шт,13.0,public/data/product_images/253cd619f33f.webp,0.0,4.0,0,0.0,1.0,0.0,4,4.0,0.0,0.0
Одежда,MJJ76-4109,Кофта мужская 7/6 Jackie Jacket Men - Arona,7/6,5495 ₽,https://saletennis.com/catalog/product/kofta-muzhskaia-7-6-jackie-jacket-men-arona-18605,S: Санкт-Петербург (Спортивная) - 1 шт | M: Тюмень (Народная) - 1 шт | M: Санкт-Петербург (Спортивная) - 1 шт | L: Санкт-Петербург (Спортивная) - 1 шт | L: Елизаветенское шоссе - 1 шт | L: Парина - 1 шт | XL: Основной склад Екатеринбург - 1 шт | XL: Тюмень (Народная) - 1 шт | XL: Парина - 1 шт | XL: Елизаветенское шоссе - 1 шт | XXL: Елизаветенское шоссе - 1 шт | XXL: Санкт-Петербург (Спортивная) - 1 шт,12.0,public/data/product_images/a73055280ab6.webp,0.0,4.0,1,0.0,2.0,0.0,3,2.0,0.0,0.0
Одежда,MJJ76-4056,Кофта мужская 7/6 Jackie Jacket Men - Blue Lolite,7/6,4995 ₽,https://saletennis.com/catalog/product/kofta-muzhskaia-7-6-jackie-jacket-men-blue-lolite-17864,S: Уфа - 1 шт | S: Санкт-Петербург (Спортивная) - 1 шт | S: Основной склад Екатеринбург - 3 шт | M: Уфа - 1 шт | M: Тюмень (Народная) - 1 шт | M: Санкт-Петербург (Спортивная) - 2 шт | L: Бисертская - 1 шт | L: Тюмень (Народная) - 1 шт | L: Уфа - 1 шт | L: Основной склад Екатеринбург - 1 шт | XL: Тюмень (Народная) - 1 шт | XL: Уфа - 1 шт | XL: Санкт-Петербург (Спортивная) - 1 шт | XL: Основной склад Екатеринбург - 4 шт | XXL: Санкт-Петербург (Спортивная) - 1 шт | XXL: Основной склад Екатеринбург - 2 шт,23.0,public/data/product_images/4d8190371268.webp,0.0,5.0,10,0.0,0.0,1.0,0,3.0,4.0,0.0
Одежда,MJJ76-4405,Кофта мужская 7/6 Jackie Jacket Men - Dark Grey,7/6,4995 ₽,https://saletennis.com/catalog/product/kofta-muzhskaia-7-6-jackie-jacket-men-dark-grey-17865,S: Тюмень (Народная) - 1 шт | S: Основной склад Екатеринбург - 2 шт | S: Санкт-Петербург (Спортивная) - 1 шт | XL: Основной склад Екатеринбург - 1 шт | XL: Санкт-Петербург (Спортивная) - 1 шт | XXL: Парина - 1 шт | XXL: Основной склад Екатеринбург - 2 шт | XXL: Санкт-Петербург (Спортивная) - 1 шт | XXL: Тюмень (Народная) - 1 шт,11.0,public/data/product_images/4a73730c2204.webp,0.0,3.0,5,0.0,1.0,0.0,0,2.0,0.0,0.0
Одежда,MJJ76-4718,Кофта мужская 7/6 Jackie Jacket Men - Hydro,7/6,10990 ₽,https://saletennis.com/catalog/product/kofta-muzhskaia-7-6-jackie-jacket-men-hydro-19376,S: Елизаветенское шоссе - 1 шт | S: Санкт-Петербург (Спортивная) - 1 шт | S: Уфа - 1 шт | M: Тюмень (Народная) - 1 шт | M: Уфа - 1 шт | M: Соболева - 1 шт | M: Елизаветенское шоссе - 1 шт | M: Санкт-Петербург (Ярослава Гашека) - 1 шт | M: Парина - 1 шт | M: Санкт-Петербург (Спортивная) - 1 шт | L: Соболева - 1 шт | L: Елизаветенское шоссе - 1 шт | L: Парина - 1 шт | L: Санкт-Петербург (Спортивная) - 1 шт | L: Тюмень (Народная) - 1 шт | L: Санкт-Петербург (Ярослава Гашека) - 1 шт | L: Уфа - 1 шт | L: Ижевск - 1 шт | XL: Уфа - 1 шт | XL: Санкт-Петербург (Спортивная) - 1 шт | XL: Санкт-Петербург (Ярослава Гашека) - 1 шт | XL: Соболева - 1 шт | XL: Елизаветенское шоссе - 1 шт | XL: Парина - 1 шт | XXL: Санкт-Петербург (Спортивная) - 1 шт | XXL: Соболева - 1 шт | XXL: Санкт-Петербург (Ярослава Гашека) - 1 шт | XXL: Елизаветенское шоссе - 1 шт,28.0,public/data/product_images/c1c01a84db67.webp,4.0,5.0,0,4.0,3.0,0.0,5,2.0,4.0,1.0
Одежда,MJJ76-0116,Кофта мужская 7/6 Jackie Jacket Men - Light Green,7/6,4995 ₽,https://saletennis.com/catalog/product/kofta-muzhskaia-7-6-jackie-jacket-men-light-green-17866,S: Основной склад Екатеринбург - 4 шт | S: Санкт-Петербург (Спортивная) - 1 шт | M: Тюмень (Народная) - 1 шт | M: Санкт-Петербург (Спортивная) - 2 шт | M: Основной склад Екатеринбург - 1 шт | L: Санкт-Петербург (Спортивная) - 1 шт | L: Тюмень (Народная) - 2 шт | XL: Уфа - 1 шт | XL: Санкт-Петербург (Спортивная) - 1 шт | XL: Основной склад Екатеринбург - 3 шт | XXL: Основной склад Екатеринбург - 1 шт | XXL: Санкт-Петербург (Спортивная) - 1 шт | XXL: Уфа - 1 шт,20.0,public/data/product_images/4235b814bc50.webp,0.0,6.0,9,0.0,0.0,0.0,0,3.0,2.0,0.0
Одежда,MJJ76-1215,Кофта мужская 7/6 Jackie Jacket Men - Shaved Chocolate,7/6,10990 ₽,https://saletennis.com/catalog/product/kofta-muzhskaia-7-6-jackie-jacket-men-shaved-chocolate-19377,S: Санкт-Петербург (Спортивная) - 1 шт | S: Ижевск - 1 шт | S: Парина - 1 шт | S: Елизаветенское шоссе - 1 шт | M: Ижевск - 1 шт | M: Тюмень (Народная) - 1 шт | M: Парина - 1 шт | M: Соболева - 1 шт | M: Елизаветенское шоссе - 1 шт | M: Санкт-Петербург (Ярослава Гашека) - 1 шт | M: Санкт-Петербург (Спортивная) - 1 шт | L: Ижевск - 1 шт | L: Елизаветенское шоссе - 1 шт | L: Санкт-Петербург (Спортивная) - 1 шт | L: Парина - 1 шт | L: Тюмень (Народная) - 1 шт | L: Соболева - 1 шт | L: Санкт-Петербург (Ярослава Гашека) - 1 шт | XL: Ижевск - 1 шт | XL: Санкт-Петербург (Спортивная) - 1 шт | XL: Елизаветенское шоссе - 1 шт | XL: Санкт-Петербург (Ярослава Гашека) - 1 шт | XXL: Елизаветенское шоссе - 1 шт | XXL: Парина - 1 шт | XXL: Санкт-Петербург (Спортивная) - 1 шт,25.0,public/data/product_images/4d10e7dee883.webp,3.0,5.0,0,2.0,4.0,0.0,5,2.0,0.0,4.0
Одежда,WJJ76-4104,Кофта женская 7/6 Jackie Jacket Women - Antarctica,7/6,7693 ₽,https://saletennis.com/catalog/product/kofta-zhienskaia-7-6-jackie-jacket-women-antarctica-18634,XXS: Санкт-Петербург (Спортивная) - 1 шт | XS: Елизаветенское шоссе - 1 шт | XS: Санкт-Петербург (Спортивная) - 1 шт | S: Елизаветенское шоссе - 1 шт | S: Санкт-Петербург (Спортивная) - 1 шт | M: Елизаветенское шоссе - 1 шт | L: Елизаветенское шоссе - 1 шт | L: Санкт-Петербург (Спортивная) - 1 шт | XL: Санкт-Петербург (Спортивная) - 1 шт,9.0,public/data/product_images/0fedfddc756b.webp,0.0,5.0,0,0.0,0.0,0.0,4,0.0,0.0,0.0
Одежда,WJJ76-4109,Кофта женская 7/6 Jackie Jacket Women - Arona,7/6,7693 ₽,https://saletennis.com/catalog/product/kofta-zhienskaia-7-6-jackie-jacket-women-arona-18581,XS: Санкт-Петербург (Спортивная) - 1 шт | S: Санкт-Петербург (Спортивная) - 1 шт | S: Елизаветенское шоссе - 1 шт | M: Санкт-Петербург (Спортивная) - 1 шт | M: Тюмень (Народная) - 1 шт | L: Санкт-Петербург (Спортивная) - 1 шт | L: Елизаветенское шоссе - 1 шт | XL: Санкт-Петербург (Спортивная) - 1 шт,8.0,public/data/product_images/60d1ff17787d.webp,0.0,5.0,0,0.0,0.0,0.0,2,1.0,0.0,0.0
Одежда,WJJ76-4802,Кофта женская 7/6 Jackie Jacket Women - Cerise,7/6,4995 ₽,https://saletennis.com/catalog/product/kofta-zhienskaia-7-6-jackie-jacket-women-cerise-17888,XXS: Санкт-Петербург (Спортивная) - 1 шт | XXS: Основной склад Екатеринбург - 2 шт | XS: Тюмень (Народная) - 1 шт | XS: Санкт-Петербург (Спортивная) - 1 шт | XS: Основной склад Екатеринбург - 5 шт | S: Основной склад Екатеринбург - 3 шт | S: Санкт-Петербург (Спортивная) - 1 шт | S: Соболева - 1 шт | S: Тюмень (Народная) - 1 шт | M: Основной склад Екатеринбург - 4 шт | M: Санкт-Петербург (Спортивная) - 1 шт | M: Тюмень (Народная) - 1 шт | L: Основной склад Екатеринбург - 2 шт | XL: Санкт-Петербург (Спортивная) - 2 шт,26.0,public/data/product_images/5698b7da5b56.webp,0.0,6.0,16,1.0,0.0,0.0,0,3.0,0.0,0.0
Одежда,WJJ76-4405,Кофта женская 7/6 Jackie Jacket Women - Dark Grey,7/6,6993 ₽,https://saletennis.com/catalog/product/kofta-zhienskaia-7-6-jackie-jacket-women-dark-grey-17889,XXS: Санкт-Петербург (Спортивная) - 1 шт | XXS: Основной склад Екатеринбург - 3 шт | XS: Ижевск - 1 шт | XS: Основной склад Екатеринбург - 2 шт | XS: Санкт-Петербург (Спортивная) - 1 шт | S: Основной склад Екатеринбург - 1 шт | S: Бисертская - 1 шт | S: Санкт-Петербург (Спортивная) - 1 шт | M: Основной склад Екатеринбург - 1 шт | M: Тюмень (Народная) - 1 шт | L: Основной склад Екатеринбург - 2 шт | L: Санкт-Петербург (Спортивная) - 1 шт | XL: Санкт-Петербург (Спортивная) - 1 шт,17.0,public/data/product_images/6f40305e1acf.webp,0.0,5.0,9,0.0,0.0,1.0,0,1.0,0.0,1.0
Одежда,WJJ76-4718,Кофта женская 7/6 Jackie Jacket Women - Hydro,7/6,10990 ₽,https://saletennis.com/catalog/product/kofta-zhienskaia-7-6-jackie-jacket-women-hydro-19372,XXS: Санкт-Петербург (Ярослава Гашека) - 1 шт | XXS: Санкт-Петербург (Спортивная) - 1 шт | XS: Парина - 1 шт | XS: Санкт-Петербург (Спортивная) - 1 шт | XS: Елизаветенское шоссе - 1 шт | XS: Санкт-Петербург (Ярослава Гашека) - 1 шт | S: Парина - 1 шт | S: Санкт-Петербург (Спортивная) - 1 шт | S: Уфа - 1 шт | S: Елизаветенское шоссе - 1 шт | S: Ижевск - 1 шт | S: Тюмень (Народная) - 1 шт | S: Санкт-Петербург (Ярослава Гашека) - 1 шт | M: Санкт-Петербург (Ярослава Гашека) - 1 шт | M: Тюмень (Народная) - 1 шт | M: Санкт-Петербург (Спортивная) - 1 шт | M: Уфа - 1 шт | M: Елизаветенское шоссе - 1 шт | L: Санкт-Петербург (Спортивная) - 1 шт | L: Санкт-Петербург (Ярослава Гашека) - 1 шт | XL: Санкт-Петербург (Ярослава Гашека) - 1 шт | XL: Санкт-Петербург (Спортивная) - 1 шт,22.0,public/data/product_images/b2dfea5e76f0.webp,6.0,6.0,0,0.0,2.0,0.0,3,2.0,2.0,1.0
Одежда,WJJ76-1264,Кофта женская 7/6 Jackie Jacket Women - Light Green,7/6,4995 ₽,https://saletennis.com/catalog/product/kofta-zhienskaia-7-6-jackie-jacket-women-light-green-17890,XXS: Основной склад Екатеринбург - 3 шт | XXS: Санкт-Петербург (Спортивная) - 1 шт | XS: Тюмень (Народная) - 1 шт | XS: Основной склад Екатеринбург - 4 шт | XS: Санкт-Петербург (Спортивная) - 1 шт | S: Санкт-Петербург (Спортивная) - 2 шт | S: Основной склад Екатеринбург - 4 шт | S: Тюмень (Народная) - 1 шт | M: Основной склад Екатеринбург - 3 шт | L: Основной склад Екатеринбург - 2 шт | L: Санкт-Петербург (Спортивная) - 1 шт | XL: Санкт-Петербург (Спортивная) - 1 шт,24.0,public/data/product_images/6cd84ba09661.webp,0.0,6.0,16,0.0,0.0,0.0,0,2.0,0.0,0.0
Одежда,WJJ76-1215,Кофта женская 7/6 Jackie Jacket Women - Shaved Chocolate,7/6,10990 ₽,https://saletennis.com/catalog/product/kofta-zhienskaia-7-6-jackie-jacket-women-shaved-chocolate-19373,XXS: Санкт-Петербург (Спортивная) - 1 шт | XXS: Санкт-Петербург (Ярослава Гашека) - 1 шт | XS: Парина - 1 шт | XS: Елизаветенское шоссе - 1 шт | XS: Санкт-Петербург (Ярослава Гашека) - 1 шт | XS: Санкт-Петербург (Спортивная) - 1 шт | S: Санкт-Петербург (Ярослава Гашека) - 1 шт | S: Ижевск - 1 шт | S: Елизаветенское шоссе - 1 шт | S: Уфа - 1 шт | S: Тюмень (Народная) - 1 шт | S: Санкт-Петербург (Спортивная) - 1 шт | M: Санкт-Петербург (Спортивная) - 1 шт | M: Санкт-Петербург (Ярослава Гашека) - 1 шт | M: Уфа - 1 шт | M: Тюмень (Народная) - 1 шт | M: Ижевск - 1 шт | M: Елизаветенское шоссе - 1 шт | L: Елизаветенское шоссе - 1 шт | L: Санкт-Петербург (Ярослава Гашека) - 1 шт | L: Санкт-Петербург (Спортивная) - 1 шт | XL: Санкт-Петербург (Спортивная) - 1 шт | XL: Санкт-Петербург (Ярослава Гашека) - 2 шт,24.0,public/data/product_images/51202271a384.webp,7.0,6.0,0,0.0,1.0,0.0,4,2.0,2.0,2.0
Одежда,VS76-BK,Козырек 7/6 Visor 2.0 - Black,7/6,2990 ₽,https://saletennis.com/catalog/product/kozyriek-7-6-visor-2-0-black-18379,Парина: 5 шт | Санкт-Петербург (Ярослава Гашека): 3 шт | Тюмень: 1 шт | Бисертская: 2 шт | Елизаветенское шоссе: 1 шт | Соболева: 8 шт | Санкт-Петербург (Спортивная): 3 шт,23.0,public/data/product_images/b489294027bf.webp,3.0,3.0,0,8.0,5.0,2.0,1,1.0,0.0,0.0
Одежда,VS76-WH,Козырек 7/6 Visor 2.0 - White,7/6,2990 ₽,https://saletennis.com/catalog/product/kozyriek-7-6-visor-2-0-white-18380,Тюмень: 1 шт | Бисертская: 2 шт | Санкт-Петербург (Спортивная): 1 шт | Соболева: 5 шт,9.0,public/data/product_images/a1e6e3661c05.webp,0.0,1.0,0,5.0,0.0,2.0,0,1.0,0.0,0.0
Одежда,VS-76BK,Козырек 7/6 Visor - Black,7/6,1790 ₽,https://saletennis.com/catalog/product/kozyriek-7-6-visor-black-13217,Тюмень (Народная): 3 шт | Санкт-Петербург (Спортивная): 2 шт | Тюмень: 3 шт,8.0,public/data/product_images/268dd7604735.webp,0.0,2.0,0,0.0,0.0,0.0,0,6.0,0.0,0.0
Одежда,FB6443-010,Козырек Nike ADV Ace Visor - Black,Nike,3490 ₽,https://saletennis.com/catalog/product/kozyriek-nike-adv-ace-visor-black-16374,S/M: Санкт-Петербург (Спортивная) - 1 шт | S/M: Бисертская - 2 шт | S/M: Соболева - 2 шт | S/M: Уфа - 1 шт | M/L: Уфа - 1 шт | M/L: Санкт-Петербург (Спортивная) - 1 шт | M/L: Тюмень (Народная) - 1 шт,9.0,public/data/product_images/901f44235fc2.webp,0.0,2.0,0,2.0,0.0,2.0,0,1.0,2.0,0.0
Одежда,FB6443-503,Козырек Nike ADV Ace Visor - Pink,Nike,3490 ₽,https://saletennis.com/catalog/product/kozyriek-nike-adv-ace-visor-pink-19195,S/M: Соболева - 1 шт | S/M: Уфа - 1 шт | S/M: Бисертская - 2 шт,4.0,public/data/product_images/dd9042d8f46a.webp,0.0,0.0,0,1.0,0.0,2.0,0,0.0,1.0,0.0
Одежда,FB6443-006,Козырек Nike ADV Ace Visor - Steam/Anthracite/Black,Nike,3490 ₽,https://saletennis.com/catalog/product/kozyriek-nike-adv-ace-visor-steam-anthracite-black-19218,S/M: Ижевск - 1 шт | S/M: Санкт-Петербург (Спортивная) - 1 шт | M/L: Уфа - 1 шт | M/L: Бисертская - 1 шт | M/L: Парина - 1 шт | M/L: Соболева - 1 шт | M/L: Санкт-Петербург (Спортивная) - 1 шт,7.0,public/data/product_images/22b45ac7f0d9.webp,0.0,2.0,0,1.0,1.0,1.0,0,0.0,1.0,1.0
Одежда,FB6443-100,Козырек Nike ADV Ace Visor - White,Nike,3490 ₽,https://saletennis.com/catalog/product/kozyriek-nike-adv-ace-visor-white-17024,S/M: Уфа - 2 шт | S/M: Соболева - 2 шт | S/M: Тюмень (Народная) - 2 шт | S/M: Санкт-Петербург (Спортивная) - 2 шт | M/L: Уфа - 2 шт | M/L: Санкт-Петербург (Спортивная) - 2 шт | M/L: Парина - 1 шт | M/L: Ижевск - 1 шт | M/L: Бисертская - 1 шт | M/L: Соболева - 1 шт | M/L: Тюмень (Народная) - 2 шт,18.0,public/data/product_images/c2effa37b4c2.webp,0.0,4.0,0,3.0,1.0,1.0,0,4.0,4.0,1.0
Одежда,WL76-BK,Леггинсы 7/6 Lana Leggings - Black,7/6,1990 ₽,https://saletennis.com/catalog/product/lieghghinsy-7-6-lana-leggings-black-16706,XS: Тюмень (Народная) - 1 шт | XS: Основной склад Екатеринбург - 1 шт | XS: Санкт-Петербург (Спортивная) - 1 шт | S: Тюмень (Народная) - 1 шт,4.0,public/data/product_images/664068e6a75b.webp,0.0,1.0,1,0.0,0.0,0.0,0,2.0,0.0,0.0
Одежда,LS76-4104,Лонгслив мужской 7/6 Tony Longsleeve 2.0 Antarctica,7/6,2994 ₽,https://saletennis.com/catalog/product/longhsliv-muzhskoi-7-6-tony-longsleeve-2-0-antarctica-18606,S: Бисертская - 1 шт | S: Санкт-Петербург (Спортивная) - 1 шт | M: Бисертская - 1 шт | M: Санкт-Петербург (Спортивная) - 1 шт | M: Основной склад Екатеринбург - 1 шт | L: Тюмень (Народная) - 1 шт | L: Санкт-Петербург (Спортивная) - 1 шт | L: Основной склад Екатеринбург - 1 шт | XXL: Основной склад Екатеринбург - 1 шт | XXL: Санкт-Петербург (Спортивная) - 1 шт,10.0,public/data/product_images/56fc390da20c.webp,0.0,4.0,3,0.0,0.0,2.0,0,1.0,0.0,0.0
Одежда,LS76-4109,Лонгслив мужской 7/6 Tony Longsleeve 2.0 Arona,7/6,2994 ₽,https://saletennis.com/catalog/product/longhsliv-muzhskoi-7-6-tony-longsleeve-2-0-arona-18607,S: Соболева - 1 шт | S: Санкт-Петербург (Спортивная) - 1 шт | M: Бисертская - 1 шт | M: Санкт-Петербург (Спортивная) - 1 шт | M: Тюмень (Народная) - 1 шт | L: Санкт-Петербург (Спортивная) - 1 шт | L: Тюмень (Народная) - 1 шт | L: Основной склад Екатеринбург - 1 шт | XL: Основной склад Екатеринбург - 2 шт | XXL: Основной склад Екатеринбург - 1 шт,11.0,public/data/product_images/3ce34a3993a7.webp,0.0,3.0,4,1.0,0.0,1.0,0,2.0,0.0,0.0
Одежда,LS276-010,Лонгслив мужской 7/6 Tony Longsleeve 2.0 - Black,7/6,5990 ₽,https://saletennis.com/catalog/product/longhsliv-muzhskoi-7-6-tony-longsleeve-2-0-black-18810,S: Санкт-Петербург (Спортивная) - 1 шт | M: Санкт-Петербург (Спортивная) - 1 шт | M: Соболева - 1 шт | M: Елизаветенское шоссе - 1 шт | M: Бисертская - 1 шт | L: Санкт-Петербург (Спортивная) - 1 шт | L: Соболева - 1 шт | XL: Санкт-Петербург (Спортивная) - 1 шт | XL: Основной склад Екатеринбург - 1 шт | XL: Елизаветенское шоссе - 1 шт | XXL: Санкт-Петербург (Спортивная) - 1 шт,11.0,public/data/product_images/1b9a976c38b5.webp,0.0,5.0,1,2.0,0.0,1.0,2,0.0,0.0,0.0
Одежда,LS76-4718,Лонгслив мужской 7/6 Tony Longsleeve 2.0 - Hydro,7/6,5990 ₽,https://saletennis.com/catalog/product/longhsliv-muzhskoi-7-6-tony-longsleeve-2-0-hydro-19378,S: Санкт-Петербург (Ярослава Гашека) - 1 шт | S: Санкт-Петербург (Спортивная) - 1 шт | S: Елизаветенское шоссе - 1 шт | S: Парина - 1 шт | S: Соболева - 1 шт | M: Санкт-Петербург (Спортивная) - 1 шт | M: Соболева - 1 шт | M: Санкт-Петербург (Ярослава Гашека) - 1 шт | M: Ижевск - 1 шт | M: Тюмень (Народная) - 1 шт | M: Уфа - 1 шт | L: Санкт-Петербург (Спортивная) - 1 шт | L: Елизаветенское шоссе - 1 шт | L: Санкт-Петербург (Ярослава Гашека) - 1 шт | L: Тюмень (Народная) - 1 шт | L: Уфа - 1 шт | XL: Уфа - 1 шт | XL: Санкт-Петербург (Ярослава Гашека) - 1 шт | XL: Парина - 1 шт | XL: Санкт-Петербург (Спортивная) - 1 шт | XL: Ижевск - 1 шт | XL: Тюмень (Народная) - 1 шт | XXL: Санкт-Петербург (Спортивная) - 1 шт | XXL: Санкт-Петербург (Ярослава Гашека) - 1 шт | XXL: Уфа - 1 шт,25.0,public/data/product_images/0bddd0a4f214.webp,5.0,5.0,0,2.0,2.0,0.0,2,3.0,4.0,2.0
Одежда,LS76-0515,Лонгслив мужской 7/6 Tony Longsleeve 2.0 - Lemon Icing,7/6,5990 ₽,https://saletennis.com/catalog/product/longhsliv-muzhskoi-7-6-tony-longsleeve-2-0-lemon-icing-19379,S: Елизаветенское шоссе - 1 шт | S: Ижевск - 1 шт | S: Санкт-Петербург (Спортивная) - 1 шт | S: Санкт-Петербург (Ярослава Гашека) - 1 шт | S: Парина - 1 шт | M: Санкт-Петербург (Ярослава Гашека) - 1 шт | M: Основной склад Екатеринбург - 1 шт | M: Санкт-Петербург (Спортивная) - 1 шт | M: Елизаветенское шоссе - 1 шт | M: Соболева - 1 шт | M: Тюмень (Народная) - 1 шт | M: Уфа - 1 шт | M: Бисертская - 1 шт | L: Уфа - 1 шт | L: Санкт-Петербург (Ярослава Гашека) - 1 шт | L: Основной склад Екатеринбург - 2 шт | L: Соболева - 1 шт | L: Бисертская - 1 шт | L: Тюмень (Народная) - 1 шт | L: Ижевск - 1 шт | L: Санкт-Петербург (Спортивная) - 1 шт | L: Парина - 1 шт | XL: Ижевск - 1 шт | XL: Санкт-Петербург (Ярослава Гашека) - 1 шт | XL: Уфа - 1 шт | XL: Санкт-Петербург (Спортивная) - 1 шт | XL: Соболева - 1 шт | XL: Елизаветенское шоссе - 1 шт | XL: Бисертская - 1 шт | XXL: Санкт-Петербург (Спортивная) - 1 шт | XXL: Ижевск - 1 шт | XXL: Санкт-Петербург (Ярослава Гашека) - 1 шт | XXL: Соболева - 1 шт,34.0,public/data/product_images/64e42881a886.webp,5.0,5.0,3,4.0,2.0,3.0,3,2.0,3.0,4.0
Одежда,ML76-4104,Лонгслив женский 7/6 Maya Longsleeve - Antarctica,7/6,3843 ₽,https://saletennis.com/catalog/product/longhsliv-zhienskii-7-6-maya-longsleeve-antarctica-18584,XS: Санкт-Петербург (Спортивная) - 1 шт | XS: Парина - 1 шт | XS: Соболева - 1 шт | M: Елизаветенское шоссе - 1 шт | M: Соболева - 1 шт | M: Ижевск - 1 шт | M: Санкт-Петербург (Спортивная) - 1 шт | M: Парина - 1 шт | XL: Санкт-Петербург (Спортивная) - 1 шт,9.0,public/data/product_images/ca42e2e91ed5.webp,0.0,3.0,0,2.0,2.0,0.0,1,0.0,0.0,1.0
Одежда,ML76-4109,Лонгслив женский 7/6 Maya Longsleeve - Arona,7/6,3843 ₽,https://saletennis.com/catalog/product/longhsliv-zhienskii-7-6-maya-longsleeve-arona-18585,XS: Елизаветенское шоссе - 1 шт | XS: Тюмень (Народная) - 1 шт | XS: Соболева - 1 шт | XS: Парина - 1 шт | S: Уфа - 1 шт | S: Елизаветенское шоссе - 1 шт | S: Бисертская - 1 шт | S: Соболева - 1 шт | S: Парина - 1 шт | S: Тюмень (Народная) - 1 шт | M: Соболева - 1 шт | M: Тюмень (Народная) - 1 шт | M: Санкт-Петербург (Спортивная) - 1 шт | L: Парина - 1 шт | L: Санкт-Петербург (Спортивная) - 1 шт,15.0,public/data/product_images/8d90889bb368.webp,0.0,2.0,0,3.0,3.0,1.0,2,3.0,1.0,0.0
Одежда,ML76-010,Лонгслив женский 7/6 Maya Longsleeve - Black,7/6,5990 ₽,https://saletennis.com/catalog/product/longhsliv-zhienskii-7-6-maya-longsleeve-black-18809,XXS: Парина - 1 шт | XXS: Елизаветенское шоссе - 1 шт | XS: Парина - 1 шт | XS: Соболева - 1 шт | XS: Уфа - 1 шт | XS: Санкт-Петербург (Спортивная) - 1 шт | M: Уфа - 1 шт | L: Санкт-Петербург (Спортивная) - 1 шт | XL: Санкт-Петербург (Спортивная) - 1 шт,9.0,public/data/product_images/61491efa6f59.webp,0.0,3.0,0,1.0,2.0,0.0,1,0.0,2.0,0.0
Одежда,ML76-4405,Лонгслив женский 7/6 Maya Longsleeve - Grey Blossom,7/6,3592 ₽,https://saletennis.com/catalog/product/longhsliv-zhienskii-7-6-maya-longsleeve-grey-blossom-17898,XXS: Санкт-Петербург (Спортивная) - 1 шт | XXS: Основной склад Екатеринбург - 3 шт | XS: Основной склад Екатеринбург - 4 шт | XS: Санкт-Петербург (Спортивная) - 1 шт | XS: Ижевск - 1 шт | S: Основной склад Екатеринбург - 6 шт | S: Ижевск - 1 шт | M: Санкт-Петербург (Спортивная) - 2 шт | M: Основной склад Екатеринбург - 1 шт | L: Основной склад Екатеринбург - 3 шт | L: Санкт-Петербург (Спортивная) - 1 шт,24.0,public/data/product_images/6088a8983bb9.webp,0.0,5.0,17,0.0,0.0,0.0,0,0.0,0.0,2.0
Одежда,ML76-4718,Лонгслив женский 7/6 Maya Longsleeve - Hydro,7/6,5490 ₽,https://saletennis.com/catalog/product/longhsliv-zhienskii-7-6-maya-longsleeve-hydro-19374,XXS: Санкт-Петербург (Ярослава Гашека) - 1 шт | XXS: Бисертская - 1 шт | XS: Санкт-Петербург (Ярослава Гашека) - 1 шт | XS: Соболева - 1 шт | XS: Тюмень (Народная) - 2 шт | XS: Парина - 1 шт | XS: Санкт-Петербург (Спортивная) - 1 шт | S: Санкт-Петербург (Спортивная) - 1 шт | S: Санкт-Петербург (Ярослава Гашека) - 1 шт | M: Санкт-Петербург (Спортивная) - 1 шт | M: Санкт-Петербург (Ярослава Гашека) - 1 шт | L: Санкт-Петербург (Ярослава Гашека) - 1 шт | L: Санкт-Петербург (Спортивная) - 1 шт | XL: Санкт-Петербург (Спортивная) - 1 шт,15.0,public/data/product_images/35e5c3cff36d.webp,5.0,5.0,0,1.0,1.0,1.0,0,2.0,0.0,0.0
Одежда,ML76-3612,Лонгслив женский 7/6 Maya Longsleeve - Lavander Haze,7/6,3592 ₽,https://saletennis.com/catalog/product/longhsliv-zhienskii-7-6-maya-longsleeve-lavander-haze-17899,XXS: Санкт-Петербург (Спортивная) - 1 шт | XXS: Основной склад Екатеринбург - 1 шт | XS: Санкт-Петербург (Спортивная) - 2 шт | XS: Основной склад Екатеринбург - 3 шт | S: Санкт-Петербург (Спортивная) - 2 шт | M: Основной склад Екатеринбург - 2 шт | M: Санкт-Петербург (Спортивная) - 1 шт | L: Основной склад Екатеринбург - 2 шт | L: Санкт-Петербург (Спортивная) - 2 шт | XL: Санкт-Петербург (Спортивная) - 2 шт | XL: Основной склад Екатеринбург - 1 шт,19.0,public/data/product_images/27d34765e102.webp,0.0,10.0,9,0.0,0.0,0.0,0,0.0,0.0,0.0
Одежда,ML76-0515,Лонгслив женский 7/6 Maya Longsleeve - Lemon Icing,7/6,5490 ₽,https://saletennis.com/catalog/product/longhsliv-zhienskii-7-6-maya-longsleeve-lemon-icing-19375,XXS: Санкт-Петербург (Ярослава Гашека) - 1 шт | XXS: Санкт-Петербург (Спортивная) - 1 шт | XS: Парина - 1 шт | XS: Санкт-Петербург (Ярослава Гашека) - 1 шт | XS: Уфа - 1 шт | XS: Елизаветенское шоссе - 1 шт | XS: Тюмень (Народная) - 2 шт | XS: Санкт-Петербург (Спортивная) - 1 шт | XS: Соболева - 1 шт | S: Тюмень (Народная) - 1 шт | S: Санкт-Петербург (Ярослава Гашека) - 1 шт | S: Санкт-Петербург (Спортивная) - 1 шт | S: Уфа - 1 шт | M: Санкт-Петербург (Спортивная) - 1 шт | M: Тюмень (Народная) - 1 шт | M: Санкт-Петербург (Ярослава Гашека) - 1 шт | L: Санкт-Петербург (Спортивная) - 1 шт | L: Санкт-Петербург (Ярослава Гашека) - 1 шт | L: Соболева - 1 шт | L: Парина - 1 шт | XL: Санкт-Петербург (Ярослава Гашека) - 1 шт | XL: Санкт-Петербург (Спортивная) - 1 шт,23.0,public/data/product_images/50121f97192b.webp,6.0,6.0,0,2.0,2.0,0.0,1,4.0,2.0,0.0
Одежда,II3375-503,Лонгслив женский Nike Court Slam Long-Sleeve Cropped - Light Magenta/Black,Nike,9990 ₽,https://saletennis.com/catalog/product/longhsliv-zhienskii-nike-court-slam-long-sleeve-cropped-light-magenta-black-19256,M: Санкт-Петербург (Спортивная) - 1 шт | M: Ижевск - 1 шт,2.0,public/data/product_images/c8377fce2edb.webp,0.0,1.0,0,0.0,0.0,0.0,0,0.0,0.0,1.0
Одежда,GST76-4405,Майка детская 7/6 Polya Sleeveless T-shirt - Misty Blue,7/6,2490 ₽,https://saletennis.com/catalog/product/maika-dietskaia-7-6-polya-sleeveless-t-shirt-misty-blue-19401,XS: Уфа - 1 шт | XS: Санкт-Петербург (Ярослава Гашека) - 1 шт | XS: Ижевск - 1 шт | XS: Соболева - 1 шт | XS: Тюмень (Народная) - 2 шт | XS: Санкт-Петербург (Спортивная) - 1 шт | S: Тюмень (Народная) - 2 шт | S: Уфа - 1 шт | S: Санкт-Петербург (Ярослава Гашека) - 1 шт | S: Санкт-Петербург (Спортивная) - 1 шт | S: Основной склад Екатеринбург - 1 шт | S: Парина - 1 шт | S: Соболева - 1 шт | M: Уфа - 1 шт | M: Ижевск - 1 шт | M: Санкт-Петербург (Ярослава Гашека) - 1 шт | M: Санкт-Петербург (Спортивная) - 1 шт | M: Основной склад Екатеринбург - 2 шт | M: Парина - 1 шт | L: Санкт-Петербург (Ярослава Гашека) - 1 шт | L: Уфа - 1 шт | L: Санкт-Петербург (Спортивная) - 1 шт | L: Ижевск - 1 шт | L: Соболева - 1 шт | L: Парина - 1 шт | L: Основной склад Екатеринбург - 2 шт | L: Тюмень (Народная) - 2 шт | XL: Санкт-Петербург (Спортивная) - 1 шт | XL: Ижевск - 1 шт | XL: Уфа - 1 шт | XL: Парина - 1 шт | XL: Санкт-Петербург (Ярослава Гашека) - 1 шт | XL: Основной склад Екатеринбург - 1 шт,38.0,public/data/product_images/92aaf7beb4a2.webp,5.0,5.0,6,3.0,4.0,0.0,0,6.0,5.0,4.0
Одежда,GST76-1304,Майка детская 7/6 Polya Sleeveless T-shirt - Pearl,7/6,2490 ₽,https://saletennis.com/catalog/product/maika-dietskaia-7-6-polya-sleeveless-t-shirt-pearl-19402,XS: Парина - 1 шт | XS: Тюмень (Народная) - 1 шт | XS: Санкт-Петербург (Спортивная) - 1 шт | XS: Соболева - 1 шт | S: Парина - 1 шт | S: Основной склад Екатеринбург - 1 шт | S: Тюмень (Народная) - 2 шт | S: Соболева - 1 шт | S: Санкт-Петербург (Спортивная) - 1 шт | S: Санкт-Петербург (Ярослава Гашека) - 1 шт | S: Ижевск - 1 шт | M: Уфа - 1 шт | M: Санкт-Петербург (Спортивная) - 1 шт | M: Основной склад Екатеринбург - 2 шт | M: Тюмень (Народная) - 2 шт | M: Ижевск - 1 шт | M: Санкт-Петербург (Ярослава Гашека) - 1 шт | M: Парина - 1 шт | M: Соболева - 1 шт | L: Уфа - 1 шт | L: Соболева - 1 шт | L: Ижевск - 1 шт | L: Санкт-Петербург (Спортивная) - 1 шт | L: Парина - 1 шт | L: Основной склад Екатеринбург - 2 шт | L: Тюмень (Народная) - 2 шт | L: Санкт-Петербург (Ярослава Гашека) - 1 шт | XL: Парина - 1 шт | XL: Санкт-Петербург (Ярослава Гашека) - 1 шт | XL: Основной склад Екатеринбург - 1 шт | XL: Соболева - 1 шт | XL: Санкт-Петербург (Спортивная) - 1 шт | XL: Уфа - 1 шт | XL: Ижевск - 1 шт,39.0,public/data/product_images/6096f9231feb.webp,4.0,5.0,6,5.0,5.0,0.0,0,7.0,3.0,4.0
Одежда,G1580023-DBLBL,Майка детская Bidi Badu Beach Spirit - Darkblue,Bidi Badu,1380 ₽,https://saletennis.com/catalog/product/maika-dietskaia-bidi-badu-beach-spirit-darkblue-15759,152: Парина - 1 шт,1.0,public/data/product_images/2ff8cc1e58cc.webp,0.0,0.0,0,0.0,1.0,0.0,0,0.0,0.0,0.0
Одежда,G1580024,Майка детская Bidi Badu Spike Chill - Lilac,Bidi Badu,1196 ₽,https://saletennis.com/catalog/product/maika-dietskaia-bidi-badu-spike-chill-lilac-16418,152: Основной склад Екатеринбург - 1 шт | 152: Санкт-Петербург (Спортивная) - 1 шт | 152: Парина - 1 шт,3.0,public/data/product_images/a4a2c3a6075f.webp,0.0,1.0,1,0.0,1.0,0.0,0,0.0,0.0,0.0
Одежда,G1580028-LIPK,Майка детская Bidi Badu Spike - Lilac/Pink,Bidi Badu,1596 ₽,https://saletennis.com/catalog/product/maika-dietskaia-bidi-badu-spike-lilac-pink-16417,152: Парина - 1 шт | 152: Основной склад Екатеринбург - 1 шт | 164: Основной склад Екатеринбург - 2 шт | 164: Санкт-Петербург (Спортивная) - 1 шт | 164: Парина - 1 шт,6.0,public/data/product_images/383085f4290e.webp,0.0,1.0,3,0.0,2.0,0.0,0,0.0,0.0,0.0
Одежда,G1580027-DBLMX,Майка детская Bidi Badu Twiggy - Blue/Mixed,Bidi Badu,1796 ₽,https://saletennis.com/catalog/product/maika-dietskaia-bidi-badu-twiggy-blue-mixed-16426,152: Санкт-Петербург (Спортивная) - 1 шт | 152: Основной склад Екатеринбург - 1 шт | 164: Парина - 1 шт | 164: Основной склад Екатеринбург - 2 шт | 164: Санкт-Петербург (Спортивная) - 1 шт,6.0,public/data/product_images/f7c53c9b8760.webp,0.0,2.0,3,0.0,1.0,0.0,0,0.0,0.0,0.0
Одежда,G1580023-TW,Майка детская Bidi Badu Twiggy Chill - Blue/Mixed,Bidi Badu,1596 ₽,https://saletennis.com/catalog/product/maika-dietskaia-bidi-badu-twiggy-chill-blue-mixed-16427,128: Основной склад Екатеринбург - 1 шт | 152: Санкт-Петербург (Спортивная) - 1 шт | 152: Основной склад Екатеринбург - 1 шт | 164: Парина - 1 шт | 164: Основной склад Екатеринбург - 1 шт,5.0,public/data/product_images/51a2ae48d6f2.webp,0.0,1.0,3,0.0,1.0,0.0,0,0.0,0.0,0.0
Одежда,G1580025,Майка детская Bidi Badu Wild Arts - White/Mixed,Bidi Badu,1490 ₽,https://saletennis.com/catalog/product/maika-dietskaia-bidi-badu-wild-arts-white-mixed-16014,152: Основной склад Екатеринбург - 1 шт | 164: Основной склад Екатеринбург - 1 шт,2.0,public/data/product_images/9274ed7b47d1.webp,0.0,0.0,2,0.0,0.0,0.0,0,0.0,0.0,0.0
Одежда,G1580031,Майка для девочки Bidi Badu Kaleido - White/Mixed,Bidi Badu,1596 ₽,https://saletennis.com/catalog/product/maika-dlia-dievochki-bidi-badu-kaleido-white-mixed-17251,164: Уфа - 1 шт | 164: Санкт-Петербург (Спортивная) - 1 шт,2.0,public/data/product_images/0eaa8a89b496.webp,0.0,1.0,0,0.0,0.0,0.0,0,0.0,1.0,0.0
Одежда,G2580030,Майка для девочки Bidi Badu Spectrum - Dark Blue/Blue/Aqua,Bidi Badu,1596 ₽,https://saletennis.com/catalog/product/maika-dlia-dievochki-bidi-badu-spectrum-dark-blue-blue-aqua-17536,152: Санкт-Петербург (Спортивная) - 1 шт | 152: Основной склад Екатеринбург - 1 шт | 164: Санкт-Петербург (Спортивная) - 1 шт | 164: Уфа - 1 шт | 164: Основной склад Екатеринбург - 2 шт,6.0,public/data/product_images/3055e8c26cc2.webp,0.0,2.0,3,0.0,0.0,0.0,0,0.0,1.0,0.0
Одежда,IB1052-307,Майка мужская Nike Court Slam Tennis Tank - Mean Green/Black,Nike,8792 ₽,https://saletennis.com/catalog/product/maika-muzhskaia-nike-court-slam-tennis-tank-mean-green-black-18857,L: Ижевск - 1 шт | XXL: Соболева - 1 шт,2.0,public/data/product_images/9f24f37d31e1.webp,0.0,0.0,0,1.0,0.0,0.0,0,0.0,0.0,1.0
Одежда,IF1199-133,Майка мужская Nike Court Slam Tennis Tank - Sail/Mean Green/Black,Nike,12392 ₽,https://saletennis.com/catalog/product/maika-muzhskaia-nike-court-slam-tennis-tank-sail-mean-green-black-19029,M: Ижевск - 1 шт | M: Санкт-Петербург (Спортивная) - 1 шт | L: Санкт-Петербург (Спортивная) - 1 шт | L: Бисертская - 1 шт | L: Ижевск - 1 шт,5.0,public/data/product_images/650d39c7456f.webp,0.0,2.0,0,0.0,0.0,1.0,0,0.0,0.0,2.0
Одежда,ST76-0119,Майка женская 7/6 Leya Sleeveless T-shirt - Bough,7/6,290 ₽,https://saletennis.com/catalog/product/maika-zhienskaia-7-6-leya-sleeveless-t-shirt-bough-14303,XXS: Основной склад Екатеринбург - 2 шт,2.0,public/data/product_images/0aac96fd7f66.webp,0.0,0.0,2,0.0,0.0,0.0,0,0.0,0.0,0.0
Одежда,WP334006211,Майка женская Bidi Badu Amrei Tech - Green/Dark Blue,Bidi Badu,1990 ₽,https://saletennis.com/catalog/product/maika-zhienskaia-bidi-badu-amrei-tech-green-dark-blue-14352,XS: Основной склад Екатеринбург - 1 шт,1.0,public/data/product_images/23f359417323.webp,0.0,0.0,1,0.0,0.0,0.0,0,0.0,0.0,0.0
Одежда,W1580023-DBLBL,Майка женская Bidi Badu Beach Spirit - Darkblue,Bidi Badu,1990 ₽,https://saletennis.com/catalog/product/maika-zhienskaia-bidi-badu-beach-spirit-darkblue-15730,XS: Основной склад Екатеринбург - 1 шт,1.0,public/data/product_images/6dfdfca6bb0b.webp,0.0,0.0,1,0.0,0.0,0.0,0,0.0,0.0,0.0
Одежда,W2580023-NYWAQ,Майка женская Bidi Badu Beach Spirit - Neon Yellow,Bidi Badu,1490 ₽,https://saletennis.com/catalog/product/maika-zhienskaia-bidi-badu-beach-spirit-neon-yellow-15731,XS: Основной склад Екатеринбург - 1 шт | S: Санкт-Петербург (Спортивная) - 1 шт | M: Основной склад Екатеринбург - 1 шт,3.0,public/data/product_images/177bb760885e.webp,0.0,1.0,2,0.0,0.0,0.0,0,0.0,0.0,0.0
Одежда,W1580001,Майка женская Bidi Badu Colortwist - Pink/Navy,Bidi Badu,1490 ₽,https://saletennis.com/catalog/product/maika-zhienskaia-bidi-badu-colortwist-pink-navy-15261,S: Санкт-Петербург (Спортивная) - 1 шт | S: Основной склад Екатеринбург - 1 шт,2.0,public/data/product_images/b20f25beee6c.webp,0.0,1.0,1,0.0,0.0,0.0,0,0.0,0.0,0.0
Одежда,W1580001-DBLMX,Майка женская Bidi Badu Grafic Illumination - Navy/Multicolor,Bidi Badu,2490 ₽,https://saletennis.com/catalog/product/maika-zhienskaia-bidi-badu-grafic-illumination-navy-multicolor-15264,S: Основной склад Екатеринбург - 2 шт,2.0,public/data/product_images/e6017fea839f.webp,0.0,0.0,2,0.0,0.0,0.0,0,0.0,0.0,0.0
Одежда,W1580031,Майка женская Bidi Badu Kaleido - White/Mixed,Bidi Badu,1990 ₽,https://saletennis.com/catalog/product/maika-zhienskaia-bidi-badu-kaleido-white-mixed-17224,XS: Основной склад Екатеринбург - 1 шт,1.0,public/data/product_images/56e1acd4aafc.webp,0.0,0.0,1,0.0,0.0,0.0,0,0.0,0.0,0.0
Одежда,W1580033,Майка женская Bidi Badu Melbourne - Orange/Turquoise,Bidi Badu,1490 ₽,https://saletennis.com/catalog/product/maika-zhienskaia-bidi-badu-melbourne-orange-turquoise-17225,XS: Санкт-Петербург (Спортивная) - 1 шт | XS: Основной склад Екатеринбург - 1 шт | S: Санкт-Петербург (Спортивная) - 1 шт | S: Основной склад Екатеринбург - 1 шт | M: Санкт-Петербург (Спортивная) - 1 шт | M: Основной склад Екатеринбург - 1 шт,6.0,public/data/product_images/70cd7af6a2ac.webp,0.0,3.0,3,0.0,0.0,0.0,0,0.0,0.0,0.0
Одежда,W1580026-DBLRD,Майка женская Bidi Badu New York 2024 - Blue/Red,Bidi Badu,1490 ₽,https://saletennis.com/catalog/product/maika-zhienskaia-bidi-badu-new-york-2024-blue-red-16441,XS: Санкт-Петербург (Спортивная) - 1 шт | XS: Основной склад Екатеринбург - 1 шт | S: Санкт-Петербург (Спортивная) - 1 шт | S: Основной склад Екатеринбург - 3 шт | M: Санкт-Петербург (Спортивная) - 1 шт | M: Основной склад Екатеринбург - 1 шт,8.0,public/data/product_images/f1fbaa20387f.webp,0.0,3.0,5,0.0,0.0,0.0,0,0.0,0.0,0.0
Одежда,W1580001-PL,Майка женская Bidi Badu Protected Leafs - Black/White,Bidi Badu,2490 ₽,https://saletennis.com/catalog/product/maika-zhienskaia-bidi-badu-protected-leafs-black-white-15265,XS: Основной склад Екатеринбург - 1 шт | S: Основной склад Екатеринбург - 1 шт,2.0,public/data/product_images/618a6a240eff.webp,0.0,0.0,2,0.0,0.0,0.0,0,0.0,0.0,0.0
Одежда,W1580029,Майка женская Bidi Badu Spectrum - Light Brown/Coral/Yellow,Bidi Badu,1990 ₽,https://saletennis.com/catalog/product/maika-zhienskaia-bidi-badu-spectrum-light-brown-coral-yellow-17539,XS: Основной склад Екатеринбург - 2 шт | S: Основной склад Екатеринбург - 3 шт | S: Санкт-Петербург (Спортивная) - 1 шт | M: Основной склад Екатеринбург - 2 шт,8.0,public/data/product_images/da2fa5f6ceaa.webp,0.0,1.0,7,0.0,0.0,0.0,0,0.0,0.0,0.0
Одежда,W2580030,Майка женская Bidi Badu Spectrum - Turquoise/Dark Blue,Bidi Badu,1990 ₽,https://saletennis.com/catalog/product/maika-zhienskaia-bidi-badu-spectrum-turquoise-dark-blue-17540,XS: Основной склад Екатеринбург - 1 шт | S: Основной склад Екатеринбург - 1 шт | S: Санкт-Петербург (Спортивная) - 1 шт | M: Основной склад Екатеринбург - 1 шт | M: Санкт-Петербург (Спортивная) - 1 шт,5.0,public/data/product_images/ce213220b44b.webp,0.0,2.0,3,0.0,0.0,0.0,0,0.0,0.0,0.0
Одежда,W1580024-SP,Майка женская Bidi Badu Spike Chill - Lilac,Bidi Badu,990 ₽,https://saletennis.com/catalog/product/maika-zhienskaia-bidi-badu-spike-chill-lilac-16402,M: Основной склад Екатеринбург - 1 шт,1.0,public/data/product_images/e74098a917dc.webp,0.0,0.0,1,0.0,0.0,0.0,0,0.0,0.0,0.0
Одежда,W1580028,Майка женская Bidi Badu Spike - Lilac/Pink,Bidi Badu,1490 ₽,https://saletennis.com/catalog/product/maika-zhienskaia-bidi-badu-spike-lilac-pink-16366,XS: Санкт-Петербург (Спортивная) - 1 шт | XS: Основной склад Екатеринбург - 1 шт | S: Основной склад Екатеринбург - 1 шт | S: Санкт-Петербург (Спортивная) - 1 шт | M: Основной склад Екатеринбург - 2 шт | M: Санкт-Петербург (Спортивная) - 1 шт,7.0,public/data/product_images/96015d8e6ed9.webp,0.0,3.0,4,0.0,0.0,0.0,0,0.0,0.0,0.0
Одежда,W2580028,Майка женская Bidi Badu Spike - Navy/Pink,Bidi Badu,1990 ₽,https://saletennis.com/catalog/product/maika-zhienskaia-bidi-badu-spike-navy-pink-16367,XS: Основной склад Екатеринбург - 1 шт | S: Основной склад Екатеринбург - 1 шт | S: Санкт-Петербург (Спортивная) - 1 шт | M: Санкт-Петербург (Спортивная) - 2 шт | M: Основной склад Екатеринбург - 1 шт,6.0,public/data/product_images/2be34885d5d7.webp,0.0,3.0,3,0.0,0.0,0.0,0,0.0,0.0,0.0
Одежда,W1580027-DBLMX,Майка женская Bidi Badu Twiggy - Blue/Mixed,Bidi Badu,1490 ₽,https://saletennis.com/catalog/product/maika-zhienskaia-bidi-badu-twiggy-blue-mixed-16443,XS: Санкт-Петербург (Спортивная) - 1 шт | S: Основной склад Екатеринбург - 4 шт | M: Санкт-Петербург (Спортивная) - 1 шт,6.0,public/data/product_images/61415c783ea6.webp,0.0,2.0,4,0.0,0.0,0.0,0,0.0,0.0,0.0
Одежда,G1580023-TW,Майка женская Bidi Badu Twiggy Chill - Blue/Mixed,Bidi Badu,1596 ₽,https://saletennis.com/catalog/product/maika-zhienskaia-bidi-badu-twiggy-chill-blue-mixed-16444,XS: Основной склад Екатеринбург - 1 шт | XS: Санкт-Петербург (Спортивная) - 1 шт | S: Основной склад Екатеринбург - 2 шт | M: Санкт-Петербург (Спортивная) - 1 шт | M: Основной склад Екатеринбург - 2 шт,7.0,public/data/product_images/25fe608b9d6f.webp,0.0,2.0,5,0.0,0.0,0.0,0,0.0,0.0,0.0
Одежда,W334129222,Майка женская Bidi Badu Yaka Tech - Navy/Turquoise,Bidi Badu,1990 ₽,https://saletennis.com/catalog/product/maika-zhienskaia-bidi-badu-yaka-tech-navy-turquoise-13931,XS: Основной склад Екатеринбург - 1 шт,1.0,public/data/product_images/2b17e8c4f7ef.webp,0.0,0.0,1,0.0,0.0,0.0,0,0.0,0.0,0.0
Одежда,DR10217917460013,Майка женская Diadora Core Tank - Navy/White/Blue Sky,Diadora,2990 ₽,https://saletennis.com/catalog/product/maika-zhienskaia-diadora-core-tank-navy-white-blue-sky-14936,XS: Основной склад Екатеринбург - 2 шт | S: Основной склад Екатеринбург - 2 шт,4.0,public/data/product_images/036a32939fab.webp,0.0,0.0,4,0.0,0.0,0.0,0,0.0,0.0,0.0
Одежда,DR102179174C0013,Майка женская Diadora Core Tank - White,Diadora,990 ₽,https://saletennis.com/catalog/product/maika-zhienskaia-diadora-core-tank-white-15162,XS: Тюмень (Народная) - 1 шт,1.0,public/data/product_images/eb347c987600.webp,0.0,0.0,0,0.0,0.0,0.0,0,1.0,0.0,0.0
Одежда,DR102179115C0013,Майка женская Diadora L. Tank Icon - White,Diadora,2990 ₽,https://saletennis.com/catalog/product/maika-zhienskaia-diadora-l-tank-icon-white-15317,XS: Основной склад Екатеринбург - 1 шт,1.0,public/data/product_images/9719d63f80fc.webp,0.0,0.0,1,0.0,0.0,0.0,0,0.0,0.0,0.0
Одежда,62GAB20267,Майка женская Mizuno Charge Printed Tank - Purple Magic,Mizuno,2490 ₽,https://saletennis.com/catalog/product/maika-zhienskaia-mizuno-charge-printed-tank-purple-magic-16333,XS: Санкт-Петербург (Спортивная) - 1 шт | XS: Основной склад Екатеринбург - 1 шт,2.0,public/data/product_images/4a383b3ae8a1.webp,0.0,1.0,1,0.0,0.0,0.0,0,0.0,0.0,0.0
Одежда,62GAC701-22,Майка женская Mizuno Daybreakers Printed - Icelandic Blue,Mizuno,3143 ₽,https://saletennis.com/catalog/product/maika-zhienskaia-mizuno-daybreakers-printed-icelandic-blue-18412,XS: Соболева - 1 шт | S: Основной склад Екатеринбург - 1 шт | M: Основной склад Екатеринбург - 2 шт,4.0,public/data/product_images/5007ad84e985.webp,0.0,0.0,3,1.0,0.0,0.0,0,0.0,0.0,0.0
Одежда,62GAC701-71,Майка женская Mizuno Daybreakers Printed - White/Icelandic Blue,Mizuno,3143 ₽,https://saletennis.com/catalog/product/maika-zhienskaia-mizuno-daybreakers-printed-white-icelandic-blue-18413,XS: Основной склад Екатеринбург - 1 шт | M: Соболева - 1 шт,2.0,public/data/product_images/11a90ee49b71.webp,0.0,0.0,1,1.0,0.0,0.0,0,0.0,0.0,0.0
Одежда,62GAC20230,Майка женская Mizuno Frontier Tank - Bay,Mizuno,2933 ₽,https://saletennis.com/catalog/product/maika-zhienskaia-mizuno-frontier-tank-bay-18193,XS: Основной склад Екатеринбург - 1 шт | S: Основной склад Екатеринбург - 1 шт | M: Основной склад Екатеринбург - 2 шт | L: Основной склад Екатеринбург - 1 шт,5.0,public/data/product_images/f473ecc890c8.webp,0.0,0.0,5,0.0,0.0,0.0,0,0.0,0.0,0.0
Одежда,62GAC20214,Майка женская Mizuno Frontier Tank - Bellwether Blue,Mizuno,2933 ₽,https://saletennis.com/catalog/product/maika-zhienskaia-mizuno-frontier-tank-bellwether-blue-18194,XS: Основной склад Екатеринбург - 1 шт | XS: Соболева - 1 шт | S: Основной склад Екатеринбург - 1 шт | M: Основной склад Екатеринбург - 2 шт,5.0,public/data/product_images/c5b57c03b381.webp,0.0,0.0,4,1.0,0.0,0.0,0,0.0,0.0,0.0
Одежда,62GAC20213,Майка женская Mizuno Frontier Tank - Midnight Navy,Mizuno,2933 ₽,https://saletennis.com/catalog/product/maika-zhienskaia-mizuno-frontier-tank-midnight-navy-18195,XS: Основной склад Екатеринбург - 2 шт | S: Основной склад Екатеринбург - 4 шт,6.0,public/data/product_images/390b8a658817.webp,0.0,0.0,6,0.0,0.0,0.0,0,0.0,0.0,0.0
Одежда,62GAC202W01,Майка женская Mizuno Frontier Tank - White/Bay,Mizuno,2933 ₽,https://saletennis.com/catalog/product/maika-zhienskaia-mizuno-frontier-tank-white-bay-18196,XS: Соболева - 1 шт,1.0,public/data/product_images/cdcb625749e5.webp,0.0,0.0,0,1.0,0.0,0.0,0,0.0,0.0,0.0
Одежда,62GAB701-67,Майка женская Mizuno Mugen Printed Tank - Crocus Petal,Mizuno,3490 ₽,https://saletennis.com/catalog/product/maika-zhienskaia-mizuno-mugen-printed-tank-crocus-petal-17459,XS: Основной склад Екатеринбург - 1 шт | XS: Санкт-Петербург (Спортивная) - 1 шт | S: Основной склад Екатеринбург - 2 шт | S: Санкт-Петербург (Спортивная) - 1 шт | S: Соболева - 1 шт | M: Санкт-Петербург (Спортивная) - 1 шт,7.0,public/data/product_images/1631735e944b.webp,0.0,3.0,3,1.0,0.0,0.0,0,0.0,0.0,0.0
Одежда,62GAB701-24,Майка женская Mizuno Mugen Printed Tank - Mgen Blue,Mizuno,3490 ₽,https://saletennis.com/catalog/product/maika-zhienskaia-mizuno-mugen-printed-tank-mgen-blue-17460,XS: Санкт-Петербург (Спортивная) - 1 шт | S: Санкт-Петербург (Спортивная) - 1 шт | S: Основной склад Екатеринбург - 1 шт | M: Санкт-Петербург (Спортивная) - 1 шт | M: Соболева - 1 шт,5.0,public/data/product_images/90b2ac9785c7.webp,0.0,3.0,1,1.0,0.0,0.0,0,0.0,0.0,0.0
Одежда,62GAB701-41,Майка женская Mizuno Mugen Printed Tank - Neo Lime,Mizuno,3490 ₽,https://saletennis.com/catalog/product/maika-zhienskaia-mizuno-mugen-printed-tank-neo-lime-17461,XS: Основной склад Екатеринбург - 1 шт | S: Основной склад Екатеринбург - 2 шт,3.0,public/data/product_images/565b3b8eac55.webp,0.0,0.0,3,0.0,0.0,0.0,0,0.0,0.0,0.0
Одежда,62GAB701-01,Майка женская Mizuno Mugen Printed Tank - White,Mizuno,3490 ₽,https://saletennis.com/catalog/product/maika-zhienskaia-mizuno-mugen-printed-tank-white-17434,XS: Соболева - 1 шт | M: Основной склад Екатеринбург - 1 шт,2.0,public/data/product_images/c6fa34609841.webp,0.0,0.0,1,1.0,0.0,0.0,0,0.0,0.0,0.0
Одежда,62GAA20262,Майка женская Mizuno Printed Tank - Cabernet,Mizuno,2990 ₽,https://saletennis.com/catalog/product/maika-zhienskaia-mizuno-printed-tank-cabernet-14587,S: Основной склад Екатеринбург - 1 шт | S: Ижевск - 1 шт | M: Санкт-Петербург (Спортивная) - 1 шт,3.0,public/data/product_images/98d38da27511.webp,0.0,1.0,1,0.0,0.0,0.0,0,0.0,0.0,1.0
Одежда,NT76-4104,Майка женская Nata Sleeveless T-shirt - Antarctica,7/6,3493 ₽,https://saletennis.com/catalog/product/maika-zhienskaia-nata-sleeveless-t-shirt-antarctica-18586,XS: Санкт-Петербург (Спортивная) - 1 шт | XS: Уфа - 1 шт | XS: Тюмень (Народная) - 1 шт | XS: Елизаветенское шоссе - 1 шт | XS: Соболева - 1 шт | M: Соболева - 1 шт | M: Елизаветенское шоссе - 2 шт | M: Бисертская - 1 шт | M: Тюмень (Народная) - 1 шт | M: Уфа - 1 шт | XL: Санкт-Петербург (Спортивная) - 1 шт,12.0,public/data/product_images/6d0e39aad493.webp,0.0,2.0,0,2.0,0.0,1.0,3,2.0,2.0,0.0
Одежда,NT76-4109,Майка женская Nata Sleeveless T-shirt - Arona,7/6,3493 ₽,https://saletennis.com/catalog/product/maika-zhienskaia-nata-sleeveless-t-shirt-arona-18587,XS: Соболева - 1 шт | XS: Бисертская - 1 шт | XS: Парина - 1 шт | XS: Санкт-Петербург (Спортивная) - 1 шт | XS: Уфа - 1 шт | S: Парина - 1 шт | S: Елизаветенское шоссе - 1 шт | S: Бисертская - 1 шт | S: Тюмень (Народная) - 1 шт | M: Бисертская - 2 шт | L: Ижевск - 1 шт | XL: Санкт-Петербург (Спортивная) - 1 шт,13.0,public/data/product_images/fbbd221a470d.webp,0.0,2.0,0,1.0,2.0,4.0,1,1.0,1.0,1.0
Одежда,NT76-1265,Майка женская Nata Sleeveless T-shirt - Bright Pink,7/6,1995 ₽,https://saletennis.com/catalog/product/maika-zhienskaia-nata-sleeveless-t-shirt-bright-pink-17900,XS: Санкт-Петербург (Спортивная) - 1 шт | XS: Основной склад Екатеринбург - 5 шт | S: Основной склад Екатеринбург - 3 шт | S: Санкт-Петербург (Спортивная) - 1 шт | M: Санкт-Петербург (Спортивная) - 1 шт | XL: Санкт-Петербург (Спортивная) - 1 шт,12.0,public/data/product_images/3a91645911e6.webp,0.0,4.0,8,0.0,0.0,0.0,0,0.0,0.0,0.0
Одежда,NT76-0205,Майка женская Nata Sleeveless T-shirt - Cream,7/6,1995 ₽,https://saletennis.com/catalog/product/maika-zhienskaia-nata-sleeveless-t-shirt-cream-17901,XXS: Санкт-Петербург (Спортивная) - 1 шт | XXS: Основной склад Екатеринбург - 3 шт | XS: Основной склад Екатеринбург - 1 шт | XS: Санкт-Петербург (Спортивная) - 1 шт | XS: Тюмень (Народная) - 1 шт | S: Санкт-Петербург (Спортивная) - 1 шт | M: Тюмень (Народная) - 1 шт | M: Основной склад Екатеринбург - 2 шт | M: Санкт-Петербург (Спортивная) - 1 шт | L: Основной склад Екатеринбург - 1 шт | XL: Санкт-Петербург (Спортивная) - 1 шт,14.0,public/data/product_images/fa188ea5e5bb.webp,0.0,5.0,7,0.0,0.0,0.0,0,2.0,0.0,0.0
Одежда,NT76-4718,Майка женская Nata Sleeveless T-shirt - Hydro,7/6,4990 ₽,https://saletennis.com/catalog/product/maika-zhienskaia-nata-sleeveless-t-shirt-hydro-19284,XXS: Санкт-Петербург (Ярослава Гашека) - 1 шт | XXS: Санкт-Петербург (Спортивная) - 1 шт | XXS: Тюмень (Народная) - 1 шт | XS: Соболева - 1 шт | XS: Санкт-Петербург (Спортивная) - 1 шт | XS: Елизаветенское шоссе - 1 шт | XS: Парина - 1 шт | XS: Тюмень (Народная) - 1 шт | XS: Санкт-Петербург (Ярослава Гашека) - 1 шт | S: Елизаветенское шоссе - 2 шт | S: Бисертская - 1 шт | S: Ижевск - 1 шт | S: Соболева - 2 шт | S: Санкт-Петербург (Спортивная) - 1 шт | S: Основной склад Екатеринбург - 3 шт | S: Санкт-Петербург (Ярослава Гашека) - 1 шт | S: Уфа - 1 шт | S: Парина - 2 шт | M: Соболева - 1 шт | M: Санкт-Петербург (Ярослава Гашека) - 1 шт | M: Бисертская - 1 шт | M: Тюмень (Народная) - 1 шт | M: Основной склад Екатеринбург - 2 шт | M: Ижевск - 1 шт | M: Санкт-Петербург (Спортивная) - 1 шт | M: Парина - 1 шт | M: Уфа - 1 шт | M: Елизаветенское шоссе - 1 шт | L: Соболева - 1 шт | L: Парина - 1 шт | L: Санкт-Петербург (Ярослава Гашека) - 1 шт | L: Санкт-Петербург (Спортивная) - 1 шт | XL: Санкт-Петербург (Спортивная) - 1 шт,39.0,public/data/product_images/a1def3c7ff83.webp,5.0,6.0,5,5.0,5.0,2.0,4,3.0,2.0,2.0
Одежда,NT76-4313,Майка женская Nata Sleeveless T-shirt - Light Blue,7/6,1995 ₽,https://saletennis.com/catalog/product/maika-zhienskaia-nata-sleeveless-t-shirt-light-blue-17902,XXS: Бисертская - 1 шт | XXS: Санкт-Петербург (Спортивная) - 1 шт | XS: Основной склад Екатеринбург - 1 шт | S: Уфа - 1 шт | L: Основной склад Екатеринбург - 2 шт | XL: Санкт-Петербург (Спортивная) - 1 шт,7.0,public/data/product_images/401507f7e351.webp,0.0,2.0,3,0.0,0.0,1.0,0,0.0,1.0,0.0
Одежда,NT76-1304,Майка женская Nata Sleeveless T-shirt - Pearl,7/6,4990 ₽,https://saletennis.com/catalog/product/maika-zhienskaia-nata-sleeveless-t-shirt-pearl-19285,XXS: Санкт-Петербург (Спортивная) - 1 шт | XXS: Санкт-Петербург (Ярослава Гашека) - 1 шт | XXS: Тюмень (Народная) - 1 шт | XS: Тюмень (Народная) - 1 шт | XS: Елизаветенское шоссе - 1 шт | XS: Санкт-Петербург (Ярослава Гашека) - 1 шт | XS: Санкт-Петербург (Спортивная) - 1 шт | XS: Парина - 1 шт | XS: Соболева - 1 шт | S: Ижевск - 1 шт | S: Парина - 2 шт | S: Соболева - 2 шт | S: Тюмень (Народная) - 1 шт | S: Санкт-Петербург (Спортивная) - 1 шт | S: Санкт-Петербург (Ярослава Гашека) - 1 шт | S: Уфа - 1 шт | S: Елизаветенское шоссе - 2 шт | S: Бисертская - 2 шт | M: Елизаветенское шоссе - 1 шт | M: Бисертская - 1 шт | M: Ижевск - 1 шт | M: Парина - 2 шт | M: Санкт-Петербург (Спортивная) - 1 шт | M: Соболева - 1 шт | M: Уфа - 1 шт | M: Тюмень (Народная) - 1 шт | M: Санкт-Петербург (Ярослава Гашека) - 1 шт | L: Соболева - 1 шт | L: Санкт-Петербург (Спортивная) - 1 шт | XL: Санкт-Петербург (Спортивная) - 1 шт,35.0,public/data/product_images/457dee921c7d.webp,4.0,6.0,0,5.0,5.0,3.0,4,4.0,2.0,2.0
Одежда,NT76-2520,Майка женская Nata Sleeveless T-shirt - Potent Purple,7/6,3493 ₽,https://saletennis.com/catalog/product/maika-zhienskaia-nata-sleeveless-t-shirt-potent-purple-18588,XS: Соболева - 1 шт | XS: Уфа - 1 шт | XS: Елизаветенское шоссе - 1 шт | S: Уфа - 1 шт | S: Ижевск - 1 шт | M: Парина - 2 шт | M: Елизаветенское шоссе - 1 шт | M: Уфа - 1 шт | M: Бисертская - 1 шт | M: Санкт-Петербург (Спортивная) - 1 шт | M: Соболева - 1 шт | XL: Санкт-Петербург (Спортивная) - 1 шт,13.0,public/data/product_images/b4a32354d282.webp,0.0,2.0,0,2.0,2.0,1.0,2,0.0,3.0,1.0
Одежда,NT76-1215,Майка женская Nata Sleeveless T-shirt - Shaved Chocolate,7/6,4990 ₽,https://saletennis.com/catalog/product/maika-zhienskaia-nata-sleeveless-t-shirt-shaved-chocolate-19286,XXS: Тюмень (Народная) - 1 шт | XXS: Санкт-Петербург (Спортивная) - 1 шт | XS: Парина - 1 шт | XS: Санкт-Петербург (Спортивная) - 1 шт | XS: Тюмень (Народная) - 1 шт | XS: Соболева - 1 шт | XS: Санкт-Петербург (Ярослава Гашека) - 1 шт | S: Елизаветенское шоссе - 1 шт | S: Уфа - 1 шт | S: Санкт-Петербург (Ярослава Гашека) - 1 шт | S: Санкт-Петербург (Спортивная) - 1 шт | S: Соболева - 1 шт | S: Ижевск - 1 шт | S: Парина - 1 шт | M: Елизаветенское шоссе - 1 шт | M: Тюмень (Народная) - 1 шт | M: Соболева - 1 шт | M: Бисертская - 1 шт | M: Уфа - 1 шт | M: Парина - 1 шт | M: Санкт-Петербург (Ярослава Гашека) - 1 шт | M: Ижевск - 1 шт | M: Санкт-Петербург (Спортивная) - 1 шт | L: Санкт-Петербург (Ярослава Гашека) - 1 шт | L: Санкт-Петербург (Спортивная) - 1 шт | L: Парина - 1 шт | XL: Санкт-Петербург (Спортивная) - 1 шт,27.0,public/data/product_images/21148dd3af53.webp,4.0,6.0,0,3.0,4.0,1.0,2,3.0,2.0,2.0
Одежда,II3606-010,Майка женская Nike Court Advantage - Black/White,Nike,7990 ₽,https://saletennis.com/catalog/product/maika-zhienskaia-nike-court-advantage-black-white-19209,XS: Санкт-Петербург (Спортивная) - 1 шт | XS: Парина - 1 шт | XS: Тюмень (Народная) - 1 шт | S: Ижевск - 1 шт | M: Уфа - 1 шт | M: Ижевск - 1 шт | M: Парина - 1 шт,7.0,public/data/product_images/cf8ac502d3c3.webp,0.0,1.0,0,0.0,2.0,0.0,0,1.0,1.0,2.0
Одежда,II3606-641,Майка женская Nike Court Advantage - Peony/White,Nike,7990 ₽,https://saletennis.com/catalog/product/maika-zhienskaia-nike-court-advantage-peony-white-19257,XS: Уфа - 1 шт | XS: Парина - 1 шт | S: Уфа - 1 шт | S: Парина - 1 шт | S: Тюмень (Народная) - 1 шт | M: Уфа - 1 шт | M: Парина - 1 шт | M: Тюмень (Народная) - 1 шт,8.0,public/data/product_images/b572fa7a9905.webp,0.0,0.0,0,0.0,3.0,0.0,0,2.0,3.0,0.0
Одежда,FZ6657-100,Майка женская Nike Court Advantage - White,Nike,7490 ₽,https://saletennis.com/catalog/product/maika-zhienskaia-nike-court-advantage-white-17847,S: Ижевск - 1 шт | M: Санкт-Петербург (Спортивная) - 1 шт | M: Парина - 1 шт,3.0,public/data/product_images/cd0d4f0fd1f7.webp,0.0,1.0,0,0.0,1.0,0.0,0,0.0,0.0,1.0
Одежда,II3606-100,Майка женская Nike Court Advantage - White/Black,Nike,7990 ₽,https://saletennis.com/catalog/product/maika-zhienskaia-nike-court-advantage-white-black-19258,XS: Санкт-Петербург (Спортивная) - 1 шт | S: Парина - 2 шт | S: Соболева - 1 шт | S: Тюмень (Народная) - 1 шт | S: Ижевск - 1 шт | M: Соболева - 1 шт,7.0,public/data/product_images/a2295211cb83.webp,0.0,1.0,0,2.0,2.0,0.0,0,1.0,0.0,1.0
Одежда,II2880-736,Майка женская Nike Court Slam - Light Lemon Twist/Black,Nike,7693 ₽,https://saletennis.com/catalog/product/maika-zhienskaia-nike-court-slam-light-lemon-twist-black-18848,XS: Парина - 1 шт,1.0,public/data/product_images/2a90808d1db6.webp,0.0,0.0,0,0.0,1.0,0.0,0,0.0,0.0,0.0
Одежда,II2602-503,Майка женская Nike Court Slam - Light Magenta/Tattoo/Black,Nike,8990 ₽,https://saletennis.com/catalog/product/maika-zhienskaia-nike-court-slam-light-magenta-tattoo-black-19231,XS: Санкт-Петербург (Спортивная) - 1 шт | S: Уфа - 1 шт | S: Ижевск - 1 шт | S: Парина - 1 шт | L: Санкт-Петербург (Спортивная) - 1 шт,5.0,public/data/product_images/e6d268cdcd37.webp,0.0,2.0,0,0.0,1.0,0.0,0,0.0,1.0,1.0
Одежда,II2602-007,Майка женская Nike Court Slam - Steam/Black Spruce/Black,Nike,8990 ₽,https://saletennis.com/catalog/product/maika-zhienskaia-nike-court-slam-steam-black-spruce-black-19232,XS: Соболева - 1 шт | XS: Парина - 1 шт | XS: Санкт-Петербург (Спортивная) - 1 шт | S: Ижевск - 1 шт | S: Парина - 1 шт | S: Уфа - 1 шт | M: Парина - 1 шт | M: Уфа - 1 шт | M: Тюмень (Народная) - 1 шт | M: Санкт-Петербург (Спортивная) - 1 шт | L: Парина - 1 шт,11.0,public/data/product_images/bd14a731a486.webp,0.0,2.0,0,1.0,4.0,0.0,0,1.0,2.0,1.0
Одежда,IO0473-100,Майка женская Nike Court Slam Tank - White/White,Nike,8990 ₽,https://saletennis.com/catalog/product/maika-zhienskaia-nike-court-slam-tank-white-white-19259,XS: Санкт-Петербург (Спортивная) - 1 шт | XS: Уфа - 1 шт | M: Парина - 1 шт | M: Тюмень (Народная) - 1 шт,4.0,public/data/product_images/b38b17f1d0ec.webp,0.0,1.0,0,0.0,1.0,0.0,0,1.0,1.0,0.0
Одежда,CV4784-474,Майка женская Nike Victory Logo Tank - Glacier Blue,Nike,4893 ₽,https://saletennis.com/catalog/product/maika-zhienskaia-nike-victory-logo-tank-glacier-blue-16138,L: Парина - 1 шт | XL: Парина - 1 шт | XL: Соболева - 1 шт,3.0,public/data/product_images/348d825a68cf.webp,0.0,0.0,0,1.0,2.0,0.0,0,0.0,0.0,0.0
Одежда,FD5584-666,Майка женская Nike Victory Tank - Rush Pink/White,Nike,5990 ₽,https://saletennis.com/catalog/product/maika-zhienskaia-nike-victory-tank-rush-pink-white-18445,XS: Тюмень (Народная) - 1 шт | XS: Парина - 1 шт,2.0,public/data/product_images/592ae43bf352.webp,0.0,0.0,0,0.0,1.0,0.0,0,1.0,0.0,0.0
Одежда,CU1309-010,Носки Nike Court Multiplier Max Quarter Crew Sock (2 pairs) - Black,Nike,3490 ₽,https://saletennis.com/catalog/product/noski-nike-court-multiplier-max-quarter-crew-sock-2-pairs-black-9990,42-46: Санкт-Петербург (Ярослава Гашека) - 1 упак | 42-46: Соболева - 7 упак | 42-46: Парина - 6 упак | 42-46: Санкт-Петербург (Спортивная) - 2 упак | 42-46: Ижевск - 2 упак | 42-46: Тюмень (Народная) - 6 упак | 46-50: Санкт-Петербург (Ярослава Гашека) - 1 упак | 46-50: Парина - 8 упак | 46-50: Санкт-Петербург (Спортивная) - 1 упак | 46-50: Соболева - 4 упак | 34-38: Соболева - 4 упак | 34-38: Парина - 7 упак | 38-42: Соболева - 8 упак | 38-42: Парина - 9 упак | 38-42: Бисертская - 2 упак,68.0,public/data/product_images/0d332dcbd3c4.webp,2.0,3.0,0,23.0,30.0,2.0,0,6.0,0.0,2.0
Одежда,VD276-1264,Платье детское 7/6 Viki Dress 2.0 - Bright Orange,7/6,2793 ₽,https://saletennis.com/catalog/product/plat-ie-dietskoie-7-6-viki-dress-2-0-bright-orange-17903,XS: Санкт-Петербург (Спортивная) - 1 шт | XS: Основной склад Екатеринбург - 1 шт | S: Санкт-Петербург (Спортивная) - 1 шт | S: Соболева - 1 шт | S: Основной склад Екатеринбург - 3 шт | M: Соболева - 1 шт | M: Уфа - 1 шт | M: Основной склад Екатеринбург - 4 шт | M: Санкт-Петербург (Спортивная) - 1 шт | L: Уфа - 1 шт | L: Санкт-Петербург (Спортивная) - 1 шт | L: Основной склад Екатеринбург - 3 шт | L: Соболева - 1 шт | XL: Соболева - 1 шт | XL: Тюмень (Народная) - 1 шт | XL: Санкт-Петербург (Спортивная) - 1 шт | XL: Основной склад Екатеринбург - 4 шт | XL: Уфа - 1 шт,28.0,public/data/product_images/9447f3e39f6c.webp,0.0,5.0,15,4.0,0.0,0.0,0,1.0,3.0,0.0
Одежда,VD276-1265,Платье детское 7/6 Viki Dress 2.0 - Bright Pink,7/6,2793 ₽,https://saletennis.com/catalog/product/plat-ie-dietskoie-7-6-viki-dress-2-0-bright-pink-17904,S: Санкт-Петербург (Спортивная) - 1 шт | S: Соболева - 1 шт | S: Основной склад Екатеринбург - 2 шт | M: Основной склад Екатеринбург - 3 шт | M: Уфа - 1 шт | M: Соболева - 1 шт | M: Санкт-Петербург (Спортивная) - 1 шт | L: Уфа - 1 шт | L: Основной склад Екатеринбург - 5 шт | L: Санкт-Петербург (Спортивная) - 1 шт | L: Соболева - 1 шт | XL: Тюмень (Народная) - 1 шт | XL: Соболева - 1 шт | XL: Уфа - 1 шт | XL: Основной склад Екатеринбург - 3 шт | XL: Санкт-Петербург (Спортивная) - 1 шт,25.0,public/data/product_images/005d2f06abde.webp,0.0,4.0,13,4.0,0.0,0.0,0,1.0,3.0,0.0
Одежда,VD276-4313,Платье детское 7/6 Viki Dress 2.0 - Light Blue,7/6,2793 ₽,https://saletennis.com/catalog/product/plat-ie-dietskoie-7-6-viki-dress-2-0-light-blue-17905,S: Основной склад Екатеринбург - 3 шт | M: Основной склад Екатеринбург - 3 шт | M: Санкт-Петербург (Спортивная) - 1 шт | L: Санкт-Петербург (Спортивная) - 1 шт | L: Уфа - 1 шт | L: Основной склад Екатеринбург - 2 шт | L: Соболева - 1 шт | XL: Ижевск - 1 шт | XL: Тюмень (Народная) - 1 шт | XL: Основной склад Екатеринбург - 3 шт | XL: Санкт-Петербург (Спортивная) - 1 шт | XL: Уфа - 1 шт,19.0,public/data/product_images/ea6d15180d9b.webp,0.0,3.0,11,1.0,0.0,0.0,0,1.0,2.0,1.0
Одежда,VD276-0116,Платье детское 7/6 Viki Dress 2.0 - Light Green,7/6,2793 ₽,https://saletennis.com/catalog/product/plat-ie-dietskoie-7-6-viki-dress-2-0-light-green-17906,XS: Основной склад Екатеринбург - 2 шт | XS: Санкт-Петербург (Спортивная) - 1 шт | S: Санкт-Петербург (Спортивная) - 1 шт | M: Санкт-Петербург (Спортивная) - 1 шт | M: Тюмень (Народная) - 1 шт | M: Уфа - 1 шт | M: Основной склад Екатеринбург - 2 шт | L: Соболева - 1 шт | L: Уфа - 1 шт | L: Санкт-Петербург (Спортивная) - 1 шт | L: Основной склад Екатеринбург - 3 шт | XL: Санкт-Петербург (Спортивная) - 1 шт | XL: Основной склад Екатеринбург - 4 шт | XL: Соболева - 1 шт | XL: Уфа - 1 шт,22.0,public/data/product_images/d8735a27b99c.webp,0.0,5.0,11,2.0,0.0,0.0,0,1.0,3.0,0.0
Одежда,G1300005-DBLBL,Платье детское Bidi Badu Beach Spirit - Darkblue,Bidi Badu,1990 ₽,https://saletennis.com/catalog/product/plat-ie-dietskoie-bidi-badu-beach-spirit-darkblue-15757,152: Основной склад Екатеринбург - 2 шт | 152: Санкт-Петербург (Спортивная) - 1 шт | 164: Основной склад Екатеринбург - 1 шт,4.0,public/data/product_images/97d6e5b76878.webp,0.0,1.0,3,0.0,0.0,0.0,0,0.0,0.0,0.0
Одежда,G1300008-LIPK,Платье детское Bidi Badu Spike - Lilac/Pink,Bidi Badu,2796 ₽,https://saletennis.com/catalog/product/plat-ie-dietskoie-bidi-badu-spike-lilac-pink-16415,164: Санкт-Петербург (Спортивная) - 1 шт | 164: Основной склад Екатеринбург - 2 шт,3.0,public/data/product_images/478c832c9cf8.webp,0.0,1.0,2,0.0,0.0,0.0,0,0.0,0.0,0.0
Одежда,G1300007-DBLMX,Платье детское Bidi Badu Twiggy - Blue/Mixed,Bidi Badu,2996 ₽,https://saletennis.com/catalog/product/plat-ie-dietskoie-bidi-badu-twiggy-blue-mixed-16424,152: Парина - 1 шт | 152: Санкт-Петербург (Спортивная) - 1 шт | 152: Основной склад Екатеринбург - 2 шт | 164: Парина - 1 шт | 164: Санкт-Петербург (Спортивная) - 1 шт | 164: Основной склад Екатеринбург - 2 шт,8.0,public/data/product_images/0a9234184135.webp,0.0,2.0,4,0.0,2.0,0.0,0,0.0,0.0,0.0
Одежда,DS76-1119,Платье женское 7/6 Ana Dress - Taos Taupe,7/6,490 ₽,https://saletennis.com/catalog/product/plat-ie-zhienskoie-7-6-ana-dress-taos-taupe-14301,XXS: Санкт-Петербург (Спортивная) - 2 шт | XXS: Основной склад Екатеринбург - 1 шт,3.0,public/data/product_images/d9da71fabcd8.webp,0.0,2.0,1,0.0,0.0,0.0,0,0.0,0.0,0.0
Одежда,AD76-1265,Платье женское 7/6 Arina Dress - Bright Pink/Pink,7/6,1790 ₽,https://saletennis.com/catalog/product/plat-ie-zhienskoie-7-6-arina-dress-bright-pink-pink-17891,XXS: Санкт-Петербург (Спортивная) - 1 шт | XXS: Основной склад Екатеринбург - 4 шт | XS: Санкт-Петербург (Спортивная) - 1 шт | XS: Основной склад Екатеринбург - 4 шт | S: Основной склад Екатеринбург - 5 шт | M: Основной склад Екатеринбург - 7 шт | L: Основной склад Екатеринбург - 2 шт | L: Санкт-Петербург (Спортивная) - 1 шт,25.0,public/data/product_images/22eff84904f5.webp,0.0,3.0,22,0.0,0.0,0.0,0,0.0,0.0,0.0
Одежда,AD76-6324,Платье женское 7/6 Arina Dress - Green/Light Green,7/6,1790 ₽,https://saletennis.com/catalog/product/plat-ie-zhienskoie-7-6-arina-dress-green-light-green-17892,XXS: Санкт-Петербург (Спортивная) - 1 шт | XXS: Основной склад Екатеринбург - 4 шт | XS: Основной склад Екатеринбург - 5 шт | XS: Санкт-Петербург (Спортивная) - 2 шт | S: Основной склад Екатеринбург - 6 шт | M: Основной склад Екатеринбург - 7 шт | L: Основной склад Екатеринбург - 2 шт | XL: Основной склад Екатеринбург - 1 шт,28.0,public/data/product_images/e7df1a6d0749.webp,0.0,3.0,25,0.0,0.0,0.0,0,0.0,0.0,0.0
Одежда,AD76-4313,Платье женское 7/6 Arina Dress - Light Blue/Blue,7/6,1790 ₽,https://saletennis.com/catalog/product/plat-ie-zhienskoie-7-6-arina-dress-light-blue-blue-17893,XXS: Основной склад Екатеринбург - 4 шт | XXS: Санкт-Петербург (Спортивная) - 1 шт | XS: Санкт-Петербург (Спортивная) - 1 шт | S: Основной склад Екатеринбург - 4 шт | M: Основной склад Екатеринбург - 3 шт | L: Основной склад Екатеринбург - 1 шт | L: Санкт-Петербург (Спортивная) - 1 шт | XL: Санкт-Петербург (Спортивная) - 1 шт,16.0,public/data/product_images/f0fab0b17f5c.webp,0.0,4.0,12,0.0,0.0,0.0,0,0.0,0.0,0.0
Одежда,AD76-100,Платье женское 7/6 Arina Dress - White,7/6,990 ₽,https://saletennis.com/catalog/product/plat-ie-zhienskoie-7-6-arina-dress-white-17102,XS: Ижевск - 1 шт | M: Ижевск - 1 шт | L: Ижевск - 1 шт | L: Основной склад Екатеринбург - 2 шт | L: Санкт-Петербург (Спортивная) - 1 шт,6.0,public/data/product_images/5fa79a7947cd.webp,0.0,1.0,2,0.0,0.0,0.0,0,0.0,0.0,3.0
Одежда,MD276-4104,Платье женское 7/6 Mari Dress 2.0 - Antarctica,7/6,4194 ₽,https://saletennis.com/catalog/product/plat-ie-zhienskoie-7-6-mari-dress-2-0-antarctica-18635,S: Соболева - 1 шт | S: Основной склад Екатеринбург - 1 шт | S: Ижевск - 1 шт | S: Парина - 1 шт | M: Ижевск - 1 шт | M: Основной склад Екатеринбург - 1 шт | M: Парина - 1 шт | M: Бисертская - 1 шт | M: Санкт-Петербург (Спортивная) - 1 шт | L: Санкт-Петербург (Спортивная) - 1 шт | L: Парина - 2 шт,12.0,public/data/product_images/efbc529d5890.webp,0.0,2.0,2,1.0,4.0,1.0,0,0.0,0.0,2.0
Одежда,MD276-4109,Платье женское 7/6 Mari Dress 2.0 - Arona,7/6,4194 ₽,https://saletennis.com/catalog/product/plat-ie-zhienskoie-7-6-mari-dress-2-0-arona-18582,XXS: Санкт-Петербург (Спортивная) - 1 шт | XS: Тюмень (Народная) - 1 шт | XS: Ижевск - 1 шт | XS: Основной склад Екатеринбург - 1 шт | S: Бисертская - 1 шт | S: Соболева - 1 шт | S: Парина - 1 шт | S: Тюмень (Народная) - 1 шт | S: Основной склад Екатеринбург - 1 шт | M: Ижевск - 1 шт | M: Уфа - 1 шт | M: Основной склад Екатеринбург - 1 шт | XL: Уфа - 1 шт,13.0,public/data/product_images/f0103242fd2c.webp,0.0,1.0,3,1.0,1.0,1.0,0,2.0,2.0,2.0
Одежда,MD276-1265,Платье женское 7/6 Mari Dress 2.0 - Bright Pink,7/6,2990 ₽,https://saletennis.com/catalog/product/plat-ie-zhienskoie-7-6-mari-dress-2-0-bright-pink-17895,XXS: Основной склад Екатеринбург - 5 шт | XS: Санкт-Петербург (Спортивная) - 1 шт | XS: Основной склад Екатеринбург - 3 шт | S: Основной склад Екатеринбург - 6 шт | M: Санкт-Петербург (Спортивная) - 1 шт | M: Основной склад Екатеринбург - 3 шт | L: Основной склад Екатеринбург - 2 шт | XL: Санкт-Петербург (Спортивная) - 1 шт,22.0,public/data/product_images/a8f65fab80ab.webp,0.0,3.0,19,0.0,0.0,0.0,0,0.0,0.0,0.0
Одежда,MD276-4718,Платье женское 7/6 Mari Dress 2.0 - Hydro,7/6,6990 ₽,https://saletennis.com/catalog/product/plat-ie-zhienskoie-7-6-mari-dress-2-0-hydro-19282,XXS: Санкт-Петербург (Спортивная) - 1 шт | XS: Елизаветенское шоссе - 1 шт | XS: Санкт-Петербург (Ярослава Гашека) - 1 шт | XS: Соболева - 1 шт | XS: Тюмень (Народная) - 2 шт | XS: Санкт-Петербург (Спортивная) - 1 шт | XS: Основной склад Екатеринбург - 1 шт | XS: Парина - 1 шт | S: Основной склад Екатеринбург - 1 шт | S: Парина - 1 шт | S: Санкт-Петербург (Спортивная) - 1 шт | S: Бисертская - 1 шт | S: Уфа - 1 шт | S: Елизаветенское шоссе - 1 шт | S: Тюмень (Народная) - 1 шт | S: Санкт-Петербург (Ярослава Гашека) - 1 шт | S: Соболева - 1 шт | M: Елизаветенское шоссе - 1 шт | M: Парина - 1 шт | M: Тюмень (Народная) - 2 шт | M: Бисертская - 1 шт | M: Санкт-Петербург (Спортивная) - 1 шт | M: Санкт-Петербург (Ярослава Гашека) - 1 шт | M: Соболева - 1 шт | M: Основной склад Екатеринбург - 1 шт | M: Ижевск - 1 шт | L: Санкт-Петербург (Спортивная) - 1 шт | XL: Санкт-Петербург (Спортивная) - 1 шт,30.0,public/data/product_images/3552b6f97495.webp,3.0,6.0,3,3.0,3.0,2.0,3,5.0,1.0,1.0
Одежда,MD276-1360,Платье женское 7/6 Mari Dress 2.0 - Orange,7/6,2990 ₽,https://saletennis.com/catalog/product/plat-ie-zhienskoie-7-6-mari-dress-2-0-orange-17896,XXS: Основной склад Екатеринбург - 5 шт | XXS: Санкт-Петербург (Спортивная) - 1 шт | XS: Основной склад Екатеринбург - 5 шт | XS: Санкт-Петербург (Спортивная) - 1 шт | S: Основной склад Екатеринбург - 9 шт | M: Основной склад Екатеринбург - 1 шт | L: Основной склад Екатеринбург - 1 шт | L: Санкт-Петербург (Спортивная) - 2 шт | XL: Санкт-Петербург (Спортивная) - 1 шт,26.0,public/data/product_images/0a8350bbecb8.webp,0.0,5.0,21,0.0,0.0,0.0,0,0.0,0.0,0.0
Одежда,MD276-2520,Платье женское 7/6 Mari Dress 2.0 - Potent Purple,7/6,4194 ₽,https://saletennis.com/catalog/product/plat-ie-zhienskoie-7-6-mari-dress-2-0-potent-purple-18583,XS: Парина - 1 шт | XS: Основной склад Екатеринбург - 1 шт | S: Уфа - 1 шт | S: Ижевск - 1 шт | M: Соболева - 1 шт | M: Уфа - 1 шт | M: Основной склад Екатеринбург - 1 шт | M: Ижевск - 1 шт | M: Парина - 1 шт | L: Бисертская - 1 шт | XL: Санкт-Петербург (Спортивная) - 1 шт,11.0,public/data/product_images/83dc328d4e6e.webp,0.0,1.0,2,1.0,2.0,1.0,0,0.0,2.0,2.0
Одежда,MD276-1215,Платье женское 7/6 Mari Dress 2.0 - Shaved Chocolate,7/6,6990 ₽,https://saletennis.com/catalog/product/plat-ie-zhienskoie-7-6-mari-dress-2-0-shaved-chocolate-19283,XXS: Санкт-Петербург (Спортивная) - 1 шт | XS: Санкт-Петербург (Ярослава Гашека) - 1 шт | XS: Елизаветенское шоссе - 1 шт | XS: Санкт-Петербург (Спортивная) - 1 шт | XS: Парина - 1 шт | XS: Уфа - 1 шт | S: Основной склад Екатеринбург - 1 шт | S: Тюмень (Народная) - 2 шт | S: Бисертская - 1 шт | S: Соболева - 1 шт | S: Елизаветенское шоссе - 1 шт | S: Уфа - 1 шт | S: Санкт-Петербург (Спортивная) - 1 шт | S: Санкт-Петербург (Ярослава Гашека) - 1 шт | M: Соболева - 1 шт | M: Санкт-Петербург (Спортивная) - 2 шт | M: Парина - 1 шт | M: Санкт-Петербург (Ярослава Гашека) - 1 шт | M: Бисертская - 1 шт | M: Основной склад Екатеринбург - 1 шт | M: Елизаветенское шоссе - 1 шт | M: Тюмень (Народная) - 1 шт | L: Парина - 1 шт | L: Санкт-Петербург (Спортивная) - 2 шт | L: Соболева - 1 шт | XL: Санкт-Петербург (Спортивная) - 1 шт,29.0,public/data/product_images/68f0aa6727ad.webp,3.0,8.0,2,3.0,3.0,2.0,3,3.0,2.0,0.0
Одежда,MD76-010,Платье женское 7/6 Mari Dress - Black,7/6,2490 ₽,https://saletennis.com/catalog/product/plat-ie-zhienskoie-7-6-mari-dress-black-17103,XXS: Соболева - 1 шт | XXS: Парина - 1 шт | XXS: Санкт-Петербург (Спортивная) - 1 шт | L: Соболева - 1 шт,4.0,public/data/product_images/d63d395c5092.webp,0.0,1.0,0,2.0,1.0,0.0,0,0.0,0.0,0.0
Одежда,MD76-4313,Платье женское 7/6 Mari Dress - Light Blue,7/6,2990 ₽,https://saletennis.com/catalog/product/plat-ie-zhienskoie-7-6-mari-dress-light-blue-17894,XXS: Основной склад Екатеринбург - 4 шт | XS: Основной склад Екатеринбург - 6 шт | S: Основной склад Екатеринбург - 4 шт | M: Основной склад Екатеринбург - 6 шт | L: Основной склад Екатеринбург - 1 шт | XL: Санкт-Петербург (Спортивная) - 1 шт,22.0,public/data/product_images/b487e701a066.webp,0.0,1.0,21,0.0,0.0,0.0,0,0.0,0.0,0.0
Одежда,MD76-100,Платье женское 7/6 Mari Dress - White,7/6,2490 ₽,https://saletennis.com/catalog/product/plat-ie-zhienskoie-7-6-mari-dress-white-17104,XXS: Соболева - 1 шт | XXS: Основной склад Екатеринбург - 1 шт | XS: Санкт-Петербург (Спортивная) - 2 шт | XS: Соболева - 1 шт | XS: Ижевск - 1 шт | XS: Основной склад Екатеринбург - 1 шт | M: Основной склад Екатеринбург - 1 шт | M: Бисертская - 1 шт | L: Основной склад Екатеринбург - 3 шт | L: Уфа - 1 шт | XL: Основной склад Екатеринбург - 1 шт,14.0,public/data/product_images/2bd768a4a617.webp,0.0,2.0,7,2.0,0.0,1.0,0,0.0,1.0,1.0
Одежда,ND276-4405,Платье женское 7/6 Nika Dress 2.0 - Misty Blue,7/6,5490 ₽,https://saletennis.com/catalog/product/plat-ie-zhienskoie-7-6-nika-dress-2-0-misty-blue-19389,XXS: Санкт-Петербург (Спортивная) - 1 шт | XS: Парина - 1 шт | XS: Ижевск - 1 шт | XS: Соболева - 1 шт | XS: Санкт-Петербург (Ярослава Гашека) - 1 шт | XS: Санкт-Петербург (Спортивная) - 1 шт | XS: Уфа - 1 шт | S: Тюмень (Народная) - 2 шт | S: Соболева - 1 шт | S: Уфа - 1 шт | S: Санкт-Петербург (Спортивная) - 1 шт | S: Санкт-Петербург (Ярослава Гашека) - 1 шт | S: Парина - 1 шт | M: Ижевск - 1 шт | M: Тюмень (Народная) - 1 шт | M: Парина - 1 шт | M: Санкт-Петербург (Ярослава Гашека) - 1 шт | M: Санкт-Петербург (Спортивная) - 2 шт | M: Уфа - 1 шт | M: Соболева - 1 шт | L: Санкт-Петербург (Спортивная) - 1 шт | L: Парина - 1 шт | L: Соболева - 1 шт | XL: Санкт-Петербург (Спортивная) - 1 шт,26.0,public/data/product_images/b3ba3fde36a8.webp,3.0,7.0,0,4.0,4.0,0.0,0,3.0,3.0,2.0
Одежда,ND276-1304,Платье женское 7/6 Nika Dress 2.0 - Pearl,7/6,5490 ₽,https://saletennis.com/catalog/product/plat-ie-zhienskoie-7-6-nika-dress-2-0-pearl-19390,XXS: Санкт-Петербург (Спортивная) - 1 шт | XS: Тюмень (Народная) - 2 шт | XS: Ижевск - 1 шт | XS: Санкт-Петербург (Спортивная) - 1 шт | XS: Санкт-Петербург (Ярослава Гашека) - 1 шт | XS: Парина - 1 шт | XS: Соболева - 1 шт | S: Санкт-Петербург (Спортивная) - 1 шт | S: Основной склад Екатеринбург - 1 шт | S: Уфа - 1 шт | S: Ижевск - 1 шт | S: Елизаветенское шоссе - 1 шт | S: Тюмень (Народная) - 2 шт | S: Парина - 1 шт | S: Соболева - 1 шт | M: Ижевск - 1 шт | M: Уфа - 1 шт | M: Тюмень (Народная) - 2 шт | M: Парина - 1 шт | M: Санкт-Петербург (Спортивная) - 2 шт | M: Санкт-Петербург (Ярослава Гашека) - 1 шт | L: Санкт-Петербург (Спортивная) - 1 шт | L: Парина - 1 шт | XL: Санкт-Петербург (Спортивная) - 1 шт,28.0,public/data/product_images/07eb355e3271.webp,2.0,7.0,1,2.0,4.0,0.0,1,6.0,2.0,3.0
Одежда,ND76-1265,Платье женское 7/6 Nika Dress - Bright Pink,7/6,2490 ₽,https://saletennis.com/catalog/product/plat-ie-zhienskoie-7-6-nika-dress-bright-pink-17897,XXS: Санкт-Петербург (Спортивная) - 1 шт | XXS: Основной склад Екатеринбург - 4 шт | XS: Основной склад Екатеринбург - 6 шт | XS: Санкт-Петербург (Спортивная) - 1 шт | S: Основной склад Екатеринбург - 7 шт | M: Основной склад Екатеринбург - 6 шт | M: Санкт-Петербург (Спортивная) - 1 шт,26.0,public/data/product_images/4e02ddab65a9.webp,0.0,3.0,23,0.0,0.0,0.0,0,0.0,0.0,0.0
Одежда,ND276-3612,Платье женское 7/6 Nika Dress - Lavander Haze,7/6,2490 ₽,https://saletennis.com/catalog/product/plat-ie-zhienskoie-7-6-nika-dress-lavander-haze-17925,XXS: Основной склад Екатеринбург - 3 шт | XXS: Санкт-Петербург (Спортивная) - 1 шт | XS: Санкт-Петербург (Спортивная) - 1 шт | XS: Основной склад Екатеринбург - 6 шт | S: Основной склад Екатеринбург - 6 шт | M: Основной склад Екатеринбург - 5 шт | L: Основной склад Екатеринбург - 1 шт,23.0,public/data/product_images/8842aca543be.webp,0.0,2.0,21,0.0,0.0,0.0,0,0.0,0.0,0.0
Одежда,ND76-0116,Платье женское 7/6 Nika Dress - Light Green,7/6,2490 ₽,https://saletennis.com/catalog/product/plat-ie-zhienskoie-7-6-nika-dress-light-green-17926,XXS: Санкт-Петербург (Спортивная) - 1 шт | XXS: Основной склад Екатеринбург - 4 шт | XS: Основной склад Екатеринбург - 6 шт | XS: Санкт-Петербург (Спортивная) - 1 шт | S: Основной склад Екатеринбург - 5 шт | M: Основной склад Екатеринбург - 5 шт | L: Основной склад Екатеринбург - 1 шт | XL: Санкт-Петербург (Спортивная) - 1 шт,24.0,public/data/product_images/5870028194c5.webp,0.0,3.0,21,0.0,0.0,0.0,0,0.0,0.0,0.0
Одежда,ND76-100,Платье женское 7/6 Nika Dress - White,7/6,1990 ₽,https://saletennis.com/catalog/product/plat-ie-zhienskoie-7-6-nika-dress-white-17106,XXS: Ижевск - 1 шт | L: Санкт-Петербург (Спортивная) - 1 шт | L: Тюмень (Народная) - 1 шт | L: Основной склад Екатеринбург - 1 шт | XL: Соболева - 1 шт,5.0,public/data/product_images/c8114f3ce18c.webp,0.0,1.0,1,1.0,0.0,0.0,0,1.0,0.0,1.0
Одежда,W2300005-DB,Платье женское Bidi Badu Beach Spirit - Darkblue,Bidi Badu,2990 ₽,https://saletennis.com/catalog/product/plat-ie-zhienskoie-bidi-badu-beach-spirit-darkblue-15727,XS: Санкт-Петербург (Спортивная) - 1 шт | S: Основной склад Екатеринбург - 1 шт | S: Санкт-Петербург (Спортивная) - 1 шт | M: Основной склад Екатеринбург - 1 шт | M: Санкт-Петербург (Спортивная) - 1 шт,5.0,public/data/product_images/ba9871ea5a7c.webp,0.0,3.0,2,0.0,0.0,0.0,0,0.0,0.0,0.0
Одежда,W2300005-NYCY,Платье женское Bidi Badu Beach Spirit - Neon Yellow,Bidi Badu,2990 ₽,https://saletennis.com/catalog/product/plat-ie-zhienskoie-bidi-badu-beach-spirit-neon-yellow-15728,XS: Основной склад Екатеринбург - 1 шт | S: Основной склад Екатеринбург - 3 шт | S: Санкт-Петербург (Спортивная) - 1 шт | M: Санкт-Петербург (Спортивная) - 1 шт | M: Основной склад Екатеринбург - 1 шт,7.0,public/data/product_images/28929a525621.webp,0.0,2.0,5,0.0,0.0,0.0,0,0.0,0.0,0.0
Одежда,W1300001,Платье женское Bidi Badu Colortwist - Turquoise/Blue,Bidi Badu,3990 ₽,https://saletennis.com/catalog/product/plat-ie-zhienskoie-bidi-badu-colortwist-turquoise-blue-14499,XS: Санкт-Петербург (Спортивная) - 1 шт | XS: Основной склад Екатеринбург - 1 шт | S: Основной склад Екатеринбург - 1 шт,3.0,public/data/product_images/e05445ee7f0f.webp,0.0,1.0,2,0.0,0.0,0.0,0,0.0,0.0,0.0
Одежда,W214102221,Платье женское Bidi Badu Jala Tech - Red/Blue,Bidi Badu,3490 ₽,https://saletennis.com/catalog/product/plat-ie-zhienskoie-bidi-badu-jala-tech-red-blue-14350,XS: Основной склад Екатеринбург - 1 шт,1.0,public/data/product_images/34d605439477.webp,0.0,0.0,1,0.0,0.0,0.0,0,0.0,0.0,0.0
Одежда,W1300011,Платье женское Bidi Badu Kaleido - White/Mixed,Bidi Badu,3990 ₽,https://saletennis.com/catalog/product/plat-ie-zhienskoie-bidi-badu-kaleido-white-mixed-17218,XS: Санкт-Петербург (Спортивная) - 1 шт | S: Основной склад Екатеринбург - 2 шт,3.0,public/data/product_images/5cf7446bcbb8.webp,0.0,1.0,2,0.0,0.0,0.0,0,0.0,0.0,0.0
Одежда,W2300010,Платье женское Bidi Badu Spectrum - Turquoise/Navy,Bidi Badu,3990 ₽,https://saletennis.com/catalog/product/plat-ie-zhienskoie-bidi-badu-spectrum-turquoise-navy-17219,XS: Основной склад Екатеринбург - 1 шт | S: Основной склад Екатеринбург - 2 шт,3.0,public/data/product_images/7d4d20018cab.webp,0.0,0.0,3,0.0,0.0,0.0,0,0.0,0.0,0.0
Одежда,W1300008,Платье женское Bidi Badu Spike - Lilac/Pink,Bidi Badu,3490 ₽,https://saletennis.com/catalog/product/plat-ie-zhienskoie-bidi-badu-spike-lilac-pink-16363,XS: Основной склад Екатеринбург - 2 шт | S: Основной склад Екатеринбург - 3 шт | M: Санкт-Петербург (Спортивная) - 1 шт | M: Основной склад Екатеринбург - 2 шт,8.0,public/data/product_images/0029a360da7d.webp,0.0,1.0,7,0.0,0.0,0.0,0,0.0,0.0,0.0
Одежда,W2300008,Платье женское Bidi Badu Spike - Navy/Pink,Bidi Badu,3490 ₽,https://saletennis.com/catalog/product/plat-ie-zhienskoie-bidi-badu-spike-navy-pink-16364,XS: Санкт-Петербург (Спортивная) - 1 шт | XS: Основной склад Екатеринбург - 1 шт | S: Санкт-Петербург (Спортивная) - 1 шт | S: Основной склад Екатеринбург - 4 шт | M: Основной склад Екатеринбург - 2 шт | M: Санкт-Петербург (Спортивная) - 1 шт,10.0,public/data/product_images/b3a73ad25771.webp,0.0,3.0,7,0.0,0.0,0.0,0,0.0,0.0,0.0
Одежда,W214102222,Платье женское Bidi Badu Tuelo Tech - Blue/White/Red,Bidi Badu,3490 ₽,https://saletennis.com/catalog/product/plat-ie-zhienskoie-bidi-badu-tuelo-tech-blue-white-red-13930,S: Санкт-Петербург (Спортивная) - 1 шт | S: Основной склад Екатеринбург - 1 шт,2.0,public/data/product_images/fd779f8e0d26.webp,0.0,1.0,1,0.0,0.0,0.0,0,0.0,0.0,0.0
Одежда,W214102222,Платье женское Bidi Badu Tuelo Tech - Dark Grey/Pink,Bidi Badu,3990 ₽,https://saletennis.com/catalog/product/plat-ie-zhienskoie-bidi-badu-tuelo-tech-dark-grey-pink-14351,XS: Основной склад Екатеринбург - 1 шт,1.0,public/data/product_images/526798eeb075.webp,0.0,0.0,1,0.0,0.0,0.0,0,0.0,0.0,0.0
Одежда,W1300007-DBLMX,Платье женское Bidi Badu Twiggy - Blue/Mixed,Bidi Badu,3990 ₽,https://saletennis.com/catalog/product/plat-ie-zhienskoie-bidi-badu-twiggy-blue-mixed-16440,XS: Основной склад Екатеринбург - 2 шт | S: Основной склад Екатеринбург - 4 шт | M: Основной склад Екатеринбург - 1 шт | M: Санкт-Петербург (Спортивная) - 1 шт,8.0,public/data/product_images/987600a15948.webp,0.0,1.0,7,0.0,0.0,0.0,0,0.0,0.0,0.0
Одежда,62GHB20164,Платье женское Mizuno Charge Printed Dress - Lilac Chiffon,Mizuno,3990 ₽,https://saletennis.com/catalog/product/plat-ie-zhienskoie-mizuno-charge-printed-dress-lilac-chiffon-16330,XS: Основной склад Екатеринбург - 1 шт,1.0,public/data/product_images/282a88568501.webp,0.0,0.0,1,0.0,0.0,0.0,0,0.0,0.0,0.0
Одежда,62GHB20167,Платье женское Mizuno Charge Printed Dress - Purple Magic,Mizuno,3990 ₽,https://saletennis.com/catalog/product/plat-ie-zhienskoie-mizuno-charge-printed-dress-purple-magic-16331,XS: Основной склад Екатеринбург - 1 шт | S: Основной склад Екатеринбург - 3 шт,4.0,public/data/product_images/edf21dbdcd09.webp,0.0,0.0,4,0.0,0.0,0.0,0,0.0,0.0,0.0
Одежда,62GHC700-44,Платье женское Mizuno Daybreakers Dress - Lemon Tonic,Mizuno,4893 ₽,https://saletennis.com/catalog/product/plat-ie-zhienskoie-mizuno-daybreakers-dress-lemon-tonic-18410,XS: Тюмень (Народная) - 1 шт,1.0,public/data/product_images/3a6ffb4314f8.webp,0.0,0.0,0,0.0,0.0,0.0,0,1.0,0.0,0.0
Одежда,62GHC20114,Платье женское Mizuno Frontier Dress - Bellwether Blue,Mizuno,4893 ₽,https://saletennis.com/catalog/product/plat-ie-zhienskoie-mizuno-frontier-dress-bellwether-blue-18190,XS: Основной склад Екатеринбург - 2 шт,2.0,public/data/product_images/88d1d9844e58.webp,0.0,0.0,2,0.0,0.0,0.0,0,0.0,0.0,0.0
Одежда,62GHC20113,Платье женское Mizuno Frontier Dress - Midnight Navy,Mizuno,4893 ₽,https://saletennis.com/catalog/product/plat-ie-zhienskoie-mizuno-frontier-dress-midnight-navy-18191,XS: Основной склад Екатеринбург - 1 шт | XS: Соболева - 1 шт,2.0,public/data/product_images/02eb554297ff.webp,0.0,0.0,1,1.0,0.0,0.0,0,0.0,0.0,0.0
Одежда,62GHB700-24,Платье женское Mizuno Mugen Dress - Mugen Blue,Mizuno,3995 ₽,https://saletennis.com/catalog/product/plat-ie-zhienskoie-mizuno-mugen-dress-mugen-blue-17456,XS: Основной склад Екатеринбург - 1 шт | XS: Санкт-Петербург (Спортивная) - 1 шт | S: Соболева - 1 шт,3.0,public/data/product_images/d09965aa189d.webp,0.0,1.0,1,1.0,0.0,0.0,0,0.0,0.0,0.0
Одежда,IO0475-897,Платье женское Nike Court Advantage Tennis Dress - Sea Coral,Nike,11490 ₽,https://saletennis.com/catalog/product/plat-ie-zhienskoie-nike-court-advantage-tennis-dress-sea-coral-18844,XS: Уфа - 1 шт,1.0,public/data/product_images/ad88cae00957.webp,0.0,0.0,0,0.0,0.0,0.0,0,0.0,1.0,0.0
Одежда,DX1427-100,Платье женское Nike Court Dri-Fit Advantage - White/Black,Nike,9743 ₽,https://saletennis.com/catalog/product/plat-ie-zhienskoie-nike-court-dri-fit-advantage-white-black-16781,M: Парина - 1 шт,1.0,public/data/product_images/413e7f356e2b.webp,0.0,0.0,0,0.0,1.0,0.0,0,0.0,0.0,0.0
Одежда,FZ6463-331,Платье женское Nike Court Slam - Luminous Green,Nike,11490 ₽,https://saletennis.com/catalog/product/plat-ie-zhienskoie-nike-court-slam-luminous-green-17843,M: Ижевск - 1 шт,1.0,public/data/product_images/99b3d38beaa9.webp,0.0,0.0,0,0.0,0.0,0.0,0,0.0,0.0,1.0
Одежда,II3136-736,Платье женское Nike Court Slam Tennis Dress - Light Lemon Twist,Nike,12593 ₽,https://saletennis.com/catalog/product/plat-ie-zhienskoie-nike-court-slam-tennis-dress-light-lemon-twist-18846,XS: Парина - 1 шт,1.0,public/data/product_images/63c27f8d289b.webp,0.0,0.0,0,0.0,1.0,0.0,0,0.0,0.0,0.0
Одежда,IH3765-006,Платье женское Nike Court Slam Tennis Dress - Steam/Barely Green,Nike,16490 ₽,https://saletennis.com/catalog/product/plat-ie-zhienskoie-nike-court-slam-tennis-dress-steam-barely-green-19255,XS: Соболева - 1 шт | M: Ижевск - 1 шт | M: Соболева - 1 шт | L: Парина - 1 шт,4.0,public/data/product_images/0985d3f56460.webp,0.0,0.0,0,2.0,1.0,0.0,0,0.0,0.0,1.0
Одежда,FZ6746-100,Платье женское Nike Court Slam - White,Nike,18490 ₽,https://saletennis.com/catalog/product/plat-ie-zhienskoie-nike-court-slam-white-18114,M: Парина - 1 шт,1.0,public/data/product_images/d32927d80c9d.webp,0.0,0.0,0,0.0,1.0,0.0,0,0.0,0.0,0.0
Одежда,FQ1780-666,Платье женское Nike Court Victory Dress - Rush Pink/White,Nike,10490 ₽,https://saletennis.com/catalog/product/plat-ie-zhienskoie-nike-court-victory-dress-rush-pink-white-18443,XS: Ижевск - 1 шт,1.0,public/data/product_images/32f00a44e52b.webp,0.0,0.0,0,0.0,0.0,0.0,0,0.0,0.0,1.0
Одежда,BPL76-0000,Поло детское  7/6 Niki Polo - Gradient,7/6,1490 ₽,https://saletennis.com/catalog/product/polo-dietskoie-7-6-niki-polo-gradient-16662,XL: Соболева - 1 шт,1.0,public/data/product_images/886070c3d5af.webp,0.0,0.0,0,1.0,0.0,0.0,0,0.0,0.0,0.0
Одежда,BPL76-0119,Поло детское 7/6 Sasha Polo - Forest Elf,7/6,490 ₽,https://saletennis.com/catalog/product/polo-dietskoie-7-6-sasha-polo-forest-elf-15398,XS: Основной склад Екатеринбург - 2 шт | S: Основной склад Екатеринбург - 6 шт | M: Основной склад Екатеринбург - 2 шт,10.0,public/data/product_images/6ac838b80d4f.webp,0.0,0.0,10,0.0,0.0,0.0,0,0.0,0.0,0.0
Одежда,BPL76-0406,Поло детское 7/6 Sasha Polo - Kambaba,7/6,490 ₽,https://saletennis.com/catalog/product/polo-dietskoie-7-6-sasha-polo-kambaba-15399,XS: Основной склад Екатеринбург - 1 шт | S: Основной склад Екатеринбург - 4 шт | M: Тюмень (Народная) - 1 шт | M: Бисертская - 1 шт,7.0,public/data/product_images/bbde5f9ea5fe.webp,0.0,0.0,5,0.0,0.0,1.0,0,1.0,0.0,0.0
Одежда,BPL76-1119,Поло детское 7/6 Sasha Polo - Taos Taupe,7/6,490 ₽,https://saletennis.com/catalog/product/polo-dietskoie-7-6-sasha-polo-taos-taupe-15400,XS: Основной склад Екатеринбург - 3 шт | XS: Санкт-Петербург (Спортивная) - 1 шт | S: Основной склад Екатеринбург - 3 шт,7.0,public/data/product_images/fa070c8b8535.webp,0.0,1.0,6,0.0,0.0,0.0,0,0.0,0.0,0.0
Одежда,MPA76-4104,Поло мужское 7/6 Andy Polo - Antarctica,7/6,4193 ₽,https://saletennis.com/catalog/product/polo-muzhskoie-7-6-andy-polo-antarctica-18608,S: Бисертская - 1 шт | S: Ижевск - 1 шт | M: Соболева - 1 шт | M: Основной склад Екатеринбург - 1 шт | M: Тюмень (Народная) - 1 шт | M: Бисертская - 1 шт,6.0,public/data/product_images/f8f8d9bac994.webp,0.0,0.0,1,1.0,0.0,2.0,0,1.0,0.0,1.0
Одежда,MPA76-010,Поло мужское 7/6 Andy Polo - Black,7/6,2490 ₽,https://saletennis.com/catalog/product/polo-muzhskoie-7-6-andy-polo-black-17115,S: Парина - 1 шт | S: Санкт-Петербург (Спортивная) - 1 шт,2.0,public/data/product_images/65d8d4588236.webp,0.0,1.0,0,0.0,1.0,0.0,0,0.0,0.0,0.0
Одежда,MPA76-0106,Поло мужское 7/6 Andy Polo - Light Green/Green,7/6,2495 ₽,https://saletennis.com/catalog/product/polo-muzhskoie-7-6-andy-polo-light-green-green-17868,S: Основной склад Екатеринбург - 2 шт,2.0,public/data/product_images/00f79c79218a.webp,0.0,0.0,2,0.0,0.0,0.0,0,0.0,0.0,0.0
Одежда,MPA76-2520,Поло мужское 7/6 Andy Polo - Potent Purple,7/6,5990 ₽,https://saletennis.com/catalog/product/polo-muzhskoie-7-6-andy-polo-potent-purple-18609,S: Санкт-Петербург (Спортивная) - 1 шт | S: Тюмень (Народная) - 1 шт | M: Тюмень (Народная) - 1 шт | M: Парина - 1 шт | M: Бисертская - 1 шт | M: Уфа - 1 шт | M: Соболева - 1 шт | L: Уфа - 1 шт | L: Основной склад Екатеринбург - 1 шт | L: Соболева - 1 шт,10.0,public/data/product_images/ca2e85409ee5.webp,0.0,1.0,1,2.0,1.0,1.0,0,2.0,2.0,0.0
Одежда,MPA76-1215,Поло мужское 7/6 Andy Polo - Shaved Chocolate,7/6,5990 ₽,https://saletennis.com/catalog/product/polo-muzhskoie-7-6-andy-polo-shaved-chocolate-19296,S: Санкт-Петербург (Спортивная) - 1 шт | M: Основной склад Екатеринбург - 1 шт | M: Уфа - 1 шт | M: Соболева - 2 шт | M: Бисертская - 1 шт | M: Тюмень (Народная) - 1 шт | M: Санкт-Петербург (Ярослава Гашека) - 1 шт | M: Елизаветенское шоссе - 2 шт | M: Ижевск - 1 шт | M: Парина - 2 шт | L: Основной склад Екатеринбург - 1 шт | L: Елизаветенское шоссе - 1 шт | L: Уфа - 1 шт | L: Тюмень (Народная) - 1 шт | L: Соболева - 1 шт | L: Бисертская - 1 шт | L: Санкт-Петербург (Ярослава Гашека) - 1 шт | L: Ижевск - 1 шт | L: Парина - 2 шт | XL: Санкт-Петербург (Спортивная) - 1 шт | XL: Бисертская - 1 шт | XL: Парина - 1 шт | XL: Соболева - 1 шт | XL: Ижевск - 1 шт | XL: Елизаветенское шоссе - 1 шт | XL: Санкт-Петербург (Ярослава Гашека) - 1 шт | XL: Основной склад Екатеринбург - 1 шт | XL: Уфа - 1 шт | XXL: Елизаветенское шоссе - 1 шт | XXL: Ижевск - 1 шт | XXL: Соболева - 1 шт | XXL: Санкт-Петербург (Ярослава Гашека) - 1 шт,36.0,public/data/product_images/ee0cf2fb6875.webp,4.0,2.0,3,5.0,5.0,3.0,5,2.0,3.0,4.0
Одежда,MPA76-1632,Поло мужское 7/6 Andy Polo - Shell Pink,7/6,5990 ₽,https://saletennis.com/catalog/product/polo-muzhskoie-7-6-andy-polo-shell-pink-19297,S: Парина - 1 шт | S: Соболева - 1 шт | S: Санкт-Петербург (Ярослава Гашека) - 1 шт | S: Санкт-Петербург (Спортивная) - 1 шт | M: Санкт-Петербург (Ярослава Гашека) - 1 шт | M: Уфа - 1 шт | M: Ижевск - 1 шт | M: Парина - 2 шт | M: Основной склад Екатеринбург - 1 шт | M: Санкт-Петербург (Спортивная) - 1 шт | M: Соболева - 2 шт | M: Елизаветенское шоссе - 1 шт | M: Тюмень (Народная) - 1 шт | M: Бисертская - 1 шт | L: Тюмень (Народная) - 1 шт | L: Уфа - 1 шт | L: Ижевск - 2 шт | L: Елизаветенское шоссе - 1 шт | L: Соболева - 2 шт | L: Санкт-Петербург (Спортивная) - 1 шт | L: Санкт-Петербург (Ярослава Гашека) - 1 шт | L: Парина - 2 шт | XL: Уфа - 1 шт | XL: Соболева - 1 шт | XL: Санкт-Петербург (Ярослава Гашека) - 1 шт | XL: Санкт-Петербург (Спортивная) - 1 шт | XL: Тюмень (Народная) - 1 шт | XL: Бисертская - 1 шт | XL: Ижевск - 1 шт | XL: Основной склад Екатеринбург - 2 шт | XL: Елизаветенское шоссе - 1 шт | XXL: Санкт-Петербург (Спортивная) - 1 шт | XXL: Ижевск - 1 шт | XXL: Елизаветенское шоссе - 1 шт,40.0,public/data/product_images/6cf01613e779.webp,4.0,5.0,3,6.0,5.0,2.0,4,3.0,3.0,5.0
Одежда,MPA76-1120,Поло мужское 7/6 Andy Polo - Starfish,7/6,5990 ₽,https://saletennis.com/catalog/product/polo-muzhskoie-7-6-andy-polo-starfish-19380,S: Парина - 1 шт | S: Санкт-Петербург (Спортивная) - 1 шт | S: Санкт-Петербург (Ярослава Гашека) - 1 шт | M: Санкт-Петербург (Ярослава Гашека) - 1 шт | M: Основной склад Екатеринбург - 1 шт | M: Соболева - 1 шт | M: Санкт-Петербург (Спортивная) - 1 шт | M: Уфа - 1 шт | M: Ижевск - 1 шт | M: Тюмень (Народная) - 1 шт | M: Бисертская - 1 шт | M: Парина - 2 шт | M: Елизаветенское шоссе - 2 шт | L: Парина - 2 шт | L: Елизаветенское шоссе - 2 шт | L: Санкт-Петербург (Спортивная) - 1 шт | L: Ижевск - 1 шт | L: Санкт-Петербург (Ярослава Гашека) - 1 шт | L: Бисертская - 1 шт | L: Тюмень (Народная) - 1 шт | L: Соболева - 1 шт | XL: Парина - 1 шт | XL: Елизаветенское шоссе - 1 шт | XL: Уфа - 1 шт | XL: Санкт-Петербург (Ярослава Гашека) - 1 шт | XL: Санкт-Петербург (Спортивная) - 1 шт | XL: Тюмень (Народная) - 1 шт | XL: Соболева - 1 шт | XL: Основной склад Екатеринбург - 2 шт | XL: Ижевск - 1 шт | XL: Бисертская - 1 шт | XXL: Санкт-Петербург (Спортивная) - 1 шт | XXL: Елизаветенское шоссе - 1 шт | XXL: Соболева - 1 шт | XXL: Парина - 1 шт,40.0,public/data/product_images/2cc753143559.webp,4.0,5.0,3,4.0,7.0,3.0,6,3.0,2.0,3.0
Одежда,PL7060-4109,Поло мужское 7/6 Ankl Polo 2.0 - Arona,7/6,3843 ₽,https://saletennis.com/catalog/product/polo-muzhskoie-7-6-ankl-polo-2-0-arona-18610,S: Санкт-Петербург (Спортивная) - 1 шт | M: Парина - 1 шт | M: Тюмень (Народная) - 1 шт | M: Основной склад Екатеринбург - 1 шт | L: Тюмень (Народная) - 1 шт,5.0,public/data/product_images/dcedd538bd1c.webp,0.0,1.0,1,0.0,1.0,0.0,0,2.0,0.0,0.0
Одежда,PL7060-010,Поло мужское 7/6 Ankl Polo 2.0 - Black,7/6,2990 ₽,https://saletennis.com/catalog/product/polo-muzhskoie-7-6-ankl-polo-2-0-black-17117,S: Соболева - 2 шт | S: Бисертская - 1 шт | S: Елизаветенское шоссе - 1 шт | S: Уфа - 1 шт | S: Тюмень (Народная) - 1 шт | M: Основной склад Екатеринбург - 1 шт | M: Елизаветенское шоссе - 2 шт | M: Парина - 1 шт | M: Ижевск - 2 шт | M: Уфа - 1 шт | M: Бисертская - 2 шт | M: Соболева - 2 шт | L: Ижевск - 1 шт | L: Соболева - 2 шт | L: Основной склад Екатеринбург - 3 шт | L: Елизаветенское шоссе - 2 шт | L: Уфа - 1 шт | L: Бисертская - 2 шт | L: Парина - 3 шт | XL: Елизаветенское шоссе - 1 шт | XL: Ижевск - 1 шт | XL: Парина - 1 шт | XXL: Тюмень (Народная) - 1 шт,35.0,public/data/product_images/0f214bbc07b3.webp,0.0,0.0,4,6.0,5.0,5.0,6,2.0,3.0,4.0
Одежда,PL7060-1264,Поло мужское 7/6 Ankl Polo 2.0 - Bright Orange,7/6,2745 ₽,https://saletennis.com/catalog/product/polo-muzhskoie-7-6-ankl-polo-2-0-bright-orange-17869,S: Санкт-Петербург (Спортивная) - 2 шт | S: Основной склад Екатеринбург - 4 шт | M: Уфа - 1 шт | M: Тюмень (Народная) - 1 шт,8.0,public/data/product_images/5af290a693b7.webp,0.0,2.0,4,0.0,0.0,0.0,0,1.0,1.0,0.0
Одежда,PL7060-4104,Поло мужское 7/6 Ankl Polo 2.0 - Ebony,7/6,3843 ₽,https://saletennis.com/catalog/product/polo-muzhskoie-7-6-ankl-polo-2-0-ebony-18611,S: Соболева - 1 шт | S: Санкт-Петербург (Спортивная) - 1 шт | M: Ижевск - 1 шт | M: Бисертская - 1 шт | M: Парина - 1 шт | M: Соболева - 1 шт | M: Основной склад Екатеринбург - 1 шт | M: Уфа - 1 шт | M: Санкт-Петербург (Спортивная) - 1 шт | M: Тюмень (Народная) - 1 шт | L: Соболева - 1 шт | L: Тюмень (Народная) - 1 шт | L: Парина - 1 шт | XL: Парина - 1 шт | XXL: Соболева - 1 шт,15.0,public/data/product_images/af45ff9161a7.webp,0.0,2.0,1,4.0,3.0,1.0,0,2.0,1.0,1.0
Одежда,PL7060-4405,Поло мужское 7/6 Ankl Polo 2.0 - Grey Blossom,7/6,2990 ₽,https://saletennis.com/catalog/product/polo-muzhskoie-7-6-ankl-polo-2-0-grey-blossom-17870,S: Основной склад Екатеринбург - 2 шт | M: Основной склад Екатеринбург - 4 шт | M: Уфа - 1 шт | M: Тюмень (Народная) - 2 шт,9.0,public/data/product_images/7c0f79686baf.webp,0.0,0.0,6,0.0,0.0,0.0,0,2.0,1.0,0.0
Одежда,PL7060-4718,Поло мужское 7/6 Ankl Polo 2.0 - Hydro,7/6,5990 ₽,https://saletennis.com/catalog/product/polo-muzhskoie-7-6-ankl-polo-2-0-hydro-19298,S: Санкт-Петербург (Спортивная) - 1 шт | S: Соболева - 1 шт | S: Парина - 1 шт | M: Санкт-Петербург (Спортивная) - 1 шт | M: Уфа - 1 шт | M: Ижевск - 1 шт | M: Соболева - 2 шт | M: Елизаветенское шоссе - 2 шт | M: Тюмень (Народная) - 1 шт | M: Парина - 2 шт | L: Санкт-Петербург (Ярослава Гашека) - 1 шт | L: Ижевск - 2 шт | L: Парина - 1 шт | L: Соболева - 1 шт | L: Елизаветенское шоссе - 1 шт | L: Уфа - 1 шт | XL: Соболева - 1 шт | XL: Парина - 1 шт | XL: Уфа - 1 шт | XL: Санкт-Петербург (Спортивная) - 1 шт | XL: Ижевск - 1 шт | XL: Бисертская - 1 шт | XXL: Бисертская - 1 шт | XXL: Санкт-Петербург (Спортивная) - 1 шт | XXL: Парина - 1 шт,29.0,public/data/product_images/6fdeb596b514.webp,1.0,4.0,0,5.0,6.0,2.0,3,1.0,3.0,4.0
Одежда,PL7060-0515,Поло мужское 7/6 Ankl Polo 2.0 - Lemon Icing,7/6,5990 ₽,https://saletennis.com/catalog/product/polo-muzhskoie-7-6-ankl-polo-2-0-lemon-icing-19299,S: Санкт-Петербург (Ярослава Гашека) - 1 шт | S: Уфа - 1 шт | S: Санкт-Петербург (Спортивная) - 1 шт | S: Парина - 1 шт | M: Ижевск - 2 шт | M: Соболева - 2 шт | M: Елизаветенское шоссе - 2 шт | M: Уфа - 1 шт | M: Бисертская - 1 шт | M: Санкт-Петербург (Спортивная) - 1 шт | M: Основной склад Екатеринбург - 4 шт | M: Парина - 2 шт | M: Тюмень (Народная) - 1 шт | M: Санкт-Петербург (Ярослава Гашека) - 1 шт | L: Санкт-Петербург (Спортивная) - 1 шт | L: Ижевск - 1 шт | L: Елизаветенское шоссе - 2 шт | L: Тюмень (Народная) - 1 шт | L: Соболева - 1 шт | L: Уфа - 1 шт | L: Парина - 2 шт | XL: Уфа - 1 шт | XL: Тюмень (Народная) - 1 шт | XL: Основной склад Екатеринбург - 2 шт | XL: Санкт-Петербург (Спортивная) - 1 шт | XL: Ижевск - 1 шт | XXL: Санкт-Петербург (Спортивная) - 1 шт | XXL: Парина - 1 шт | XXL: Санкт-Петербург (Ярослава Гашека) - 1 шт,39.0,public/data/product_images/ecfa7ed4d912.webp,3.0,5.0,6,3.0,6.0,1.0,4,3.0,4.0,4.0
Одежда,PL7060-1440,Поло мужское 7/6 Ankl Polo 2.0 - Misty Blue,7/6,5990 ₽,https://saletennis.com/catalog/product/polo-muzhskoie-7-6-ankl-polo-2-0-misty-blue-19381,S: Елизаветенское шоссе - 1 шт | S: Соболева - 1 шт | S: Санкт-Петербург (Спортивная) - 1 шт | S: Санкт-Петербург (Ярослава Гашека) - 1 шт | M: Санкт-Петербург (Ярослава Гашека) - 1 шт | M: Бисертская - 1 шт | M: Санкт-Петербург (Спортивная) - 1 шт | M: Соболева - 2 шт | M: Ижевск - 1 шт | M: Парина - 2 шт | M: Елизаветенское шоссе - 2 шт | M: Уфа - 2 шт | L: Ижевск - 2 шт | L: Санкт-Петербург (Спортивная) - 1 шт | L: Тюмень (Народная) - 1 шт | L: Парина - 2 шт | L: Уфа - 2 шт | L: Бисертская - 1 шт | L: Елизаветенское шоссе - 2 шт | L: Санкт-Петербург (Ярослава Гашека) - 1 шт | L: Соболева - 1 шт | XL: Соболева - 2 шт | XL: Санкт-Петербург (Ярослава Гашека) - 1 шт | XL: Санкт-Петербург (Спортивная) - 1 шт | XL: Парина - 2 шт | XL: Елизаветенское шоссе - 2 шт | XL: Уфа - 1 шт | XL: Ижевск - 1 шт | XL: Бисертская - 1 шт | XXL: Санкт-Петербург (Спортивная) - 1 шт,41.0,public/data/product_images/c4908c8699cc.webp,4.0,5.0,0,6.0,6.0,3.0,7,1.0,5.0,4.0
Одежда,PL7060-100,Поло мужское 7/6 Ankl Polo 2.0 - White,7/6,2990 ₽,https://saletennis.com/catalog/product/polo-muzhskoie-7-6-ankl-polo-2-0-white-17118,S: Соболева - 1 шт | S: Тюмень (Народная) - 1 шт | S: Санкт-Петербург (Спортивная) - 1 шт | S: Парина - 1 шт | M: Соболева - 2 шт | M: Ижевск - 1 шт | M: Елизаветенское шоссе - 2 шт | M: Парина - 1 шт | M: Тюмень (Народная) - 1 шт | M: Бисертская - 1 шт | L: Соболева - 1 шт | L: Парина - 2 шт | L: Елизаветенское шоссе - 2 шт | L: Ижевск - 1 шт | L: Бисертская - 1 шт | XL: Соболева - 1 шт | XL: Бисертская - 1 шт | XL: Елизаветенское шоссе - 1 шт | XL: Санкт-Петербург (Спортивная) - 1 шт | XXL: Соболева - 1 шт | XXL: Санкт-Петербург (Спортивная) - 1 шт | XXL: Тюмень (Народная) - 1 шт,26.0,public/data/product_images/084917d7a07f.webp,0.0,3.0,0,6.0,4.0,3.0,5,3.0,0.0,2.0
Одежда,PL76-1119,Поло мужское 7/6 Anlk Polo - Taos Taupe,7/6,990 ₽,https://saletennis.com/catalog/product/polo-muzhskoie-7-6-anlk-polo-taos-taupe-14315,S: Основной склад Екатеринбург - 9 шт,9.0,public/data/product_images/f2dbfeeab900.webp,0.0,0.0,9,0.0,0.0,0.0,0,0.0,0.0,0.0
Одежда,62GAC502-93,Поло мужское Mizuno Daybreakers Shadow - Black/Grape Leaf,Mizuno,3990 ₽,https://saletennis.com/catalog/product/polo-muzhskoie-mizuno-daybreakers-shadow-black-grape-leaf-18402,S: Тюмень (Народная) - 1 шт | L: Тюмень (Народная) - 1 шт | XL: Основной склад Екатеринбург - 1 шт,3.0,public/data/product_images/15322023895d.webp,0.0,0.0,1,0.0,0.0,0.0,0,2.0,0.0,0.0
Одежда,62GAC502-70,Поло мужское Mizuno Daybreakers Shadow - White/Gray,Mizuno,4543 ₽,https://saletennis.com/catalog/product/polo-muzhskoie-mizuno-daybreakers-shadow-white-gray-18405,M: Основной склад Екатеринбург - 1 шт | M: Тюмень (Народная) - 1 шт,2.0,public/data/product_images/8a0f2e4987eb.webp,0.0,0.0,1,0.0,0.0,0.0,0,1.0,0.0,0.0
Одежда,62GAC00409,Поло мужское Mizuno Frontier Shadow Polo - Black,Mizuno,4193 ₽,https://saletennis.com/catalog/product/polo-muzhskoie-mizuno-frontier-shadow-polo-black-18180,M: Основной склад Екатеринбург - 1 шт,1.0,public/data/product_images/fe6f8a0d6315.webp,0.0,0.0,1,0.0,0.0,0.0,0,0.0,0.0,0.0
Одежда,62GAC00402,Поло мужское Mizuno Frontier Shadow Polo - Citadel,Mizuno,4193 ₽,https://saletennis.com/catalog/product/polo-muzhskoie-mizuno-frontier-shadow-polo-citadel-18181,M: Основной склад Екатеринбург - 1 шт,1.0,public/data/product_images/de7bf86856c5.webp,0.0,0.0,1,0.0,0.0,0.0,0,0.0,0.0,0.0
Одежда,62GAC00445,Поло мужское Mizuno Frontier Shadow Polo - Cyber Yellow,Mizuno,4193 ₽,https://saletennis.com/catalog/product/polo-muzhskoie-mizuno-frontier-shadow-polo-cyber-yellow-18206,M: Основной склад Екатеринбург - 1 шт | M: Тюмень (Народная) - 1 шт | L: Основной склад Екатеринбург - 1 шт | XL: Основной склад Екатеринбург - 1 шт,4.0,public/data/product_images/1ab2ae289b93.webp,0.0,0.0,3,0.0,0.0,0.0,0,1.0,0.0,0.0
Одежда,62GAB502-09,Поло мужское Mizuno Mugen Shadow Polo - Black,Mizuno,4790 ₽,https://saletennis.com/catalog/product/polo-muzhskoie-mizuno-mugen-shadow-polo-black-17437,S: Основной склад Екатеринбург - 1 шт | M: Основной склад Екатеринбург - 1 шт,2.0,public/data/product_images/99513f397b28.webp,0.0,0.0,2,0.0,0.0,0.0,0,0.0,0.0,0.0
Одежда,62GAB502-20,Поло мужское Mizuno Mugen Shadow Polo - Blue Mirage,Mizuno,4790 ₽,https://saletennis.com/catalog/product/polo-muzhskoie-mizuno-mugen-shadow-polo-blue-mirage-17438,S: Основной склад Екатеринбург - 1 шт | M: Санкт-Петербург (Спортивная) - 1 шт,2.0,public/data/product_images/fa066efb1bd8.webp,0.0,1.0,1,0.0,0.0,0.0,0,0.0,0.0,0.0
Одежда,62GAB50224,Поло мужское Mizuno Mugen Shadow Polo - Mugen Blue,Mizuno,4490 ₽,https://saletennis.com/catalog/product/polo-muzhskoie-mizuno-mugen-shadow-polo-mugen-blue-16842,S: Соболева - 1 шт,1.0,public/data/product_images/243c99eb9b95.webp,0.0,0.0,0,1.0,0.0,0.0,0,0.0,0.0,0.0
Одежда,62GAB502-01,Поло мужское Mizuno Mugen Shadow Polo - White,Mizuno,3990 ₽,https://saletennis.com/catalog/product/polo-muzhskoie-mizuno-mugen-shadow-polo-white-17439,S: Санкт-Петербург (Спортивная) - 1 шт | M: Основной склад Екатеринбург - 1 шт,2.0,public/data/product_images/7d03602969ea.webp,0.0,1.0,1,0.0,0.0,0.0,0,0.0,0.0,0.0
Одежда,HM6752-410,Поло мужское Nike Advantage Slam Polo - Midnight Navy,Nike,8490 ₽,https://saletennis.com/catalog/product/polo-muzhskoie-nike-advantage-slam-polo-midnight-navy-18332,S: Соболева - 1 шт,1.0,public/data/product_images/fd6e6f0f2685.webp,0.0,0.0,0,1.0,0.0,0.0,0,0.0,0.0,0.0
Одежда,FZ6907-478,Поло мужское Nike Court Advantage Polo - Armory Navy,Nike,8490 ₽,https://saletennis.com/catalog/product/polo-muzhskoie-nike-court-advantage-polo-armory-navy-19183,M: Тюмень (Народная) - 1 шт | L: Ижевск - 1 шт | XL: Соболева - 1 шт | XL: Санкт-Петербург (Спортивная) - 1 шт,4.0,public/data/product_images/60b84aa90d0d.webp,0.0,1.0,0,1.0,0.0,0.0,0,1.0,0.0,1.0
Одежда,FZ6907-663,Поло мужское Nike Court Advantage Polo - Pink Foam/Black,Nike,8490 ₽,https://saletennis.com/catalog/product/polo-muzhskoie-nike-court-advantage-polo-pink-foam-black-19184,M: Санкт-Петербург (Спортивная) - 1 шт | L: Ижевск - 1 шт | XL: Ижевск - 1 шт,3.0,public/data/product_images/85243ffda65a.webp,0.0,1.0,0,0.0,0.0,0.0,0,0.0,0.0,2.0
Одежда,IB1028-060,Поло мужское Nike Court Slam Tennis Polo - Anthracite/Cool Grey/White,Nike,13490 ₽,https://saletennis.com/catalog/product/polo-muzhskoie-nike-court-slam-tennis-polo-anthracite-cool-grey-white-19235,M: Санкт-Петербург (Спортивная) - 1 шт | L: Ижевск - 1 шт | L: Санкт-Петербург (Спортивная) - 1 шт | XL: Санкт-Петербург (Спортивная) - 1 шт,4.0,public/data/product_images/be9f8f85cf5a.webp,0.0,3.0,0,0.0,0.0,0.0,0,0.0,0.0,1.0
Одежда,IB1020-368,Поло мужское Nike Court Slam Tennis Polo - Olive Flak/White,Nike,12990 ₽,https://saletennis.com/catalog/product/polo-muzhskoie-nike-court-slam-tennis-polo-olive-flak-white-19187,S: Парина - 1 шт | M: Санкт-Петербург (Спортивная) - 1 шт | M: Парина - 1 шт | M: Уфа - 1 шт | M: Тюмень (Народная) - 1 шт | L: Ижевск - 1 шт | L: Соболева - 1 шт | L: Уфа - 1 шт | L: Парина - 1 шт | L: Санкт-Петербург (Спортивная) - 1 шт | XL: Парина - 1 шт | XL: Санкт-Петербург (Спортивная) - 1 шт,12.0,public/data/product_images/4e7e46ad3221.webp,0.0,3.0,0,1.0,4.0,0.0,0,1.0,2.0,1.0
Одежда,IB1020-389,Поло мужское Nike Court Slam Tennis Polo - Saffron Quartz/White,Nike,12990 ₽,https://saletennis.com/catalog/product/polo-muzhskoie-nike-court-slam-tennis-polo-saffron-quartz-white-19188,M: Тюмень (Народная) - 1 шт | M: Санкт-Петербург (Спортивная) - 1 шт | M: Соболева - 1 шт | M: Ижевск - 1 шт | L: Тюмень (Народная) - 1 шт | L: Санкт-Петербург (Спортивная) - 1 шт | L: Соболева - 1 шт | L: Ижевск - 1 шт | L: Парина - 2 шт | XL: Соболева - 1 шт,11.0,public/data/product_images/a37be8e1de29.webp,0.0,2.0,0,3.0,2.0,0.0,0,2.0,0.0,2.0
Одежда,IB1028-006,Поло мужское Nike Court Slam Tennis Polo - Steam/Barely Green/Black,Nike,13490 ₽,https://saletennis.com/catalog/product/polo-muzhskoie-nike-court-slam-tennis-polo-steam-barely-green-black-19236,S: Парина - 1 шт | L: Соболева - 1 шт | L: Тюмень (Народная) - 1 шт | XL: Санкт-Петербург (Спортивная) - 1 шт,4.0,public/data/product_images/2d173147bd65.webp,0.0,1.0,0,1.0,1.0,0.0,0,1.0,0.0,0.0
Одежда,IB1020-842,Поло мужское Nike Court Slam Tennis Polo - Turf Orange/White,Nike,11192 ₽,https://saletennis.com/catalog/product/polo-muzhskoie-nike-court-slam-tennis-polo-turf-orange-white-18831,S: Бисертская - 1 шт | M: Уфа - 1 шт | L: Ижевск - 1 шт | L: Уфа - 1 шт | L: Санкт-Петербург (Спортивная) - 1 шт | L: Парина - 1 шт,6.0,public/data/product_images/248d1e617fdc.webp,0.0,1.0,0,0.0,1.0,1.0,0,0.0,2.0,1.0
Одежда,IB1028-486,Поло мужское Nike Court Slam Tennis Polo - Work Blue/Hydrogen Blue/Black,Nike,13490 ₽,https://saletennis.com/catalog/product/polo-muzhskoie-nike-court-slam-tennis-polo-work-blue-hydrogen-blue-black-19237,M: Тюмень (Народная) - 1 шт | M: Парина - 1 шт | L: Ижевск - 1 шт | L: Уфа - 1 шт,4.0,public/data/product_images/1bc92d204c58.webp,0.0,0.0,0,0.0,1.0,0.0,0,1.0,1.0,1.0
Одежда,DH0857-360,Поло мужское Nike Dri-Fit Solid Polo - Light Liquid Lime/Black,Nike,4952 ₽,https://saletennis.com/catalog/product/polo-muzhskoie-nike-dri-fit-solid-polo-light-liquid-lime-black-18821,M: Ижевск - 1 шт,1.0,public/data/product_images/225eae57eb78.webp,0.0,0.0,0,0.0,0.0,0.0,0,0.0,0.0,1.0
Одежда,DD8532-376,Поло мужское Nike Rafa Logo Polo - Vapor Green,Nike,6490 ₽,https://saletennis.com/catalog/product/polo-muzhskoie-nike-rafa-logo-polo-vapor-green-17334,XL: Бисертская - 1 шт,1.0,public/data/product_images/611e12d3e2ad.webp,0.0,0.0,0,0.0,0.0,1.0,0,0.0,0.0,0.0
Одежда,IB0772-410,Поло женское Nike Cropped Tennis Polo - Midnight Navy/Sail,Nike,8990 ₽,https://saletennis.com/catalog/product/polo-zhienskoie-nike-cropped-tennis-polo-midnight-navy-sail-19179,XS: Тюмень (Народная) - 1 шт | S: Тюмень (Народная) - 1 шт | M: Тюмень (Народная) - 1 шт | M: Санкт-Петербург (Спортивная) - 1 шт,4.0,public/data/product_images/52b3c5d61a25.webp,0.0,1.0,0,0.0,0.0,0.0,0,3.0,0.0,0.0
Одежда,IB0772-133,Поло женское Nike Cropped Tennis Polo - Sail/Midnight Navy,Nike,8990 ₽,https://saletennis.com/catalog/product/polo-zhienskoie-nike-cropped-tennis-polo-sail-midnight-navy-19180,S: Санкт-Петербург (Спортивная) - 1 шт | S: Парина - 1 шт | M: Парина - 1 шт | L: Парина - 1 шт,4.0,public/data/product_images/fbda6043b3d8.webp,0.0,1.0,0,0.0,3.0,0.0,0,0.0,0.0,0.0
Одежда,HJ8992-618,Поло женское Nike Heritage Polo - Red Stardust,Nike,6990 ₽,https://saletennis.com/catalog/product/polo-zhienskoie-nike-heritage-polo-red-stardust-18480,S: Тюмень (Народная) - 1 шт | S: Уфа - 1 шт | M: Парина - 1 шт,3.0,public/data/product_images/178101e96366.webp,0.0,0.0,0,0.0,1.0,0.0,0,1.0,1.0,0.0
Одежда,WP314080222,Шорты женские Bidi Badu Sua Tech Shorts - White/Turqouse,Bidi Badu,1990 ₽,https://saletennis.com/catalog/product/shorty-bidi-badu-sua-tech-shorts-white-turqouse-14362,XS: Санкт-Петербург (Спортивная) - 1 шт | S: Санкт-Петербург (Спортивная) - 1 шт | S: Основной склад Екатеринбург - 1 шт | L: Основной склад Екатеринбург - 1 шт,4.0,public/data/product_images/4ceee0685728.webp,0.0,2.0,2,0.0,0.0,0.0,0,0.0,0.0,0.0
Одежда,BSH76-010,Шорты детские 7/6 Tema Shorts - Black,7/6,3490 ₽,https://saletennis.com/catalog/product/shorty-dietskiie-7-6-tema-shorts-black-17516,XS: Тюмень (Народная) - 1 шт | XS: Санкт-Петербург (Спортивная) - 1 шт | XS: Санкт-Петербург (Ярослава Гашека) - 1 шт | S: Тюмень (Народная) - 1 шт | S: Санкт-Петербург (Ярослава Гашека) - 1 шт | M: Санкт-Петербург (Ярослава Гашека) - 1 шт | M: Санкт-Петербург (Спортивная) - 1 шт | L: Тюмень (Народная) - 1 шт | L: Уфа - 1 шт | L: Санкт-Петербург (Ярослава Гашека) - 1 шт | L: Ижевск - 2 шт | L: Санкт-Петербург (Спортивная) - 2 шт | XL: Ижевск - 1 шт,15.0,public/data/product_images/561cdc975d2b.webp,4.0,4.0,0,0.0,0.0,0.0,0,3.0,1.0,3.0
Одежда,BSH76-4056,Шорты детские 7/6 Tema Shorts - Blue Lolite,7/6,2093 ₽,https://saletennis.com/catalog/product/shorty-dietskiie-7-6-tema-shorts-blue-lolite-17917,S: Бисертская - 1 шт | M: Тюмень - 1 шт | M: Санкт-Петербург (Спортивная) - 1 шт | M: Основной склад Екатеринбург - 1 шт | L: Санкт-Петербург (Спортивная) - 1 шт,5.0,public/data/product_images/53565b36fb37.webp,0.0,2.0,1,0.0,0.0,1.0,0,1.0,0.0,0.0
Одежда,BSH76-5923,Шорты детские 7/6 Tema Shorts - Dark Green,7/6,2093 ₽,https://saletennis.com/catalog/product/shorty-dietskiie-7-6-tema-shorts-dark-green-17918,XS: Санкт-Петербург (Спортивная) - 1 шт | S: Санкт-Петербург (Спортивная) - 2 шт | S: Уфа - 1 шт | S: Основной склад Екатеринбург - 1 шт | S: Тюмень - 1 шт | M: Соболева - 1 шт | M: Уфа - 1 шт | M: Санкт-Петербург (Спортивная) - 2 шт | L: Санкт-Петербург (Спортивная) - 2 шт,12.0,public/data/product_images/99dc0eb2b083.webp,0.0,7.0,1,1.0,0.0,0.0,0,1.0,2.0,0.0
Одежда,BSH76-1360,Шорты детские 7/6 Tema Shorts - Dark Orange,7/6,2093 ₽,https://saletennis.com/catalog/product/shorty-dietskiie-7-6-tema-shorts-dark-orange-17919,XS: Санкт-Петербург (Спортивная) - 1 шт | S: Бисертская - 1 шт | S: Соболева - 1 шт | S: Тюмень (Народная) - 1 шт | S: Основной склад Екатеринбург - 2 шт | S: Санкт-Петербург (Спортивная) - 1 шт | S: Уфа - 1 шт | M: Основной склад Екатеринбург - 2 шт | M: Соболева - 1 шт | M: Бисертская - 1 шт | M: Уфа - 1 шт | M: Санкт-Петербург (Спортивная) - 1 шт | L: Уфа - 1 шт | L: Санкт-Петербург (Спортивная) - 1 шт | L: Соболева - 1 шт | L: Тюмень (Народная) - 1 шт,18.0,public/data/product_images/cc2c2c098e79.webp,0.0,4.0,4,3.0,0.0,2.0,0,2.0,3.0,0.0
Одежда,BSH76-0000,Шорты детские 7/6 Tema Shorts - Gradient,7/6,1490 ₽,https://saletennis.com/catalog/product/shorty-dietskiie-7-6-tema-shorts-gradient-16669,XL: Соболева - 1 шт,1.0,public/data/product_images/b5888ecbdd39.webp,0.0,0.0,0,1.0,0.0,0.0,0,0.0,0.0,0.0
Одежда,BSH76-4718,Шорты детские 7/6 Tema Shorts - Hydro,7/6,3490 ₽,https://saletennis.com/catalog/product/shorty-dietskiie-7-6-tema-shorts-hydro-19407,XS: Санкт-Петербург (Спортивная) - 1 шт | XS: Санкт-Петербург (Ярослава Гашека) - 1 шт | XS: Тюмень (Народная) - 3 шт | S: Санкт-Петербург (Спортивная) - 2 шт | S: Тюмень (Народная) - 3 шт | S: Парина - 1 шт | S: Соболева - 1 шт | S: Санкт-Петербург (Ярослава Гашека) - 1 шт | M: Тюмень (Народная) - 3 шт | M: Санкт-Петербург (Спортивная) - 2 шт | M: Санкт-Петербург (Ярослава Гашека) - 1 шт | L: Уфа - 1 шт | L: Парина - 1 шт | L: Соболева - 1 шт | L: Тюмень (Народная) - 4 шт | L: Санкт-Петербург (Ярослава Гашека) - 1 шт | XL: Основной склад Екатеринбург - 1 шт | XL: Санкт-Петербург (Ярослава Гашека) - 1 шт | XL: Санкт-Петербург (Спортивная) - 1 шт | XL: Тюмень (Народная) - 3 шт | XL: Ижевск - 1 шт | XL: Уфа - 1 шт | XL: Соболева - 1 шт,36.0,public/data/product_images/5deae6047448.webp,5.0,6.0,1,3.0,2.0,0.0,0,16.0,2.0,1.0
Одежда,BSH76-0628,Шорты детские 7/6 Tema Shorts - Leaf Green,7/6,2093 ₽,https://saletennis.com/catalog/product/shorty-dietskiie-7-6-tema-shorts-leaf-green-17920,XS: Основной склад Екатеринбург - 1 шт | XS: Санкт-Петербург (Спортивная) - 1 шт | S: Соболева - 1 шт | S: Санкт-Петербург (Спортивная) - 1 шт | S: Тюмень (Народная) - 1 шт | S: Основной склад Екатеринбург - 1 шт | S: Бисертская - 1 шт | M: Основной склад Екатеринбург - 1 шт | M: Уфа - 1 шт | M: Тюмень (Народная) - 1 шт | M: Соболева - 1 шт | M: Бисертская - 1 шт | M: Санкт-Петербург (Спортивная) - 1 шт | L: Санкт-Петербург (Спортивная) - 1 шт | L: Соболева - 1 шт | L: Уфа - 1 шт | L: Основной склад Екатеринбург - 1 шт | L: Бисертская - 1 шт | L: Тюмень (Народная) - 1 шт | XL: Санкт-Петербург (Спортивная) - 2 шт | XL: Уфа - 1 шт,22.0,public/data/product_images/3e1ba6069e5b.webp,0.0,6.0,4,3.0,0.0,3.0,0,3.0,3.0,0.0
Одежда,BSH76-1632,Шорты детские 7/6 Tema Shorts - Shell Pink,7/6,3490 ₽,https://saletennis.com/catalog/product/shorty-dietskiie-7-6-tema-shorts-shell-pink-19408,XS: Уфа - 1 шт | XS: Санкт-Петербург (Ярослава Гашека) - 1 шт | XS: Парина - 1 шт | XS: Соболева - 1 шт | XS: Тюмень (Народная) - 4 шт | XS: Санкт-Петербург (Спортивная) - 1 шт | XS: Ижевск - 1 шт | S: Основной склад Екатеринбург - 1 шт | S: Парина - 1 шт | S: Санкт-Петербург (Спортивная) - 1 шт | S: Уфа - 1 шт | S: Тюмень (Народная) - 4 шт | S: Санкт-Петербург (Ярослава Гашека) - 1 шт | S: Ижевск - 1 шт | M: Тюмень (Народная) - 3 шт | M: Санкт-Петербург (Ярослава Гашека) - 1 шт | M: Санкт-Петербург (Спортивная) - 1 шт | M: Ижевск - 1 шт | M: Уфа - 1 шт | L: Ижевск - 1 шт | L: Соболева - 1 шт | L: Парина - 1 шт | L: Санкт-Петербург (Спортивная) - 1 шт | L: Санкт-Петербург (Ярослава Гашека) - 1 шт | L: Основной склад Екатеринбург - 2 шт | L: Уфа - 1 шт | L: Тюмень (Народная) - 4 шт | XL: Уфа - 1 шт | XL: Основной склад Екатеринбург - 1 шт | XL: Парина - 1 шт | XL: Ижевск - 1 шт | XL: Санкт-Петербург (Ярослава Гашека) - 1 шт | XL: Тюмень (Народная) - 4 шт | XL: Соболева - 1 шт | XL: Санкт-Петербург (Спортивная) - 1 шт,50.0,public/data/product_images/786c98ac0b75.webp,5.0,5.0,4,3.0,4.0,0.0,0,19.0,5.0,5.0
Одежда,BSH76-100,Шорты детские 7/6 Tema Shorts - White,7/6,3490 ₽,https://saletennis.com/catalog/product/shorty-dietskiie-7-6-tema-shorts-white-17517,XS: Санкт-Петербург (Спортивная) - 1 шт | XS: Ижевск - 1 шт | S: Санкт-Петербург (Спортивная) - 2 шт | M: Санкт-Петербург (Спортивная) - 1 шт | M: Тюмень (Народная) - 1 шт | M: Санкт-Петербург (Ярослава Гашека) - 1 шт | L: Санкт-Петербург (Ярослава Гашека) - 1 шт | L: Санкт-Петербург (Спортивная) - 1 шт | L: Соболева - 1 шт,10.0,public/data/product_images/196e9c99dcbf.webp,2.0,5.0,0,1.0,0.0,0.0,0,1.0,0.0,1.0
Одежда,GSH76-010,Шорты для девочек 7/6 Poly Shorts - Black,7/6,3490 ₽,https://saletennis.com/catalog/product/shorty-dlia-dievochiek-7-6-poly-shorts-black-17628,XS: Санкт-Петербург (Спортивная) - 1 шт | XS: Санкт-Петербург (Ярослава Гашека) - 1 шт | XS: Тюмень (Народная) - 1 шт | S: Санкт-Петербург (Спортивная) - 1 шт | S: Парина - 1 шт | S: Санкт-Петербург (Ярослава Гашека) - 1 шт | S: Уфа - 1 шт | S: Тюмень (Народная) - 1 шт | M: Ижевск - 1 шт | M: Санкт-Петербург (Спортивная) - 2 шт | M: Тюмень (Народная) - 1 шт | M: Санкт-Петербург (Ярослава Гашека) - 1 шт | M: Уфа - 1 шт | L: Санкт-Петербург (Ярослава Гашека) - 1 шт | L: Тюмень (Народная) - 1 шт | L: Санкт-Петербург (Спортивная) - 1 шт | L: Ижевск - 1 шт | XL: Тюмень (Народная) - 1 шт | XL: Соболева - 1 шт | XL: Ижевск - 1 шт,21.0,public/data/product_images/e128508c9c00.webp,4.0,5.0,0,1.0,1.0,0.0,0,5.0,2.0,3.0
Одежда,PSH76-0205,Шорты для девочек 7/6 Poly Shorts - Cream/Orange,7/6,2793 ₽,https://saletennis.com/catalog/product/shorty-dlia-dievochiek-7-6-poly-shorts-cream-orange-17921,XS: Санкт-Петербург (Спортивная) - 1 шт | S: Уфа - 1 шт | S: Соболева - 1 шт | S: Основной склад Екатеринбург - 2 шт | M: Основной склад Екатеринбург - 3 шт | M: Уфа - 1 шт | M: Санкт-Петербург (Спортивная) - 1 шт | L: Соболева - 1 шт | L: Уфа - 1 шт | L: Санкт-Петербург (Спортивная) - 1 шт | L: Основной склад Екатеринбург - 4 шт | XL: Санкт-Петербург (Спортивная) - 1 шт | XL: Уфа - 1 шт | XL: Соболева - 1 шт | XL: Основной склад Екатеринбург - 3 шт,23.0,public/data/product_images/3ad85978a970.webp,0.0,4.0,12,3.0,0.0,0.0,0,0.0,4.0,0.0
Одежда,PSH76-4718,Шорты для девочек 7/6 Poly Shorts - Hydro,7/6,3990 ₽,https://saletennis.com/catalog/product/shorty-dlia-dievochiek-7-6-poly-shorts-hydro-19409,XS: Тюмень (Народная) - 2 шт | XS: Ижевск - 1 шт | XS: Уфа - 1 шт | XS: Соболева - 1 шт | XS: Санкт-Петербург (Ярослава Гашека) - 1 шт | S: Уфа - 1 шт | S: Тюмень (Народная) - 1 шт | S: Ижевск - 1 шт | S: Соболева - 1 шт | S: Основной склад Екатеринбург - 1 шт | S: Парина - 1 шт | S: Санкт-Петербург (Спортивная) - 2 шт | S: Санкт-Петербург (Ярослава Гашека) - 1 шт | M: Соболева - 1 шт | M: Ижевск - 1 шт | M: Парина - 1 шт | M: Санкт-Петербург (Ярослава Гашека) - 1 шт | M: Основной склад Екатеринбург - 2 шт | M: Уфа - 1 шт | M: Санкт-Петербург (Спортивная) - 1 шт | M: Тюмень (Народная) - 2 шт | L: Тюмень (Народная) - 2 шт | L: Санкт-Петербург (Спортивная) - 1 шт | L: Санкт-Петербург (Ярослава Гашека) - 1 шт | L: Основной склад Екатеринбург - 2 шт | L: Уфа - 1 шт | L: Парина - 1 шт | L: Соболева - 1 шт | L: Ижевск - 1 шт | XL: Парина - 1 шт | XL: Ижевск - 1 шт | XL: Тюмень (Народная) - 1 шт | XL: Санкт-Петербург (Ярослава Гашека) - 1 шт | XL: Санкт-Петербург (Спортивная) - 1 шт | XL: Уфа - 1 шт,41.0,public/data/product_images/8b2e8b4e8d67.webp,5.0,5.0,5,4.0,4.0,0.0,0,8.0,5.0,5.0
Одежда,PSH76-4313,Шорты для девочек 7/6 Poly Shorts - Light Blue/Light Green,7/6,2793 ₽,https://saletennis.com/catalog/product/shorty-dlia-dievochiek-7-6-poly-shorts-light-blue-light-green-17922,M: Основной склад Екатеринбург - 1 шт | M: Санкт-Петербург (Спортивная) - 1 шт | L: Санкт-Петербург (Спортивная) - 1 шт | L: Уфа - 1 шт | L: Основной склад Екатеринбург - 1 шт | L: Тюмень (Народная) - 1 шт | XL: Основной склад Екатеринбург - 3 шт | XL: Санкт-Петербург (Спортивная) - 1 шт | XL: Уфа - 1 шт | XL: Тюмень (Народная) - 1 шт | XL: Ижевск - 1 шт,13.0,public/data/product_images/9190ebb701cf.webp,0.0,3.0,5,0.0,0.0,0.0,0,2.0,2.0,1.0
Одежда,PSH76-1632,Шорты для девочек 7/6 Poly Shorts - Shell Pink,7/6,3990 ₽,https://saletennis.com/catalog/product/shorty-dlia-dievochiek-7-6-poly-shorts-shell-pink-19410,XS: Санкт-Петербург (Спортивная) - 1 шт | XS: Ижевск - 1 шт | XS: Тюмень (Народная) - 2 шт | XS: Парина - 1 шт | XS: Соболева - 1 шт | S: Соболева - 1 шт | S: Ижевск - 1 шт | S: Основной склад Екатеринбург - 1 шт | S: Тюмень (Народная) - 2 шт | S: Уфа - 1 шт | S: Санкт-Петербург (Ярослава Гашека) - 1 шт | S: Санкт-Петербург (Спортивная) - 1 шт | M: Парина - 1 шт | M: Санкт-Петербург (Спортивная) - 1 шт | M: Санкт-Петербург (Ярослава Гашека) - 1 шт | M: Основной склад Екатеринбург - 1 шт | M: Тюмень (Народная) - 2 шт | M: Ижевск - 1 шт | M: Уфа - 1 шт | M: Соболева - 1 шт | L: Соболева - 1 шт | L: Санкт-Петербург (Ярослава Гашека) - 1 шт | L: Тюмень (Народная) - 1 шт | L: Ижевск - 1 шт | L: Уфа - 1 шт | L: Основной склад Екатеринбург - 2 шт | L: Санкт-Петербург (Спортивная) - 1 шт | XL: Санкт-Петербург (Ярослава Гашека) - 1 шт | XL: Основной склад Екатеринбург - 1 шт | XL: Соболева - 1 шт | XL: Парина - 1 шт | XL: Санкт-Петербург (Спортивная) - 1 шт | XL: Уфа - 1 шт,37.0,public/data/product_images/0f9b73f01edf.webp,4.0,5.0,5,5.0,3.0,0.0,0,7.0,4.0,4.0
Одежда,GSH76-100,Шорты для девочек 7/6 Poly Shorts - White,7/6,3490 ₽,https://saletennis.com/catalog/product/shorty-dlia-dievochiek-7-6-poly-shorts-white-17518,S: Тюмень - 1 шт | S: Бисертская - 1 шт | S: Санкт-Петербург (Спортивная) - 2 шт | S: Соболева - 1 шт | S: Ижевск - 1 шт | M: Санкт-Петербург (Спортивная) - 1 шт | M: Ижевск - 1 шт | M: Санкт-Петербург (Ярослава Гашека) - 1 шт | M: Парина - 1 шт | M: Тюмень - 1 шт | M: Соболева - 1 шт | L: Соболева - 1 шт | L: Парина - 1 шт | L: Уфа - 1 шт | L: Бисертская - 1 шт | L: Основной склад Екатеринбург - 3 шт | L: Тюмень (Народная) - 1 шт | L: Санкт-Петербург (Спортивная) - 1 шт | L: Санкт-Петербург (Ярослава Гашека) - 1 шт | XL: Санкт-Петербург (Спортивная) - 1 шт | XL: Тюмень (Народная) - 1 шт | XL: Ижевск - 1 шт | XL: Уфа - 1 шт | XL: Бисертская - 1 шт | XL: Парина - 1 шт,28.0,public/data/product_images/1799fffc6408.webp,2.0,5.0,3,3.0,3.0,3.0,0,4.0,2.0,3.0
Одежда,G318034223,Шорты+леггинсы для девочек Bidi Badu Flora Tech - Pink/Dark Blue,Bidi Badu,1396 ₽,https://saletennis.com/catalog/product/shorty-lieghghinsy-dlia-dievochiek-bidi-badu-flora-tech-pink-dark-blue-15434,164: Санкт-Петербург (Спортивная) - 1 шт,1.0,public/data/product_images/aa7aa20d5a2f.webp,0.0,1.0,0,0.0,0.0,0.0,0,0.0,0.0,0.0
Одежда,SH7760-4109,Шорты мужские 7/6 Miran Shorts 7 - Arona,7/6,3143 ₽,https://saletennis.com/catalog/product/shorty-muzhskiie-7-6-miran-shorts-7-arona-18622,M: Санкт-Петербург (Спортивная) - 1 шт | M: Соболева - 1 шт | M: Тюмень (Народная) - 1 шт | L: Парина - 1 шт | L: Уфа - 1 шт | XL: Соболева - 1 шт | XL: Уфа - 1 шт,7.0,public/data/product_images/3ba996a71c8a.webp,0.0,1.0,0,2.0,1.0,0.0,0,1.0,2.0,0.0
Одежда,SH7060-010,Шорты мужские 7/6 Miran Shorts 7 - Black,7/6,3992 ₽,https://saletennis.com/catalog/product/shorty-muzhskiie-7-6-miran-shorts-7-black-17124,S: Соболева - 1 шт | S: Тюмень (Народная) - 2 шт | S: Бисертская - 1 шт | S: Ижевск - 1 шт | S: Санкт-Петербург (Спортивная) - 1 шт | M: Ижевск - 1 шт | M: Соболева - 1 шт | M: Бисертская - 1 шт | M: Елизаветенское шоссе - 1 шт | M: Парина - 1 шт | L: Основной склад Екатеринбург - 3 шт | L: Ижевск - 2 шт | L: Парина - 2 шт | L: Бисертская - 1 шт | L: Уфа - 1 шт | L: Соболева - 3 шт | L: Елизаветенское шоссе - 2 шт | XL: Уфа - 1 шт | XL: Санкт-Петербург (Спортивная) - 1 шт,27.0,public/data/product_images/a6e42ca999d5.webp,0.0,2.0,3,5.0,3.0,3.0,3,2.0,2.0,4.0
Одежда,SH7760-4056,Шорты мужские 7/6 Miran Shorts 7 - Blue Lolite,7/6,2245 ₽,https://saletennis.com/catalog/product/shorty-muzhskiie-7-6-miran-shorts-7-blue-lolite-17882,S: Основной склад Екатеринбург - 1 шт | M: Основной склад Екатеринбург - 2 шт | L: Основной склад Екатеринбург - 1 шт | L: Санкт-Петербург (Спортивная) - 1 шт,5.0,public/data/product_images/adaeb9f49e6f.webp,0.0,1.0,4,0.0,0.0,0.0,0,0.0,0.0,0.0
Одежда,SH7760-5923,Шорты мужские 7/6 Miran Shorts 7 - Dark Green,7/6,2245 ₽,https://saletennis.com/catalog/product/shorty-muzhskiie-7-6-miran-shorts-7-dark-green-17883,XXL: Тюмень (Народная) - 1 шт,1.0,public/data/product_images/8f6a099edc57.webp,0.0,0.0,0,0.0,0.0,0.0,0,1.0,0.0,0.0
Одежда,SH7760-1941,Шорты мужские 7/6 Miran Shorts 7 - Ebony,7/6,4490 ₽,https://saletennis.com/catalog/product/shorty-muzhskiie-7-6-miran-shorts-7-ebony-18623,XXL: Санкт-Петербург (Спортивная) - 1 шт,1.0,public/data/product_images/cc65c3b10364.webp,0.0,1.0,0,0.0,0.0,0.0,0,0.0,0.0,0.0
Одежда,SH7760-4718,Шорты мужские 7/6 Miran Shorts 7 - Hydro,7/6,4490 ₽,https://saletennis.com/catalog/product/shorty-muzhskiie-7-6-miran-shorts-7-hydro-19303,S: Тюмень (Народная) - 1 шт | M: Ижевск - 1 шт | M: Уфа - 1 шт | M: Бисертская - 1 шт | M: Соболева - 1 шт | M: Елизаветенское шоссе - 2 шт | M: Санкт-Петербург (Спортивная) - 1 шт | M: Санкт-Петербург (Ярослава Гашека) - 1 шт | M: Парина - 1 шт | M: Тюмень (Народная) - 2 шт | L: Ижевск - 2 шт | L: Елизаветенское шоссе - 2 шт | L: Соболева - 2 шт | L: Тюмень (Народная) - 1 шт | L: Уфа - 2 шт | L: Санкт-Петербург (Спортивная) - 1 шт | L: Санкт-Петербург (Ярослава Гашека) - 1 шт | L: Парина - 2 шт | XL: Санкт-Петербург (Ярослава Гашека) - 1 шт | XL: Соболева - 1 шт | XL: Ижевск - 1 шт | XL: Бисертская - 1 шт | XL: Елизаветенское шоссе - 1 шт | XL: Уфа - 1 шт | XL: Тюмень (Народная) - 2 шт | XL: Санкт-Петербург (Спортивная) - 1 шт | XL: Основной склад Екатеринбург - 2 шт | XXL: Санкт-Петербург (Ярослава Гашека) - 1 шт | XXL: Уфа - 1 шт | XXL: Парина - 1 шт | XXL: Санкт-Петербург (Спортивная) - 1 шт | XXL: Елизаветенское шоссе - 1 шт,41.0,public/data/product_images/5cefcc467219.webp,4.0,4.0,2,4.0,4.0,2.0,6,6.0,5.0,4.0
Одежда,SH7760-2520,Шорты мужские 7/6 Miran Shorts 7 - Potent Purple,7/6,3143 ₽,https://saletennis.com/catalog/product/shorty-muzhskiie-7-6-miran-shorts-7-potent-purple-18624,M: Санкт-Петербург (Спортивная) - 2 шт | L: Санкт-Петербург (Спортивная) - 1 шт | XL: Ижевск - 1 шт | XL: Санкт-Петербург (Спортивная) - 1 шт | XL: Тюмень (Народная) - 1 шт | XL: Парина - 1 шт,7.0,public/data/product_images/984babe5fced.webp,0.0,4.0,0,0.0,1.0,0.0,0,1.0,0.0,1.0
Одежда,SH7760-1215,Шорты мужские 7/6 Miran Shorts 7 - Shaved Chocolate,7/6,4490 ₽,https://saletennis.com/catalog/product/shorty-muzhskiie-7-6-miran-shorts-7-shaved-chocolate-19304,S: Санкт-Петербург (Спортивная) - 1 шт | S: Тюмень (Народная) - 1 шт | S: Парина - 1 шт | S: Елизаветенское шоссе - 1 шт | S: Ижевск - 1 шт | M: Тюмень (Народная) - 1 шт | M: Елизаветенское шоссе - 1 шт | M: Бисертская - 1 шт | M: Ижевск - 2 шт | M: Уфа - 1 шт | M: Соболева - 2 шт | M: Парина - 1 шт | M: Санкт-Петербург (Ярослава Гашека) - 1 шт | L: Елизаветенское шоссе - 2 шт | L: Соболева - 2 шт | L: Санкт-Петербург (Спортивная) - 1 шт | L: Тюмень (Народная) - 2 шт | L: Санкт-Петербург (Ярослава Гашека) - 1 шт | L: Основной склад Екатеринбург - 3 шт | L: Бисертская - 1 шт | L: Парина - 2 шт | L: Уфа - 2 шт | L: Ижевск - 2 шт | XL: Парина - 2 шт | XL: Елизаветенское шоссе - 2 шт | XL: Санкт-Петербург (Спортивная) - 2 шт | XL: Уфа - 1 шт | XL: Тюмень (Народная) - 2 шт | XL: Бисертская - 1 шт | XL: Санкт-Петербург (Ярослава Гашека) - 1 шт | XL: Соболева - 2 шт | XL: Ижевск - 2 шт | XXL: Соболева - 1 шт | XXL: Елизаветенское шоссе - 1 шт | XXL: Уфа - 1 шт | XXL: Парина - 1 шт | XXL: Санкт-Петербург (Ярослава Гашека) - 1 шт | XXL: Санкт-Петербург (Спортивная) - 1 шт,54.0,public/data/product_images/4dd92bf85052.webp,4.0,5.0,3,7.0,7.0,3.0,7,6.0,5.0,7.0
Одежда,SH7760-1632,Шорты мужские 7/6 Miran Shorts 7 - Shell Pink,7/6,4490 ₽,https://saletennis.com/catalog/product/shorty-muzhskiie-7-6-miran-shorts-7-shell-pink-19305,S: Соболева - 1 шт | S: Елизаветенское шоссе - 1 шт | S: Санкт-Петербург (Спортивная) - 1 шт | S: Ижевск - 1 шт | S: Санкт-Петербург (Ярослава Гашека) - 1 шт | S: Парина - 1 шт | M: Тюмень (Народная) - 3 шт | M: Санкт-Петербург (Ярослава Гашека) - 1 шт | M: Соболева - 2 шт | M: Санкт-Петербург (Спортивная) - 1 шт | M: Ижевск - 1 шт | M: Основной склад Екатеринбург - 2 шт | M: Елизаветенское шоссе - 2 шт | M: Парина - 2 шт | L: Санкт-Петербург (Ярослава Гашека) - 1 шт | L: Бисертская - 1 шт | L: Санкт-Петербург (Спортивная) - 1 шт | L: Уфа - 1 шт | L: Ижевск - 2 шт | L: Елизаветенское шоссе - 2 шт | L: Соболева - 2 шт | L: Основной склад Екатеринбург - 3 шт | L: Парина - 2 шт | L: Тюмень (Народная) - 3 шт | XL: Основной склад Екатеринбург - 1 шт | XL: Ижевск - 1 шт | XL: Санкт-Петербург (Ярослава Гашека) - 1 шт | XL: Соболева - 2 шт | XL: Елизаветенское шоссе - 1 шт | XL: Бисертская - 1 шт | XL: Парина - 1 шт | XL: Тюмень (Народная) - 1 шт | XXL: Парина - 1 шт | XXL: Санкт-Петербург (Спортивная) - 1 шт | XXL: Елизаветенское шоссе - 1 шт | XXL: Соболева - 1 шт | XXL: Ижевск - 1 шт,52.0,public/data/product_images/c6923962b7ca.webp,4.0,4.0,6,8.0,7.0,2.0,7,7.0,1.0,6.0
Одежда,SH7060-100,Шорты мужские 7/6 Miran Shorts 7 - White,7/6,3992 ₽,https://saletennis.com/catalog/product/shorty-muzhskiie-7-6-miran-shorts-7-white-17125,S: Тюмень (Народная) - 1 шт | S: Санкт-Петербург (Спортивная) - 1 шт | M: Соболева - 1 шт | M: Елизаветенское шоссе - 1 шт | M: Парина - 1 шт | M: Бисертская - 1 шт | M: Ижевск - 1 шт | L: Санкт-Петербург (Спортивная) - 1 шт | L: Соболева - 1 шт | L: Парина - 1 шт | L: Ижевск - 1 шт | XL: Соболева - 1 шт | XL: Санкт-Петербург (Спортивная) - 1 шт | XL: Бисертская - 1 шт | XL: Уфа - 2 шт | XXL: Соболева - 1 шт | XXL: Санкт-Петербург (Спортивная) - 1 шт,18.0,public/data/product_images/d4aa442ed240.webp,0.0,4.0,0,4.0,2.0,2.0,1,1.0,2.0,2.0
Одежда,SH9760-4109,Шорты мужские 7/6 Miran Shorts 9 - Arona,7/6,4990 ₽,https://saletennis.com/catalog/product/shorty-muzhskiie-7-6-miran-shorts-9-arona-18625,L: Санкт-Петербург (Спортивная) - 2 шт | L: Соболева - 1 шт | XL: Соболева - 1 шт | XL: Санкт-Петербург (Спортивная) - 1 шт | XL: Ижевск - 1 шт,6.0,public/data/product_images/3162f7a11bb1.webp,0.0,3.0,0,2.0,0.0,0.0,0,0.0,0.0,1.0
Одежда,SH9760-4056,Шорты мужские 7/6 Miran Shorts 9 - Blue Lolite,7/6,2495 ₽,https://saletennis.com/catalog/product/shorty-muzhskiie-7-6-miran-shorts-9-blue-lolite-17886,S: Парина - 1 шт | M: Тюмень (Народная) - 2 шт | M: Основной склад Екатеринбург - 6 шт | L: Уфа - 1 шт | XXL: Основной склад Екатеринбург - 1 шт,11.0,public/data/product_images/0d515e3ce60d.webp,0.0,0.0,7,0.0,1.0,0.0,0,2.0,1.0,0.0
Одежда,SH9760-4718,Шорты мужские 7/6 Miran Shorts 9 - Hydro,7/6,4990 ₽,https://saletennis.com/catalog/product/shorty-muzhskiie-7-6-miran-shorts-9-hydro-19385,S: Санкт-Петербург (Спортивная) - 1 шт | S: Елизаветенское шоссе - 1 шт | S: Парина - 1 шт | S: Санкт-Петербург (Ярослава Гашека) - 1 шт | M: Ижевск - 1 шт | M: Основной склад Екатеринбург - 2 шт | M: Санкт-Петербург (Ярослава Гашека) - 1 шт | M: Уфа - 1 шт | M: Парина - 2 шт | M: Санкт-Петербург (Спортивная) - 1 шт | M: Соболева - 2 шт | M: Тюмень (Народная) - 3 шт | M: Елизаветенское шоссе - 2 шт | L: Санкт-Петербург (Спортивная) - 1 шт | L: Санкт-Петербург (Ярослава Гашека) - 1 шт | L: Парина - 2 шт | L: Бисертская - 1 шт | L: Ижевск - 2 шт | L: Основной склад Екатеринбург - 6 шт | L: Елизаветенское шоссе - 2 шт | L: Соболева - 1 шт | XL: Бисертская - 1 шт | XL: Тюмень (Народная) - 2 шт | XL: Парина - 1 шт | XL: Уфа - 1 шт | XL: Соболева - 1 шт | XL: Елизаветенское шоссе - 1 шт | XL: Санкт-Петербург (Спортивная) - 1 шт | XXL: Санкт-Петербург (Спортивная) - 1 шт | XXL: Бисертская - 1 шт | XXL: Санкт-Петербург (Ярослава Гашека) - 1 шт | XXL: Парина - 1 шт,47.0,public/data/product_images/f3a5ef1690f4.webp,4.0,5.0,8,4.0,7.0,3.0,6,5.0,2.0,3.0
Одежда,SH9760-1215,Шорты мужские 7/6 Miran Shorts 9 - Shaved Chocolate,7/6,4990 ₽,https://saletennis.com/catalog/product/shorty-muzhskiie-7-6-miran-shorts-9-shaved-chocolate-19386,S: Елизаветенское шоссе - 1 шт | S: Санкт-Петербург (Спортивная) - 1 шт | S: Тюмень (Народная) - 1 шт | S: Парина - 1 шт | S: Ижевск - 1 шт | M: Бисертская - 1 шт | M: Санкт-Петербург (Ярослава Гашека) - 1 шт | M: Ижевск - 2 шт | M: Тюмень (Народная) - 2 шт | M: Санкт-Петербург (Спортивная) - 1 шт | M: Основной склад Екатеринбург - 3 шт | M: Соболева - 2 шт | M: Елизаветенское шоссе - 2 шт | M: Парина - 2 шт | L: Основной склад Екатеринбург - 1 шт | L: Уфа - 1 шт | L: Ижевск - 2 шт | L: Бисертская - 1 шт | L: Тюмень (Народная) - 1 шт | L: Елизаветенское шоссе - 2 шт | L: Соболева - 2 шт | L: Санкт-Петербург (Спортивная) - 1 шт | L: Парина - 2 шт | XL: Уфа - 1 шт | XL: Ижевск - 1 шт | XL: Тюмень (Народная) - 1 шт | XL: Парина - 1 шт | XL: Санкт-Петербург (Ярослава Гашека) - 1 шт | XL: Основной склад Екатеринбург - 2 шт | XL: Елизаветенское шоссе - 1 шт | XL: Санкт-Петербург (Спортивная) - 1 шт | XXL: Ижевск - 1 шт | XXL: Соболева - 1 шт | XXL: Санкт-Петербург (Спортивная) - 1 шт | XXL: Санкт-Петербург (Ярослава Гашека) - 1 шт | XXL: Елизаветенское шоссе - 1 шт,48.0,public/data/product_images/e70c5ae20125.webp,3.0,5.0,6,5.0,6.0,2.0,7,5.0,2.0,7.0
Одежда,SH9760-1632,Шорты мужские 7/6 Miran Shorts 9 - Shell Pink,7/6,4990 ₽,https://saletennis.com/catalog/product/shorty-muzhskiie-7-6-miran-shorts-9-shell-pink-19306,S: Санкт-Петербург (Ярослава Гашека) - 1 шт | S: Елизаветенское шоссе - 1 шт | S: Санкт-Петербург (Спортивная) - 1 шт | S: Парина - 1 шт | S: Уфа - 1 шт | S: Соболева - 1 шт | M: Бисертская - 1 шт | M: Ижевск - 2 шт | M: Тюмень (Народная) - 3 шт | M: Парина - 2 шт | M: Санкт-Петербург (Спортивная) - 1 шт | M: Соболева - 2 шт | M: Уфа - 1 шт | M: Елизаветенское шоссе - 2 шт | M: Санкт-Петербург (Ярослава Гашека) - 1 шт | M: Основной склад Екатеринбург - 3 шт | L: Елизаветенское шоссе - 2 шт | L: Парина - 1 шт | L: Санкт-Петербург (Ярослава Гашека) - 1 шт | L: Тюмень (Народная) - 3 шт | L: Уфа - 2 шт | L: Ижевск - 2 шт | L: Санкт-Петербург (Спортивная) - 1 шт | L: Соболева - 2 шт | XL: Тюмень (Народная) - 1 шт | XL: Санкт-Петербург (Ярослава Гашека) - 1 шт | XL: Ижевск - 1 шт | XL: Парина - 1 шт | XL: Бисертская - 1 шт | XL: Основной склад Екатеринбург - 2 шт | XL: Санкт-Петербург (Спортивная) - 1 шт | XL: Елизаветенское шоссе - 1 шт | XXL: Санкт-Петербург (Ярослава Гашека) - 1 шт | XXL: Уфа - 1 шт | XXL: Соболева - 1 шт | XXL: Санкт-Петербург (Спортивная) - 1 шт | XXL: Бисертская - 1 шт,52.0,public/data/product_images/a83d30881e64.webp,5.0,5.0,5,6.0,5.0,3.0,6,7.0,5.0,5.0
Одежда,M1470002,Шорты мужские Bidi Badu Crew 7'' - Grey,Bidi Badu,2196 ₽,https://saletennis.com/catalog/product/shorty-muzhskiie-bidi-badu-crew-7-grey-1-17260,L: Основной склад Екатеринбург - 1 шт | L: Уфа - 1 шт | XL: Основной склад Екатеринбург - 1 шт,3.0,public/data/product_images/82ed9fb2484a.webp,0.0,0.0,2,0.0,0.0,0.0,0,0.0,1.0,0.0
Одежда,M1470009-DBLRD,Шорты мужские Bidi Badu New York 2024 7'' - Blue/Red,Bidi Badu,2596 ₽,https://saletennis.com/catalog/product/shorty-muzhskiie-bidi-badu-new-york-2024-7-blue-red-16455,XL: Санкт-Петербург (Спортивная) - 1 шт,1.0,public/data/product_images/3b70a85bbbc0.webp,0.0,1.0,0,0.0,0.0,0.0,0,0.0,0.0,0.0
Одежда,FZ6951-696,Шорты мужские Court Heritage 6in Shorts - Light Crimson,Не определен,5943 ₽,https://saletennis.com/catalog/product/shorty-muzhskiie-court-heritage-6in-shorts-light-crimson-17787,XL: Санкт-Петербург (Спортивная) - 1 шт,1.0,public/data/product_images/f37e53e35c64.webp,0.0,1.0,0,0.0,0.0,0.0,0,0.0,0.0,0.0
Одежда,FZ6951-110,Шорты мужские Court Heritage 6in Shorts - Pale Ivory/Deep Night,Не определен,5094 ₽,https://saletennis.com/catalog/product/shorty-muzhskiie-court-heritage-6in-shorts-pale-ivory-deep-night-17788,XL: Санкт-Петербург (Спортивная) - 1 шт,1.0,public/data/product_images/5c9aff483b1a.webp,0.0,1.0,0,0.0,0.0,0.0,0,0.0,0.0,0.0
Одежда,DR102179122C0013,Шорты мужские Diadora Bermuda Icon - White/Black/Lime,Diadora,3490 ₽,https://saletennis.com/catalog/product/shorty-muzhskiie-diadora-bermuda-icon-white-black-lime-15203,S: Основной склад Екатеринбург - 1 шт,1.0,public/data/product_images/fb53b44950bf.webp,0.0,0.0,1,0.0,0.0,0.0,0,0.0,0.0,0.0
Одежда,62GBC00114,"Шорты мужские Mizuno 8"" Amplify Short - Bellwether Blue",Mizuno,3493 ₽,https://saletennis.com/catalog/product/shorty-muzhskiie-mizuno-8-amplify-short-bellwether-blue-18207,S: Основной склад Екатеринбург - 1 шт | M: Основной склад Екатеринбург - 1 шт,2.0,public/data/product_images/2329697dd7cd.webp,0.0,0.0,2,0.0,0.0,0.0,0,0.0,0.0,0.0
Одежда,62GBC00101,"Шорты мужские Mizuno 8"" Amplify Short - White",Mizuno,3493 ₽,https://saletennis.com/catalog/product/shorty-muzhskiie-mizuno-8-amplify-short-white-18209,XL: Тюмень (Народная) - 1 шт,1.0,public/data/product_images/0713cf0e8463.webp,0.0,0.0,0,0.0,0.0,0.0,0,1.0,0.0,0.0
Одежда,62GBB00208,"Шорты мужские Mizuno 8"" Laser Short - Vintage Indigo",Mizuno,3843 ₽,https://saletennis.com/catalog/product/shorty-muzhskiie-mizuno-8-laser-short-vintage-indigo-18210,M: Основной склад Екатеринбург - 1 шт | L: Тюмень (Народная) - 1 шт,2.0,public/data/product_images/8d93ce7515fc.webp,0.0,0.0,1,0.0,0.0,0.0,0,1.0,0.0,0.0
Одежда,62GBC500-93,"Шорты мужские Mizuno Daybreakers 8"" - Black/Grape Leaf",Mizuno,3843 ₽,https://saletennis.com/catalog/product/shorty-muzhskiie-mizuno-daybreakers-8-black-grape-leaf-18419,S: Основной склад Екатеринбург - 1 шт | XL: Тюмень (Народная) - 1 шт,2.0,public/data/product_images/f1be074a240f.webp,0.0,0.0,1,0.0,0.0,0.0,0,1.0,0.0,0.0
Одежда,62GBC500-94,"Шорты мужские Mizuno Daybreakers 8"" - Black/Vibrant Yellow",Mizuno,3843 ₽,https://saletennis.com/catalog/product/shorty-muzhskiie-mizuno-daybreakers-8-black-vibrant-yellow-18420,L: Основной склад Екатеринбург - 1 шт,1.0,public/data/product_images/9cbc5d1d9dbc.webp,0.0,0.0,1,0.0,0.0,0.0,0,0.0,0.0,0.0
Одежда,62GBC500-05,"Шорты мужские Mizuno Daybreakers 8"" - Odyssey Gray",Mizuno,3843 ₽,https://saletennis.com/catalog/product/shorty-muzhskiie-mizuno-daybreakers-8-odyssey-gray-18421,S: Основной склад Екатеринбург - 1 шт | S: Санкт-Петербург (Спортивная) - 1 шт | L: Основной склад Екатеринбург - 2 шт | L: Тюмень (Народная) - 1 шт | XXL: Основной склад Екатеринбург - 1 шт,6.0,public/data/product_images/d63a4503d7ca.webp,0.0,1.0,4,0.0,0.0,0.0,0,1.0,0.0,0.0
Одежда,62GBC500-74,"Шорты мужские Mizuno Daybreakers 8"" - White/Citrus",Mizuno,3843 ₽,https://saletennis.com/catalog/product/shorty-muzhskiie-mizuno-daybreakers-8-white-citrus-18422,M: Основной склад Екатеринбург - 2 шт | L: Основной склад Екатеринбург - 4 шт | XL: Тюмень (Народная) - 1 шт | XL: Санкт-Петербург (Спортивная) - 1 шт,8.0,public/data/product_images/156ca0c56a94.webp,0.0,1.0,6,0.0,0.0,0.0,0,1.0,0.0,0.0
Одежда,62GBB500-09,"Шорты мужские Mizuno Mugen 8"" Amplify Short - Black",Mizuno,3490 ₽,https://saletennis.com/catalog/product/shorty-muzhskiie-mizuno-mugen-8-amplify-short-black-17471,L: Основной склад Екатеринбург - 1 шт,1.0,public/data/product_images/493ebe2d2416.webp,0.0,0.0,1,0.0,0.0,0.0,0,0.0,0.0,0.0
Одежда,FZ6913-652,"Шорты мужские Nike Advantage 6"" - Burgundy Crush",Nike,6490 ₽,https://saletennis.com/catalog/product/shorty-muzhskiie-nike-advantage-6-burgundy-crush-18466,XL: Тюмень (Народная) - 1 шт,1.0,public/data/product_images/8048b0660076.webp,0.0,0.0,0,0.0,0.0,0.0,0,1.0,0.0,0.0
Одежда,FD5336-736,"Шорты мужские Nike Advantage 7"" Short - Light Lemon Twist",Nike,5490 ₽,https://saletennis.com/catalog/product/shorty-muzhskiie-nike-advantage-7-short-light-lemon-twist-16238,S: Парина - 1 шт | XL: Тюмень (Народная) - 1 шт,2.0,public/data/product_images/0e9fe5fa9e17.webp,0.0,0.0,0,0.0,1.0,0.0,0,1.0,0.0,0.0
Одежда,FZ6899-344,Шорты мужские Nike Advantage Slam 6in - High Voltage/Medium Ash,Nike,6993 ₽,https://saletennis.com/catalog/product/shorty-muzhskiie-nike-advantage-slam-6in-high-voltage-medium-ash-17377,XL: Санкт-Петербург (Спортивная) - 1 шт,1.0,public/data/product_images/098f11a7fc92.webp,0.0,1.0,0,0.0,0.0,0.0,0,0.0,0.0,0.0
Одежда,FD5336-523,Шорты мужские Nike Court 7in Advantage - Plum Dust/Beyond Pink/White,Nike,4990 ₽,https://saletennis.com/catalog/product/shorty-muzhskiie-nike-court-7in-advantage-plum-dust-beyond-pink-white-17405,XL: Санкт-Петербург (Спортивная) - 1 шт,1.0,public/data/product_images/693e5fc4c319.webp,0.0,1.0,0,0.0,0.0,0.0,0,0.0,0.0,0.0
Одежда,IB1071-573,Шорты мужские Nike Court Advantage 6in - Dark Raisin/White,Nike,8490 ₽,https://saletennis.com/catalog/product/shorty-muzhskiie-nike-court-advantage-6in-dark-raisin-white-19245,S: Парина - 1 шт | S: Соболева - 1 шт | M: Уфа - 1 шт | M: Парина - 1 шт | L: Ижевск - 1 шт | L: Соболева - 1 шт | L: Уфа - 1 шт | L: Парина - 2 шт | L: Санкт-Петербург (Спортивная) - 2 шт | XL: Парина - 1 шт | XL: Санкт-Петербург (Спортивная) - 1 шт | XL: Соболева - 1 шт,14.0,public/data/product_images/7d2a89d45099.webp,0.0,3.0,0,3.0,5.0,0.0,0,0.0,2.0,1.0
Одежда,IB1071-253,Шорты мужские Nike Court Advantage 6in - Desert Khaki/Black,Nike,8490 ₽,https://saletennis.com/catalog/product/shorty-muzhskiie-nike-court-advantage-6in-desert-khaki-black-19201,S: Парина - 1 шт,1.0,public/data/product_images/8b50e01797ea.webp,0.0,0.0,0,0.0,1.0,0.0,0,0.0,0.0,0.0
Одежда,IB1071-365,Шорты мужские Nike Court Advantage 6in - Malachite/White,Nike,6792 ₽,https://saletennis.com/catalog/product/shorty-muzhskiie-nike-court-advantage-6in-malachite-white-19031,M: Санкт-Петербург (Спортивная) - 2 шт | M: Тюмень (Народная) - 1 шт | M: Ижевск - 2 шт | L: Уфа - 2 шт | L: Парина - 1 шт | L: Тюмень (Народная) - 2 шт | L: Ижевск - 1 шт | L: Санкт-Петербург (Спортивная) - 1 шт | XL: Санкт-Петербург (Спортивная) - 1 шт | XL: Бисертская - 1 шт,14.0,public/data/product_images/23d3df3e5feb.webp,0.0,4.0,0,0.0,1.0,1.0,0,3.0,2.0,3.0
Одежда,FZ9322-010,Шорты мужские Nike Court Advantage 8in Shorts - Black/White,Nike,5593 ₽,https://saletennis.com/catalog/product/shorty-muzhskiie-nike-court-advantage-8in-shorts-black-white-17397,2XL: Парина - 1 шт,1.0,public/data/product_images/46091dc64137.webp,0.0,0.0,0,0.0,1.0,0.0,0,0.0,0.0,0.0
Одежда,FZ6937-619,"Шорты мужские Nike Court Slam 6"" - Dark Team Red/White",Nike,7343 ₽,https://saletennis.com/catalog/product/shorty-muzhskiie-nike-court-slam-6-dark-team-red-white-17789,XL: Санкт-Петербург (Спортивная) - 1 шт,1.0,public/data/product_images/8e895cc1be7d.webp,0.0,1.0,0,0.0,0.0,0.0,0,0.0,0.0,0.0
Одежда,FZ6937-539,"Шорты мужские Nike Court Slam 6"" - Deep Night/White",Nike,7343 ₽,https://saletennis.com/catalog/product/shorty-muzhskiie-nike-court-slam-6-deep-night-white-17790,XL: Санкт-Петербург (Спортивная) - 1 шт,1.0,public/data/product_images/e35396bcbf3a.webp,0.0,1.0,0,0.0,0.0,0.0,0,0.0,0.0,0.0
Одежда,FZ6937-110,"Шорты мужские Nike Court Slam 6"" - Pale Ivory",Nike,7868 ₽,https://saletennis.com/catalog/product/shorty-muzhskiie-nike-court-slam-6-pale-ivory-17791,XL: Тюмень (Народная) - 1 шт,1.0,public/data/product_images/d7f8217ff4ae.webp,0.0,0.0,0,0.0,0.0,0.0,0,1.0,0.0,0.0
Одежда,IF1560-060,Шорты мужские Nike Court Slam 6in - Anthracite/Cool Grey/White,Nike,11490 ₽,https://saletennis.com/catalog/product/shorty-muzhskiie-nike-court-slam-6in-anthracite-cool-grey-white-19246,M: Санкт-Петербург (Спортивная) - 1 шт | M: Уфа - 1 шт | M: Ижевск - 1 шт | XL: Уфа - 1 шт,4.0,public/data/product_images/2be4e3c5ba76.webp,0.0,1.0,0,0.0,0.0,0.0,0,0.0,2.0,1.0
Одежда,IF1560-522,Шорты мужские Nike Court Slam 6in - Bright Violet/Violet Mist,Nike,11490 ₽,https://saletennis.com/catalog/product/shorty-muzhskiie-nike-court-slam-6in-bright-violet-violet-mist-19247,M: Парина - 1 шт | M: Соболева - 1 шт | M: Ижевск - 1 шт | L: Санкт-Петербург (Спортивная) - 1 шт | L: Парина - 1 шт | L: Ижевск - 1 шт | L: Соболева - 1 шт | XL: Парина - 1 шт | XL: Соболева - 1 шт,9.0,public/data/product_images/8600ddb97116.webp,0.0,1.0,0,3.0,3.0,0.0,0,0.0,0.0,2.0
Одежда,IB1037-475,Шорты мужские Nike Court Slam 6in - Dark Obsidian/Sapphire/White,Nike,9592 ₽,https://saletennis.com/catalog/product/shorty-muzhskiie-nike-court-slam-6in-dark-obsidian-sapphire-white-18834,L: Уфа - 1 шт | L: Тюмень (Народная) - 1 шт | L: Парина - 1 шт | XL: Санкт-Петербург (Спортивная) - 1 шт,4.0,public/data/product_images/6976b79b2ce8.webp,0.0,1.0,0,0.0,1.0,0.0,0,1.0,1.0,0.0
Одежда,IB1043-341,Шорты мужские Nike Court Slam 6in - Gorge Green,Nike,11490 ₽,https://saletennis.com/catalog/product/shorty-muzhskiie-nike-court-slam-6in-gorge-green-19248,M: Ижевск - 1 шт | M: Санкт-Петербург (Спортивная) - 1 шт | L: Тюмень (Народная) - 1 шт | L: Соболева - 1 шт | L: Парина - 1 шт | L: Санкт-Петербург (Спортивная) - 1 шт | XL: Санкт-Петербург (Спортивная) - 1 шт,7.0,public/data/product_images/6f4c25b57267.webp,0.0,3.0,0,1.0,1.0,0.0,0,1.0,0.0,1.0
Одежда,IB1037-360,Шорты мужские Nike Court Slam 6in - Light Liquid Lime/Mean Green/Black,Nike,11990 ₽,https://saletennis.com/catalog/product/shorty-muzhskiie-nike-court-slam-6in-light-liquid-lime-mean-green-black-18835,L: Тюмень (Народная) - 1 шт | L: Санкт-Петербург (Спортивная) - 1 шт | L: Парина - 1 шт | L: Ижевск - 1 шт,4.0,public/data/product_images/de47a06d8560.webp,0.0,1.0,0,0.0,1.0,0.0,0,1.0,0.0,1.0
Одежда,IB1037-368,Шорты мужские Nike Court Slam 6in - Olive Flak,Nike,11990 ₽,https://saletennis.com/catalog/product/shorty-muzhskiie-nike-court-slam-6in-olive-flak-18836,M: Ижевск - 1 шт | M: Парина - 1 шт | M: Санкт-Петербург (Спортивная) - 1 шт | L: Санкт-Петербург (Спортивная) - 1 шт | L: Тюмень (Народная) - 1 шт | L: Бисертская - 1 шт | L: Парина - 1 шт | L: Ижевск - 1 шт,8.0,public/data/product_images/08b3c1bb3cc4.webp,0.0,2.0,0,0.0,2.0,1.0,0,1.0,0.0,2.0
Одежда,IF1560-006,Шорты мужские Nike Court Slam 6in - Steam/Barely Green/Black,Nike,11490 ₽,https://saletennis.com/catalog/product/shorty-muzhskiie-nike-court-slam-6in-steam-barely-green-black-19249,M: Ижевск - 1 шт | L: Соболева - 1 шт | L: Тюмень (Народная) - 1 шт | L: Санкт-Петербург (Спортивная) - 1 шт | XL: Санкт-Петербург (Спортивная) - 1 шт | XL: Соболева - 1 шт,6.0,public/data/product_images/e7ab4980a70f.webp,0.0,2.0,0,2.0,0.0,0.0,0,1.0,0.0,1.0
Одежда,IB1043-100,Шорты мужские Nike Court Slam 6in - White,Nike,11490 ₽,https://saletennis.com/catalog/product/shorty-muzhskiie-nike-court-slam-6in-white-19250,XL: Уфа - 1 шт | XL: Парина - 1 шт,2.0,public/data/product_images/48e354d70cba.webp,0.0,0.0,0,0.0,1.0,0.0,0,0.0,1.0,0.0
Одежда,IF1560-486,Шорты мужские Nike Court Slam 6in - Work Blue/Hydrogen Blue/Black,Nike,11490 ₽,https://saletennis.com/catalog/product/shorty-muzhskiie-nike-court-slam-6in-work-blue-hydrogen-blue-black-19251,M: Уфа - 1 шт | M: Тюмень (Народная) - 1 шт | M: Ижевск - 1 шт | L: Уфа - 1 шт | XL: Тюмень (Народная) - 1 шт,5.0,public/data/product_images/3073822e6605.webp,0.0,0.0,0,0.0,0.0,0.0,0,2.0,2.0,1.0
Одежда,FD5380-844,"Шорты мужские Nike Court Victory 7"" Short - Apricot Agate",Nike,3990 ₽,https://saletennis.com/catalog/product/shorty-muzhskiie-nike-court-victory-7-short-apricot-agate-17676,XL: Санкт-Петербург (Спортивная) - 1 шт,1.0,public/data/product_images/bd7e566f3972.webp,0.0,1.0,0,0.0,0.0,0.0,0,0.0,0.0,0.0
Одежда,FD5380-415,"Шорты мужские Nike Court Victory 7"" Short - Blue Force/White",Nike,4990 ₽,https://saletennis.com/catalog/product/shorty-muzhskiie-nike-court-victory-7-short-blue-force-white-18469,M: Санкт-Петербург (Спортивная) - 1 шт,1.0,public/data/product_images/e8263f006f51.webp,0.0,1.0,0,0.0,0.0,0.0,0,0.0,0.0,0.0
Одежда,FD5380-893,"Шорты мужские Nike Court Victory 7"" Short - Campfire Orange/White",Nike,4490 ₽,https://saletennis.com/catalog/product/shorty-muzhskiie-nike-court-victory-7-short-campfire-orange-white-18470,XL: Парина - 1 шт,1.0,public/data/product_images/e00d291ef2f8.webp,0.0,0.0,0,0.0,1.0,0.0,0,0.0,0.0,0.0
Одежда,FD5384-010,"Шорты мужские Nike Court Victory 9"" Short - Black",Nike,6490 ₽,https://saletennis.com/catalog/product/shorty-muzhskiie-nike-court-victory-9-short-black-15883,S: Соболева - 1 шт | L: Уфа - 1 шт | L: Санкт-Петербург (Спортивная) - 1 шт | L: Ижевск - 1 шт | XL: Бисертская - 1 шт | XL: Ижевск - 1 шт | XL: Уфа - 1 шт | XXL: Соболева - 1 шт,8.0,public/data/product_images/c3c9bb52dea5.webp,0.0,1.0,0,2.0,0.0,1.0,0,0.0,2.0,2.0
Одежда,FD5384-451,"Шорты мужские Nike Court Victory 9"" Short - Obsidian",Nike,4990 ₽,https://saletennis.com/catalog/product/shorty-muzhskiie-nike-court-victory-9-short-obsidian-15588,M: Соболева - 1 шт | L: Ижевск - 1 шт | L: Уфа - 2 шт | L: Санкт-Петербург (Спортивная) - 1 шт | L: Парина - 1 шт | XL: Парина - 1 шт | XL: Бисертская - 1 шт | XL: Санкт-Петербург (Спортивная) - 1 шт,9.0,public/data/product_images/39925211ac03.webp,0.0,2.0,0,1.0,2.0,1.0,0,0.0,2.0,1.0
Одежда,FZ6917-229,Шорты мужские Nike Court Victory 9in - Light Khaki,Nike,4490 ₽,https://saletennis.com/catalog/product/shorty-muzhskiie-nike-court-victory-9in-light-khaki-17694,S: Тюмень (Народная) - 1 шт | M: Уфа - 1 шт | L: Тюмень (Народная) - 1 шт | L: Санкт-Петербург (Спортивная) - 1 шт | L: Уфа - 1 шт | XL: Санкт-Петербург (Спортивная) - 1 шт,6.0,public/data/product_images/5dadc359c528.webp,0.0,2.0,0,0.0,0.0,0.0,0,2.0,2.0,0.0
Одежда,FZ6917-815,Шорты мужские Nike Court Victory 9in - Monarch,Nike,4490 ₽,https://saletennis.com/catalog/product/shorty-muzhskiie-nike-court-victory-9in-monarch-17695,L: Санкт-Петербург (Спортивная) - 1 шт | L: Уфа - 1 шт | XL: Санкт-Петербург (Спортивная) - 1 шт,3.0,public/data/product_images/918c41dcf5d0.webp,0.0,2.0,0,0.0,0.0,0.0,0,0.0,1.0,0.0
Одежда,FZ6917-795,Шорты мужские Nike Court Victory 9in - Topaz Gold/White,Nike,5243 ₽,https://saletennis.com/catalog/product/shorty-muzhskiie-nike-court-victory-9in-topaz-gold-white-17382,L: Уфа - 1 шт | L: Тюмень (Народная) - 1 шт | XL: Уфа - 1 шт,3.0,public/data/product_images/f2bda2d9504b.webp,0.0,0.0,0,0.0,0.0,0.0,0,1.0,2.0,0.0
Одежда,HM6740-610,"Шорты мужские Nike Dri-Fit Slam Shorts 6"" - Bordeaux",Nike,7868 ₽,https://saletennis.com/catalog/product/shorty-muzhskiie-nike-dri-fit-slam-shorts-6-bordeaux-18335,S: Парина - 1 шт | M: Уфа - 1 шт | XL: Уфа - 1 шт | XL: Санкт-Петербург (Спортивная) - 1 шт,4.0,public/data/product_images/6da4a48a1dd4.webp,0.0,1.0,0,0.0,1.0,0.0,0,0.0,2.0,0.0
Одежда,HM6740-220,"Шорты мужские Nike Dri-Fit Slam Shorts 6"" - Velvet Brown",Nike,7868 ₽,https://saletennis.com/catalog/product/shorty-muzhskiie-nike-dri-fit-slam-shorts-6-velvet-brown-18321,XL: Парина - 1 шт,1.0,public/data/product_images/67b20be6ff4e.webp,0.0,0.0,0,0.0,1.0,0.0,0,0.0,0.0,0.0
Одежда,HM6514-441,"Шорты мужские Nike Dri-Fit Victory 7"" - Celestine Blue",Nike,4893 ₽,https://saletennis.com/catalog/product/shorty-muzhskiie-nike-dri-fit-victory-7-celestine-blue-18322,XL: Бисертская - 1 шт,1.0,public/data/product_images/f2c18ff1e14b.webp,0.0,0.0,0,0.0,0.0,1.0,0,0.0,0.0,0.0
Одежда,HM6514-392,"Шорты мужские Nike Dri-Fit Victory 7"" - Washed Teal",Nike,4893 ₽,https://saletennis.com/catalog/product/shorty-muzhskiie-nike-dri-fit-victory-7-washed-teal-18490,L: Парина - 1 шт,1.0,public/data/product_images/d6d56d694ca9.webp,0.0,0.0,0,0.0,1.0,0.0,0,0.0,0.0,0.0
Одежда,AS276-4109,Шорты под платье 7/6 Ana Shorts 2.0 - Arona,7/6,2093 ₽,https://saletennis.com/catalog/product/shorty-pod-plat-ie-7-6-ana-shorts-2-0-arona-18614,XS: Парина - 1 шт | XS: Санкт-Петербург (Спортивная) - 1 шт | XS: Тюмень (Народная) - 1 шт | S: Бисертская - 1 шт | S: Тюмень (Народная) - 1 шт | S: Санкт-Петербург (Спортивная) - 1 шт | M: Санкт-Петербург (Спортивная) - 1 шт | L: Ижевск - 1 шт | XL: Санкт-Петербург (Спортивная) - 1 шт,9.0,public/data/product_images/c505384c8009.webp,0.0,4.0,0,0.0,1.0,1.0,0,2.0,0.0,1.0
Одежда,AS276-010,Шорты под платье 7/6 Ana Shorts 2.0 - Black,7/6,1990 ₽,https://saletennis.com/catalog/product/shorty-pod-plat-ie-7-6-ana-shorts-2-0-black-17128,XXS: Санкт-Петербург (Спортивная) - 1 шт | XXS: Тюмень (Народная) - 1 шт | XXS: Санкт-Петербург (Ярослава Гашека) - 1 шт | XXS: Основной склад Екатеринбург - 2 шт | XS: Основной склад Екатеринбург - 1 шт | XS: Санкт-Петербург (Ярослава Гашека) - 1 шт | XS: Санкт-Петербург (Спортивная) - 1 шт | XS: Тюмень (Народная) - 2 шт | S: Тюмень (Народная) - 2 шт | S: Санкт-Петербург (Спортивная) - 1 шт | M: Санкт-Петербург (Спортивная) - 1 шт | M: Тюмень (Народная) - 2 шт | L: Санкт-Петербург (Спортивная) - 1 шт | XL: Санкт-Петербург (Спортивная) - 1 шт,18.0,public/data/product_images/f3aacf141dd6.webp,2.0,6.0,3,0.0,0.0,0.0,0,7.0,0.0,0.0
Одежда,AS276-0205,Шорты под платье 7/6 Ana Shorts 2.0 - Cream,7/6,2392 ₽,https://saletennis.com/catalog/product/shorty-pod-plat-ie-7-6-ana-shorts-2-0-cream-17945,XXS: Основной склад Екатеринбург - 4 шт | XS: Санкт-Петербург (Спортивная) - 1 шт | XS: Основной склад Екатеринбург - 4 шт | XS: Тюмень (Народная) - 1 шт | S: Санкт-Петербург (Спортивная) - 1 шт | S: Основной склад Екатеринбург - 4 шт | M: Санкт-Петербург (Спортивная) - 1 шт | M: Основной склад Екатеринбург - 1 шт | L: Основной склад Екатеринбург - 1 шт | L: Санкт-Петербург (Спортивная) - 1 шт | XL: Санкт-Петербург (Спортивная) - 1 шт,20.0,public/data/product_images/d686036b4251.webp,0.0,5.0,14,0.0,0.0,0.0,0,1.0,0.0,0.0
Одежда,AS276-4201,Шорты под платье 7/6 Ana Shorts 2.0 - Grey,7/6,2392 ₽,https://saletennis.com/catalog/product/shorty-pod-plat-ie-7-6-ana-shorts-2-0-grey-17946,XXS: Санкт-Петербург (Спортивная) - 1 шт | XXS: Основной склад Екатеринбург - 4 шт | XS: Основной склад Екатеринбург - 2 шт | XS: Тюмень (Народная) - 1 шт | S: Основной склад Екатеринбург - 2 шт | S: Парина - 1 шт | M: Тюмень (Народная) - 1 шт | M: Основной склад Екатеринбург - 3 шт | L: Санкт-Петербург (Спортивная) - 2 шт | XL: Санкт-Петербург (Спортивная) - 1 шт,18.0,public/data/product_images/e7142d1ede1c.webp,0.0,4.0,11,0.0,1.0,0.0,0,2.0,0.0,0.0
Одежда,AS276-1304,Шорты под платье 7/6 Ana Shorts 2.0 - Pearl,7/6,2990 ₽,https://saletennis.com/catalog/product/shorty-pod-plat-ie-7-6-ana-shorts-2-0-pearl-19398,XXS: Санкт-Петербург (Спортивная) - 1 шт | XS: Санкт-Петербург (Ярослава Гашека) - 1 шт | XS: Тюмень (Народная) - 3 шт | XS: Санкт-Петербург (Спортивная) - 1 шт | XS: Елизаветенское шоссе - 1 шт | XS: Парина - 1 шт | S: Парина - 1 шт | S: Санкт-Петербург (Ярослава Гашека) - 1 шт | S: Елизаветенское шоссе - 1 шт | S: Соболева - 1 шт | S: Санкт-Петербург (Спортивная) - 1 шт | S: Ижевск - 1 шт | S: Тюмень (Народная) - 3 шт | M: Соболева - 1 шт | M: Парина - 1 шт | M: Тюмень (Народная) - 4 шт | M: Санкт-Петербург (Ярослава Гашека) - 1 шт | M: Санкт-Петербург (Спортивная) - 1 шт | M: Елизаветенское шоссе - 1 шт | L: Санкт-Петербург (Ярослава Гашека) - 1 шт | L: Санкт-Петербург (Спортивная) - 1 шт | XL: Санкт-Петербург (Спортивная) - 1 шт | XL: Санкт-Петербург (Ярослава Гашека) - 1 шт,30.0,public/data/product_images/c42230846070.webp,5.0,6.0,0,2.0,3.0,0.0,3,10.0,0.0,1.0
Одежда,AS276-4800,Шорты под платье 7/6 Ana Shorts 2.0 - Pink,7/6,2392 ₽,https://saletennis.com/catalog/product/shorty-pod-plat-ie-7-6-ana-shorts-2-0-pink-17947,XXS: Основной склад Екатеринбург - 3 шт | XS: Основной склад Екатеринбург - 4 шт | XS: Санкт-Петербург (Спортивная) - 1 шт | S: Основной склад Екатеринбург - 4 шт | M: Основной склад Екатеринбург - 2 шт | L: Санкт-Петербург (Спортивная) - 1 шт | L: Основной склад Екатеринбург - 1 шт,16.0,public/data/product_images/06e052032aca.webp,0.0,2.0,14,0.0,0.0,0.0,0,0.0,0.0,0.0
Одежда,AS276-2520,Шорты под платье 7/6 Ana Shorts 2.0 - Potent Purple,7/6,2093 ₽,https://saletennis.com/catalog/product/shorty-pod-plat-ie-7-6-ana-shorts-2-0-potent-purple-18615,XS: Тюмень (Народная) - 1 шт | XS: Уфа - 1 шт | XS: Соболева - 1 шт | S: Ижевск - 1 шт | S: Тюмень (Народная) - 1 шт | L: Тюмень (Народная) - 1 шт,6.0,public/data/product_images/ff0fb74490d7.webp,0.0,0.0,0,1.0,0.0,0.0,0,3.0,1.0,1.0
Одежда,AS276-1215,Шорты под платье 7/6 Ana Shorts 2.0 - Shaved Chocolate,7/6,2990 ₽,https://saletennis.com/catalog/product/shorty-pod-plat-ie-7-6-ana-shorts-2-0-shaved-chocolate-19399,XXS: Санкт-Петербург (Спортивная) - 1 шт | XS: Санкт-Петербург (Ярослава Гашека) - 1 шт | XS: Санкт-Петербург (Спортивная) - 1 шт | XS: Тюмень (Народная) - 4 шт | XS: Елизаветенское шоссе - 1 шт | XS: Парина - 1 шт | S: Санкт-Петербург (Ярослава Гашека) - 1 шт | S: Тюмень (Народная) - 2 шт | S: Елизаветенское шоссе - 1 шт | S: Санкт-Петербург (Спортивная) - 1 шт | M: Санкт-Петербург (Ярослава Гашека) - 1 шт | M: Соболева - 1 шт | M: Тюмень (Народная) - 3 шт | M: Парина - 1 шт | M: Елизаветенское шоссе - 1 шт | M: Санкт-Петербург (Спортивная) - 3 шт | L: Санкт-Петербург (Спортивная) - 1 шт | L: Санкт-Петербург (Ярослава Гашека) - 1 шт | XL: Санкт-Петербург (Спортивная) - 1 шт | XL: Санкт-Петербург (Ярослава Гашека) - 1 шт,28.0,public/data/product_images/91159e6908d8.webp,5.0,8.0,0,1.0,2.0,0.0,3,9.0,0.0,0.0
Одежда,AS276-100,Шорты под платье 7/6 Ana Shorts 2.0 - White,7/6,2392 ₽,https://saletennis.com/catalog/product/shorty-pod-plat-ie-7-6-ana-shorts-2-0-white-17129,XXS: Санкт-Петербург (Спортивная) - 1 шт | XXS: Тюмень (Народная) - 2 шт | XXS: Ижевск - 1 шт | XS: Санкт-Петербург (Спортивная) - 1 шт | XS: Тюмень (Народная) - 2 шт | XS: Санкт-Петербург (Ярослава Гашека) - 2 шт | S: Тюмень (Народная) - 1 шт | S: Санкт-Петербург (Спортивная) - 1 шт | S: Санкт-Петербург (Ярослава Гашека) - 1 шт | M: Санкт-Петербург (Ярослава Гашека) - 1 шт | M: Санкт-Петербург (Спортивная) - 1 шт | L: Санкт-Петербург (Ярослава Гашека) - 1 шт | L: Санкт-Петербург (Спортивная) - 1 шт | XL: Санкт-Петербург (Спортивная) - 1 шт | XL: Уфа - 1 шт,18.0,public/data/product_images/45b9ee936f2b.webp,5.0,6.0,0,0.0,0.0,0.0,0,5.0,1.0,1.0
Одежда,WSA76-4104,Шорты женские 7/6 Alex Shorts - Antarctica,7/6,3294 ₽,https://saletennis.com/catalog/product/shorty-zhienskiie-7-6-alex-shorts-antarctica-18597,XS: Тюмень (Народная) - 1 шт | XS: Санкт-Петербург (Спортивная) - 1 шт | XS: Уфа - 1 шт | S: Санкт-Петербург (Спортивная) - 1 шт | S: Елизаветенское шоссе - 1 шт | M: Бисертская - 1 шт | L: Санкт-Петербург (Спортивная) - 1 шт,7.0,public/data/product_images/afbbcbb89302.webp,0.0,3.0,0,0.0,0.0,1.0,1,1.0,1.0,0.0
Одежда,WSA76-4109,Шорты женские 7/6 Alex Shorts - Arona,7/6,3294 ₽,https://saletennis.com/catalog/product/shorty-zhienskiie-7-6-alex-shorts-arona-18613,XXS: Санкт-Петербург (Спортивная) - 1 шт | XS: Уфа - 1 шт | XS: Парина - 1 шт | XS: Соболева - 1 шт | S: Тюмень (Народная) - 1 шт,5.0,public/data/product_images/c0acc69c31a0.webp,0.0,1.0,0,1.0,1.0,0.0,0,1.0,1.0,0.0
Одежда,WSA76-010,Шорты женские 7/6 Alex Shorts - Black,7/6,4392 ₽,https://saletennis.com/catalog/product/shorty-zhienskiie-7-6-alex-shorts-black-17126,XXS: Тюмень (Народная) - 1 шт | XS: Санкт-Петербург (Спортивная) - 1 шт | S: Санкт-Петербург (Спортивная) - 1 шт | M: Санкт-Петербург (Спортивная) - 1 шт | M: Тюмень (Народная) - 1 шт | L: Санкт-Петербург (Спортивная) - 1 шт | XL: Санкт-Петербург (Спортивная) - 1 шт | XL: Тюмень (Народная) - 1 шт,8.0,public/data/product_images/eb58d8c57ba1.webp,0.0,5.0,0,0.0,0.0,0.0,0,3.0,0.0,0.0
Одежда,WSA76-0205,Шорты женские 7/6 Alex Shorts - Cream/Orange,7/6,2745 ₽,https://saletennis.com/catalog/product/shorty-zhienskiie-7-6-alex-shorts-cream-orange-17942,XXS: Санкт-Петербург (Спортивная) - 1 шт | XXS: Основной склад Екатеринбург - 4 шт | XS: Санкт-Петербург (Спортивная) - 2 шт | XS: Основной склад Екатеринбург - 4 шт | S: Основной склад Екатеринбург - 4 шт | S: Санкт-Петербург (Спортивная) - 1 шт | M: Санкт-Петербург (Спортивная) - 1 шт | M: Основной склад Екатеринбург - 1 шт | L: Санкт-Петербург (Спортивная) - 1 шт,19.0,public/data/product_images/4ccaf1f95fbd.webp,0.0,6.0,13,0.0,0.0,0.0,0,0.0,0.0,0.0
Одежда,WSA76-3612,Шорты женские 7/6 Alex Shorts - Lavander haze/Pink,7/6,2745 ₽,https://saletennis.com/catalog/product/shorty-zhienskiie-7-6-alex-shorts-lavander-haze-pink-17943,XXS: Основной склад Екатеринбург - 1 шт | XXS: Санкт-Петербург (Спортивная) - 1 шт | XS: Санкт-Петербург (Спортивная) - 2 шт | XS: Основной склад Екатеринбург - 2 шт | S: Основной склад Екатеринбург - 1 шт,7.0,public/data/product_images/8168fba25179.webp,0.0,3.0,4,0.0,0.0,0.0,0,0.0,0.0,0.0
Одежда,WSA76-4313,Шорты женские 7/6 Alex Shorts - Light Blue/Blue,7/6,2745 ₽,https://saletennis.com/catalog/product/shorty-zhienskiie-7-6-alex-shorts-light-blue-blue-17944,XXS: Основной склад Екатеринбург - 4 шт | XXS: Санкт-Петербург (Спортивная) - 2 шт | XS: Основной склад Екатеринбург - 2 шт | S: Основной склад Екатеринбург - 4 шт | S: Уфа - 1 шт | M: Санкт-Петербург (Спортивная) - 2 шт,15.0,public/data/product_images/20a8f790fd1e.webp,0.0,4.0,10,0.0,0.0,0.0,0,0.0,1.0,0.0
Одежда,WSA76-156,Шорты женские 7/6 Alex Shorts - Red Alert,7/6,990 ₽,https://saletennis.com/catalog/product/shorty-zhienskiie-7-6-alex-shorts-red-alert-15389,XXS: Основной склад Екатеринбург - 5 шт | XS: Основной склад Екатеринбург - 4 шт | L: Основной склад Екатеринбург - 1 шт,10.0,public/data/product_images/7f7a02052c60.webp,0.0,0.0,10,0.0,0.0,0.0,0,0.0,0.0,0.0
Одежда,WSA76-100,Шорты женские 7/6 Alex Shorts - White,7/6,4392 ₽,https://saletennis.com/catalog/product/shorty-zhienskiie-7-6-alex-shorts-white-17127,XXS: Санкт-Петербург (Спортивная) - 1 шт | XXS: Основной склад Екатеринбург - 1 шт | XXS: Уфа - 1 шт | XXS: Тюмень (Народная) - 1 шт | XS: Тюмень (Народная) - 1 шт | XS: Санкт-Петербург (Спортивная) - 1 шт | S: Санкт-Петербург (Спортивная) - 1 шт | M: Тюмень (Народная) - 1 шт | M: Санкт-Петербург (Спортивная) - 1 шт | L: Бисертская - 1 шт | L: Санкт-Петербург (Спортивная) - 1 шт | L: Тюмень (Народная) - 1 шт | L: Соболева - 1 шт | XL: Санкт-Петербург (Спортивная) - 1 шт,14.0,public/data/product_images/0c3007dfd9fb.webp,0.0,6.0,1,1.0,0.0,1.0,0,4.0,1.0,0.0
Одежда,WSL76-4718,Шорты женские 7/6 Lexie Shorts - Hydro,7/6,4990 ₽,https://saletennis.com/catalog/product/shorty-zhienskiie-7-6-lexie-shorts-hydro-19396,XXS: Санкт-Петербург (Спортивная) - 1 шт | XXS: Тюмень (Народная) - 3 шт | XXS: Санкт-Петербург (Ярослава Гашека) - 1 шт | XS: Санкт-Петербург (Ярослава Гашека) - 1 шт | XS: Парина - 1 шт | XS: Елизаветенское шоссе - 1 шт | XS: Тюмень (Народная) - 3 шт | XS: Санкт-Петербург (Спортивная) - 1 шт | S: Тюмень (Народная) - 2 шт | S: Елизаветенское шоссе - 1 шт | S: Санкт-Петербург (Спортивная) - 1 шт | S: Санкт-Петербург (Ярослава Гашека) - 1 шт | S: Уфа - 1 шт | M: Санкт-Петербург (Спортивная) - 1 шт | M: Ижевск - 1 шт | M: Парина - 1 шт | M: Тюмень (Народная) - 2 шт | M: Санкт-Петербург (Ярослава Гашека) - 1 шт | M: Бисертская - 1 шт | M: Уфа - 1 шт | M: Елизаветенское шоссе - 1 шт | L: Санкт-Петербург (Ярослава Гашека) - 1 шт | L: Ижевск - 1 шт | L: Санкт-Петербург (Спортивная) - 1 шт | XL: Санкт-Петербург (Спортивная) - 1 шт,31.0,public/data/product_images/8a19381bd8cb.webp,5.0,6.0,0,0.0,2.0,1.0,3,10.0,2.0,2.0
Одежда,WSL76-1632,Шорты женские 7/6 Lexie Shorts - Shell Pink,7/6,4990 ₽,https://saletennis.com/catalog/product/shorty-zhienskiie-7-6-lexie-shorts-shell-pink-19397,XXS: Санкт-Петербург (Ярослава Гашека) - 1 шт | XXS: Санкт-Петербург (Спортивная) - 1 шт | XXS: Тюмень (Народная) - 3 шт | XS: Санкт-Петербург (Спортивная) - 1 шт | XS: Санкт-Петербург (Ярослава Гашека) - 1 шт | XS: Тюмень (Народная) - 3 шт | XS: Парина - 1 шт | XS: Соболева - 1 шт | XS: Елизаветенское шоссе - 1 шт | S: Соболева - 1 шт | S: Парина - 2 шт | S: Уфа - 1 шт | S: Санкт-Петербург (Спортивная) - 1 шт | S: Бисертская - 1 шт | S: Тюмень (Народная) - 3 шт | S: Ижевск - 1 шт | S: Елизаветенское шоссе - 1 шт | S: Санкт-Петербург (Ярослава Гашека) - 1 шт | M: Соболева - 1 шт | M: Ижевск - 1 шт | M: Парина - 1 шт | M: Санкт-Петербург (Ярослава Гашека) - 1 шт | M: Тюмень (Народная) - 2 шт | M: Елизаветенское шоссе - 1 шт | M: Санкт-Петербург (Спортивная) - 1 шт | M: Бисертская - 1 шт | L: Санкт-Петербург (Ярослава Гашека) - 1 шт | L: Санкт-Петербург (Спортивная) - 1 шт | XL: Санкт-Петербург (Спортивная) - 1 шт,37.0,public/data/product_images/c9318df302b8.webp,5.0,6.0,0,3.0,4.0,2.0,3,11.0,1.0,2.0
Одежда,DR10217808220002,Шорты женские Diadora L. Tights - White,Diadora,1990 ₽,https://saletennis.com/catalog/product/shorty-zhienskiie-diadora-l-tights-white-15336,XS: Основной склад Екатеринбург - 1 шт,1.0,public/data/product_images/4f3646cc8ed0.webp,0.0,0.0,1,0.0,0.0,0.0,0,0.0,0.0,0.0
Одежда,814793-TQ,Шорты женские Head Court Logo 7in Shorts W - Turquoise,Head,990 ₽,https://saletennis.com/catalog/product/shorty-zhienskiie-head-court-logo-7in-shorts-w-turquoise-14928,XS: Тюмень (Народная) - 1 шт | XS: Основной склад Екатеринбург - 1 шт | L: Соболева - 1 шт,3.0,public/data/product_images/92541f0e1309.webp,0.0,0.0,1,1.0,0.0,0.0,0,1.0,0.0,0.0
Одежда,62GBB735-09,"Шорты женские Mizuno 3"" Flex Short - Black",Mizuno,2994 ₽,https://saletennis.com/catalog/product/shorty-zhienskiie-mizuno-3-flex-short-black-17474,M: Основной склад Екатеринбург - 1 шт | L: Основной склад Екатеринбург - 1 шт,2.0,public/data/product_images/183061ed56dc.webp,0.0,0.0,2,0.0,0.0,0.0,0,0.0,0.0,0.0
Одежда,62GBB735-15,"Шорты женские Mizuno 3"" Flex Short - Estate Blue",Mizuno,2990 ₽,https://saletennis.com/catalog/product/shorty-zhienskiie-mizuno-3-flex-short-estate-blue-17475,XS: Санкт-Петербург (Спортивная) - 1 шт | XS: Соболева - 1 шт | S: Соболева - 1 шт | M: Санкт-Петербург (Спортивная) - 1 шт | M: Основной склад Екатеринбург - 2 шт,6.0,public/data/product_images/8f9242c7668a.webp,0.0,2.0,2,2.0,0.0,0.0,0,0.0,0.0,0.0
Одежда,62GBB735-68,"Шорты женские Mizuno 3"" Flex Short - Patrician Purple",Mizuno,2990 ₽,https://saletennis.com/catalog/product/shorty-zhienskiie-mizuno-3-flex-short-patrician-purple-17476,XS: Санкт-Петербург (Спортивная) - 1 шт | XS: Соболева - 1 шт | S: Санкт-Петербург (Спортивная) - 1 шт | S: Основной склад Екатеринбург - 2 шт | S: Соболева - 1 шт | M: Основной склад Екатеринбург - 2 шт | M: Санкт-Петербург (Спортивная) - 1 шт,9.0,public/data/product_images/c233c1f99d5f.webp,0.0,3.0,4,2.0,0.0,0.0,0,0.0,0.0,0.0
Одежда,62GBA21527,"Шорты женские Mizuno Flex 3"" Short - Tanager Turquoise",Mizuno,1990 ₽,https://saletennis.com/catalog/product/shorty-zhienskiie-mizuno-flex-3-short-tanager-turquoise-14589,S: Основной склад Екатеринбург - 1 шт | M: Уфа - 1 шт,2.0,public/data/product_images/c1a2a04e8b41.webp,0.0,0.0,1,0.0,0.0,0.0,0,0.0,1.0,0.0
Одежда,62GBC21530,"Шорты женские Mizuno Flex Graphic 3"" Short - Bay",Mizuno,2793 ₽,https://saletennis.com/catalog/product/shorty-zhienskiie-mizuno-flex-graphic-3-short-bay-18211,XS: Основной склад Екатеринбург - 1 шт | S: Основной склад Екатеринбург - 1 шт | S: Тюмень (Народная) - 1 шт | M: Основной склад Екатеринбург - 3 шт,6.0,public/data/product_images/3f7b5624cf9d.webp,0.0,0.0,5,0.0,0.0,0.0,0,1.0,0.0,0.0
Одежда,62GBC21521,"Шорты женские Mizuno Flex Graphic 3"" Short - Bel Air Blue",Mizuno,2793 ₽,https://saletennis.com/catalog/product/shorty-zhienskiie-mizuno-flex-graphic-3-short-bel-air-blue-18212,XS: Основной склад Екатеринбург - 1 шт | S: Основной склад Екатеринбург - 1 шт,2.0,public/data/product_images/b6df8b83cfba.webp,0.0,0.0,2,0.0,0.0,0.0,0,0.0,0.0,0.0
Одежда,62GBC21509,"Шорты женские Mizuno Flex Graphic 3"" Short - Black",Mizuno,2793 ₽,https://saletennis.com/catalog/product/shorty-zhienskiie-mizuno-flex-graphic-3-short-black-18213,XS: Основной склад Екатеринбург - 3 шт | M: Основной склад Екатеринбург - 2 шт | M: Соболева - 1 шт | L: Основной склад Екатеринбург - 1 шт,7.0,public/data/product_images/62c7f8b6f4cd.webp,0.0,0.0,6,1.0,0.0,0.0,0,0.0,0.0,0.0
Одежда,62GBC215-01,"Шорты женские Mizuno Flex Graphic 3"" Short - White",Mizuno,2793 ₽,https://saletennis.com/catalog/product/shorty-zhienskiie-mizuno-flex-graphic-3-short-white-18423,M: Основной склад Екатеринбург - 1 шт | M: Санкт-Петербург (Спортивная) - 1 шт | L: Ижевск - 1 шт,3.0,public/data/product_images/819707b2d1b2.webp,0.0,1.0,1,0.0,0.0,0.0,0,0.0,0.0,1.0
Одежда,62GBA21564,Шорты женские Mizuno Flex Short - Lilac Chiffon,Mizuno,2790 ₽,https://saletennis.com/catalog/product/shorty-zhienskiie-mizuno-flex-short-lilac-chiffon-16335,S: Основной склад Екатеринбург - 1 шт | M: Основной склад Екатеринбург - 1 шт,2.0,public/data/product_images/a973027d9fef.webp,0.0,0.0,2,0.0,0.0,0.0,0,0.0,0.0,0.0
Одежда,FD5664-100,Шорты женские Nike Advantage Ball Short - White,Nike,4674 ₽,https://saletennis.com/catalog/product/shorty-zhienskiie-nike-advantage-ball-short-white-16899,XS: Санкт-Петербург (Спортивная) - 1 шт,1.0,public/data/product_images/1d04a3db8d69.webp,0.0,1.0,0,0.0,0.0,0.0,0,0.0,0.0,0.0
Одежда,IB0769-410,Шорты женские Nike Court Collection High Waist Short - Midnight Navy,Nike,11990 ₽,https://saletennis.com/catalog/product/shorty-zhienskiie-nike-court-collection-high-waist-short-midnight-navy-19181,S: Тюмень (Народная) - 1 шт,1.0,public/data/product_images/bf4623b13a48.webp,0.0,0.0,0,0.0,0.0,0.0,0,1.0,0.0,0.0
Одежда,IB0769-133,Шорты женские Nike Court Collection High Waist Short - Sail,Nike,11990 ₽,https://saletennis.com/catalog/product/shorty-zhienskiie-nike-court-collection-high-waist-short-sail-19182,XS: Ижевск - 1 шт | S: Санкт-Петербург (Спортивная) - 1 шт | M: Санкт-Петербург (Спортивная) - 1 шт | M: Тюмень (Народная) - 1 шт | M: Уфа - 1 шт | M: Парина - 1 шт,6.0,public/data/product_images/040a842290ed.webp,0.0,2.0,0,0.0,1.0,0.0,0,1.0,1.0,1.0
Одежда,HJ8990-010,Шорты женские Nike Court Heritage Mid-Rise Fleece - Black,Nike,8490 ₽,https://saletennis.com/catalog/product/shorty-zhienskiie-nike-court-heritage-mid-rise-fleece-black-18482,XS: Санкт-Петербург (Спортивная) - 1 шт | S: Парина - 1 шт | S: Тюмень (Народная) - 1 шт,3.0,public/data/product_images/bc043569729c.webp,0.0,1.0,0,0.0,1.0,0.0,0,1.0,0.0,0.0
Одежда,HJ8990-667,Шорты женские Nike Court Heritage Mid-Rise Fleece - Silt Red,Nike,8490 ₽,https://saletennis.com/catalog/product/shorty-zhienskiie-nike-court-heritage-mid-rise-fleece-silt-red-18483,XS: Тюмень (Народная) - 1 шт | XS: Санкт-Петербург (Спортивная) - 1 шт | XS: Парина - 1 шт | S: Парина - 1 шт | S: Тюмень (Народная) - 1 шт | S: Уфа - 1 шт | M: Тюмень (Народная) - 1 шт | L: Парина - 1 шт,8.0,public/data/product_images/ad2f37e605cc.webp,0.0,1.0,0,0.0,3.0,0.0,0,3.0,1.0,0.0
Одежда,WS76-1110,Шорты женские под платье 7/6 Ana - Boulder,7/6,490 ₽,https://saletennis.com/catalog/product/shorty-zhienskiie-pod-plat-ie-7-6-ana-boulder-15506,XXS: Основной склад Екатеринбург - 12 шт | XXS: Санкт-Петербург (Спортивная) - 2 шт | XS: Основной склад Екатеринбург - 13 шт | S: Основной склад Екатеринбург - 2 шт,29.0,public/data/product_images/4889630303fe.webp,0.0,2.0,27,0.0,0.0,0.0,0,0.0,0.0,0.0
Одежда,WS76-0231,Шорты женские под платье 7/6 Ana - Forest Elf,7/6,490 ₽,https://saletennis.com/catalog/product/shorty-zhienskiie-pod-plat-ie-7-6-ana-forest-elf-15507,XXS: Основной склад Екатеринбург - 13 шт | XXS: Санкт-Петербург (Спортивная) - 1 шт | XS: Основной склад Екатеринбург - 2 шт,16.0,public/data/product_images/252691fbf414.webp,0.0,1.0,15,0.0,0.0,0.0,0,0.0,0.0,0.0
Одежда,WS76-1559,Шорты женские под платье 7/6 Ana - Red Alert,7/6,490 ₽,https://saletennis.com/catalog/product/shorty-zhienskiie-pod-plat-ie-7-6-ana-red-alert-15508,XXS: Санкт-Петербург (Спортивная) - 1 шт | XXS: Уфа - 1 шт | XS: Основной склад Екатеринбург - 1 шт,3.0,public/data/product_images/5e7c33aa40d3.webp,0.0,1.0,1,0.0,0.0,0.0,0,0.0,1.0,0.0
Одежда,WS76-0106,Шорты женские под платье 7/6 Ana - Sweet Corn,7/6,490 ₽,https://saletennis.com/catalog/product/shorty-zhienskiie-pod-plat-ie-7-6-ana-sweet-corn-15509,XXS: Санкт-Петербург (Спортивная) - 2 шт | XXS: Основной склад Екатеринбург - 14 шт | XS: Основной склад Екатеринбург - 13 шт | XS: Санкт-Петербург (Спортивная) - 2 шт,31.0,public/data/product_images/30ee266e047d.webp,0.0,4.0,27,0.0,0.0,0.0,0,0.0,0.0,0.0
Одежда,62GBC21814,"Шорты женские под платье Mizuno Pro 4"" Short - Bellwether Blue",Mizuno,2653 ₽,https://saletennis.com/catalog/product/shorty-zhienskiie-pod-plat-ie-mizuno-pro-4-short-bellwether-blue-18215,XS: Основной склад Екатеринбург - 1 шт | XS: Соболева - 1 шт | S: Соболева - 1 шт | M: Основной склад Екатеринбург - 2 шт,5.0,public/data/product_images/efd5a6551e8c.webp,0.0,0.0,3,2.0,0.0,0.0,0,0.0,0.0,0.0
Одежда,62GBC21866,"Шорты женские под платье Mizuno Pro 4"" Short - Fuchsia Purple",Mizuno,2653 ₽,https://saletennis.com/catalog/product/shorty-zhienskiie-pod-plat-ie-mizuno-pro-4-short-fuchsia-purple-1-18216,XS: Основной склад Екатеринбург - 1 шт | S: Основной склад Екатеринбург - 2 шт | M: Основной склад Екатеринбург - 1 шт,4.0,public/data/product_images/2c8f4bca1b80.webp,0.0,0.0,4,0.0,0.0,0.0,0,0.0,0.0,0.0
Одежда,62GBB725-24,Шорты женские под платье Mizuno Tight Short - Mugen Blue,Mizuno,2490 ₽,https://saletennis.com/catalog/product/shorty-zhienskiie-pod-plat-ie-mizuno-tight-short-mugen-blue-17478,XS: Соболева - 1 шт | XS: Санкт-Петербург (Спортивная) - 1 шт | S: Соболева - 1 шт | L: Основной склад Екатеринбург - 1 шт,4.0,public/data/product_images/e5a791b848d1.webp,0.0,1.0,1,2.0,0.0,0.0,0,0.0,0.0,0.0
Одежда,62GBB725-01,Шорты женские под платье Mizuno Tight Short - White,Mizuno,2490 ₽,https://saletennis.com/catalog/product/shorty-zhienskiie-pod-plat-ie-mizuno-tight-short-white-17479,XS: Основной склад Екатеринбург - 1 шт | XS: Санкт-Петербург (Спортивная) - 1 шт | S: Основной склад Екатеринбург - 1 шт | S: Санкт-Петербург (Спортивная) - 1 шт | L: Основной склад Екатеринбург - 1 шт,5.0,public/data/product_images/7cdaa1edada0.webp,0.0,2.0,3,0.0,0.0,0.0,0,0.0,0.0,0.0
Одежда,FZ6677-017,Шорты женские под платье Nike Dri-Fit - Cannon/White,Nike,6490 ₽,https://saletennis.com/catalog/product/shorty-zhienskiie-pod-plat-ie-nike-dri-fit-cannon-white-18299,S: Уфа - 1 шт,1.0,public/data/product_images/5ffb46faea0e.webp,0.0,0.0,0,0.0,0.0,0.0,0,0.0,1.0,0.0
Одежда,FZ6677-491,Шорты женские под платье Nike Dri-Fit - Diffused Blue/White,Nike,6490 ₽,https://saletennis.com/catalog/product/shorty-zhienskiie-pod-plat-ie-nike-dri-fit-diffused-blue-white-18300,XS: Санкт-Петербург (Спортивная) - 1 шт | S: Соболева - 1 шт | S: Парина - 1 шт,3.0,public/data/product_images/66c0eecf3b47.webp,0.0,1.0,0,1.0,1.0,0.0,0,0.0,0.0,0.0
Одежда,FZ6677-533,Шорты женские под платье Nike Dri-Fit - Lilac Ice,Nike,5990 ₽,https://saletennis.com/catalog/product/shorty-zhienskiie-pod-plat-ie-nike-dri-fit-lilac-ice-17688,XS: Санкт-Петербург (Спортивная) - 1 шт,1.0,public/data/product_images/29ec1562ffc6.webp,0.0,1.0,0,0.0,0.0,0.0,0,0.0,0.0,0.0
Одежда,KP76-BK,Штаны детские 7/6 Taylor Kids Pants - Black,7/6,4990 ₽,https://saletennis.com/catalog/product/shtany-dietskiie-7-6-taylor-kids-pants-black-17279,XS: Санкт-Петербург (Спортивная) - 2 шт | XS: Тюмень (Народная) - 1 шт | XS: Парина - 1 шт | XS: Санкт-Петербург (Ярослава Гашека) - 1 шт | S: Ижевск - 1 шт | S: Парина - 1 шт | S: Санкт-Петербург (Ярослава Гашека) - 1 шт | S: Санкт-Петербург (Спортивная) - 2 шт | M: Санкт-Петербург (Ярослава Гашека) - 1 шт | M: Санкт-Петербург (Спортивная) - 1 шт | M: Парина - 1 шт | L: Ижевск - 1 шт | L: Санкт-Петербург (Спортивная) - 1 шт | L: Санкт-Петербург (Ярослава Гашека) - 1 шт,16.0,public/data/product_images/181fc1bba2d3.webp,4.0,6.0,0,0.0,3.0,0.0,0,1.0,0.0,2.0
Одежда,JP76-4104,Штаны мужские 7/6 Jackie Pants Men - Antarctica,7/6,2995 ₽,https://saletennis.com/catalog/product/shtany-muzhskiie-7-6-jackie-pants-men-antarctica-18627,M: Парина - 1 шт | M: Санкт-Петербург (Спортивная) - 1 шт | L: Ижевск - 1 шт | L: Санкт-Петербург (Спортивная) - 1 шт | L: Елизаветенское шоссе - 1 шт | XL: Елизаветенское шоссе - 1 шт | XL: Санкт-Петербург (Спортивная) - 1 шт | XXL: Санкт-Петербург (Спортивная) - 1 шт | XXL: Елизаветенское шоссе - 1 шт,9.0,public/data/product_images/145047bdfb86.webp,0.0,4.0,0,0.0,1.0,0.0,3,0.0,0.0,1.0
Одежда,JP76-4109,Штаны мужские 7/6 Jackie Pants Men - Arona,7/6,2995 ₽,https://saletennis.com/catalog/product/shtany-muzhskiie-7-6-jackie-pants-men-arona-18628,S: Санкт-Петербург (Спортивная) - 1 шт | M: Тюмень (Народная) - 1 шт | L: Тюмень (Народная) - 1 шт | L: Ижевск - 1 шт | L: Санкт-Петербург (Спортивная) - 1 шт | XL: Елизаветенское шоссе - 1 шт | XL: Тюмень (Народная) - 1 шт | XL: Санкт-Петербург (Спортивная) - 1 шт | XXL: Парина - 1 шт | XXL: Елизаветенское шоссе - 1 шт | XXL: Санкт-Петербург (Спортивная) - 1 шт,11.0,public/data/product_images/4104a18d3ea6.webp,0.0,4.0,0,0.0,1.0,0.0,2,3.0,0.0,1.0
Одежда,JP76-4718,Штаны мужские 7/6 Jackie Pants Men - Hydro,7/6,5990 ₽,https://saletennis.com/catalog/product/shtany-muzhskiie-7-6-jackie-pants-men-hydro-19387,S: Елизаветенское шоссе - 1 шт | S: Санкт-Петербург (Спортивная) - 1 шт | M: Санкт-Петербург (Спортивная) - 1 шт | M: Парина - 1 шт | M: Санкт-Петербург (Ярослава Гашека) - 1 шт | M: Ижевск - 1 шт | M: Тюмень (Народная) - 1 шт | M: Соболева - 1 шт | M: Уфа - 1 шт | M: Елизаветенское шоссе - 1 шт | L: Санкт-Петербург (Спортивная) - 1 шт | L: Ижевск - 1 шт | L: Санкт-Петербург (Ярослава Гашека) - 1 шт | L: Елизаветенское шоссе - 1 шт | L: Уфа - 1 шт | L: Парина - 1 шт | L: Соболева - 1 шт | L: Тюмень (Народная) - 1 шт | XL: Санкт-Петербург (Спортивная) - 1 шт | XL: Уфа - 1 шт | XL: Елизаветенское шоссе - 1 шт | XL: Парина - 1 шт | XL: Санкт-Петербург (Ярослава Гашека) - 1 шт | XL: Соболева - 1 шт | XXL: Елизаветенское шоссе - 1 шт | XXL: Санкт-Петербург (Ярослава Гашека) - 1 шт | XXL: Санкт-Петербург (Спортивная) - 1 шт | XXL: Соболева - 1 шт,28.0,public/data/product_images/092d17fbb3c9.webp,4.0,5.0,0,4.0,3.0,0.0,5,2.0,3.0,2.0
Одежда,JP76-1215,Штаны мужские 7/6 Jackie Pants Men - Shaved Chocolate,7/6,5990 ₽,https://saletennis.com/catalog/product/shtany-muzhskiie-7-6-jackie-pants-men-shaved-chocolate-19388,S: Санкт-Петербург (Спортивная) - 1 шт | S: Елизаветенское шоссе - 1 шт | M: Елизаветенское шоссе - 1 шт | M: Санкт-Петербург (Спортивная) - 1 шт | M: Тюмень (Народная) - 1 шт | M: Парина - 1 шт | M: Соболева - 1 шт | M: Санкт-Петербург (Ярослава Гашека) - 1 шт | M: Основной склад Екатеринбург - 1 шт | M: Ижевск - 1 шт | L: Елизаветенское шоссе - 1 шт | L: Ижевск - 1 шт | L: Парина - 1 шт | L: Санкт-Петербург (Ярослава Гашека) - 1 шт | L: Соболева - 1 шт | L: Тюмень (Народная) - 1 шт | L: Санкт-Петербург (Спортивная) - 1 шт | XL: Санкт-Петербург (Спортивная) - 1 шт | XL: Ижевск - 1 шт | XL: Елизаветенское шоссе - 1 шт | XL: Санкт-Петербург (Ярослава Гашека) - 1 шт | XXL: Елизаветенское шоссе - 1 шт | XXL: Парина - 1 шт | XXL: Санкт-Петербург (Спортивная) - 1 шт,24.0,public/data/product_images/eb5340a18332.webp,3.0,5.0,1,2.0,3.0,0.0,5,2.0,0.0,3.0
Одежда,WJP76-4104,Штаны женские 7/6 Jackie Pants Women - Antarctica,7/6,4193 ₽,https://saletennis.com/catalog/product/shtany-zhienskiie-7-6-jackie-pants-women-antarctica-18636,XXS: Санкт-Петербург (Спортивная) - 1 шт | XS: Елизаветенское шоссе - 1 шт | XS: Санкт-Петербург (Спортивная) - 1 шт | S: Санкт-Петербург (Спортивная) - 1 шт | M: Санкт-Петербург (Спортивная) - 1 шт | L: Елизаветенское шоссе - 1 шт | L: Санкт-Петербург (Спортивная) - 1 шт | XL: Санкт-Петербург (Спортивная) - 1 шт,8.0,public/data/product_images/d46f604d2295.webp,0.0,6.0,0,0.0,0.0,0.0,2,0.0,0.0,0.0
Одежда,WJP76-4109,Штаны женские 7/6 Jackie Pants Women - Arona,7/6,4193 ₽,https://saletennis.com/catalog/product/shtany-zhienskiie-7-6-jackie-pants-women-arona-18616,XXS: Санкт-Петербург (Спортивная) - 1 шт | XS: Парина - 1 шт | S: Ижевск - 1 шт | S: Елизаветенское шоссе - 1 шт | S: Санкт-Петербург (Спортивная) - 1 шт | S: Тюмень (Народная) - 1 шт | M: Тюмень (Народная) - 1 шт | M: Парина - 1 шт | M: Санкт-Петербург (Спортивная) - 1 шт | M: Ижевск - 1 шт | L: Елизаветенское шоссе - 1 шт | L: Тюмень (Народная) - 1 шт | L: Санкт-Петербург (Спортивная) - 1 шт | L: Парина - 1 шт | XL: Тюмень (Народная) - 1 шт,15.0,public/data/product_images/4b4d1ac3cfcb.webp,0.0,4.0,0,0.0,3.0,0.0,2,4.0,0.0,2.0
Одежда,WJP76-4718,Штаны женские 7/6 Jackie Pants Women - Hydro,7/6,5990 ₽,https://saletennis.com/catalog/product/shtany-zhienskiie-7-6-jackie-pants-women-hydro-19400,XXS: Санкт-Петербург (Спортивная) - 1 шт | XXS: Санкт-Петербург (Ярослава Гашека) - 1 шт | XS: Елизаветенское шоссе - 1 шт | XS: Парина - 1 шт | XS: Санкт-Петербург (Спортивная) - 1 шт | XS: Санкт-Петербург (Ярослава Гашека) - 1 шт | S: Санкт-Петербург (Ярослава Гашека) - 1 шт | S: Санкт-Петербург (Спортивная) - 1 шт | S: Парина - 1 шт | S: Ижевск - 1 шт | S: Уфа - 1 шт | S: Елизаветенское шоссе - 1 шт | S: Тюмень (Народная) - 1 шт | M: Уфа - 1 шт | M: Парина - 1 шт | M: Санкт-Петербург (Ярослава Гашека) - 1 шт | M: Ижевск - 1 шт | M: Тюмень (Народная) - 1 шт | M: Санкт-Петербург (Спортивная) - 1 шт | L: Санкт-Петербург (Спортивная) - 1 шт | L: Санкт-Петербург (Ярослава Гашека) - 1 шт | XL: Санкт-Петербург (Ярослава Гашека) - 1 шт | XL: Санкт-Петербург (Спортивная) - 1 шт,23.0,public/data/product_images/73d9f36fb63d.webp,6.0,6.0,0,0.0,3.0,0.0,2,2.0,2.0,2.0
Одежда,WJP76-1215,Штаны женские 7/6 Jackie Pants Women - Shaved Chocolate,7/6,5990 ₽,https://saletennis.com/catalog/product/shtany-zhienskiie-7-6-jackie-pants-women-shaved-chocolate-19413,XXS: Санкт-Петербург (Ярослава Гашека) - 1 шт | XXS: Санкт-Петербург (Спортивная) - 1 шт | XS: Санкт-Петербург (Спортивная) - 1 шт | XS: Елизаветенское шоссе - 1 шт | XS: Парина - 1 шт | XS: Санкт-Петербург (Ярослава Гашека) - 1 шт | S: Парина - 1 шт | S: Ижевск - 1 шт | S: Санкт-Петербург (Спортивная) - 1 шт | S: Елизаветенское шоссе - 1 шт | S: Уфа - 1 шт | S: Санкт-Петербург (Ярослава Гашека) - 1 шт | S: Тюмень (Народная) - 1 шт | M: Ижевск - 1 шт | M: Уфа - 1 шт | M: Елизаветенское шоссе - 1 шт | M: Тюмень (Народная) - 1 шт | M: Санкт-Петербург (Спортивная) - 1 шт | M: Санкт-Петербург (Ярослава Гашека) - 1 шт | L: Парина - 1 шт | L: Санкт-Петербург (Ярослава Гашека) - 1 шт | L: Санкт-Петербург (Спортивная) - 1 шт | XL: Санкт-Петербург (Ярослава Гашека) - 1 шт | XL: Санкт-Петербург (Спортивная) - 1 шт,24.0,public/data/product_images/6f9b9591718e.webp,6.0,6.0,0,0.0,3.0,0.0,3,2.0,2.0,2.0
Одежда,62GEB00226,Спортивная кофта мужская Mizuno Charged Printed Jacket - Moroccan,Mizuno,6990 ₽,https://saletennis.com/catalog/product/sportivnaia-kofta-muzhskaia-mizuno-charged-printed-jacket-moroccan-16339,L: Основной склад Екатеринбург - 1 шт,1.0,public/data/product_images/7f983774a92b.webp,0.0,0.0,1,0.0,0.0,0.0,0,0.0,0.0,0.0
Одежда,62GEC00209,Спортивная кофта мужская Mizuno Frontier Shadow Jacket - Black,Mizuno,7693 ₽,https://saletennis.com/catalog/product/sportivnaia-kofta-muzhskaia-mizuno-frontier-shadow-jacket-black-18205,S: Основной склад Екатеринбург - 1 шт | M: Основной склад Екатеринбург - 3 шт | XXL: Основной склад Екатеринбург - 1 шт,5.0,public/data/product_images/8aeb4692dea7.webp,0.0,0.0,5,0.0,0.0,0.0,0,0.0,0.0,0.0
Одежда,62GEB50109,Спортивная кофта мужская Mizuno Mugen Hooded Jacket - Black,Mizuno,6990 ₽,https://saletennis.com/catalog/product/sportivnaia-kofta-muzhskaia-mizuno-mugen-hooded-jacket-black-16840,S: Основной склад Екатеринбург - 1 шт,1.0,public/data/product_images/5f307bc3b3b3.webp,0.0,0.0,1,0.0,0.0,0.0,0,0.0,0.0,0.0
Одежда,62GEB50120,Спортивная кофта мужская Mizuno Mugen Hooded Jacket - Blue Mirage,Mizuno,6990 ₽,https://saletennis.com/catalog/product/sportivnaia-kofta-muzhskaia-mizuno-mugen-hooded-jacket-blue-mirage-16841,M: Бисертская - 1 шт,1.0,public/data/product_images/8086abf5e000.webp,0.0,0.0,0,0.0,0.0,1.0,0,0.0,0.0,0.0
Одежда,62GEC20209,Спортивная кофта женская Mizuno Frontier Shadow Jacket - Black,Mizuno,6993 ₽,https://saletennis.com/catalog/product/sportivnaia-kofta-zhienskaia-mizuno-frontier-shadow-jacket-black-18204,XS: Основной склад Екатеринбург - 1 шт | S: Основной склад Екатеринбург - 1 шт | M: Основной склад Екатеринбург - 1 шт,3.0,public/data/product_images/509469f36b20.webp,0.0,0.0,3,0.0,0.0,0.0,0,0.0,0.0,0.0
Одежда,62GEB70168,Спортивная кофта женская Mizuno Mugen Hooded Jacket - Patrician Purple,Mizuno,5995 ₽,https://saletennis.com/catalog/product/sportivnaia-kofta-zhienskaia-mizuno-mugen-hooded-jacket-patrician-purple-16838,XS: Основной склад Екатеринбург - 1 шт | S: Санкт-Петербург (Спортивная) - 1 шт | S: Тюмень (Народная) - 1 шт | M: Санкт-Петербург (Спортивная) - 1 шт,4.0,public/data/product_images/fc4ff7e405d7.webp,0.0,2.0,1,0.0,0.0,0.0,0,1.0,0.0,0.0
Одежда,62GEB70172,Спортивная кофта женская Mizuno Mugen Hooded Jacket - White/Estate Blue,Mizuno,5995 ₽,https://saletennis.com/catalog/product/sportivnaia-kofta-zhienskaia-mizuno-mugen-hooded-jacket-white-estate-blue-16839,XS: Основной склад Екатеринбург - 1 шт | XS: Санкт-Петербург (Спортивная) - 1 шт | S: Санкт-Петербург (Спортивная) - 1 шт,3.0,public/data/product_images/d752fc9ee516.webp,0.0,2.0,1,0.0,0.0,0.0,0,0.0,0.0,0.0
Одежда,DR10217987480013,Спортивный костюм Diadora - Black,Diadora,6990 ₽,https://saletennis.com/catalog/product/sportivnyi-kostium-diadora-black-15330,S: Основной склад Екатеринбург - 1 шт | XL: Тюмень (Народная) - 1 шт,2.0,public/data/product_images/4ea966d9a6d8.webp,0.0,0.0,1,0.0,0.0,0.0,0,1.0,0.0,0.0
Одежда,MP76-BK,Спортивные штаны мужские 7/6 Man Pants - Black,7/6,3990 ₽,https://saletennis.com/catalog/product/sportivnyie-shtany-muzhskiie-7-6-man-pants-black-15246,M: Уфа - 1 шт | M: Ижевск - 1 шт | L: Санкт-Петербург (Спортивная) - 2 шт | L: Тюмень (Народная) - 2 шт | L: Соболева - 1 шт | L: Уфа - 1 шт | L: Ижевск - 1 шт | L: Парина - 1 шт | XL: Парина - 1 шт | XL: Тюмень (Народная) - 1 шт | XL: Уфа - 1 шт | XL: Основной склад Екатеринбург - 2 шт | XL: Ижевск - 2 шт | XL: Санкт-Петербург (Спортивная) - 3 шт | XXL: Ижевск - 1 шт | XXL: Соболева - 1 шт | XXL: Основной склад Екатеринбург - 1 шт | XXL: Санкт-Петербург (Спортивная) - 2 шт | XXL: Парина - 1 шт,26.0,public/data/product_images/d064b887c568.webp,0.0,7.0,3,2.0,3.0,0.0,0,3.0,3.0,5.0
Одежда,MPT76-NV,Спортивные штаны мужские 7/6 Man Training Pants - Navy,7/6,1990 ₽,https://saletennis.com/catalog/product/sportivnyie-shtany-muzhskiie-7-6-man-training-pants-navy-15247,S: Основной склад Екатеринбург - 2 шт,2.0,public/data/product_images/81eb08bb9b32.webp,0.0,0.0,2,0.0,0.0,0.0,0,0.0,0.0,0.0
Одежда,TP76-BK,Спортивные штаны мужские 7/6 Taylor Man Pants - Black,7/6,3992 ₽,https://saletennis.com/catalog/product/sportivnyie-shtany-muzhskiie-7-6-taylor-man-pants-black-17276,S: Уфа - 1 шт | M: Ижевск - 1 шт | M: Парина - 1 шт | M: Уфа - 1 шт | M: Санкт-Петербург (Спортивная) - 1 шт | M: Соболева - 1 шт | M: Бисертская - 1 шт | L: Ижевск - 1 шт | L: Санкт-Петербург (Спортивная) - 1 шт | XL: Тюмень (Народная) - 1 шт | XL: Уфа - 1 шт | XL: Ижевск - 1 шт | XL: Санкт-Петербург (Спортивная) - 1 шт | XXL: Ижевск - 1 шт | XXL: Санкт-Петербург (Спортивная) - 1 шт | XXL: Тюмень (Народная) - 1 шт,16.0,public/data/product_images/b9aa78dd93f6.webp,0.0,4.0,0,1.0,1.0,1.0,0,2.0,3.0,4.0
Одежда,62GDC00109,Спортивные штаны мужские Mizuno Frontier Shadow Pant - Black,Mizuno,5733 ₽,https://saletennis.com/catalog/product/sportivnyie-shtany-muzhskiie-mizuno-frontier-shadow-pant-black-18188,S: Основной склад Екатеринбург - 1 шт | M: Основной склад Екатеринбург - 1 шт | L: Основной склад Екатеринбург - 2 шт,4.0,public/data/product_images/d7951a32a486.webp,0.0,0.0,4,0.0,0.0,0.0,0,0.0,0.0,0.0
Одежда,62GFB50109,Спортивные штаны мужские Mizuno Mugen Pant - Black,Mizuno,5394 ₽,https://saletennis.com/catalog/product/sportivnyie-shtany-muzhskiie-mizuno-mugen-pant-black-16845,XL: Тюмень (Народная) - 1 шт | XL: Основной склад Екатеринбург - 1 шт,2.0,public/data/product_images/675f70d09831.webp,0.0,0.0,1,0.0,0.0,0.0,0,1.0,0.0,0.0
Одежда,62GFB50120,Спортивные штаны мужские Mizuno Mugen Pant - Blue Mirage,Mizuno,5490 ₽,https://saletennis.com/catalog/product/sportivnyie-shtany-muzhskiie-mizuno-mugen-pant-blue-mirage-16846,S: Соболева - 1 шт | M: Основной склад Екатеринбург - 2 шт | L: Соболева - 1 шт | L: Основной склад Екатеринбург - 3 шт,7.0,public/data/product_images/28b1d6d5590f.webp,0.0,0.0,5,2.0,0.0,0.0,0,0.0,0.0,0.0
Одежда,TWP76-BK,Спортивные штаны женские 7/6 Taylor Woman Pants - Black,7/6,3992 ₽,https://saletennis.com/catalog/product/sportivnyie-shtany-zhienskiie-7-6-taylor-woman-pants-black-17277,XS: Санкт-Петербург (Спортивная) - 1 шт | XS: Уфа - 1 шт | XS: Соболева - 1 шт | XS: Ижевск - 1 шт | S: Основной склад Екатеринбург - 2 шт | S: Парина - 1 шт | S: Уфа - 1 шт | S: Соболева - 1 шт | S: Тюмень (Народная) - 1 шт | M: Уфа - 1 шт | M: Ижевск - 1 шт | L: Тюмень (Народная) - 1 шт | XL: Санкт-Петербург (Спортивная) - 1 шт | XL: Тюмень (Народная) - 1 шт,15.0,public/data/product_images/c5a582792d7f.webp,0.0,2.0,2,2.0,1.0,0.0,0,3.0,3.0,2.0
Одежда,WP76-BK,Спортивные штаны женские 7/6 Woman Pants - Black,7/6,3990 ₽,https://saletennis.com/catalog/product/sportivnyie-shtany-zhienskiie-7-6-woman-pants-black-15249,XS: Парина - 1 шт | XS: Ижевск - 1 шт | XS: Соболева - 1 шт | XS: Санкт-Петербург (Спортивная) - 1 шт | XS: Бисертская - 1 шт | S: Основной склад Екатеринбург - 2 шт | S: Уфа - 1 шт | S: Парина - 1 шт | S: Ижевск - 1 шт | S: Тюмень (Народная) - 1 шт | S: Соболева - 1 шт | M: Парина - 1 шт | M: Уфа - 1 шт | M: Ижевск - 1 шт | M: Санкт-Петербург (Спортивная) - 3 шт | M: Соболева - 1 шт | M: Тюмень (Народная) - 1 шт | L: Санкт-Петербург (Спортивная) - 1 шт | L: Ижевск - 1 шт | L: Тюмень (Народная) - 1 шт | L: Соболева - 1 шт | L: Бисертская - 1 шт | L: Уфа - 1 шт,26.0,public/data/product_images/ba57f68b1384.webp,0.0,5.0,2,4.0,3.0,2.0,0,3.0,3.0,4.0
Одежда,WPT76-NV,Спортивные штаны женские 7/6 Woman Training Pants - Navy,7/6,1990 ₽,https://saletennis.com/catalog/product/sportivnyie-shtany-zhienskiie-7-6-woman-training-pants-navy-15250,XS: Ижевск - 1 шт | XS: Парина - 1 шт | XS: Основной склад Екатеринбург - 2 шт | XS: Соболева - 1 шт | S: Санкт-Петербург (Спортивная) - 2 шт | S: Основной склад Екатеринбург - 5 шт | S: Тюмень (Народная) - 1 шт,13.0,public/data/product_images/9efeaf77e639.webp,0.0,2.0,7,1.0,1.0,0.0,0,1.0,0.0,1.0
Одежда,62GFB70172,Спортивные штаны женские Mizuno Mugen Pant - Estate Blue/White,Mizuno,4495 ₽,https://saletennis.com/catalog/product/sportivnyie-shtany-zhienskiie-mizuno-mugen-pant-estate-blue-white-16843,XS: Соболева - 1 шт | XS: Санкт-Петербург (Спортивная) - 1 шт | S: Санкт-Петербург (Спортивная) - 1 шт | S: Основной склад Екатеринбург - 1 шт,4.0,public/data/product_images/eaa0b3028fa5.webp,0.0,2.0,1,1.0,0.0,0.0,0,0.0,0.0,0.0
Одежда,62GFB70168,Спортивные штаны женские Mizuno Mugen Pant - Patrician Purple,Mizuno,4495 ₽,https://saletennis.com/catalog/product/sportivnyie-shtany-zhienskiie-mizuno-mugen-pant-patrician-purple-16844,XS: Санкт-Петербург (Спортивная) - 1 шт | XS: Соболева - 1 шт | S: Тюмень (Народная) - 1 шт | S: Санкт-Петербург (Спортивная) - 1 шт | M: Санкт-Петербург (Спортивная) - 1 шт | M: Тюмень (Народная) - 1 шт,6.0,public/data/product_images/8e6e02f6dad5.webp,0.0,3.0,0,1.0,0.0,0.0,0,2.0,0.0,0.0
Одежда,B1270021,Толстовка детская Bidi Badu Melbourne Chill - Mint,Bidi Badu,3596 ₽,https://saletennis.com/catalog/product/tolstovka-dietskaia-bidi-badu-melbourne-chill-mint-17250,128: Основной склад Екатеринбург - 1 шт | 152: Санкт-Петербург (Спортивная) - 1 шт | 152: Основной склад Екатеринбург - 2 шт,4.0,public/data/product_images/7434a5d3a2f5.webp,0.0,1.0,3,0.0,0.0,0.0,0,0.0,0.0,0.0
Одежда,G1270007,Толстовка детская Bidi Badu Protected Leafs Chill - Bordeaux,Bidi Badu,2676 ₽,https://saletennis.com/catalog/product/tolstovka-dietskaia-bidi-badu-protected-leafs-chill-bordeaux-15291,152: Бисертская - 1 шт | 152: Санкт-Петербург (Спортивная) - 1 шт,2.0,public/data/product_images/5a426ebc89f5.webp,0.0,1.0,0,0.0,0.0,1.0,0,0.0,0.0,0.0
Одежда,DR10217995580013,Толстовка мужская Diadora Hoodie Core - Black/White,Diadora,3990 ₽,https://saletennis.com/catalog/product/tolstovka-muzhskaia-diadora-hoodie-core-black-white-15183,M: Основной склад Екатеринбург - 1 шт,1.0,public/data/product_images/3a344d8f008a.webp,0.0,0.0,1,0.0,0.0,0.0,0,0.0,0.0,0.0
Одежда,HM6759-010,Толстовка мужская Nike Heritage Hoodie - Black/Anthracite,Nike,8792 ₽,https://saletennis.com/catalog/product/tolstovka-muzhskaia-nike-heritage-hoodie-black-anthracite-18110,M: Парина - 1 шт | M: Тюмень (Народная) - 1 шт | L: Уфа - 1 шт | XL: Парина - 1 шт,4.0,public/data/product_images/e73d40062d16.webp,0.0,0.0,0,0.0,2.0,0.0,0,1.0,1.0,0.0
Одежда,HM6759-661,Толстовка мужская Nike Heritage Hoodie - Cedar/Team Red,Nike,8393 ₽,https://saletennis.com/catalog/product/tolstovka-muzhskaia-nike-heritage-hoodie-cedar-team-red-18485,M: Парина - 1 шт,1.0,public/data/product_images/d15f2d345640.webp,0.0,0.0,0,0.0,1.0,0.0,0,0.0,0.0,0.0
Одежда,HM6759-276,Толстовка мужская Nike Heritage Hoodie - Neutral Olive/Medium Olive,Nike,8393 ₽,https://saletennis.com/catalog/product/tolstovka-muzhskaia-nike-heritage-hoodie-neutral-olive-medium-olive-18486,L: Тюмень (Народная) - 1 шт | XL: Тюмень (Народная) - 1 шт,2.0,public/data/product_images/4bba7bbfa18b.webp,0.0,0.0,0,0.0,0.0,0.0,0,2.0,0.0,0.0
Одежда,HM6759-100,Толстовка мужская Nike Heritage Hoodie - White/Black,Nike,10990 ₽,https://saletennis.com/catalog/product/tolstovka-muzhskaia-nike-heritage-hoodie-white-black-19219,XL: Санкт-Петербург (Спортивная) - 1 шт,1.0,public/data/product_images/aa750de5edcf.webp,0.0,1.0,0,0.0,0.0,0.0,0,0.0,0.0,0.0
Одежда,23_46_XXS_42,"Толстовка унисекс ""Love is ..."" Blue",Не определен,2490 ₽,https://saletennis.com/catalog/product/tolstovka-unisieks-love-is-blue-14994,XXS: Тюмень (Народная) - 1 шт | XXS: Основной склад Екатеринбург - 1 шт | XS: Основной склад Екатеринбург - 1 шт | XS: Бисертская - 1 шт | XS: Тюмень (Народная) - 1 шт,5.0,public/data/product_images/3b7068a74b6b.webp,0.0,0.0,2,0.0,0.0,1.0,0,2.0,0.0,0.0
Одежда,IB0757-410,Толстовка женская Nike Court - Midnight Navy,Nike,10990 ₽,https://saletennis.com/catalog/product/tolstovka-zhienskaia-nike-court-midnight-navy-18826,S: Санкт-Петербург (Спортивная) - 1 шт,1.0,public/data/product_images/283de39d08c4.webp,0.0,1.0,0,0.0,0.0,0.0,0,0.0,0.0,0.0
Одежда,DT76-010,Топ 7/6 Daria Top - Black,7/6,2490 ₽,https://saletennis.com/catalog/product/top-7-6-daria-top-black-16711,XXS: Санкт-Петербург (Спортивная) - 2 шт | XXS: Основной склад Екатеринбург - 1 шт | XXS: Уфа - 1 шт | XXS: Тюмень (Народная) - 2 шт | XS: Санкт-Петербург (Спортивная) - 2 шт,8.0,public/data/product_images/d06f766bb635.webp,0.0,4.0,1,0.0,0.0,0.0,0,2.0,1.0,0.0
Одежда,DT76-0602,Топ 7/6 Daria Top - White,7/6,2490 ₽,https://saletennis.com/catalog/product/top-7-6-daria-top-white-16712,XXS: Санкт-Петербург (Спортивная) - 2 шт | XXS: Тюмень (Народная) - 1 шт | XXS: Уфа - 1 шт | XS: Тюмень (Народная) - 1 шт | XS: Уфа - 1 шт | XS: Ижевск - 1 шт | XS: Основной склад Екатеринбург - 3 шт,10.0,public/data/product_images/5b5d812cd8b8.webp,0.0,2.0,3,0.0,0.0,0.0,0,2.0,2.0,1.0
Одежда,T76-010,Топ женский 7/6 Ana Top - Black,7/6,1990 ₽,https://saletennis.com/catalog/product/top-zhienskii-7-6-ana-top-black-17107,XXS: Тюмень (Народная) - 1 шт | XXS: Санкт-Петербург (Спортивная) - 1 шт,2.0,public/data/product_images/952825f1b218.webp,0.0,1.0,0,0.0,0.0,0.0,0,1.0,0.0,0.0
Одежда,T76-0602,Топ женский 7/6 Ana Top - White,7/6,1990 ₽,https://saletennis.com/catalog/product/top-zhienskii-7-6-ana-top-white-17108,XXS: Санкт-Петербург (Спортивная) - 1 шт | XS: Санкт-Петербург (Спортивная) - 1 шт | XS: Санкт-Петербург (Ярослава Гашека) - 1 шт | S: Соболева - 1 шт | S: Парина - 2 шт | S: Санкт-Петербург (Ярослава Гашека) - 1 шт | M: Парина - 1 шт | M: Санкт-Петербург (Спортивная) - 1 шт | L: Санкт-Петербург (Ярослава Гашека) - 1 шт | L: Соболева - 1 шт | L: Санкт-Петербург (Спортивная) - 1 шт | XL: Санкт-Петербург (Спортивная) - 1 шт,13.0,public/data/product_images/87376a358063.webp,3.0,5.0,0,2.0,3.0,0.0,0,0.0,0.0,0.0
Одежда,T76-1110,Топ женский 7/6 Anna - Boulder,7/6,290 ₽,https://saletennis.com/catalog/product/top-zhienskii-7-6-anna-boulder-14306,XXS: Бисертская - 1 шт | XXS: Санкт-Петербург (Спортивная) - 1 шт | XXS: Основной склад Екатеринбург - 3 шт | XXS: Уфа - 1 шт,6.0,public/data/product_images/9d171af7fb3a.webp,0.0,1.0,3,0.0,0.0,1.0,0,0.0,1.0,0.0
Одежда,T76-0231,Топ женский 7/6 Anna - Forest Elf,7/6,290 ₽,https://saletennis.com/catalog/product/top-zhienskii-7-6-anna-forest-elf-14307,XXS: Основной склад Екатеринбург - 10 шт | XXS: Уфа - 1 шт,11.0,public/data/product_images/b7b6e7fab009.webp,0.0,0.0,10,0.0,0.0,0.0,0,0.0,1.0,0.0
Одежда,T76-0106,Топ женский 7/6 Anna - Sweet Corn,7/6,290 ₽,https://saletennis.com/catalog/product/top-zhienskii-7-6-anna-sweet-corn-14308,XXS: Основной склад Екатеринбург - 3 шт,3.0,public/data/product_images/551c2ed2b582.webp,0.0,0.0,3,0.0,0.0,0.0,0,0.0,0.0,0.0
Одежда,KT76-4104,Топ женский 7/6 Kris Top - Antarctica,7/6,4193 ₽,https://saletennis.com/catalog/product/top-zhienskii-7-6-kris-top-antarctica-18589,XXS: Санкт-Петербург (Спортивная) - 1 шт | XS: Санкт-Петербург (Спортивная) - 1 шт | M: Соболева - 1 шт | M: Елизаветенское шоссе - 1 шт | M: Уфа - 1 шт | M: Бисертская - 1 шт | M: Санкт-Петербург (Спортивная) - 1 шт | L: Соболева - 1 шт | L: Санкт-Петербург (Спортивная) - 1 шт | XL: Санкт-Петербург (Спортивная) - 1 шт,10.0,public/data/product_images/f02702b2babf.webp,0.0,5.0,0,2.0,0.0,1.0,1,0.0,1.0,0.0
Одежда,KT76-010,Топ женский 7/6 Kris Top - Black,7/6,4792 ₽,https://saletennis.com/catalog/product/top-zhienskii-7-6-kris-top-black-17109,XXS: Санкт-Петербург (Спортивная) - 1 шт | XS: Елизаветенское шоссе - 1 шт | XS: Санкт-Петербург (Спортивная) - 1 шт | XS: Тюмень (Народная) - 1 шт | XS: Соболева - 1 шт | XS: Ижевск - 1 шт | XS: Парина - 1 шт | S: Тюмень (Народная) - 1 шт | S: Основной склад Екатеринбург - 1 шт | S: Парина - 1 шт | S: Ижевск - 1 шт | S: Соболева - 1 шт | S: Елизаветенское шоссе - 2 шт | M: Уфа - 1 шт | M: Санкт-Петербург (Спортивная) - 1 шт | M: Ижевск - 2 шт | M: Соболева - 1 шт | M: Елизаветенское шоссе - 2 шт | M: Тюмень (Народная) - 1 шт | M: Парина - 1 шт | M: Бисертская - 1 шт | L: Санкт-Петербург (Спортивная) - 1 шт | L: Елизаветенское шоссе - 2 шт | XL: Санкт-Петербург (Спортивная) - 1 шт,28.0,public/data/product_images/3d3b52d7c6b7.webp,0.0,5.0,1,3.0,3.0,1.0,7,3.0,1.0,4.0
Одежда,KT76-0205,Топ женский 7/6 Kris Top - Cream Blossom,7/6,2495 ₽,https://saletennis.com/catalog/product/top-zhienskii-7-6-kris-top-cream-blossom-17927,XXS: Основной склад Екатеринбург - 1 шт | XXS: Тюмень (Народная) - 1 шт | XXS: Санкт-Петербург (Спортивная) - 1 шт | XS: Основной склад Екатеринбург - 2 шт | S: Тюмень (Народная) - 1 шт | S: Основной склад Екатеринбург - 6 шт | S: Санкт-Петербург (Спортивная) - 1 шт | M: Тюмень (Народная) - 1 шт | M: Основной склад Екатеринбург - 4 шт | M: Санкт-Петербург (Спортивная) - 1 шт | L: Основной склад Екатеринбург - 1 шт | L: Санкт-Петербург (Спортивная) - 1 шт | XL: Санкт-Петербург (Спортивная) - 1 шт,22.0,public/data/product_images/1e892e90405d.webp,0.0,5.0,14,0.0,0.0,0.0,0,3.0,0.0,0.0
Одежда,KT76-1941,Топ женский 7/6 Kris Top - Ebony,7/6,4193 ₽,https://saletennis.com/catalog/product/top-zhienskii-7-6-kris-top-ebony-18590,XXS: Санкт-Петербург (Спортивная) - 1 шт | XS: Елизаветенское шоссе - 1 шт | XS: Ижевск - 1 шт | XS: Парина - 1 шт | XS: Уфа - 1 шт | XS: Соболева - 1 шт | S: Уфа - 1 шт | S: Тюмень (Народная) - 1 шт | M: Соболева - 1 шт | M: Парина - 1 шт | L: Ижевск - 1 шт | L: Бисертская - 1 шт | L: Тюмень (Народная) - 1 шт | L: Санкт-Петербург (Спортивная) - 1 шт | XL: Санкт-Петербург (Спортивная) - 1 шт,15.0,public/data/product_images/c353a57d1d93.webp,0.0,3.0,0,2.0,2.0,1.0,1,2.0,2.0,2.0
Одежда,KT76-0116,Топ женский 7/6 Kris Top - Green Blossom,7/6,2495 ₽,https://saletennis.com/catalog/product/top-zhienskii-7-6-kris-top-green-blossom-17928,XXS: Основной склад Екатеринбург - 2 шт | XS: Основной склад Екатеринбург - 3 шт | S: Основной склад Екатеринбург - 2 шт | M: Основной склад Екатеринбург - 1 шт | XL: Санкт-Петербург (Спортивная) - 2 шт,10.0,public/data/product_images/32b5e6ac266b.webp,0.0,2.0,8,0.0,0.0,0.0,0,0.0,0.0,0.0
Одежда,KT76-3612,Топ женский 7/6 Kris Top - Lavander Blossom,7/6,2495 ₽,https://saletennis.com/catalog/product/top-zhienskii-7-6-kris-top-lavander-blossom-17929,XS: Основной склад Екатеринбург - 5 шт | S: Санкт-Петербург (Спортивная) - 1 шт | S: Основной склад Екатеринбург - 3 шт | L: Основной склад Екатеринбург - 2 шт | L: Санкт-Петербург (Спортивная) - 1 шт | XL: Санкт-Петербург (Спортивная) - 1 шт,13.0,public/data/product_images/7a2d2609dcb3.webp,0.0,3.0,10,0.0,0.0,0.0,0,0.0,0.0,0.0
Одежда,KT76-4405,Топ женский 7/6 Kris Top - Misty Blue,7/6,5990 ₽,https://saletennis.com/catalog/product/top-zhienskii-7-6-kris-top-misty-blue-19287,XXS: Санкт-Петербург (Ярослава Гашека) - 1 шт | XXS: Санкт-Петербург (Спортивная) - 1 шт | XS: Соболева - 1 шт | XS: Парина - 1 шт | XS: Елизаветенское шоссе - 1 шт | XS: Санкт-Петербург (Спортивная) - 1 шт | XS: Санкт-Петербург (Ярослава Гашека) - 1 шт | S: Основной склад Екатеринбург - 4 шт | S: Уфа - 1 шт | S: Соболева - 1 шт | S: Елизаветенское шоссе - 2 шт | S: Ижевск - 1 шт | S: Санкт-Петербург (Спортивная) - 1 шт | S: Санкт-Петербург (Ярослава Гашека) - 1 шт | S: Бисертская - 1 шт | S: Парина - 1 шт | M: Санкт-Петербург (Спортивная) - 1 шт | M: Уфа - 1 шт | M: Соболева - 1 шт | M: Елизаветенское шоссе - 1 шт | M: Основной склад Екатеринбург - 2 шт | M: Ижевск - 1 шт | M: Тюмень (Народная) - 1 шт | M: Бисертская - 1 шт | M: Парина - 1 шт | M: Санкт-Петербург (Ярослава Гашека) - 1 шт | L: Санкт-Петербург (Ярослава Гашека) - 1 шт | L: Уфа - 1 шт | L: Санкт-Петербург (Спортивная) - 1 шт | L: Парина - 1 шт | L: Елизаветенское шоссе - 1 шт | XL: Бисертская - 1 шт | XL: Санкт-Петербург (Спортивная) - 1 шт,38.0,public/data/product_images/c536640ac915.webp,5.0,6.0,6,3.0,4.0,3.0,5,1.0,3.0,2.0
Одежда,KT76-2520,Топ женский 7/6 Kris Top - Potent Purple,7/6,4193 ₽,https://saletennis.com/catalog/product/top-zhienskii-7-6-kris-top-potent-purple-18591,S: Елизаветенское шоссе - 1 шт | S: Ижевск - 1 шт | M: Парина - 1 шт | M: Ижевск - 1 шт | M: Бисертская - 1 шт | M: Тюмень (Народная) - 1 шт | L: Санкт-Петербург (Спортивная) - 1 шт | L: Елизаветенское шоссе - 1 шт | XL: Санкт-Петербург (Спортивная) - 1 шт,9.0,public/data/product_images/1c92f3f29e0b.webp,0.0,2.0,0,0.0,1.0,1.0,2,1.0,0.0,2.0
Одежда,KT76-1632,Топ женский 7/6 Kris Top - Shell Pink,7/6,5990 ₽,https://saletennis.com/catalog/product/top-zhienskii-7-6-kris-top-shell-pink-19288,XXS: Санкт-Петербург (Спортивная) - 1 шт | XXS: Ижевск - 1 шт | XXS: Санкт-Петербург (Ярослава Гашека) - 1 шт | XS: Санкт-Петербург (Спортивная) - 1 шт | XS: Парина - 1 шт | XS: Санкт-Петербург (Ярослава Гашека) - 1 шт | XS: Тюмень (Народная) - 1 шт | XS: Ижевск - 1 шт | S: Уфа - 1 шт | S: Бисертская - 1 шт | S: Санкт-Петербург (Спортивная) - 1 шт | S: Парина - 1 шт | S: Елизаветенское шоссе - 2 шт | S: Ижевск - 1 шт | S: Тюмень (Народная) - 1 шт | S: Основной склад Екатеринбург - 2 шт | S: Санкт-Петербург (Ярослава Гашека) - 1 шт | M: Соболева - 1 шт | M: Санкт-Петербург (Ярослава Гашека) - 1 шт | M: Санкт-Петербург (Спортивная) - 1 шт | M: Ижевск - 1 шт | M: Парина - 2 шт | M: Основной склад Екатеринбург - 2 шт | M: Елизаветенское шоссе - 2 шт | M: Уфа - 1 шт | L: Соболева - 1 шт | L: Парина - 1 шт | L: Санкт-Петербург (Ярослава Гашека) - 1 шт | L: Санкт-Петербург (Спортивная) - 1 шт | L: Ижевск - 1 шт | XL: Санкт-Петербург (Спортивная) - 1 шт,36.0,public/data/product_images/c6a98832becf.webp,5.0,6.0,4,2.0,5.0,1.0,4,2.0,2.0,5.0
Одежда,KT76-1120,Топ женский 7/6 Kris Top - Starfish,7/6,5990 ₽,https://saletennis.com/catalog/product/top-zhienskii-7-6-kris-top-starfish-19289,XXS: Санкт-Петербург (Спортивная) - 1 шт | XXS: Тюмень (Народная) - 1 шт | XXS: Санкт-Петербург (Ярослава Гашека) - 1 шт | XS: Санкт-Петербург (Спортивная) - 1 шт | XS: Парина - 1 шт | XS: Тюмень (Народная) - 1 шт | XS: Санкт-Петербург (Ярослава Гашека) - 1 шт | XS: Соболева - 1 шт | S: Тюмень (Народная) - 1 шт | S: Основной склад Екатеринбург - 1 шт | S: Елизаветенское шоссе - 2 шт | S: Санкт-Петербург (Ярослава Гашека) - 1 шт | S: Санкт-Петербург (Спортивная) - 1 шт | S: Уфа - 1 шт | S: Соболева - 1 шт | M: Основной склад Екатеринбург - 4 шт | M: Парина - 1 шт | M: Санкт-Петербург (Ярослава Гашека) - 1 шт | M: Бисертская - 1 шт | M: Санкт-Петербург (Спортивная) - 1 шт | M: Соболева - 1 шт | M: Уфа - 1 шт | M: Тюмень (Народная) - 1 шт | M: Елизаветенское шоссе - 1 шт | L: Санкт-Петербург (Ярослава Гашека) - 1 шт | L: Соболева - 1 шт | L: Санкт-Петербург (Спортивная) - 1 шт | L: Елизаветенское шоссе - 1 шт | L: Ижевск - 1 шт | XL: Санкт-Петербург (Спортивная) - 1 шт,34.0,public/data/product_images/29e15f9b2078.webp,5.0,6.0,5,4.0,2.0,1.0,4,4.0,2.0,1.0
Одежда,KT76-100,Топ женский 7/6 Kris Top - White,7/6,4792 ₽,https://saletennis.com/catalog/product/top-zhienskii-7-6-kris-top-white-17110,XXS: Соболева - 1 шт | XXS: Санкт-Петербург (Спортивная) - 1 шт | XXS: Ижевск - 1 шт | XS: Уфа - 1 шт | XS: Елизаветенское шоссе - 1 шт | XS: Парина - 2 шт | XS: Соболева - 1 шт | XS: Санкт-Петербург (Спортивная) - 1 шт | S: Соболева - 2 шт | S: Парина - 2 шт | S: Уфа - 1 шт | S: Ижевск - 2 шт | S: Тюмень (Народная) - 1 шт | S: Елизаветенское шоссе - 1 шт | M: Соболева - 1 шт | M: Основной склад Екатеринбург - 1 шт | M: Санкт-Петербург (Спортивная) - 1 шт | M: Елизаветенское шоссе - 4 шт | M: Тюмень (Народная) - 1 шт | M: Уфа - 1 шт | M: Парина - 1 шт | M: Ижевск - 1 шт | L: Парина - 1 шт | L: Соболева - 1 шт | L: Санкт-Петербург (Спортивная) - 2 шт | L: Елизаветенское шоссе - 1 шт | XL: Санкт-Петербург (Спортивная) - 1 шт,35.0,public/data/product_images/7c45391678a3.webp,0.0,6.0,1,6.0,6.0,0.0,7,2.0,3.0,4.0
Одежда,62GAC20021,Топ женский Mizuno Frontier Bra - Bel Air Blue,Mizuno,3143 ₽,https://saletennis.com/catalog/product/top-zhienskii-mizuno-frontier-bra-bel-air-blue-18177,S: Основной склад Екатеринбург - 2 шт,2.0,public/data/product_images/e3c89a37861b.webp,0.0,0.0,2,0.0,0.0,0.0,0,0.0,0.0,0.0
Одежда,62GAB703-16,Топ женский Mizuno Tennis Bra - Estate Blue,Mizuno,3490 ₽,https://saletennis.com/catalog/product/top-zhienskii-mizuno-tennis-bra-estate-blue-17457,XS: Соболева - 1 шт | XS: Основной склад Екатеринбург - 1 шт | S: Основной склад Екатеринбург - 2 шт,4.0,public/data/product_images/93b215085cf0.webp,0.0,0.0,3,1.0,0.0,0.0,0,0.0,0.0,0.0
Одежда,62GAB703-01,Топ женский Mizuno Tennis Bra - White,Mizuno,2995 ₽,https://saletennis.com/catalog/product/top-zhienskii-mizuno-tennis-bra-white-17458,XS: Санкт-Петербург (Спортивная) - 1 шт,1.0,public/data/product_images/b73ea00e26ea.webp,0.0,1.0,0,0.0,0.0,0.0,0,0.0,0.0,0.0
Одежда,AT276-4109,Топ женский под платье 7/6 Ana Top 2.0 - Arona,7/6,2093 ₽,https://saletennis.com/catalog/product/top-zhienskii-pod-plat-ie-7-6-ana-top-2-0-arona-18592,XS: Соболева - 1 шт | S: Санкт-Петербург (Спортивная) - 1 шт | S: Уфа - 1 шт | S: Парина - 1 шт | M: Санкт-Петербург (Спортивная) - 1 шт | XL: Санкт-Петербург (Спортивная) - 1 шт,6.0,public/data/product_images/a851305547e8.webp,0.0,3.0,0,1.0,1.0,0.0,0,0.0,1.0,0.0
Одежда,AT276-0205,Топ женский под платье 7/6 Ana Top 2.0 - Cream,7/6,2392 ₽,https://saletennis.com/catalog/product/top-zhienskii-pod-plat-ie-7-6-ana-top-2-0-cream-17930,XXS: Основной склад Екатеринбург - 3 шт | XS: Санкт-Петербург (Спортивная) - 2 шт | XS: Основной склад Екатеринбург - 4 шт | S: Санкт-Петербург (Спортивная) - 1 шт | L: Санкт-Петербург (Спортивная) - 1 шт | XL: Санкт-Петербург (Спортивная) - 1 шт,12.0,public/data/product_images/3f666db5cb61.webp,0.0,5.0,7,0.0,0.0,0.0,0,0.0,0.0,0.0
Одежда,AT276-4201,Топ женский под платье 7/6 Ana Top 2.0 - Grey,7/6,2392 ₽,https://saletennis.com/catalog/product/top-zhienskii-pod-plat-ie-7-6-ana-top-2-0-grey-17931,XXS: Основной склад Екатеринбург - 2 шт | XS: Основной склад Екатеринбург - 3 шт | XS: Санкт-Петербург (Спортивная) - 2 шт | S: Основной склад Екатеринбург - 1 шт | L: Основной склад Екатеринбург - 1 шт | XL: Санкт-Петербург (Спортивная) - 1 шт,10.0,public/data/product_images/81c0b46f14ee.webp,0.0,3.0,7,0.0,0.0,0.0,0,0.0,0.0,0.0
Одежда,AT276-1304,Топ женский под платье 7/6 Ana Top 2.0 - Pearl,7/6,2990 ₽,https://saletennis.com/catalog/product/top-zhienskii-pod-plat-ie-7-6-ana-top-2-0-pearl-19391,XXS: Санкт-Петербург (Спортивная) - 1 шт | XS: Тюмень (Народная) - 2 шт | XS: Санкт-Петербург (Ярослава Гашека) - 1 шт | XS: Соболева - 1 шт | XS: Ижевск - 1 шт | XS: Санкт-Петербург (Спортивная) - 1 шт | XS: Парина - 1 шт | S: Ижевск - 1 шт | S: Парина - 2 шт | S: Елизаветенское шоссе - 1 шт | S: Бисертская - 1 шт | S: Санкт-Петербург (Спортивная) - 1 шт | S: Тюмень (Народная) - 1 шт | S: Санкт-Петербург (Ярослава Гашека) - 1 шт | S: Основной склад Екатеринбург - 1 шт | S: Соболева - 1 шт | M: Санкт-Петербург (Спортивная) - 1 шт | M: Соболева - 1 шт | M: Елизаветенское шоссе - 1 шт | M: Ижевск - 1 шт | M: Парина - 1 шт | M: Санкт-Петербург (Ярослава Гашека) - 1 шт | M: Тюмень (Народная) - 4 шт | L: Санкт-Петербург (Спортивная) - 2 шт | L: Санкт-Петербург (Ярослава Гашека) - 1 шт | XL: Санкт-Петербург (Ярослава Гашека) - 1 шт | XL: Санкт-Петербург (Спортивная) - 1 шт,33.0,public/data/product_images/4aaf079b17d7.webp,5.0,7.0,1,3.0,4.0,1.0,2,7.0,0.0,3.0
Одежда,AT276-4800,Топ женский под платье 7/6 Ana Top 2.0 - Pink,7/6,1495 ₽,https://saletennis.com/catalog/product/top-zhienskii-pod-plat-ie-7-6-ana-top-2-0-pink-17932,XXS: Основной склад Екатеринбург - 2 шт | XS: Основной склад Екатеринбург - 5 шт | XL: Основной склад Екатеринбург - 2 шт,9.0,public/data/product_images/3af6081784b7.webp,0.0,0.0,9,0.0,0.0,0.0,0,0.0,0.0,0.0
Одежда,AT276-2520,Топ женский под платье 7/6 Ana Top 2.0 - Potent Purple,7/6,2093 ₽,https://saletennis.com/catalog/product/top-zhienskii-pod-plat-ie-7-6-ana-top-2-0-potent-purple-18593,XS: Тюмень (Народная) - 1 шт | XS: Уфа - 1 шт | XS: Соболева - 1 шт | XS: Санкт-Петербург (Спортивная) - 1 шт | XS: Парина - 1 шт | S: Парина - 1 шт | S: Тюмень (Народная) - 1 шт | S: Уфа - 1 шт | M: Соболева - 1 шт,9.0,public/data/product_images/6e66429c2c47.webp,0.0,1.0,0,2.0,2.0,0.0,0,2.0,2.0,0.0
Одежда,AT276-1215,Топ женский под платье 7/6 Ana Top 2.0 - Shaved Chocolate,7/6,2990 ₽,https://saletennis.com/catalog/product/top-zhienskii-pod-plat-ie-7-6-ana-top-2-0-shaved-chocolate-19392,XXS: Санкт-Петербург (Спортивная) - 1 шт | XS: Санкт-Петербург (Ярослава Гашека) - 1 шт | XS: Елизаветенское шоссе - 1 шт | XS: Парина - 1 шт | XS: Санкт-Петербург (Спортивная) - 1 шт | XS: Тюмень (Народная) - 3 шт | S: Тюмень (Народная) - 3 шт | S: Соболева - 1 шт | S: Санкт-Петербург (Ярослава Гашека) - 1 шт | S: Санкт-Петербург (Спортивная) - 1 шт | S: Парина - 1 шт | S: Ижевск - 1 шт | S: Бисертская - 1 шт | M: Парина - 1 шт | M: Соболева - 1 шт | M: Санкт-Петербург (Ярослава Гашека) - 1 шт | M: Санкт-Петербург (Спортивная) - 1 шт | M: Тюмень (Народная) - 2 шт | M: Елизаветенское шоссе - 1 шт | M: Ижевск - 1 шт | L: Санкт-Петербург (Спортивная) - 1 шт | L: Санкт-Петербург (Ярослава Гашека) - 1 шт | XL: Санкт-Петербург (Ярослава Гашека) - 1 шт | XL: Санкт-Петербург (Спортивная) - 1 шт,29.0,public/data/product_images/cc0677860939.webp,5.0,6.0,0,2.0,3.0,1.0,2,8.0,0.0,2.0
Одежда,MJ76-BK,Ветровка мужская 7/6 Man Jacket - Black,7/6,5592 ₽,https://saletennis.com/catalog/product/vietrovka-muzhskaia-7-6-man-jacket-black-17274,S: Соболева - 1 шт | S: Ижевск - 1 шт | M: Основной склад Екатеринбург - 1 шт | M: Тюмень (Народная) - 1 шт | L: Ижевск - 1 шт,5.0,public/data/product_images/e4b53bcc1fd3.webp,0.0,0.0,1,1.0,0.0,0.0,0,1.0,0.0,2.0
Одежда,MJ76-WHBK,Ветровка мужская 7/6 Man Jacket - White/Black,7/6,4893 ₽,https://saletennis.com/catalog/product/vietrovka-muzhskaia-7-6-man-jacket-white-black-15243,S: Санкт-Петербург (Спортивная) - 1 шт | L: Санкт-Петербург (Спортивная) - 1 шт | XL: Санкт-Петербург (Спортивная) - 1 шт | XXL: Санкт-Петербург (Спортивная) - 1 шт,4.0,public/data/product_images/3133521e325b.webp,0.0,4.0,0,0.0,0.0,0.0,0,0.0,0.0,0.0
Одежда,TJ76-BK,Ветровка мужская 7/6 Taylor Man Jacket - Black,7/6,4792 ₽,https://saletennis.com/catalog/product/vietrovka-muzhskaia-7-6-taylor-man-jacket-black-17275,S: Парина - 1 шт | S: Соболева - 1 шт | S: Уфа - 1 шт | S: Ижевск - 1 шт | M: Уфа - 1 шт | M: Соболева - 1 шт | M: Санкт-Петербург (Спортивная) - 1 шт | M: Тюмень (Народная) - 1 шт | M: Основной склад Екатеринбург - 1 шт | L: Тюмень (Народная) - 1 шт | L: Уфа - 1 шт | L: Санкт-Петербург (Спортивная) - 1 шт | L: Соболева - 1 шт | XL: Парина - 1 шт | XL: Санкт-Петербург (Спортивная) - 1 шт | XXL: Санкт-Петербург (Спортивная) - 1 шт | XXL: Уфа - 1 шт,17.0,public/data/product_images/5b377a924cb2.webp,0.0,4.0,1,3.0,2.0,0.0,0,2.0,4.0,1.0
Одежда,TWJ76-BK,Ветровка женская 7/6  Taylor Woman Jacket  - Black,7/6,4792 ₽,https://saletennis.com/catalog/product/vietrovka-zhienskaia-7-6-taylor-woman-jacket-black-17272,XS: Уфа - 1 шт | XS: Соболева - 1 шт | XS: Парина - 1 шт | S: Уфа - 1 шт | S: Основной склад Екатеринбург - 1 шт | S: Соболева - 1 шт | S: Ижевск - 1 шт | S: Парина - 1 шт | M: Ижевск - 1 шт | M: Основной склад Екатеринбург - 1 шт | M: Санкт-Петербург (Спортивная) - 1 шт | M: Соболева - 1 шт | M: Тюмень (Народная) - 1 шт | M: Парина - 1 шт | L: Соболева - 1 шт | L: Тюмень (Народная) - 1 шт | L: Санкт-Петербург (Спортивная) - 2 шт | L: Ижевск - 1 шт | L: Бисертская - 1 шт | XL: Санкт-Петербург (Спортивная) - 1 шт | XL: Соболева - 1 шт | XL: Парина - 1 шт,23.0,public/data/product_images/120211b196bd.webp,0.0,4.0,2,5.0,4.0,1.0,0,2.0,2.0,3.0
Одежда,WJ76-BK,Ветровка женская 7/6 Woman Jacket - Black,7/6,5592 ₽,https://saletennis.com/catalog/product/vietrovka-zhienskaia-7-6-woman-jacket-black-17273,XS: Соболева - 1 шт | XS: Основной склад Екатеринбург - 1 шт | XS: Тюмень (Народная) - 1 шт | XS: Уфа - 1 шт | XS: Санкт-Петербург (Спортивная) - 1 шт | M: Соболева - 1 шт | M: Уфа - 1 шт | M: Ижевск - 1 шт | M: Санкт-Петербург (Спортивная) - 1 шт | M: Тюмень (Народная) - 1 шт | L: Соболева - 1 шт | L: Тюмень (Народная) - 1 шт | L: Уфа - 1 шт | L: Парина - 1 шт | L: Санкт-Петербург (Спортивная) - 1 шт,15.0,public/data/product_images/76a6c7b19d7c.webp,0.0,3.0,1,3.0,1.0,0.0,0,3.0,3.0,1.0
Одежда,WJ76-WHBK,Ветровка женская 7/6 Woman Jacket - White/Black,7/6,4893 ₽,https://saletennis.com/catalog/product/vietrovka-zhienskaia-7-6-woman-jacket-white-black-15240,XXS: Санкт-Петербург (Спортивная) - 1 шт | XS: Основной склад Екатеринбург - 1 шт | XS: Санкт-Петербург (Спортивная) - 1 шт | XS: Ижевск - 2 шт | S: Ижевск - 2 шт | S: Санкт-Петербург (Спортивная) - 1 шт | M: Санкт-Петербург (Спортивная) - 1 шт | L: Санкт-Петербург (Спортивная) - 1 шт | XL: Санкт-Петербург (Спортивная) - 1 шт,11.0,public/data/product_images/89081e0174a4.webp,0.0,6.0,1,0.0,0.0,0.0,0,0.0,0.0,4.0
Одежда,WJT76-NVBL,Ветровка женская 7/6 Woman Training Jacket - Navy/Blue,7/6,2990 ₽,https://saletennis.com/catalog/product/vietrovka-zhienskaia-7-6-woman-training-jacket-navy-blue-15241,S: Ижевск - 1 шт | S: Основной склад Екатеринбург - 2 шт,3.0,public/data/product_images/ca5ba059163f.webp,0.0,0.0,2,0.0,0.0,0.0,0,0.0,0.0,1.0
Одежда,811411-BK,Жилет Head CLUB 22 Vest - Black,Head,3843 ₽,https://saletennis.com/catalog/product/zhiliet-head-club-22-vest-black-14894,XXL: Основной склад Екатеринбург - 1 шт,1.0,public/data/product_images/182a3a4470e1.webp,0.0,0.0,1,0.0,0.0,0.0,0,0.0,0.0,0.0
Обувь,KSB-201,Кроссовки детские 7/6 Bimby – Light Grey,7/6,3990 ₽,https://saletennis.com/catalog/product/krossovki-dietskiie-7-6-bimby-light-grey-18378,26: Ижевск - 1 пар | 26: Санкт-Петербург (Спортивная) - 1 пар | 26: Уфа - 1 пар | 26: Санкт-Петербург (Ярослава Гашека) - 1 пар | 27: Уфа - 1 пар | 27: Санкт-Петербург (Ярослава Гашека) - 1 пар | 27: Ижевск - 1 пар | 27: Санкт-Петербург (Спортивная) - 1 пар | 28: Санкт-Петербург (Ярослава Гашека) - 1 пар | 28: Ижевск - 1 пар | 28: Санкт-Петербург (Спортивная) - 1 пар | 28: Бисертская - 1 пар | 28: Уфа - 1 пар | 29: Ижевск - 1 пар | 29: Парина - 1 пар | 29: Санкт-Петербург (Спортивная) - 1 пар | 29: Санкт-Петербург (Ярослава Гашека) - 1 пар | 29: Тюмень (Народная) - 1 пар | 31: Уфа - 1 пар | 31: Санкт-Петербург (Ярослава Гашека) - 1 пар | 31: Соболева - 1 пар | 31: Тюмень (Народная) - 1 пар | 31: Санкт-Петербург (Спортивная) - 1 пар | 32: Уфа - 1 пар | 32: Ижевск - 1 пар | 32: Соболева - 1 пар | 32: Парина - 1 пар | 32: Основной склад Екатеринбург - 2 пар | 32: Санкт-Петербург (Ярослава Гашека) - 1 пар | 32: Санкт-Петербург (Спортивная) - 1 пар | 32: Бисертская - 1 пар | 32: Тюмень (Народная) - 1 пар | 33: Тюмень (Народная) - 1 пар | 33: Уфа - 1 пар | 33: Ижевск - 1 пар | 33: Парина - 1 пар | 33: Санкт-Петербург (Ярослава Гашека) - 1 пар | 33: Основной склад Екатеринбург - 2 пар | 33: Соболева - 1 пар | 33: Бисертская - 1 пар | 34: Бисертская - 1 пар | 34: Парина - 1 пар | 34: Тюмень (Народная) - 1 пар | 34: Соболева - 1 пар | 34: Санкт-Петербург (Ярослава Гашека) - 1 пар | 34: Санкт-Петербург (Спортивная) - 1 пар | 34: Ижевск - 1 пар | 34: Основной склад Екатеринбург - 2 пар | 34: Уфа - 1 пар | 35: Ижевск - 1 пар | 35: Соболева - 1 пар | 35: Парина - 1 пар | 35: Основной склад Екатеринбург - 3 пар | 35: Уфа - 1 пар | 35: Санкт-Петербург (Ярослава Гашека) - 1 пар | 35: Тюмень (Народная) - 1 пар | 35: Санкт-Петербург (Спортивная) - 1 пар | 35: Бисертская - 1 пар | 36: Соболева - 1 пар | 36: Бисертская - 1 пар | 36: Тюмень (Народная) - 1 пар | 36: Уфа - 1 пар | 36: Основной склад Екатеринбург - 1 пар | 36: Парина - 1 пар | 36: Санкт-Петербург (Спортивная) - 1 пар | 36: Ижевск - 1 пар | 36: Санкт-Петербург (Ярослава Гашека) - 1 пар,72.0,public/data/product_images/7ef53a8f5313.webp,10.0,9.0,10,6.0,6.0,6.0,0,7.0,9.0,9.0
Обувь,KSB-001,Кроссовки детские 7/6 Bimby – White,7/6,3990 ₽,https://saletennis.com/catalog/product/krossovki-dietskiie-7-6-bimby-white-18381,26: Соболева - 1 пар | 26: Парина - 1 пар | 26: Бисертская - 1 пар | 26: Санкт-Петербург (Спортивная) - 1 пар | 26: Ижевск - 1 пар | 27: Уфа - 1 пар | 27: Бисертская - 1 пар | 27: Санкт-Петербург (Спортивная) - 1 пар | 28: Парина - 1 пар | 28: Санкт-Петербург (Ярослава Гашека) - 1 пар | 28: Санкт-Петербург (Спортивная) - 1 пар | 28: Уфа - 1 пар | 28: Ижевск - 1 пар | 29: Санкт-Петербург (Ярослава Гашека) - 1 пар | 29: Тюмень (Народная) - 1 пар | 31: Уфа - 1 пар | 31: Тюмень (Народная) - 1 пар | 33: Соболева - 1 пар | 33: Ижевск - 1 пар | 34: Санкт-Петербург (Спортивная) - 1 пар | 34: Санкт-Петербург (Ярослава Гашека) - 1 пар | 35: Санкт-Петербург (Спортивная) - 1 пар | 35: Парина - 1 пар | 35: Санкт-Петербург (Ярослава Гашека) - 1 пар | 35: Уфа - 1 пар | 35: Соболева - 1 пар | 36: Ижевск - 1 пар | 36: Санкт-Петербург (Спортивная) - 1 пар | 36: Парина - 1 пар | 36: Соболева - 1 пар,30.0,public/data/product_images/79642e2ac44a.webp,4.0,6.0,0,4.0,4.0,2.0,0,2.0,4.0,4.0
Обувь,KSL-313,Кроссовки детские 7/6 Leafy - Blue,7/6,5990 ₽,https://saletennis.com/catalog/product/krossovki-dietskiie-7-6-leafy-blue-18341,33: Санкт-Петербург (Спортивная) - 1 пар | 35: Санкт-Петербург (Ярослава Гашека) - 1 пар | 35: Тюмень (Народная) - 1 пар | 36: Санкт-Петербург (Ярослава Гашека) - 1 пар | 36: Санкт-Петербург (Спортивная) - 1 пар | 36: Парина - 1 пар | 37: Санкт-Петербург (Ярослава Гашека) - 1 пар | 37: Санкт-Петербург (Спортивная) - 1 пар | 37: Соболева - 1 пар | 37: Парина - 1 пар | 37: Ижевск - 1 пар | 37: Бисертская - 1 пар | 38: Соболева - 1 пар | 38: Парина - 1 пар | 38: Санкт-Петербург (Ярослава Гашека) - 1 пар | 38: Бисертская - 1 пар,16.0,public/data/product_images/112ffbe4b8af.webp,4.0,3.0,0,2.0,3.0,2.0,0,1.0,0.0,1.0
Обувь,KSL-205,Кроссовки детские 7/6 Leafy - Lemon,7/6,5990 ₽,https://saletennis.com/catalog/product/krossovki-dietskiie-7-6-leafy-lemon-18342,35: Тюмень (Народная) - 1 пар | 36: Санкт-Петербург (Ярослава Гашека) - 1 пар | 36: Ижевск - 1 пар | 36: Уфа - 1 пар | 36: Санкт-Петербург (Спортивная) - 1 пар | 36: Парина - 2 пар | 37: Уфа - 1 пар | 37: Тюмень (Народная) - 1 пар | 37: Соболева - 1 пар | 37: Санкт-Петербург (Спортивная) - 1 пар | 37: Санкт-Петербург (Ярослава Гашека) - 1 пар | 37: Парина - 1 пар | 38: Санкт-Петербург (Ярослава Гашека) - 1 пар | 38: Уфа - 1 пар | 38: Соболева - 1 пар | 38: Парина - 2 пар | 38: Санкт-Петербург (Спортивная) - 1 пар,19.0,public/data/product_images/a1abbc392eeb.webp,3.0,3.0,0,2.0,5.0,0.0,0,2.0,3.0,1.0
Обувь,1044A052-406,Кроссовки детские Asics Gel-Game 9 GS - Teal Blue/White,Asics,6293 ₽,https://saletennis.com/catalog/product/krossovki-dietskiie-asics-gel-game-9-gs-teal-blue-white-16885,"39,5: Санкт-Петербург (Спортивная) - 1 пар | 39,5: Тюмень (Народная) - 1 пар | 39,5: Ижевск - 1 пар",3.0,public/data/product_images/eb353cf8a010.webp,0.0,1.0,0,0.0,0.0,0.0,0,1.0,0.0,1.0
Обувь,1044A068-404,Кроссовки детские Asics Gel-Resolution 9 GS Clay - Mako Blue/Safety Yellow,Asics,9192 ₽,https://saletennis.com/catalog/product/krossovki-dietskiie-asics-gel-resolution-9-gs-clay-mako-blue-safety-yellow-16889,"32,5: Соболева - 2 пар",2.0,public/data/product_images/26f45d10fae9.webp,0.0,0.0,0,2.0,0.0,0.0,0,0.0,0.0,0.0
Обувь,275235-RDDB,Кроссовки детские Head Revolt Pro 4.5 Clay Junior - Red/Dark Blue,Head,8092 ₽,https://saletennis.com/catalog/product/krossovki-dietskiie-head-revolt-pro-4-5-clay-junior-red-dark-blue-17407,"36,5: Бисертская - 1 пар | 36,5: Соболева - 1 пар",2.0,public/data/product_images/3351144ac2f5.webp,0.0,0.0,0,1.0,0.0,1.0,0,0.0,0.0,0.0
Обувь,275205-NVLI,Кроссовки детские Head Revolt Pro 4.5 Junior - Navy/Lime,Head,8092 ₽,https://saletennis.com/catalog/product/krossovki-dietskiie-head-revolt-pro-4-5-junior-navy-lime-17408,"33: Парина - 1 пар | 33,5: Парина - 1 пар | 33,5: Санкт-Петербург (Спортивная) - 1 пар | 36,5: Тюмень (Народная) - 1 пар | 36,5: Парина - 1 пар | 38,5: Парина - 1 пар",6.0,public/data/product_images/3bd3b66e8361.webp,0.0,1.0,0,0.0,4.0,0.0,0,1.0,0.0,0.0
Обувь,275225-RDDB,Кроссовки детские Head Revolt Pro 4.5 Junior - Red/Dark Blue,Head,8092 ₽,https://saletennis.com/catalog/product/krossovki-dietskiie-head-revolt-pro-4-5-junior-red-dark-blue-17409,"38,5: Уфа - 1 пар",1.0,public/data/product_images/5fb2f9c24b3e.webp,0.0,0.0,0,0.0,0.0,0.0,0,0.0,1.0,0.0
Обувь,275236-RDDR,Кроссовки детские Head Revolt Pro 5.0 Clay - Red/Dark Red,Head,9990 ₽,https://saletennis.com/catalog/product/krossovki-dietskiie-head-revolt-pro-5-0-clay-red-dark-red-18575,33: Уфа - 1 пар,1.0,public/data/product_images/509c5b5b46fd.webp,0.0,0.0,0,0.0,0.0,0.0,0,0.0,1.0,0.0
Обувь,275226-RDDR,Кроссовки детские Head Revolt Pro 5.0 - Red/Dark Red,Head,9990 ₽,https://saletennis.com/catalog/product/krossovki-dietskiie-head-revolt-pro-5-0-red-dark-red-18562,"31,5: Тюмень (Народная) - 1 пар | 32: Санкт-Петербург (Спортивная) - 1 пар | 32: Тюмень (Народная) - 1 пар | 33: Тюмень (Народная) - 1 пар | 36,5: Парина - 1 пар | 39: Соболева - 1 пар",6.0,public/data/product_images/fe0058af1587.webp,0.0,1.0,0,1.0,1.0,0.0,0,3.0,0.0,0.0
Обувь,275300-MNNR,Кроссовки детские Head Sprint 3.0 Dark - Midnight Navy/Neon Red,Head,4893 ₽,https://saletennis.com/catalog/product/krossovki-dietskiie-head-sprint-3-0-dark-midnight-navy-neon-red-12490,33: Санкт-Петербург (Спортивная) - 1 пар | 36: Санкт-Петербург (Спортивная) - 1 пар,2.0,public/data/product_images/0f9038a8e17f.webp,0.0,2.0,0,0.0,0.0,0.0,0,0.0,0.0,0.0
Обувь,275314-BNBK,Кроссовки детские Head Sprint 3.5 Junior - Banana/Black,Head,6877 ₽,https://saletennis.com/catalog/product/krossovki-dietskiie-head-sprint-3-5-junior-banana-black-15595,"38: Санкт-Петербург (Спортивная) - 2 пар | 38: Уфа - 1 пар | 38,5: Тюмень (Народная) - 1 пар | 38,5: Парина - 1 пар",5.0,public/data/product_images/46e69bb55840.webp,0.0,2.0,0,0.0,1.0,0.0,0,1.0,1.0,0.0
Обувь,275405-DBRD,Кроссовки детские Head Sprint Court 4.0 Junior - Dark Blue/Red,Head,5824 ₽,https://saletennis.com/catalog/product/krossovki-dietskiie-head-sprint-court-4-0-junior-dark-blue-red-18142,"32: Санкт-Петербург (Спортивная) - 1 пар | 33: Парина - 1 пар | 33,5: Парина - 1 пар | 34,5: Соболева - 1 пар | 34,5: Санкт-Петербург (Спортивная) - 1 пар | 35: Санкт-Петербург (Спортивная) - 1 пар",6.0,public/data/product_images/ede940145d60.webp,0.0,3.0,0,1.0,2.0,0.0,0,0.0,0.0,0.0
Обувь,275415-LINV,Кроссовки детские Head Sprint Court 4.0 Junior - Lime/Navy,Head,5824 ₽,https://saletennis.com/catalog/product/krossovki-dietskiie-head-sprint-court-4-0-junior-lime-navy-17410,40: Парина - 1 пар,1.0,public/data/product_images/2ff5488abd4d.webp,0.0,0.0,0,0.0,1.0,0.0,0,0.0,0.0,0.0
Обувь,275326-BBTE,Кроссовки детские Head Sprint Pro 4.0 - Blueberry/Teal,Head,8490 ₽,https://saletennis.com/catalog/product/krossovki-dietskiie-head-sprint-pro-4-0-blueberry-teal-18576,"33,5: Парина - 1 пар | 34,5: Санкт-Петербург (Спортивная) - 1 пар | 36,5: Соболева - 1 пар | 36,5: Тюмень (Народная) - 1 пар | 38,5: Парина - 1 пар | 38,5: Санкт-Петербург (Спортивная) - 1 пар | 38,5: Тюмень (Народная) - 1 пар | 40: Соболева - 1 пар",8.0,public/data/product_images/131c317a9c2b.webp,0.0,2.0,0,2.0,2.0,0.0,0,2.0,0.0,0.0
Обувь,275305-DBRD,Кроссовки детские Head Sprint Pro 4.0 Junior - Dark Blue/Red,Head,6877 ₽,https://saletennis.com/catalog/product/krossovki-dietskiie-head-sprint-pro-4-0-junior-dark-blue-red-17412,"33,5: Парина - 1 пар | 34,5: Санкт-Петербург (Спортивная) - 1 пар | 38,5: Парина - 1 пар",3.0,public/data/product_images/6ee8a5689e3e.webp,0.0,1.0,0,0.0,2.0,0.0,0,0.0,0.0,0.0
Обувь,275315-LINV,Кроссовки детские Head Sprint Pro 4.0 Junior - Lime/Navy,Head,6877 ₽,https://saletennis.com/catalog/product/krossovki-dietskiie-head-sprint-pro-4-0-junior-lime-navy-17413,"33,5: Соболева - 1 пар | 39: Тюмень (Народная) - 1 пар | 40: Соболева - 1 пар",3.0,public/data/product_images/49d28fb83d52.webp,0.0,0.0,0,2.0,0.0,0.0,0,1.0,0.0,0.0
Обувь,275414-BNBK,Кроссовки детские Head Sprint Velcro 3.0 - Banana/Black,Head,5824 ₽,https://saletennis.com/catalog/product/krossovki-dietskiie-head-sprint-velcro-3-0-banana-black-15598,"27: Соболева - 1 пар | 27,5: Соболева - 1 пар",2.0,public/data/product_images/598cee4a7ec0.webp,0.0,0.0,0,2.0,0.0,0.0,0,0.0,0.0,0.0
Обувь,275404-ORDR,Кроссовки детские Head Sprint Velcro 3.0 - Orange/Dark Red,Head,2990 ₽,https://saletennis.com/catalog/product/krossovki-dietskiie-head-sprint-velcro-3-0-orange-dark-red-15599,"27: Парина - 1 пар | 27: Тюмень (Народная) - 1 пар | 27,5: Парина - 1 пар",3.0,public/data/product_images/528df963d7f3.webp,0.0,0.0,0,0.0,2.0,0.0,0,1.0,0.0,0.0
Обувь,275506-BBTE,Кроссовки детские Head Sprint Velcro 4.0 - Blueberry/Teal,Head,7490 ₽,https://saletennis.com/catalog/product/krossovki-dietskiie-head-sprint-velcro-4-0-blueberry-teal-18577,"27: Парина - 1 пар | 27: Соболева - 1 пар | 27,5: Соболева - 1 пар | 27,5: Парина - 1 пар | 28: Соболева - 1 пар | 28: Санкт-Петербург (Спортивная) - 1 пар | 28: Парина - 1 пар | 31,5: Тюмень (Народная) - 1 пар | 33: Санкт-Петербург (Спортивная) - 1 пар | 33,5: Парина - 1 пар | 33,5: Тюмень (Народная) - 1 пар",11.0,public/data/product_images/837285996130.webp,0.0,2.0,0,3.0,4.0,0.0,0,2.0,0.0,0.0
Обувь,275505-DBRD,Кроссовки детские Head Sprint Velcro 4.0 - Dark Blue/Red,Head,5243 ₽,https://saletennis.com/catalog/product/krossovki-dietskiie-head-sprint-velcro-4-0-dark-blue-red-17414,"27: Парина - 1 пар | 27,5: Парина - 1 пар | 27,5: Санкт-Петербург (Спортивная) - 1 пар",3.0,public/data/product_images/7dc4259a621c.webp,0.0,1.0,0,0.0,2.0,0.0,0,0.0,0.0,0.0
Обувь,275516-RDDR,Кроссовки детские Head Sprint Velcro 4.0 - Red/Dark Red,Head,7490 ₽,https://saletennis.com/catalog/product/krossovki-dietskiie-head-sprint-velcro-4-0-red-dark-red-18578,"27: Тюмень (Народная) - 1 пар | 27,5: Уфа - 1 пар | 27,5: Тюмень (Народная) - 1 пар | 28: Уфа - 1 пар | 34,5: Парина - 1 пар | 35: Парина - 1 пар",6.0,public/data/product_images/80de10d0d4fd.webp,0.0,0.0,0,0.0,2.0,0.0,0,2.0,2.0,0.0
Обувь,JMATW2613C,Кроссовки детские Joma Master 1000 Junior Clay - LIght Pink,Joma,3992 ₽,https://saletennis.com/catalog/product/krossovki-dietskiie-joma-master-1000-junior-clay-light-pink-19420,37: Парина - 1 пар | 38: Санкт-Петербург (Спортивная) - 1 пар | 38: Тюмень (Народная) - 1 пар | 38: Соболева - 1 пар | 38: Парина - 1 пар | 39: Соболева - 1 пар | 39: Тюмень (Народная) - 1 пар | 39: Санкт-Петербург (Спортивная) - 1 пар,8.0,public/data/product_images/9fe8beacde66.webp,0.0,2.0,0,2.0,2.0,0.0,0,2.0,0.0,0.0
Обувь,JMATS2503C,Кроссовки детские Joma Master 1000 Junior Clay - Navy/Blue,Joma,3992 ₽,https://saletennis.com/catalog/product/krossovki-dietskiie-joma-master-1000-junior-clay-navy-blue-17014,32: Уфа - 1 пар,1.0,public/data/product_images/a57a4440bfe8.webp,0.0,0.0,0,0.0,0.0,0.0,0,0.0,1.0,0.0
Обувь,JMATW2604C,Кроссовки детские Joma Master 1000 Junior Clay - Royal/Blue,Joma,3992 ₽,https://saletennis.com/catalog/product/krossovki-dietskiie-joma-master-1000-junior-clay-royal-blue-19417,34: Уфа - 1 пар | 36: Тюмень (Народная) - 1 пар | 37: Тюмень (Народная) - 1 пар | 38: Парина - 1 пар | 39: Тюмень (Народная) - 1 пар | 39: Соболева - 1 пар | 39: Санкт-Петербург (Спортивная) - 1 пар,7.0,public/data/product_images/dfc87428252a.webp,0.0,1.0,0,1.0,1.0,0.0,0,3.0,1.0,0.0
Обувь,CD0440-105,Кроссовки детские Nike Junior Court Lite 2 - White/Metallic Silver,Nike,7490 ₽,https://saletennis.com/catalog/product/krossovki-dietskiie-nike-junior-court-lite-2-white-metallic-silver-18426,"33,5: Уфа - 1 пар",1.0,public/data/product_images/f2a6d701b8ef.webp,0.0,0.0,0,0.0,0.0,0.0,0,0.0,1.0,0.0
Обувь,CD0440-177,Кроссовки детские Nike Junior Court Lite 2 - White/University Red,Nike,7490 ₽,https://saletennis.com/catalog/product/krossovki-dietskiie-nike-junior-court-lite-2-white-university-red-18427,"37,5: Санкт-Петербург (Спортивная) - 1 пар",1.0,public/data/product_images/703011453278.webp,0.0,1.0,0,0.0,0.0,0.0,0,0.0,0.0,0.0
Обувь,AR8851-009,Кроссовки детские Nike Vapor X Junior - Black/Volt/White,Nike,11990 ₽,https://saletennis.com/catalog/product/krossovki-dietskiie-nike-vapor-x-junior-black-volt-white-9751,"32: Парина - 1 пар | 33: Ижевск - 1 пар | 33: Парина - 1 пар | 33: Соболева - 1 пар | 33,5: Ижевск - 1 пар | 33,5: Санкт-Петербург (Спортивная) - 1 пар | 34: Парина - 1 пар | 35: Тюмень (Народная) - 1 пар | 35: Санкт-Петербург (Спортивная) - 2 пар | 35: Уфа - 1 пар | 35,5: Санкт-Петербург (Спортивная) - 1 пар | 35,5: Соболева - 1 пар | 36: Санкт-Петербург (Спортивная) - 1 пар | 36,5: Санкт-Петербург (Спортивная) - 1 пар | 36,5: Тюмень (Народная) - 1 пар | 37,5: Тюмень (Народная) - 1 пар | 37,5: Соболева - 1 пар | 37,5: Парина - 1 пар | 37,5: Бисертская - 1 пар | 38: Тюмень (Народная) - 1 пар | 38: Санкт-Петербург (Спортивная) - 1 пар | 38: Ижевск - 1 пар | 38: Уфа - 1 пар | 38: Парина - 1 пар | 38,5: Уфа - 1 пар | 38,5: Тюмень (Народная) - 1 пар",27.0,public/data/product_images/d4bc1183169d.webp,0.0,7.0,0,3.0,5.0,1.0,0,5.0,3.0,3.0
Обувь,AR8851-302,Кроссовки детские Nike Vapor X Junior  - Ghost Green/Barley Volt,Nike,11990 ₽,https://saletennis.com/catalog/product/krossovki-dietskiie-nike-vapor-x-junior-ghost-green-barley-volt-10198,"32: Уфа - 1 пар | 38: Соболева - 1 пар | 38,5: Соболева - 1 пар | 38,5: Парина - 1 пар",4.0,public/data/product_images/e64cc1f483d5.webp,0.0,0.0,0,2.0,1.0,0.0,0,0.0,1.0,0.0
Обувь,AR8851-101,Кроссовки детские Nike Vapor X Junior  - White/Volt/Black,Nike,11990 ₽,https://saletennis.com/catalog/product/krossovki-dietskiie-nike-vapor-x-junior-white-volt-black-9750,"33,5: Уфа - 1 пар | 36,5: Санкт-Петербург (Спортивная) - 1 пар | 38: Соболева - 1 пар",3.0,public/data/product_images/9a661433a82a.webp,0.0,1.0,0,1.0,0.0,0.0,0,0.0,1.0,0.0
Обувь,TS76-BKWH,Кроссовки мужские 7/6 - Marble 2.0 - Black/White,7/6,5990 ₽,https://saletennis.com/catalog/product/krossovki-muzhskiie-7-6-marble-2-0-black-white-17063,"42,5: Санкт-Петербург (Ярослава Гашека) - 1 пар | 42,5: Соболева - 1 пар | 42,5: Санкт-Петербург (Спортивная) - 1 пар | 43: Ижевск - 1 пар | 43: Санкт-Петербург (Ярослава Гашека) - 1 пар | 43: Тюмень (Народная) - 1 пар | 43: Парина - 1 пар | 43: Соболева - 1 пар | 43: Бисертская - 1 пар | 43,5: Соболева - 1 пар | 43,5: Тюмень (Народная) - 1 пар | 43,5: Бисертская - 1 пар | 43,5: Парина - 1 пар | 43,5: Ижевск - 1 пар | 43,5: Санкт-Петербург (Ярослава Гашека) - 2 пар | 43,5: Елизаветенское шоссе - 1 пар",17.0,public/data/product_images/809912d0ba3c.webp,4.0,1.0,0,3.0,2.0,2.0,1,2.0,0.0,2.0
Обувь,TS76-4939,Кроссовки мужские 7/6 Marble 2.0 - Blue Blossom,7/6,6990 ₽,https://saletennis.com/catalog/product/krossovki-muzhskiie-7-6-marble-2-0-blue-blossom-18249,"41: Санкт-Петербург (Спортивная) - 1 пар | 42: Елизаветенское шоссе - 1 пар | 42: Санкт-Петербург (Ярослава Гашека) - 1 пар | 42: Соболева - 1 пар | 42: Санкт-Петербург (Спортивная) - 1 пар | 42,5: Санкт-Петербург (Спортивная) - 1 пар | 42,5: Тюмень (Народная) - 1 пар | 43: Соболева - 1 пар | 43: Ижевск - 1 пар | 43: Санкт-Петербург (Ярослава Гашека) - 1 пар | 43: Санкт-Петербург (Спортивная) - 1 пар | 43,5: Санкт-Петербург (Спортивная) - 2 пар | 43,5: Елизаветенское шоссе - 1 пар | 43,5: Уфа - 1 пар | 43,5: Бисертская - 1 пар | 43,5: Ижевск - 1 пар | 43,5: Парина - 1 пар | 43,5: Санкт-Петербург (Ярослава Гашека) - 1 пар | 43,5: Тюмень (Народная) - 1 пар | 44: Санкт-Петербург (Ярослава Гашека) - 1 пар | 44: Уфа - 1 пар | 44: Парина - 1 пар | 44: Санкт-Петербург (Спортивная) - 1 пар | 44: Елизаветенское шоссе - 1 пар | 44: Ижевск - 1 пар | 44: Тюмень (Народная) - 1 пар | 44,5: Бисертская - 1 пар | 44,5: Санкт-Петербург (Спортивная) - 1 пар | 44,5: Санкт-Петербург (Ярослава Гашека) - 1 пар | 44,5: Тюмень (Народная) - 1 пар | 44,5: Соболева - 1 пар | 44,5: Парина - 1 пар | 45: Санкт-Петербург (Спортивная) - 1 пар | 45: Елизаветенское шоссе - 1 пар | 45: Парина - 1 пар | 45: Санкт-Петербург (Ярослава Гашека) - 1 пар | 45: Бисертская - 1 пар | 45: Соболева - 1 пар | 45: Уфа - 1 пар | 47: Санкт-Петербург (Спортивная) - 1 пар | 47: Уфа - 1 пар",42.0,public/data/product_images/b037ef553812.webp,6.0,10.0,0,4.0,4.0,3.0,4,4.0,4.0,3.0
Обувь,TS76-0201,Кроссовки мужские 7/6 Marble 2.0 -  Dark Grey,7/6,11990 ₽,https://saletennis.com/catalog/product/krossovki-muzhskiie-7-6-marble-2-0-dark-grey-18734,"41: Елизаветенское шоссе - 1 пар | 41: Парина - 1 пар | 41: Соболева - 1 пар | 41: Санкт-Петербург (Ярослава Гашека) - 1 пар | 41: Санкт-Петербург (Спортивная) - 1 пар | 41: Ижевск - 1 пар | 42: Санкт-Петербург (Ярослава Гашека) - 1 пар | 42: Тюмень (Народная) - 1 пар | 42: Ижевск - 1 пар | 42: Уфа - 1 пар | 42: Парина - 1 пар | 42: Санкт-Петербург (Спортивная) - 1 пар | 42: Бисертская - 1 пар | 42: Елизаветенское шоссе - 1 пар | 42,5: Парина - 2 пар | 42,5: Елизаветенское шоссе - 1 пар | 42,5: Санкт-Петербург (Спортивная) - 1 пар | 42,5: Бисертская - 1 пар | 42,5: Соболева - 1 пар | 42,5: Тюмень (Народная) - 1 пар | 42,5: Санкт-Петербург (Ярослава Гашека) - 1 пар | 43: Бисертская - 1 пар | 43: Ижевск - 1 пар | 43: Елизаветенское шоссе - 1 пар | 43: Основной склад Екатеринбург - 2 пар | 43: Санкт-Петербург (Спортивная) - 2 пар | 43: Тюмень (Народная) - 1 пар | 43: Парина - 1 пар | 43: Уфа - 1 пар | 43: Санкт-Петербург (Ярослава Гашека) - 1 пар | 43: Соболева - 1 пар | 43: Тюмень - 1 пар | 43,5: Уфа - 1 пар | 43,5: Санкт-Петербург (Спортивная) - 1 пар | 43,5: Тюмень (Народная) - 1 пар | 43,5: Основной склад Екатеринбург - 2 пар | 43,5: Ижевск - 1 пар | 43,5: Бисертская - 1 пар | 43,5: Соболева - 1 пар | 43,5: Тюмень - 1 пар | 43,5: Парина - 1 пар | 43,5: Санкт-Петербург (Ярослава Гашека) - 1 пар | 43,5: Елизаветенское шоссе - 2 пар | 44: Уфа - 1 пар | 44: Санкт-Петербург (Ярослава Гашека) - 1 пар | 44: Елизаветенское шоссе - 1 пар | 44: Тюмень - 1 пар | 44: Соболева - 1 пар | 44: Ижевск - 1 пар | 44: Тюмень (Народная) - 1 пар | 44: Парина - 1 пар | 44: Основной склад Екатеринбург - 3 пар | 44: Санкт-Петербург (Спортивная) - 1 пар | 44,5: Уфа - 1 пар | 44,5: Санкт-Петербург (Спортивная) - 1 пар | 44,5: Ижевск - 1 пар | 44,5: Соболева - 1 пар | 44,5: Основной склад Екатеринбург - 1 пар | 44,5: Санкт-Петербург (Ярослава Гашека) - 1 пар | 44,5: Елизаветенское шоссе - 1 пар | 44,5: Тюмень (Народная) - 1 пар | 44,5: Парина - 1 пар | 44,5: Бисертская - 1 пар | 45: Бисертская - 1 пар | 45: Елизаветенское шоссе - 1 пар | 45: Парина - 1 пар | 45: Тюмень - 1 пар | 45: Ижевск - 1 пар | 45: Санкт-Петербург (Ярослава Гашека) - 1 пар | 45: Тюмень (Народная) - 1 пар | 45: Уфа - 1 пар | 45: Санкт-Петербург (Спортивная) - 1 пар | 47: Тюмень (Народная) - 1 пар | 47: Бисертская - 1 пар | 47: Санкт-Петербург (Спортивная) - 1 пар",82.0,public/data/product_images/831c547cb3cb.webp,8.0,10.0,8,6.0,9.0,7.0,9,12.0,6.0,7.0
Обувь,TS76-0116,Кроссовки мужские 7/6 Marble 2.0 - Green Blossom,7/6,6990 ₽,https://saletennis.com/catalog/product/krossovki-muzhskiie-7-6-marble-2-0-green-blossom-18241,"41: Санкт-Петербург (Ярослава Гашека) - 1 пар | 42: Елизаветенское шоссе - 1 пар | 43: Ижевск - 1 пар | 43: Санкт-Петербург (Ярослава Гашека) - 1 пар | 43: Соболева - 1 пар | 43: Уфа - 1 пар | 43: Елизаветенское шоссе - 1 пар | 43: Тюмень (Народная) - 1 пар | 43: Парина - 1 пар | 43: Санкт-Петербург (Спортивная) - 1 пар | 43,5: Санкт-Петербург (Ярослава Гашека) - 1 пар | 43,5: Елизаветенское шоссе - 1 пар | 43,5: Уфа - 1 пар | 43,5: Санкт-Петербург (Спортивная) - 1 пар | 43,5: Парина - 1 пар | 44: Ижевск - 1 пар | 44: Тюмень (Народная) - 1 пар | 44: Санкт-Петербург (Спортивная) - 2 пар | 44: Парина - 2 пар | 44: Елизаветенское шоссе - 1 пар | 44: Уфа - 1 пар | 44,5: Парина - 1 пар | 44,5: Ижевск - 1 пар | 44,5: Тюмень (Народная) - 1 пар | 44,5: Санкт-Петербург (Ярослава Гашека) - 1 пар | 44,5: Санкт-Петербург (Спортивная) - 1 пар | 45: Тюмень (Народная) - 1 пар | 45: Уфа - 1 пар | 45: Санкт-Петербург (Ярослава Гашека) - 1 пар | 47: Парина - 1 пар",32.0,public/data/product_images/fa92ea81b21e.webp,5.0,5.0,0,1.0,6.0,0.0,4,4.0,4.0,3.0
Обувь,TS76-4300,Кроссовки мужские 7/6 Marble 2.0 - Light Grey,7/6,11990 ₽,https://saletennis.com/catalog/product/krossovki-muzhskiie-7-6-marble-2-0-light-grey-18735,"41: Ижевск - 1 пар | 41: Соболева - 1 пар | 41: Бисертская - 1 пар | 41: Санкт-Петербург (Спортивная) - 2 пар | 41: Парина - 1 пар | 41: Елизаветенское шоссе - 1 пар | 41: Санкт-Петербург (Ярослава Гашека) - 1 пар | 42: Парина - 2 пар | 42: Бисертская - 1 пар | 42: Соболева - 2 пар | 42: Санкт-Петербург (Ярослава Гашека) - 1 пар | 42: Санкт-Петербург (Спортивная) - 1 пар | 42: Уфа - 1 пар | 42: Тюмень (Народная) - 1 пар | 42: Ижевск - 1 пар | 42,5: Санкт-Петербург (Спортивная) - 1 пар | 42,5: Бисертская - 1 пар | 42,5: Соболева - 1 пар | 42,5: Парина - 2 пар | 42,5: Уфа - 1 пар | 42,5: Тюмень (Народная) - 1 пар | 42,5: Санкт-Петербург (Ярослава Гашека) - 1 пар | 43: Тюмень - 1 пар | 43: Парина - 1 пар | 43: Санкт-Петербург (Спортивная) - 1 пар | 43: Тюмень (Народная) - 1 пар | 43: Ижевск - 1 пар | 43: Уфа - 1 пар | 43: Соболева - 1 пар | 43: Бисертская - 1 пар",34.0,public/data/product_images/eee3a7b018fd.webp,3.0,5.0,0,5.0,6.0,4.0,1,4.0,3.0,3.0
Обувь,TS76-1264,Кроссовки мужские 7/6 Marble 2.0 - Orange Blossom,7/6,6990 ₽,https://saletennis.com/catalog/product/krossovki-muzhskiie-7-6-marble-2-0-orange-blossom-18250,"41: Санкт-Петербург (Ярослава Гашека) - 1 пар | 41: Санкт-Петербург (Спортивная) - 1 пар | 42: Бисертская - 1 пар | 42: Тюмень (Народная) - 1 пар | 42: Соболева - 1 пар | 42: Елизаветенское шоссе - 1 пар | 42: Ижевск - 1 пар | 42: Уфа - 1 пар | 42: Парина - 1 пар | 42: Санкт-Петербург (Спортивная) - 1 пар | 42,5: Санкт-Петербург (Ярослава Гашека) - 1 пар | 42,5: Ижевск - 1 пар | 42,5: Санкт-Петербург (Спортивная) - 1 пар | 42,5: Бисертская - 1 пар | 42,5: Соболева - 1 пар | 42,5: Парина - 1 пар | 43: Ижевск - 1 пар | 43: Тюмень (Народная) - 1 пар | 43: Соболева - 1 пар | 43: Санкт-Петербург (Ярослава Гашека) - 1 пар | 43: Парина - 1 пар | 43: Елизаветенское шоссе - 1 пар | 43: Санкт-Петербург (Спортивная) - 1 пар | 43: Бисертская - 1 пар | 43: Основной склад Екатеринбург - 1 пар | 43,5: Елизаветенское шоссе - 1 пар | 43,5: Уфа - 1 пар | 43,5: Ижевск - 1 пар | 43,5: Бисертская - 1 пар | 43,5: Тюмень (Народная) - 1 пар | 43,5: Парина - 1 пар | 43,5: Санкт-Петербург (Ярослава Гашека) - 1 пар | 43,5: Соболева - 1 пар | 43,5: Санкт-Петербург (Спортивная) - 2 пар | 44: Бисертская - 1 пар | 44: Соболева - 1 пар | 44: Елизаветенское шоссе - 1 пар | 44: Тюмень (Народная) - 1 пар | 44: Парина - 1 пар | 44: Санкт-Петербург (Ярослава Гашека) - 1 пар | 44: Санкт-Петербург (Спортивная) - 1 пар | 44: Ижевск - 1 пар | 44,5: Парина - 1 пар | 44,5: Санкт-Петербург (Ярослава Гашека) - 1 пар | 44,5: Санкт-Петербург (Спортивная) - 1 пар | 44,5: Бисертская - 1 пар | 44,5: Тюмень (Народная) - 1 пар | 44,5: Ижевск - 1 пар | 44,5: Соболева - 1 пар | 45: Парина - 2 пар | 45: Ижевск - 1 пар | 45: Санкт-Петербург (Спортивная) - 1 пар | 45: Соболева - 1 пар | 45: Уфа - 1 пар | 45: Елизаветенское шоссе - 1 пар",57.0,public/data/product_images/1e5243134a1e.webp,6.0,9.0,1,7.0,8.0,6.0,5,5.0,3.0,7.0
Обувь,TS76-WHBK,Кроссовки мужские 7/6 - Marble 2.0 - White/Black,7/6,5990 ₽,https://saletennis.com/catalog/product/krossovki-muzhskiie-7-6-marble-2-0-white-black-17064,"42,5: Тюмень (Народная) - 2 пар | 42,5: Бисертская - 1 пар | 43: Соболева - 1 пар | 43: Парина - 1 пар | 43: Уфа - 1 пар | 43: Санкт-Петербург (Ярослава Гашека) - 1 пар | 43: Бисертская - 1 пар | 43: Ижевск - 1 пар | 43,5: Санкт-Петербург (Ярослава Гашека) - 2 пар | 43,5: Тюмень (Народная) - 1 пар | 43,5: Парина - 1 пар | 43,5: Бисертская - 1 пар | 43,5: Ижевск - 1 пар | 44: Ижевск - 1 пар",16.0,public/data/product_images/fc8159d88d83.webp,3.0,0.0,0,1.0,2.0,3.0,0,3.0,1.0,3.0
Обувь,273335-NVLI,Кроссовки мужские Head Revolt Evo 2.0 Clay - Navy/Lime,Head,9443 ₽,https://saletennis.com/catalog/product/krossovki-muzhskiie-head-revolt-evo-2-0-clay-navy-lime-16978,"42,5: Бисертская - 1 пар | 43: Санкт-Петербург (Спортивная) - 1 пар | 43: Парина - 1 пар | 43: Бисертская - 1 пар | 44: Санкт-Петербург (Спортивная) - 1 пар | 44: Бисертская - 1 пар | 44: Парина - 1 пар",7.0,public/data/product_images/d4f181bd41a8.webp,0.0,2.0,0,0.0,2.0,3.0,0,0.0,0.0,0.0
Обувь,273325-NVLI,Кроссовки мужские Head Revolt Evo 2.0 - Navy/Lime,Head,9990 ₽,https://saletennis.com/catalog/product/krossovki-muzhskiie-head-revolt-evo-2-0-navy-lime-16977,"42,5: Тюмень (Народная) - 1 пар | 43: Парина - 1 пар",2.0,public/data/product_images/279b93f3b661.webp,0.0,0.0,0,0.0,1.0,0.0,0,1.0,0.0,0.0
Обувь,273273-LNWH,Кроссовки мужские Head Revolt Pro 4.0 Clay - Light Green,Head,10143 ₽,https://saletennis.com/catalog/product/krossovki-muzhskiie-head-revolt-pro-4-0-clay-light-green-14695,"40: Санкт-Петербург (Спортивная) - 1 пар | 40,5: Санкт-Петербург (Спортивная) - 1 пар | 41: Санкт-Петербург (Спортивная) - 1 пар | 42: Санкт-Петербург (Спортивная) - 1 пар | 43: Санкт-Петербург (Спортивная) - 1 пар | 44: Санкт-Петербург (Спортивная) - 1 пар | 45: Санкт-Петербург (Спортивная) - 1 пар",7.0,public/data/product_images/5a7d29883d42.webp,0.0,7.0,0,0.0,0.0,0.0,0,0.0,0.0,0.0
Обувь,273293-WHBK,Кроссовки мужские Head Revolt Pro 4.0 Clay - White/Black,Head,10143 ₽,https://saletennis.com/catalog/product/krossovki-muzhskiie-head-revolt-pro-4-0-clay-white-black-14560,"42,5: Санкт-Петербург (Спортивная) - 1 пар | 43: Санкт-Петербург (Спортивная) - 1 пар | 44: Санкт-Петербург (Спортивная) - 1 пар | 44,5: Санкт-Петербург (Спортивная) - 1 пар | 45: Санкт-Петербург (Спортивная) - 1 пар",5.0,public/data/product_images/3e015a106e4a.webp,0.0,5.0,0,0.0,0.0,0.0,0,0.0,0.0,0.0
Обувь,273235-NVLI,Кроссовки мужские Head Revolt Pro 4.5 Clay - Navy/Lime,Head,12142 ₽,https://saletennis.com/catalog/product/krossovki-muzhskiie-head-revolt-pro-4-5-clay-navy-lime-17426,"42: Соболева - 1 пар | 42: Бисертская - 2 пар | 42: Парина - 1 пар | 42,5: Соболева - 2 пар | 42,5: Парина - 1 пар | 42,5: Бисертская - 1 пар | 42,5: Санкт-Петербург (Спортивная) - 1 пар | 43: Соболева - 1 пар | 43: Парина - 1 пар | 43: Санкт-Петербург (Спортивная) - 1 пар | 44: Санкт-Петербург (Спортивная) - 1 пар | 44,5: Бисертская - 2 пар | 44,5: Парина - 1 пар",16.0,public/data/product_images/05f6128de735.webp,0.0,3.0,0,4.0,4.0,5.0,0,0.0,0.0,0.0
Обувь,273245-DBRD,Кроссовки мужские Head Revolt Pro 4.5 - Dark Blue/Red,Head,12142 ₽,https://saletennis.com/catalog/product/krossovki-muzhskiie-head-revolt-pro-4-5-dark-blue-red-17423,44: Уфа - 1 пар | 44: Парина - 1 пар,2.0,public/data/product_images/86065e728bac.webp,0.0,0.0,0,0.0,1.0,0.0,0,0.0,1.0,0.0
Обувь,273225-NVLI,Кроссовки мужские Head Revolt Pro 4.5 - Navy/Lime,Head,12142 ₽,https://saletennis.com/catalog/product/krossovki-muzhskiie-head-revolt-pro-4-5-navy-lime-17424,"41: Уфа - 1 пар | 42,5: Санкт-Петербург (Спортивная) - 1 пар",2.0,public/data/product_images/b778149b666c.webp,0.0,1.0,0,0.0,0.0,0.0,0,0.0,1.0,0.0
Обувь,273226-RDDR,Кроссовки мужские Head Revolt Pro 5.0 - Red/Dark Red,Head,14990 ₽,https://saletennis.com/catalog/product/krossovki-muzhskiie-head-revolt-pro-5-0-red-dark-red-18569,42: Санкт-Петербург (Спортивная) - 1 пар,1.0,public/data/product_images/5360c7b4c038.webp,0.0,1.0,0,0.0,0.0,0.0,0,0.0,0.0,0.0
Обувь,273164-BNBK,Кроссовки мужские Head Spint Pro 3.5 Clay - Banana/Black,Head,9419 ₽,https://saletennis.com/catalog/product/krossovki-muzhskiie-head-spint-pro-3-5-clay-banana-black-15652,42: Парина - 1 пар | 43: Бисертская - 1 пар | 43: Санкт-Петербург (Спортивная) - 2 пар,4.0,public/data/product_images/f648c872cf6f.webp,0.0,2.0,0,0.0,1.0,1.0,0,0.0,0.0,0.0
Обувь,273113-BKRD,Кроссовки мужские Head Spint Pro 3.5 Clay - Black/Red,Head,11592 ₽,https://saletennis.com/catalog/product/krossovki-muzhskiie-head-spint-pro-3-5-clay-black-red-14705,42: Бисертская - 3 пар | 43: Бисертская - 2 пар,5.0,public/data/product_images/93b46d98d492.webp,0.0,0.0,0,0.0,0.0,5.0,0,0.0,0.0,0.0
Обувь,273144-DROR,Кроссовки мужские Head Spint Pro 3.5 Clay - Dark Red/Orange,Head,10143 ₽,https://saletennis.com/catalog/product/krossovki-muzhskiie-head-spint-pro-3-5-clay-dark-red-orange-15653,43: Бисертская - 1 пар | 43: Санкт-Петербург (Спортивная) - 1 пар,2.0,public/data/product_images/387457ed3127.webp,0.0,1.0,0,0.0,0.0,1.0,0,0.0,0.0,0.0
Обувь,273163-FCBB,Кроссовки мужские Head Spint Pro 3.5 Clay - Fiery Coral/Blueberry,Head,10143 ₽,https://saletennis.com/catalog/product/krossovki-muzhskiie-head-spint-pro-3-5-clay-fiery-coral-blueberry-14706,"44,5: Бисертская - 1 пар | 46,5: Санкт-Петербург (Спортивная) - 1 пар",2.0,public/data/product_images/d761c4d03610.webp,0.0,1.0,0,0.0,0.0,1.0,0,0.0,0.0,0.0
Обувь,273143-FGLN,Кроссовки мужские Head Spint Pro 3.5 Clay - Forest Green/Light Green,Head,10143 ₽,https://saletennis.com/catalog/product/krossovki-muzhskiie-head-spint-pro-3-5-clay-forest-green-light-green-14411,"41: Санкт-Петербург (Спортивная) - 1 пар | 42: Санкт-Петербург (Спортивная) - 1 пар | 44,5: Санкт-Петербург (Спортивная) - 1 пар | 44,5: Ижевск - 1 пар",4.0,public/data/product_images/77544744c7a3.webp,0.0,3.0,0,0.0,0.0,0.0,0,0.0,0.0,1.0
Обувь,273133-FGLN,Кроссовки мужские Head Spint Pro 3.5 - Forest Green/Light Green,Head,10868 ₽,https://saletennis.com/catalog/product/krossovki-muzhskiie-head-spint-pro-3-5-forest-green-light-green-14410,43: Тюмень (Народная) - 1 пар | 44: Бисертская - 1 пар,2.0,public/data/product_images/795400591073.webp,0.0,0.0,0,0.0,0.0,1.0,0,1.0,0.0,0.0
Обувь,273002-BKOR,Кроссовки мужские Head Spint Pro 3.5 SF - Black/Orange,Head,11990 ₽,https://saletennis.com/catalog/product/krossovki-muzhskiie-head-spint-pro-3-5-sf-black-orange-14412,"42,5: Соболева - 1 пар | 42,5: Уфа - 1 пар | 44: Уфа - 1 пар",3.0,public/data/product_images/37cc21cdff2a.webp,0.0,0.0,0,1.0,0.0,0.0,0,0.0,2.0,0.0
Обувь,273156-RDDR,Кроссовки мужские Head Spint Pro 4.0 Clay - Red/Dark Red,Head,14990 ₽,https://saletennis.com/catalog/product/krossovki-muzhskiie-head-spint-pro-4-0-clay-red-dark-red-18572,"42,5: Парина - 1 пар",1.0,public/data/product_images/55dd0af062e2.webp,0.0,0.0,0,0.0,1.0,0.0,0,0.0,0.0,0.0
Обувь,273125-DBRD,Кроссовки мужские Head Spint Pro 4.0 - Dark Blue/Red,Head,10493 ₽,https://saletennis.com/catalog/product/krossovki-muzhskiie-head-spint-pro-4-0-dark-blue-red-16979,"42,5: Парина - 1 пар",1.0,public/data/product_images/4b88ae65e68b.webp,0.0,0.0,0,0.0,1.0,0.0,0,0.0,0.0,0.0
Обувь,273145-LINV,Кроссовки мужские Head Spint Pro 4.0 - Lime/Navy,Head,9490 ₽,https://saletennis.com/catalog/product/krossovki-muzhskiie-head-spint-pro-4-0-lime-navy-16980,"42,5: Соболева - 1 пар | 42,5: Бисертская - 1 пар | 42,5: Санкт-Петербург (Спортивная) - 2 пар | 43: Бисертская - 2 пар | 43: Санкт-Петербург (Спортивная) - 1 пар | 43: Соболева - 1 пар | 43: Парина - 2 пар | 46,5: Парина - 1 пар",11.0,public/data/product_images/2dbc4e2362d0.webp,0.0,3.0,0,2.0,3.0,3.0,0,0.0,0.0,0.0
Обувь,273146-RDDR,Кроссовки мужские Head Spint Pro 4.0 - Red/Dark Red,Head,14990 ₽,https://saletennis.com/catalog/product/krossovki-muzhskiie-head-spint-pro-4-0-red-dark-red-18571,"42,5: Санкт-Петербург (Спортивная) - 1 пар | 43: Тюмень (Народная) - 1 пар | 43: Санкт-Петербург (Спортивная) - 1 пар | 44: Соболева - 1 пар",4.0,public/data/product_images/a2aad15d665d.webp,0.0,2.0,0,1.0,0.0,0.0,0,1.0,0.0,0.0
Обувь,273103-BKRD,Кроссовки мужские Head Sprint Pro 3.5 - Black/Red,Head,8990 ₽,https://saletennis.com/catalog/product/krossovki-muzhskiie-head-sprint-pro-3-5-black-red-14701,43: Уфа - 1 пар | 43: Парина - 1 пар,2.0,public/data/product_images/2de3f761943c.webp,0.0,0.0,0,0.0,1.0,0.0,0,0.0,1.0,0.0
Обувь,273114-DGBL,Кроссовки мужские Head Sprint Pro 3.5 Clay - Dark Grey/Blue,Head,11490 ₽,https://saletennis.com/catalog/product/krossovki-muzhskiie-head-sprint-pro-3-5-clay-dark-grey-blue-16545,"44: Бисертская - 1 пар | 44,5: Бисертская - 1 пар",2.0,public/data/product_images/cdb2b439758c.webp,0.0,0.0,0,0.0,0.0,2.0,0,0.0,0.0,0.0
Обувь,273104-DGBL,Кроссовки мужские Head Sprint Pro 3.5 - Dark Grey/Blue,Head,10143 ₽,https://saletennis.com/catalog/product/krossovki-muzhskiie-head-sprint-pro-3-5-dark-grey-blue-16542,"42: Парина - 1 пар | 42: Санкт-Петербург (Спортивная) - 1 пар | 42,5: Парина - 1 пар | 43: Бисертская - 1 пар | 43: Парина - 2 пар | 43: Тюмень - 1 пар | 43: Санкт-Петербург (Спортивная) - 1 пар | 44: Парина - 1 пар | 44: Тюмень - 1 пар",10.0,public/data/product_images/9ddc929517d0.webp,0.0,2.0,0,0.0,5.0,1.0,0,2.0,0.0,0.0
Обувь,273014-BKFG,Кроссовки мужские Head Sprint Pro 3.5 SF Clay - Black/Forest Green,Head,13192 ₽,https://saletennis.com/catalog/product/krossovki-muzhskiie-head-sprint-pro-3-5-sf-clay-black-forest-green-15655,43: Бисертская - 1 пар,1.0,public/data/product_images/697ba4c8c769.webp,0.0,0.0,0,0.0,0.0,1.0,0,0.0,0.0,0.0
Обувь,273135-DBRD,Кроссовки мужские Head Sprint Pro 4.0 Clay - Dark Blue/Red,Head,11992 ₽,https://saletennis.com/catalog/product/krossovki-muzhskiie-head-sprint-pro-4-0-clay-dark-blue-red-17427,"42: Бисертская - 1 пар | 42,5: Парина - 1 пар | 42,5: Бисертская - 1 пар | 43: Санкт-Петербург (Спортивная) - 1 пар | 43: Тюмень (Народная) - 1 пар",5.0,public/data/product_images/25fae8093cea.webp,0.0,1.0,0,0.0,1.0,2.0,0,1.0,0.0,0.0
Обувь,273105-BKWH,Кроссовки мужские Head Sprint Pro 4.0 SF - Black/White,Head,14167 ₽,https://saletennis.com/catalog/product/krossovki-muzhskiie-head-sprint-pro-4-0-sf-black-white-17429,42: Парина - 1 пар,1.0,public/data/product_images/fc93b2a2896a.webp,0.0,0.0,0,0.0,1.0,0.0,0,0.0,0.0,0.0
Обувь,273115-BKWH,Кроссовки мужские Head Sprint Pro 4.0 SF Clay - Black/White,Head,14167 ₽,https://saletennis.com/catalog/product/krossovki-muzhskiie-head-sprint-pro-4-0-sf-clay-black-white-17430,"42: Бисертская - 2 пар | 42,5: Парина - 1 пар | 42,5: Соболева - 1 пар | 42,5: Бисертская - 1 пар | 43: Тюмень - 1 пар | 43: Бисертская - 1 пар | 43: Санкт-Петербург (Спортивная) - 1 пар | 43: Парина - 1 пар | 44,5: Санкт-Петербург (Спортивная) - 1 пар | 44,5: Тюмень (Народная) - 1 пар",11.0,public/data/product_images/f13cda99417f.webp,0.0,2.0,0,1.0,2.0,4.0,0,2.0,0.0,0.0
Обувь,273404-BBWH,Кроссовки мужские Head Sprint Team 3.5 - Blueberry/White,Head,7493 ₽,https://saletennis.com/catalog/product/krossovki-muzhskiie-head-sprint-team-3-5-blueberry-white-15656,"43: Парина - 1 пар | 43: Бисертская - 1 пар | 44,5: Уфа - 1 пар",3.0,public/data/product_images/71683af62f66.webp,0.0,0.0,0,0.0,1.0,1.0,0,0.0,1.0,0.0
Обувь,273414-BBWH,Кроссовки мужские Head Sprint Team 3.5 Clay - Blueberry/White,Head,7490 ₽,https://saletennis.com/catalog/product/krossovki-muzhskiie-head-sprint-team-3-5-clay-blueberry-white-15658,"42,5: Бисертская - 1 пар | 43: Тюмень - 1 пар | 43: Соболева - 1 пар | 44: Бисертская - 1 пар",4.0,public/data/product_images/33463f258052.webp,0.0,0.0,0,1.0,0.0,2.0,0,1.0,0.0,0.0
Обувь,273413-BSLN,Кроссовки мужские Head Sprint Team 3.5 Clay - Bluestone/Light Green,Head,6993 ₽,https://saletennis.com/catalog/product/krossovki-muzhskiie-head-sprint-team-3-5-clay-bluestone-light-green-14415,"40: Санкт-Петербург (Спортивная) - 1 пар | 40,5: Санкт-Петербург (Спортивная) - 1 пар | 41: Санкт-Петербург (Спортивная) - 1 пар | 42: Санкт-Петербург (Спортивная) - 1 пар | 42,5: Санкт-Петербург (Спортивная) - 1 пар",5.0,public/data/product_images/74d8dd95e7ef.webp,0.0,5.0,0,0.0,0.0,0.0,0,0.0,0.0,0.0
Обувь,273415-DBRD,Кроссовки мужские Head Sprint Team 4.0 Clay - Dark Blue/Red,Head,7693 ₽,https://saletennis.com/catalog/product/krossovki-muzhskiie-head-sprint-team-4-0-clay-dark-blue-red-17432,"42: Парина - 1 пар | 42: Бисертская - 2 пар | 42: Соболева - 1 пар | 42,5: Парина - 1 пар | 42,5: Бисертская - 1 пар | 42,5: Санкт-Петербург (Спортивная) - 1 пар | 43: Парина - 1 пар | 43: Санкт-Петербург (Спортивная) - 1 пар",9.0,public/data/product_images/d662844398b9.webp,0.0,2.0,0,1.0,3.0,3.0,0,0.0,0.0,0.0
Обувь,273436-NVCG,Кроссовки мужские Head Sprint Team 4.0 Clay - Navy/Cantaloupe Green,Head,8902 ₽,https://saletennis.com/catalog/product/krossovki-muzhskiie-head-sprint-team-4-0-clay-navy-cantaloupe-green-18654,42: Бисертская - 1 пар | 43: Бисертская - 1 пар | 43: Соболева - 1 пар | 44: Санкт-Петербург (Спортивная) - 1 пар | 44: Парина - 1 пар,5.0,public/data/product_images/d59430051db5.webp,0.0,1.0,0,1.0,1.0,2.0,0,0.0,0.0,0.0
Обувь,273435-NVLI,Кроссовки мужские Head Sprint Team 4.0 Clay - Navy/Lime,Head,8243 ₽,https://saletennis.com/catalog/product/krossovki-muzhskiie-head-sprint-team-4-0-clay-navy-lime-17433,44: Бисертская - 1 пар,1.0,public/data/product_images/be591a247e89.webp,0.0,0.0,0,0.0,0.0,1.0,0,0.0,0.0,0.0
Обувь,273405-DBRD,Кроссовки мужские Head Sprint Team 4.0 - Dark Blue/Red,Head,7693 ₽,https://saletennis.com/catalog/product/krossovki-muzhskiie-head-sprint-team-4-0-dark-blue-red-17431,"42,5: Парина - 1 пар | 43: Санкт-Петербург (Спортивная) - 1 пар | 44,5: Санкт-Петербург (Спортивная) - 1 пар | 44,5: Уфа - 1 пар",4.0,public/data/product_images/5f6fa08d7b16.webp,0.0,2.0,0,0.0,1.0,0.0,0,0.0,1.0,0.0
Обувь,273425-NVLI,Кроссовки мужские Head Sprint Team 4.0 - Navy/Lime,Head,8393 ₽,https://saletennis.com/catalog/product/krossovki-muzhskiie-head-sprint-team-4-0-navy-lime-16982,"44,5: Уфа - 1 пар",1.0,public/data/product_images/dbcd14aa7c56.webp,0.0,0.0,0,0.0,0.0,0.0,0,0.0,1.0,0.0
Обувь,TACES2501AC,Кроссовки мужские Joma Ace Pro - Black/Orange/White,Joma,9490 ₽,https://saletennis.com/catalog/product/krossovki-muzhskiie-joma-ace-pro-black-orange-white-17619,"42,5: Бисертская - 1 пар | 42,5: Парина - 1 пар | 42,5: Соболева - 1 пар | 43: Бисертская - 1 пар | 43: Соболева - 1 пар | 43: Парина - 1 пар | 43,5: Соболева - 1 пар",7.0,public/data/product_images/d1a0c3a8bf6d.webp,0.0,0.0,0,3.0,2.0,2.0,0,0.0,0.0,0.0
Обувь,TACES2501C,Кроссовки мужские Joma Ace Pro Clay - Black/Orange/White,Joma,9490 ₽,https://saletennis.com/catalog/product/krossovki-muzhskiie-joma-ace-pro-clay-black-orange-white-17620,"43: Соболева - 1 пар | 43: Ижевск - 1 пар | 43: Парина - 1 пар | 43,5: Ижевск - 1 пар",4.0,public/data/product_images/7227b9ab3d41.webp,0.0,0.0,0,1.0,1.0,0.0,0,0.0,0.0,2.0
Обувь,TACES2504C,Кроссовки мужские Joma Ace Pro Clay - Royal Blue,Joma,9368 ₽,https://saletennis.com/catalog/product/krossovki-muzhskiie-joma-ace-pro-clay-royal-blue-17622,"42,5: Бисертская - 1 пар | 43: Парина - 1 пар | 43,5: Тюмень (Народная) - 1 пар | 43,5: Парина - 1 пар",4.0,public/data/product_images/4d0f7f47a53f.webp,0.0,0.0,0,0.0,2.0,1.0,0,1.0,0.0,0.0
Обувь,TACEW2609AC,Кроссовки мужские Joma Ace Pro - Fluorescent Yellow/Purple,Joma,13192 ₽,https://saletennis.com/catalog/product/krossovki-muzhskiie-joma-ace-pro-fluorescent-yellow-purple-19191,"42: Соболева - 1 пар | 42,5: Парина - 1 пар | 42,5: Соболева - 1 пар | 42,5: Бисертская - 1 пар | 43: Соболева - 2 пар | 43: Бисертская - 1 пар | 43: Парина - 1 пар | 44: Парина - 1 пар | 44: Бисертская - 1 пар | 44,5: Тюмень (Народная) - 1 пар | 44,5: Соболева - 1 пар | 45: Тюмень (Народная) - 1 пар | 45,5: Парина - 1 пар",14.0,public/data/product_images/e75624e3c416.webp,0.0,0.0,0,5.0,4.0,3.0,0,2.0,0.0,0.0
Обувь,TACEW2409AC,Кроссовки мужские Joma Ace Pro - Lemon Fluor,Joma,8993 ₽,https://saletennis.com/catalog/product/krossovki-muzhskiie-joma-ace-pro-lemon-fluor-16676,"42,5: Тюмень - 1 пар | 44: Тюмень - 1 пар",2.0,public/data/product_images/bd2fc95556b4.webp,0.0,0.0,0,0.0,0.0,0.0,0,2.0,0.0,0.0
Обувь,TACES2504AC,Кроссовки мужские Joma Ace Pro - Royal Blue/Orange,Joma,9490 ₽,https://saletennis.com/catalog/product/krossovki-muzhskiie-joma-ace-pro-royal-blue-orange-17555,"42,5: Ижевск - 1 пар | 43: Ижевск - 1 пар | 43: Тюмень - 1 пар | 43: Парина - 2 пар",5.0,public/data/product_images/8df9216abd71.webp,0.0,0.0,0,0.0,2.0,0.0,0,1.0,0.0,2.0
Обувь,TROLS2525AC,Кроссовки мужские Joma Roland - Beige,Joma,9368 ₽,https://saletennis.com/catalog/product/krossovki-muzhskiie-joma-roland-beige-17624,"43,5: Парина - 1 пар | 43,5: Тюмень (Народная) - 1 пар | 44: Парина - 1 пар",3.0,public/data/product_images/6873bf03e1c9.webp,0.0,0.0,0,0.0,2.0,0.0,0,1.0,0.0,0.0
Обувь,TROLS2531AC,Кроссовки мужские Joma Roland - Black/Blue/Orange,Joma,9368 ₽,https://saletennis.com/catalog/product/krossovki-muzhskiie-joma-roland-black-blue-orange-17556,"42,5: Санкт-Петербург (Спортивная) - 1 пар | 43: Парина - 1 пар | 43: Ижевск - 1 пар | 43: Соболева - 1 пар | 43,5: Парина - 1 пар | 43,5: Ижевск - 1 пар | 44: Санкт-Петербург (Спортивная) - 1 пар | 44: Парина - 1 пар | 44: Ижевск - 1 пар | 44,5: Соболева - 1 пар",10.0,public/data/product_images/7c2cc8428625.webp,0.0,2.0,0,2.0,3.0,0.0,0,0.0,0.0,3.0
Обувь,TROLS2527AC,Кроссовки мужские Joma Roland - Petroleum,Joma,9368 ₽,https://saletennis.com/catalog/product/krossovki-muzhskiie-joma-roland-petroleum-17625,"42,5: Соболева - 1 пар | 42,5: Тюмень (Народная) - 1 пар | 42,5: Парина - 1 пар | 43: Парина - 1 пар | 43: Соболева - 1 пар | 43,5: Бисертская - 1 пар | 43,5: Парина - 1 пар | 43,5: Соболева - 1 пар | 43,5: Тюмень (Народная) - 1 пар | 44: Парина - 1 пар | 44,5: Парина - 1 пар",11.0,public/data/product_images/b9a395b4608f.webp,0.0,0.0,0,3.0,5.0,1.0,0,2.0,0.0,0.0
Обувь,TSLAMS2501OM,Кроссовки мужские Joma Slam - Black/Mint,Joma,7493 ₽,https://saletennis.com/catalog/product/krossovki-muzhskiie-joma-slam-black-mint-17500,43: Тюмень - 1 пар,1.0,public/data/product_images/f5e811362615.webp,0.0,0.0,0,0.0,0.0,0.0,0,1.0,0.0,0.0
Обувь,TSMAS2527C,Кроссовки мужские Joma Smash Clay - Turquoise,Joma,8618 ₽,https://saletennis.com/catalog/product/krossovki-muzhskiie-joma-smash-clay-turquoise-17626,"43,5: Ижевск - 1 пар",1.0,public/data/product_images/91a6f8fe3853.webp,0.0,0.0,0,0.0,0.0,0.0,0,0.0,0.0,1.0
Обувь,TSMAS2532C,Кроссовки мужские Joma Smash Clay - White/Blue,Joma,8618 ₽,https://saletennis.com/catalog/product/krossovki-muzhskiie-joma-smash-clay-white-blue-17627,43: Ижевск - 1 пар,1.0,public/data/product_images/337b5bd0b5b3.webp,0.0,0.0,0,0.0,0.0,0.0,0,0.0,0.0,1.0
Обувь,TSPINS2612OM,Кроссовки мужские Joma Spin Padel - Grey/Blue,Joma,7992 ₽,https://saletennis.com/catalog/product/krossovki-muzhskiie-joma-spin-padel-grey-blue-18728,"42,5: Ижевск - 1 пар | 42,5: Тюмень (Народная) - 1 пар | 43: Ижевск - 1 пар | 43: Основной склад Екатеринбург - 2 пар | 43: Уфа - 1 пар | 43: Соболева - 2 пар | 44: Ижевск - 1 пар | 44: Уфа - 1 пар | 44: Соболева - 1 пар | 45: Соболева - 1 пар | 45: Ижевск - 1 пар",13.0,public/data/product_images/1aea6b2bb416.webp,0.0,0.0,2,4.0,0.0,0.0,0,1.0,2.0,4.0
Обувь,TSPINS2631OM,Кроссовки мужские Joma Spin Padel - Orange/Black,Joma,7992 ₽,https://saletennis.com/catalog/product/krossovki-muzhskiie-joma-spin-padel-orange-black-18729,42: Соболева - 1 пар | 42: Санкт-Петербург (Спортивная) - 1 пар | 43: Уфа - 1 пар | 43: Соболева - 1 пар | 44: Ижевск - 1 пар,5.0,public/data/product_images/c156aad6252c.webp,0.0,1.0,0,2.0,0.0,0.0,0,0.0,1.0,1.0
Обувь,TSPINS2632OM,Кроссовки мужские Joma Spin Padel - White/Navy/Orange,Joma,7992 ₽,https://saletennis.com/catalog/product/krossovki-muzhskiie-joma-spin-padel-white-navy-orange-18730,"42,5: Соболева - 1 пар | 43: Соболева - 1 пар",2.0,public/data/product_images/f644183c091c.webp,0.0,0.0,0,2.0,0.0,0.0,0,0.0,0.0,0.0
Обувь,TSPINS2602OM,Кроссовки мужские Joma Spin Padel - White/Yellow,Joma,7992 ₽,https://saletennis.com/catalog/product/krossovki-muzhskiie-joma-spin-padel-white-yellow-18731,44: Ижевск - 1 пар,1.0,public/data/product_images/edc4e18989f2.webp,0.0,0.0,0,0.0,0.0,0.0,0,0.0,0.0,1.0
Обувь,TPOIS2531AC,Кроссовки мужские Joma T.Point - Black/Turquose,Joma,7868 ₽,https://saletennis.com/catalog/product/krossovki-muzhskiie-joma-t-point-black-turquose-17501,"43,5: Тюмень - 1 пар | 43,5: Парина - 1 пар | 44: Тюмень - 1 пар",3.0,public/data/product_images/3870646477ed.webp,0.0,0.0,0,0.0,1.0,0.0,0,2.0,0.0,0.0
Обувь,TPOIS2531C,Кроссовки мужские Joma T.Point Clay - Black/Turquose,Joma,7868 ₽,https://saletennis.com/catalog/product/krossovki-muzhskiie-joma-t-point-clay-black-turquose-17502,"43,5: Парина - 1 пар",1.0,public/data/product_images/f5ff8ed13a7f.webp,0.0,0.0,0,0.0,1.0,0.0,0,0.0,0.0,0.0
Обувь,TSETW2501AC,Кроссовки мужские Joma T.Set - Black/Green,Joma,5993 ₽,https://saletennis.com/catalog/product/krossovki-muzhskiie-joma-t-set-black-green-18362,"39: Санкт-Петербург (Спортивная) - 1 пар | 40,5: Тюмень (Народная) - 1 пар | 41: Парина - 3 пар | 41: Санкт-Петербург (Спортивная) - 1 пар | 41: Уфа - 1 пар | 42: Санкт-Петербург (Спортивная) - 1 пар | 42: Парина - 6 пар | 42: Уфа - 1 пар | 42,5: Уфа - 1 пар | 42,5: Тюмень (Народная) - 1 пар | 42,5: Ижевск - 1 пар | 42,5: Парина - 1 пар | 42,5: Соболева - 1 пар | 43: Санкт-Петербург (Спортивная) - 1 пар | 43: Уфа - 1 пар | 43: Тюмень (Народная) - 1 пар | 43: Ижевск - 1 пар | 43: Парина - 3 пар | 43: Соболева - 1 пар | 44: Санкт-Петербург (Спортивная) - 1 пар",29.0,public/data/product_images/c118508e512b.webp,0.0,5.0,0,2.0,13.0,0.0,0,3.0,4.0,2.0
Обувь,TSETS2531AC,Кроссовки мужские Joma T.Set - Black/Lemon,Joma,5618 ₽,https://saletennis.com/catalog/product/krossovki-muzhskiie-joma-t-set-black-lemon-16895,43: Парина - 1 пар | 43: Соболева - 1 пар | 44: Тюмень (Народная) - 1 пар,3.0,public/data/product_images/2c185a5c3635.webp,0.0,0.0,0,1.0,1.0,0.0,0,1.0,0.0,0.0
Обувь,TSETS2501AC,Кроссовки мужские Joma T.Set - Black/Turquose,Joma,5618 ₽,https://saletennis.com/catalog/product/krossovki-muzhskiie-joma-t-set-black-turquose-17503,"42,5: Ижевск - 1 пар | 43,5: Санкт-Петербург (Спортивная) - 1 пар | 43,5: Ижевск - 1 пар",3.0,public/data/product_images/80da9e8b460a.webp,0.0,1.0,0,0.0,0.0,0.0,0,0.0,0.0,2.0
Обувь,TSETS2541AC,Кроссовки мужские Joma T.Set - Black/White,Joma,5618 ₽,https://saletennis.com/catalog/product/krossovki-muzhskiie-joma-t-set-black-white-17047,"40,5: Парина - 1 пар | 43: Парина - 1 пар | 43,5: Тюмень (Народная) - 1 пар",3.0,public/data/product_images/26faba594e0c.webp,0.0,0.0,0,0.0,2.0,0.0,0,1.0,0.0,0.0
Обувь,TSETS2501C,Кроссовки мужские Joma T.Set Clay - Black/Turquose,Joma,5618 ₽,https://saletennis.com/catalog/product/krossovki-muzhskiie-joma-t-set-clay-black-turquose-17504,"42,5: Парина - 1 пар | 43,5: Парина - 1 пар",2.0,public/data/product_images/7c2388f9b38f.webp,0.0,0.0,0,0.0,2.0,0.0,0,0.0,0.0,0.0
Обувь,TSETW2432AC,Кроссовки мужские Joma T.Set - White/Black,Joma,5993 ₽,https://saletennis.com/catalog/product/krossovki-muzhskiie-joma-t-set-white-black-16518,43: Парина - 1 пар,1.0,public/data/product_images/f18f72260bb6.webp,0.0,0.0,0,0.0,1.0,0.0,0,0.0,0.0,0.0
Обувь,61GA243237,Кроссовки мужские Mizuno Wave Enforce Court AC - White/Neo Mint,Mizuno,12142 ₽,https://saletennis.com/catalog/product/krossovki-muzhskiie-mizuno-wave-enforce-court-ac-white-neo-mint-17604,"42,5: Санкт-Петербург (Спортивная) - 1 пар | 42,5: Парина - 1 пар | 44: Тюмень (Народная) - 1 пар | 44,5: Соболева - 1 пар",4.0,public/data/product_images/c3abea75d274.webp,0.0,1.0,0,1.0,1.0,0.0,0,1.0,0.0,0.0
Обувь,61GA250060,Кроссовки мужские Mizuno Wave Enforce Tour 2 AC - White/Baritone Blue/Fiery Cora,Mizuno,18990 ₽,https://saletennis.com/catalog/product/krossovki-muzhskiie-mizuno-wave-enforce-tour-2-ac-white-baritone-blue-fiery-cora-18039,43: Парина - 1 пар,1.0,public/data/product_images/8d7d2b1fc00f.webp,0.0,0.0,0,0.0,1.0,0.0,0,0.0,0.0,0.0
Обувь,61GA260002,Кроссовки мужские Mizuno Wave Enforce Tour 2 AC - White/Blue/Orange,Mizuno,15990 ₽,https://saletennis.com/catalog/product/krossovki-muzhskiie-mizuno-wave-enforce-tour-2-ac-white-blue-orange-19557,"41: Санкт-Петербург (Спортивная) - 1 пар | 41: Основной склад Екатеринбург - 1 пар | 42: Основной склад Екатеринбург - 2 пар | 42: Санкт-Петербург (Спортивная) - 1 пар | 42,5: Санкт-Петербург (Спортивная) - 1 пар | 42,5: Основной склад Екатеринбург - 3 пар | 43: Санкт-Петербург (Спортивная) - 1 пар | 43: Основной склад Екатеринбург - 2 пар | 44: Основной склад Екатеринбург - 2 пар | 44: Санкт-Петербург (Спортивная) - 1 пар | 44,5: Санкт-Петербург (Спортивная) - 1 пар | 44,5: Основной склад Екатеринбург - 1 пар | 45: Основной склад Екатеринбург - 1 пар | 45: Санкт-Петербург (Спортивная) - 1 пар | 46: Санкт-Петербург (Спортивная) - 1 пар | 47: Санкт-Петербург (Спортивная) - 1 пар",21.0,public/data/product_images/83ca4068b278.webp,0.0,9.0,12,0.0,0.0,0.0,0,0.0,0.0,0.0
Обувь,61GC260314,Кроссовки мужские Mizuno Wave Enforce Tour 2 CC - Blue/White/Orange,Mizuno,15990 ₽,https://saletennis.com/catalog/product/krossovki-muzhskiie-mizuno-wave-enforce-tour-2-cc-blue-white-orange-19553,"41: Санкт-Петербург (Спортивная) - 1 пар | 42: Санкт-Петербург (Спортивная) - 1 пар | 42: Основной склад Екатеринбург - 1 пар | 42,5: Основной склад Екатеринбург - 2 пар | 42,5: Санкт-Петербург (Спортивная) - 1 пар | 43: Основной склад Екатеринбург - 1 пар | 43: Санкт-Петербург (Спортивная) - 1 пар | 44: Санкт-Петербург (Спортивная) - 1 пар | 44: Основной склад Екатеринбург - 1 пар | 45: Санкт-Петербург (Спортивная) - 1 пар | 46: Санкт-Петербург (Спортивная) - 1 пар",12.0,public/data/product_images/60e8a53877fb.webp,0.0,7.0,5,0.0,0.0,0.0,0,0.0,0.0,0.0
Обувь,61GA231828,Кроссовки мужские Mizuno Wave Exceed Light 2 AC - Mugen Blue,Mizuno,11618 ₽,https://saletennis.com/catalog/product/krossovki-muzhskiie-mizuno-wave-exceed-light-2-ac-mugen-blue-16741,43: Парина - 1 пар,1.0,public/data/product_images/a36d6919c52e.webp,0.0,0.0,0,0.0,1.0,0.0,0,0.0,0.0,0.0
Обувь,61GA227038,Кроссовки мужские Mizuno Wave Exceed Tour 5 AC - Black,Mizuno,13990 ₽,https://saletennis.com/catalog/product/krossovki-muzhskiie-mizuno-wave-exceed-tour-5-ac-black-15074,44: Парина - 1 пар,1.0,public/data/product_images/4d6373f64c91.webp,0.0,0.0,0,0.0,1.0,0.0,0,0.0,0.0,0.0
Обувь,61GA227025,Кроссовки мужские Mizuno Wave Exceed Tour 5AC - Jetblue,Mizuno,13990 ₽,https://saletennis.com/catalog/product/krossovki-muzhskiie-mizuno-wave-exceed-tour-5ac-jetblue-15254,43: Парина - 1 пар,1.0,public/data/product_images/54a3181d0c5f.webp,0.0,0.0,0,0.0,1.0,0.0,0,0.0,0.0,0.0
Обувь,61GA247028,Кроссовки мужские Mizuno Wave Exceed Tour 6 AC - Mugen Blue,Mizuno,18490 ₽,https://saletennis.com/catalog/product/krossovki-muzhskiie-mizuno-wave-exceed-tour-6-ac-mugen-blue-16742,43: Соболева - 1 пар,1.0,public/data/product_images/2765a807138f.webp,0.0,0.0,0,1.0,0.0,0.0,0,0.0,0.0,0.0
Обувь,61GA247061,Кроссовки мужские Mizuno Wave Exceed Tour 6 AC - Radiant Red,Mizuno,13990 ₽,https://saletennis.com/catalog/product/krossovki-muzhskiie-mizuno-wave-exceed-tour-6-ac-radiant-red-1-15538,43: Тюмень (Народная) - 1 пар,1.0,public/data/product_images/72486244e633.webp,0.0,0.0,0,0.0,0.0,0.0,0,1.0,0.0,0.0
Обувь,61GA247060,Кроссовки мужские Mizuno Wave Exceed Tour 6 AC - White/Fiery Coral/Citrus,Mizuno,18490 ₽,https://saletennis.com/catalog/product/krossovki-muzhskiie-mizuno-wave-exceed-tour-6-ac-white-fiery-coral-citrus-18040,41: Парина - 1 пар | 43: Парина - 1 пар,2.0,public/data/product_images/c02e74436ff1.webp,0.0,0.0,0,0.0,2.0,0.0,0,0.0,0.0,0.0
Обувь,61GC247415,Кроссовки мужские Mizuno Wave Exceed Tour 6 CC - BellwetherBlue/White,Mizuno,14572 ₽,https://saletennis.com/catalog/product/krossovki-muzhskiie-mizuno-wave-exceed-tour-6-cc-bellwetherblue-white-17455,44: Санкт-Петербург (Спортивная) - 1 пар,1.0,public/data/product_images/b48ec6568f50.webp,0.0,1.0,0,0.0,0.0,0.0,0,0.0,0.0,0.0
Обувь,61GA267002,Кроссовки мужские Mizuno Wave Exceed Tour 7 AC - White/Blue/Orange,Mizuno,14990 ₽,https://saletennis.com/catalog/product/krossovki-muzhskiie-mizuno-wave-exceed-tour-7-ac-white-blue-orange-19558,"41: Основной склад Екатеринбург - 1 пар | 41: Санкт-Петербург (Спортивная) - 1 пар | 42: Санкт-Петербург (Спортивная) - 1 пар | 42: Основной склад Екатеринбург - 2 пар | 42,5: Санкт-Петербург (Спортивная) - 1 пар | 42,5: Основной склад Екатеринбург - 3 пар | 43: Основной склад Екатеринбург - 2 пар | 43: Санкт-Петербург (Спортивная) - 1 пар | 44: Санкт-Петербург (Спортивная) - 1 пар | 44: Основной склад Екатеринбург - 2 пар | 44,5: Санкт-Петербург (Спортивная) - 1 пар | 44,5: Основной склад Екатеринбург - 1 пар | 45: Санкт-Петербург (Спортивная) - 1 пар | 45: Основной склад Екатеринбург - 1 пар | 46: Основной склад Екатеринбург - 1 пар | 47: Основной склад Екатеринбург - 1 пар",21.0,public/data/product_images/aa02936c617f.webp,0.0,7.0,14,0.0,0.0,0.0,0,0.0,0.0,0.0
Обувь,61GC267514,Кроссовки мужские Mizuno Wave Exceed Tour 7 CC - Blue/White/Orange,Mizuno,14990 ₽,https://saletennis.com/catalog/product/krossovki-muzhskiie-mizuno-wave-exceed-tour-7-cc-blue-white-orange-19555,"41: Основной склад Екатеринбург - 1 пар | 41: Санкт-Петербург (Спортивная) - 1 пар | 42: Санкт-Петербург (Спортивная) - 1 пар | 42: Основной склад Екатеринбург - 2 пар | 42,5: Санкт-Петербург (Спортивная) - 1 пар | 42,5: Основной склад Екатеринбург - 3 пар | 43: Санкт-Петербург (Спортивная) - 1 пар | 43: Основной склад Екатеринбург - 2 пар | 44: Санкт-Петербург (Спортивная) - 1 пар | 44: Основной склад Екатеринбург - 2 пар | 44,5: Санкт-Петербург (Спортивная) - 1 пар | 44,5: Основной склад Екатеринбург - 1 пар | 45: Санкт-Петербург (Спортивная) - 1 пар | 45: Основной склад Екатеринбург - 1 пар | 46: Санкт-Петербург (Спортивная) - 1 пар",20.0,public/data/product_images/1d6c52717347.webp,0.0,8.0,12,0.0,0.0,0.0,0,0.0,0.0,0.0
Обувь,HQ6026-003,Кроссовки мужские Nike Court Air Zoom Vapor 12 Clay - Light Silver/Steam/White/Black,Nike,20490 ₽,https://saletennis.com/catalog/product/krossovki-muzhskiie-nike-court-air-zoom-vapor-12-clay-light-silver-steam-white-black-19206,"41: Парина - 1 пар | 42: Санкт-Петербург (Спортивная) - 1 пар | 42: Ижевск - 1 пар | 42,5: Ижевск - 1 пар | 43: Парина - 1 пар | 43: Ижевск - 1 пар | 44: Ижевск - 1 пар | 44: Парина - 1 пар | 44,5: Парина - 1 пар | 45: Парина - 1 пар | 45,5: Санкт-Петербург (Спортивная) - 1 пар",11.0,public/data/product_images/1d6c027aac5d.webp,0.0,2.0,0,0.0,5.0,0.0,0,0.0,0.0,4.0
Обувь,HQ6026-401,Кроссовки мужские Nike Court Air Zoom Vapor 12 Clay - Racer Blue/Lightening/Deep Royal Blue,Nike,15490 ₽,https://saletennis.com/catalog/product/krossovki-muzhskiie-nike-court-air-zoom-vapor-12-clay-racer-blue-lightening-deep-royal-blue-18107,42: Бисертская - 1 пар,1.0,public/data/product_images/dc36863d34b6.webp,0.0,0.0,0,0.0,0.0,1.0,0,0.0,0.0,0.0
Обувь,HQ6026-403,Кроссовки мужские Nike Court Air Zoom Vapor 12 Clay - University Blue/Midnight Navy,Nike,20490 ₽,https://saletennis.com/catalog/product/krossovki-muzhskiie-nike-court-air-zoom-vapor-12-clay-university-blue-midnight-navy-19015,"41: Парина - 1 пар | 42: Санкт-Петербург (Спортивная) - 1 пар | 42,5: Уфа - 1 пар | 42,5: Ижевск - 1 пар | 43: Уфа - 1 пар | 43: Парина - 1 пар | 43: Санкт-Петербург (Спортивная) - 1 пар | 44: Парина - 1 пар | 44: Санкт-Петербург (Спортивная) - 1 пар | 44: Уфа - 1 пар | 44,5: Парина - 1 пар | 44,5: Санкт-Петербург (Спортивная) - 1 пар | 45: Санкт-Петербург (Спортивная) - 1 пар | 45: Парина - 1 пар | 45,5: Парина - 1 пар",15.0,public/data/product_images/d1b35a4cdb57.webp,0.0,5.0,0,0.0,6.0,0.0,0,0.0,3.0,1.0
Обувь,FV5552-800,Кроссовки мужские Nike Court Air Zoom Vapor 12 HC - Apricot Agate,Nike,14990 ₽,https://saletennis.com/catalog/product/krossovki-muzhskiie-nike-court-air-zoom-vapor-12-hc-apricot-agate-17669,43: Парина - 1 пар,1.0,public/data/product_images/8a0f82a07182.webp,0.0,0.0,0,0.0,1.0,0.0,0,0.0,0.0,0.0
Обувь,FV5552-400,Кроссовки мужские Nike Court Air Zoom Vapor 12 HC - Ashen Blue/Orange,Nike,14990 ₽,https://saletennis.com/catalog/product/krossovki-muzhskiie-nike-court-air-zoom-vapor-12-hc-ashen-blue-orange-17670,42: Уфа - 1 пар,1.0,public/data/product_images/b985ecffa66a.webp,0.0,0.0,0,0.0,0.0,0.0,0,0.0,1.0,0.0
Обувь,FV5552-001,Кроссовки мужские Nike Court Air Zoom Vapor 12 HC - Black/Dark Smoke Grey/White,Nike,17192 ₽,https://saletennis.com/catalog/product/krossovki-muzhskiie-nike-court-air-zoom-vapor-12-hc-black-dark-smoke-grey-white-17351,"41: Санкт-Петербург (Спортивная) - 1 пар | 42: Санкт-Петербург (Спортивная) - 1 пар | 42: Уфа - 1 пар | 42,5: Санкт-Петербург (Спортивная) - 2 пар | 42,5: Бисертская - 1 пар | 42,5: Ижевск - 2 пар | 42,5: Парина - 1 пар | 42,5: Тюмень (Народная) - 1 пар | 43: Ижевск - 2 пар | 43: Соболева - 1 пар | 43: Парина - 1 пар | 43: Уфа - 2 пар | 43: Бисертская - 1 пар | 44: Тюмень (Народная) - 1 пар | 44: Уфа - 1 пар | 44: Ижевск - 1 пар | 44,5: Ижевск - 1 пар | 44,5: Санкт-Петербург (Спортивная) - 1 пар | 45: Ижевск - 1 пар | 45,5: Парина - 1 пар",24.0,public/data/product_images/a96eff51ebb9.webp,0.0,5.0,0,1.0,3.0,2.0,0,2.0,4.0,7.0
Обувь,FV5552-402,Кроссовки мужские Nike Court Air Zoom Vapor 12 HC - Midnight Navy/White,Nike,14490 ₽,https://saletennis.com/catalog/product/krossovki-muzhskiie-nike-court-air-zoom-vapor-12-hc-midnight-navy-white-18433,43: Парина - 1 пар | 43: Уфа - 1 пар,2.0,public/data/product_images/70967bd3b9f6.webp,0.0,0.0,0,0.0,1.0,0.0,0,0.0,1.0,0.0
Обувь,FV5552-401,Кроссовки мужские Nike Court Air Zoom Vapor 12 HC - Racer Blue/Lightening/Deep Royal Blue,Nike,15490 ₽,https://saletennis.com/catalog/product/krossovki-muzhskiie-nike-court-air-zoom-vapor-12-hc-racer-blue-lightening-deep-royal-blue-18096,"43: Парина - 1 пар | 43: Санкт-Петербург (Спортивная) - 1 пар | 45,5: Парина - 1 пар",3.0,public/data/product_images/d8660d3343f7.webp,0.0,1.0,0,0.0,2.0,0.0,0,0.0,0.0,0.0
Обувь,FV5552-403,Кроссовки мужские Nike Court Air Zoom Vapor 12 HC - University Blue/Midnight Navy,Nike,20490 ₽,https://saletennis.com/catalog/product/krossovki-muzhskiie-nike-court-air-zoom-vapor-12-hc-university-blue-midnight-navy-19010,"41: Парина - 1 пар | 43: Санкт-Петербург (Спортивная) - 1 пар | 43: Ижевск - 1 пар | 44,5: Санкт-Петербург (Спортивная) - 1 пар | 45: Санкт-Петербург (Спортивная) - 1 пар",5.0,public/data/product_images/32600ea34035.webp,0.0,3.0,0,0.0,1.0,0.0,0,0.0,0.0,1.0
Обувь,IB2534-100,Кроссовки мужские Nike Court Air Zoom Vapor 12 HC - White/Hot Lava,Nike,15990 ₽,https://saletennis.com/catalog/product/krossovki-muzhskiie-nike-court-air-zoom-vapor-12-hc-white-hot-lava-18819,"42,5: Санкт-Петербург (Спортивная) - 1 пар | 42,5: Парина - 1 пар | 42,5: Ижевск - 1 пар",3.0,public/data/product_images/801cf14a03ef.webp,0.0,1.0,0,0.0,1.0,0.0,0,0.0,0.0,1.0
Обувь,HQ2602-400,Кроссовки мужские Nike Court Air Zoom Vapor 12 Hypersmash - Racer Blue/Pure Platinum/Orange,Nike,15269 ₽,https://saletennis.com/catalog/product/krossovki-muzhskiie-nike-court-air-zoom-vapor-12-hypersmash-racer-blue-pure-platinum-orange-18326,"41: Парина - 1 пар | 42: Парина - 1 пар | 42: Санкт-Петербург (Спортивная) - 1 пар | 42,5: Санкт-Петербург (Спортивная) - 1 пар | 42,5: Тюмень (Народная) - 1 пар | 42,5: Уфа - 1 пар | 42,5: Парина - 1 пар | 43: Соболева - 1 пар | 43: Уфа - 1 пар | 43: Санкт-Петербург (Спортивная) - 1 пар | 44: Тюмень (Народная) - 1 пар | 44: Санкт-Петербург (Спортивная) - 1 пар | 44: Парина - 1 пар | 44: Уфа - 1 пар | 44,5: Соболева - 1 пар | 44,5: Санкт-Петербург (Спортивная) - 1 пар | 45: Тюмень (Народная) - 1 пар | 45: Санкт-Петербург (Спортивная) - 1 пар",18.0,public/data/product_images/5aa53257bba3.webp,0.0,6.0,0,2.0,4.0,0.0,0,3.0,3.0,0.0
Обувь,HV1486-100,Кроссовки мужские Nike Court Air Zoom Vapor 12 Magnolia - White/Metallic Gold/Pure Platinum,Nike,15990 ₽,https://saletennis.com/catalog/product/krossovki-muzhskiie-nike-court-air-zoom-vapor-12-magnolia-white-metallic-gold-pure-platinum-18434,"42,5: Парина - 1 пар",1.0,public/data/product_images/0da01a61a10b.webp,0.0,0.0,0,0.0,1.0,0.0,0,0.0,0.0,0.0
Обувь,HV1488-100,Кроссовки мужские Nike Court Vapor 12 Hypersmash HC - White/Metallic Gold/Pure Platinum,Nike,15594 ₽,https://saletennis.com/catalog/product/krossovki-muzhskiie-nike-court-vapor-12-hypersmash-hc-white-metallic-gold-pure-platinum-18435,"42,5: Тюмень (Народная) - 1 пар | 42,5: Парина - 1 пар | 42,5: Санкт-Петербург (Спортивная) - 1 пар | 43: Ижевск - 1 пар | 44: Санкт-Петербург (Спортивная) - 1 пар",5.0,public/data/product_images/b8041ef3d914.webp,0.0,2.0,0,0.0,1.0,0.0,0,1.0,0.0,1.0
Обувь,DV2018-004,Кроссовки мужские Nike Court Vapor Light 2 - Black/Poison Green,Nike,8990 ₽,https://saletennis.com/catalog/product/krossovki-muzhskiie-nike-court-vapor-light-2-black-poison-green-15861,"42: Парина - 1 пар | 42: Тюмень (Народная) - 1 пар | 42,5: Парина - 2 пар | 42,5: Тюмень (Народная) - 1 пар | 43: Парина - 1 пар | 44: Парина - 1 пар | 44: Соболева - 1 пар | 44,5: Парина - 1 пар",9.0,public/data/product_images/b290725fe98e.webp,0.0,0.0,0,1.0,6.0,0.0,0,2.0,0.0,0.0
Обувь,DV2018-001,Кроссовки мужские Nike Court Vapor Light 2 - Black/White,Nike,9093 ₽,https://saletennis.com/catalog/product/krossovki-muzhskiie-nike-court-vapor-light-2-black-white-16210,"42,5: Бисертская - 1 пар | 42,5: Парина - 1 пар",2.0,public/data/product_images/79722ee182d0.webp,0.0,0.0,0,0.0,1.0,1.0,0,0.0,0.0,0.0
Обувь,DV2018-401,Кроссовки мужские Nike Court Vapor Light 2 - Denim Turquoise,Nike,9093 ₽,https://saletennis.com/catalog/product/krossovki-muzhskiie-nike-court-vapor-light-2-denim-turquoise-16379,44: Парина - 1 пар | 44: Соболева - 1 пар,2.0,public/data/product_images/616065279df0.webp,0.0,0.0,0,1.0,1.0,0.0,0,0.0,0.0,0.0
Обувь,FZ2155-800,Кроссовки мужские Nike Court Vapor Lite 3 HC - Apricot Agate,Nike,7990 ₽,https://saletennis.com/catalog/product/krossovki-muzhskiie-nike-court-vapor-lite-3-hc-apricot-agate-17671,"42: Тюмень (Народная) - 1 пар | 42: Парина - 1 пар | 42: Соболева - 1 пар | 42,5: Тюмень (Народная) - 1 пар | 43: Тюмень (Народная) - 1 пар | 43: Уфа - 1 пар",6.0,public/data/product_images/5e3699dc2931.webp,0.0,0.0,0,1.0,1.0,0.0,0,3.0,1.0,0.0
Обувь,FZ2155-001,Кроссовки мужские Nike Court Vapor Lite 3 HC - Black/White,Nike,8993 ₽,https://saletennis.com/catalog/product/krossovki-muzhskiie-nike-court-vapor-lite-3-hc-black-white-17353,"42: Соболева - 1 пар | 42: Парина - 1 пар | 42: Уфа - 2 пар | 42: Тюмень (Народная) - 2 пар | 42: Санкт-Петербург (Спортивная) - 1 пар | 42: Ижевск - 1 пар | 42,5: Санкт-Петербург (Спортивная) - 1 пар | 42,5: Бисертская - 1 пар | 42,5: Уфа - 1 пар | 42,5: Ижевск - 1 пар | 42,5: Соболева - 1 пар | 42,5: Тюмень (Народная) - 3 пар | 43: Соболева - 1 пар | 43: Уфа - 2 пар | 43: Ижевск - 2 пар | 43: Бисертская - 1 пар | 43: Санкт-Петербург (Спортивная) - 2 пар | 44: Тюмень (Народная) - 2 пар | 44: Соболева - 1 пар | 44: Уфа - 3 пар | 44: Санкт-Петербург (Спортивная) - 1 пар | 44: Парина - 2 пар | 44: Ижевск - 2 пар | 44,5: Тюмень (Народная) - 1 пар | 44,5: Парина - 1 пар | 44,5: Уфа - 1 пар | 44,5: Бисертская - 1 пар | 44,5: Соболева - 1 пар | 45: Бисертская - 1 пар | 45: Парина - 2 пар | 45: Уфа - 1 пар | 45,5: Парина - 1 пар | 45,5: Тюмень (Народная) - 1 пар",46.0,public/data/product_images/8c5edffddb29.webp,0.0,5.0,0,5.0,7.0,4.0,0,9.0,10.0,6.0
Обувь,FZ2155-402,Кроссовки мужские Nike Court Vapor Lite 3 HC - Hydrogen Blue/Midnight Navy/Hot Lava,Nike,10090 ₽,https://saletennis.com/catalog/product/krossovki-muzhskiie-nike-court-vapor-lite-3-hc-hydrogen-blue-midnight-navy-hot-lava-19016,"44: Уфа - 1 пар | 44,5: Уфа - 1 пар",2.0,public/data/product_images/4f39f4dd0fb0.webp,0.0,0.0,0,0.0,0.0,0.0,0,0.0,2.0,0.0
Обувь,FZ2155-401,Кроссовки мужские Nike Court Vapor Lite 3 HC - Racer Blue/Lightening/White/Black,Nike,8393 ₽,https://saletennis.com/catalog/product/krossovki-muzhskiie-nike-court-vapor-lite-3-hc-racer-blue-lightening-white-black-18097,"42: Тюмень (Народная) - 1 пар | 42,5: Санкт-Петербург (Спортивная) - 1 пар | 42,5: Соболева - 1 пар | 42,5: Тюмень (Народная) - 1 пар | 42,5: Ижевск - 1 пар | 42,5: Парина - 1 пар | 43: Соболева - 1 пар | 43: Тюмень (Народная) - 1 пар | 43: Ижевск - 1 пар | 44: Соболева - 1 пар | 44: Ижевск - 1 пар | 44: Санкт-Петербург (Спортивная) - 1 пар | 44,5: Парина - 1 пар | 45: Парина - 1 пар | 45: Соболева - 1 пар",15.0,public/data/product_images/8c0d713c3ca6.webp,0.0,2.0,0,4.0,3.0,0.0,0,3.0,0.0,3.0
Обувь,FZ2155-400,Кроссовки мужские Nike Court Vapor Lite 3 HC - Thunder Blue,Nike,8618 ₽,https://saletennis.com/catalog/product/krossovki-muzhskiie-nike-court-vapor-lite-3-hc-thunder-blue-17672,"42: Тюмень (Народная) - 1 пар | 42,5: Тюмень (Народная) - 1 пар | 43: Санкт-Петербург (Спортивная) - 1 пар | 43: Ижевск - 1 пар | 45: Соболева - 1 пар",5.0,public/data/product_images/32bbe83dd413.webp,0.0,1.0,0,1.0,0.0,0.0,0,2.0,0.0,1.0
Обувь,FZ2155-102,Кроссовки мужские Nike Court Vapor Lite 3 HC - White/Midnight Navy,Nike,8393 ₽,https://saletennis.com/catalog/product/krossovki-muzhskiie-nike-court-vapor-lite-3-hc-white-midnight-navy-18436,"43: Тюмень (Народная) - 1 пар | 43: Уфа - 1 пар | 45,5: Парина - 1 пар",3.0,public/data/product_images/ffde17e5b47d.webp,0.0,0.0,0,0.0,1.0,0.0,0,1.0,1.0,0.0
Обувь,HV1469-200,Кроссовки мужские Nike Vapor 12 Clay Premium - Light Violet Ore/Anthracite/Vast Grey,Nike,21490 ₽,https://saletennis.com/catalog/product/krossovki-muzhskiie-nike-vapor-12-clay-premium-light-violet-ore-anthracite-vast-grey-19227,"41: Соболева - 1 пар | 42: Ижевск - 1 пар | 42: Санкт-Петербург (Спортивная) - 1 пар | 42,5: Ижевск - 1 пар | 42,5: Соболева - 1 пар | 42,5: Санкт-Петербург (Спортивная) - 1 пар | 43: Ижевск - 1 пар | 43: Санкт-Петербург (Спортивная) - 1 пар | 43: Соболева - 1 пар | 43: Парина - 1 пар | 44: Соболева - 1 пар | 44: Ижевск - 1 пар | 44,5: Соболева - 1 пар | 44,5: Санкт-Петербург (Спортивная) - 1 пар | 45: Санкт-Петербург (Спортивная) - 1 пар | 45,5: Соболева - 1 пар | 46: Соболева - 1 пар",17.0,public/data/product_images/e68bd0c4aaaf.webp,0.0,5.0,0,7.0,1.0,0.0,0,0.0,0.0,4.0
Обувь,IB6555-100,Кроссовки мужские Nike Vapor 12 - Sail/Turf Orange/Blue Ribbon Heather/Black,Nike,21990 ₽,https://saletennis.com/catalog/product/krossovki-muzhskiie-nike-vapor-12-sail-turf-orange-blue-ribbon-heather-black-19026,41: Соболева - 1 пар | 42: Тюмень (Народная) - 1 пар | 43: Санкт-Петербург (Спортивная) - 1 пар,3.0,public/data/product_images/57ae9b91e827.webp,0.0,1.0,0,1.0,0.0,0.0,0,1.0,0.0,0.0
Обувь,HQ5292-001,Кроссовки мужские Nike Vapor Lite 3 Clay - Black/White,Nike,8993 ₽,https://saletennis.com/catalog/product/krossovki-muzhskiie-nike-vapor-lite-3-clay-black-white-18437,"42: Ижевск - 1 пар | 42: Бисертская - 1 пар | 42,5: Ижевск - 1 пар | 42,5: Санкт-Петербург (Спортивная) - 1 пар | 43: Санкт-Петербург (Спортивная) - 1 пар | 43: Ижевск - 1 пар",6.0,public/data/product_images/5527e4fc7322.webp,0.0,2.0,0,0.0,0.0,1.0,0,0.0,0.0,3.0
Обувь,HQ5292-401,Кроссовки мужские Nike Vapor Lite 3 Clay - Racer Blue/Lightening/White/Black,Nike,8993 ₽,https://saletennis.com/catalog/product/krossovki-muzhskiie-nike-vapor-lite-3-clay-racer-blue-lightening-white-black-18108,"42,5: Ижевск - 1 пар | 43: Санкт-Петербург (Спортивная) - 1 пар",2.0,public/data/product_images/7c2a2f99ad55.webp,0.0,1.0,0,0.0,0.0,0.0,0,0.0,0.0,1.0
Обувь,HV1475-100,Кроссовки мужские Nike Vapor Lite 3 HC Premium - White/Hot Lava/Wolf Grey/Black,Nike,7990 ₽,https://saletennis.com/catalog/product/krossovki-muzhskiie-nike-vapor-lite-3-hc-premium-white-hot-lava-wolf-grey-black-19038,"41: Санкт-Петербург (Спортивная) - 1 пар | 42,5: Тюмень (Народная) - 1 пар | 44: Уфа - 1 пар | 45: Уфа - 1 пар | 45,5: Ижевск - 1 пар | 46: Парина - 1 пар",6.0,public/data/product_images/0ef0c1cd71c5.webp,0.0,1.0,0,0.0,1.0,0.0,0,1.0,2.0,1.0
Обувь,HQ6034-001,Кроссовки мужские Nike Vapor Pro 3 Clay - Black/White,Nike,17490 ₽,https://saletennis.com/catalog/product/krossovki-muzhskiie-nike-vapor-pro-3-clay-black-white-18109,"42,5: Санкт-Петербург (Спортивная) - 1 пар | 42,5: Уфа - 1 пар",2.0,public/data/product_images/8d83b6d78095.webp,0.0,1.0,0,0.0,0.0,0.0,0,0.0,1.0,0.0
Обувь,HQ6034-003,Кроссовки мужские Nike Vapor Pro 3 Clay - Light Silver/Black,Nike,16990 ₽,https://saletennis.com/catalog/product/krossovki-muzhskiie-nike-vapor-pro-3-clay-light-silver-black-19228,"42: Ижевск - 1 пар | 42: Бисертская - 1 пар | 42,5: Ижевск - 1 пар | 43: Бисертская - 1 пар | 44: Ижевск - 2 пар | 44: Бисертская - 1 пар | 44,5: Ижевск - 1 пар | 45: Ижевск - 1 пар",9.0,public/data/product_images/30fa4f3fb96b.webp,0.0,0.0,0,0.0,0.0,3.0,0,0.0,0.0,6.0
Обувь,IH1701-200,Кроссовки мужские Nike Vapor Pro 3 Clay - Light Violet Ore/Anthracite/Vast Grey,Nike,17990 ₽,https://saletennis.com/catalog/product/krossovki-muzhskiie-nike-vapor-pro-3-clay-light-violet-ore-anthracite-vast-grey-19229,"41: Соболева - 1 пар | 42: Соболева - 1 пар | 42,5: Соболева - 1 пар | 43: Парина - 1 пар | 43: Соболева - 1 пар | 44: Ижевск - 1 пар | 44,5: Санкт-Петербург (Спортивная) - 1 пар | 45: Соболева - 1 пар",8.0,public/data/product_images/b8f0783b3d1c.webp,0.0,1.0,0,5.0,1.0,0.0,0,0.0,0.0,1.0
Обувь,FZ2161-002,Кроссовки мужские Nike Vapor Pro 3 HC - Black,Nike,18990 ₽,https://saletennis.com/catalog/product/krossovki-muzhskiie-nike-vapor-pro-3-hc-black-17683,"41: Парина - 1 пар | 41: Тюмень (Народная) - 1 пар | 42: Уфа - 1 пар | 42: Парина - 1 пар | 42: Тюмень (Народная) - 1 пар | 42: Санкт-Петербург (Спортивная) - 1 пар | 42: Соболева - 1 пар | 42: Ижевск - 1 пар | 42,5: Парина - 1 пар | 42,5: Ижевск - 1 пар | 42,5: Бисертская - 1 пар | 42,5: Уфа - 1 пар | 42,5: Соболева - 2 пар | 42,5: Тюмень (Народная) - 1 пар | 42,5: Санкт-Петербург (Спортивная) - 2 пар | 43: Парина - 1 пар | 43: Тюмень (Народная) - 1 пар | 43: Санкт-Петербург (Спортивная) - 1 пар | 44: Тюмень (Народная) - 1 пар | 44: Парина - 1 пар | 44: Уфа - 1 пар | 44: Соболева - 2 пар | 44: Ижевск - 1 пар | 44,5: Ижевск - 1 пар | 44,5: Парина - 1 пар | 44,5: Санкт-Петербург (Спортивная) - 1 пар | 44,5: Соболева - 1 пар | 45: Санкт-Петербург (Спортивная) - 1 пар | 45: Парина - 1 пар | 45,5: Уфа - 1 пар | 45,5: Парина - 1 пар | 45,5: Соболева - 1 пар | 46: Тюмень (Народная) - 1 пар",36.0,public/data/product_images/0502b0ec160c.webp,0.0,6.0,0,7.0,8.0,1.0,0,6.0,4.0,4.0
Обувь,FZ2161-003,Кроссовки мужские Nike Vapor Pro 3 HC - Light Silver/Black/Steam/Phantom,Nike,16990 ₽,https://saletennis.com/catalog/product/krossovki-muzhskiie-nike-vapor-pro-3-hc-light-silver-black-steam-phantom-19207,"41: Парина - 1 пар | 42,5: Тюмень (Народная) - 1 пар | 42,5: Ижевск - 1 пар | 43: Ижевск - 1 пар | 43: Парина - 1 пар | 44: Тюмень (Народная) - 1 пар | 44: Парина - 1 пар | 44,5: Парина - 1 пар | 44,5: Тюмень (Народная) - 1 пар | 45,5: Парина - 1 пар",10.0,public/data/product_images/d45fb75507a5.webp,0.0,0.0,0,0.0,5.0,0.0,0,3.0,0.0,2.0
Обувь,HV1485-100,Кроссовки мужские Nike Vapor Pro 3 HC Magnolia - White/Pure Platinum/Metallic Gold,Nike,13490 ₽,https://saletennis.com/catalog/product/krossovki-muzhskiie-nike-vapor-pro-3-hc-magnolia-white-pure-platinum-metallic-gold-18440,"44,5: Ижевск - 1 пар",1.0,public/data/product_images/356674674b68.webp,0.0,0.0,0,0.0,0.0,0.0,0,0.0,0.0,1.0
Обувь,HV1453-200,Кроссовки мужские Nike Vapor Pro 3 HC Premium - Light Violet Ore/Anthracite/Vast Grey/Barely,Nike,17990 ₽,https://saletennis.com/catalog/product/krossovki-muzhskiie-nike-vapor-pro-3-hc-premium-light-violet-ore-anthracite-vast-grey-barely-19230,"41: Парина - 1 пар | 42,5: Уфа - 1 пар | 42,5: Парина - 1 пар | 43: Уфа - 1 пар | 44: Уфа - 1 пар | 44: Тюмень (Народная) - 1 пар | 44,5: Тюмень (Народная) - 1 пар | 44,5: Парина - 1 пар | 45: Парина - 1 пар | 45,5: Парина - 1 пар",10.0,public/data/product_images/7b453f089f3e.webp,0.0,0.0,0,0.0,5.0,0.0,0,2.0,3.0,0.0
Обувь,FZ2161-401,Кроссовки мужские Nike Vapor Pro 3 HC - Psychic Blue/Black,Nike,13490 ₽,https://saletennis.com/catalog/product/krossovki-muzhskiie-nike-vapor-pro-3-hc-psychic-blue-black-18438,"42,5: Парина - 1 пар | 42,5: Ижевск - 1 пар | 43: Уфа - 1 пар | 43: Тюмень (Народная) - 1 пар | 44,5: Ижевск - 1 пар",5.0,public/data/product_images/3117a581966b.webp,0.0,0.0,0,0.0,1.0,0.0,0,1.0,1.0,2.0
Обувь,FZ2161-402,Кроссовки мужские Nike Vapor Pro 3 HC - Racer Blue/Black/White/Lightening,Nike,13490 ₽,https://saletennis.com/catalog/product/krossovki-muzhskiie-nike-vapor-pro-3-hc-racer-blue-black-white-lightening-18101,"42: Санкт-Петербург (Спортивная) - 1 пар | 42,5: Санкт-Петербург (Спортивная) - 1 пар | 42,5: Соболева - 1 пар | 43: Санкт-Петербург (Спортивная) - 1 пар | 44,5: Тюмень (Народная) - 1 пар | 44,5: Санкт-Петербург (Спортивная) - 1 пар | 45: Санкт-Петербург (Спортивная) - 1 пар | 45: Тюмень (Народная) - 1 пар | 45: Уфа - 1 пар",9.0,public/data/product_images/547ca963f568.webp,0.0,5.0,0,1.0,0.0,0.0,0,2.0,1.0,0.0
Обувь,FZ2161-403,Кроссовки мужские Nike Vapor Pro 3 HC - University Blue/Midnight Navy/White,Nike,17490 ₽,https://saletennis.com/catalog/product/krossovki-muzhskiie-nike-vapor-pro-3-hc-university-blue-midnight-navy-white-19017,"42: Ижевск - 1 пар | 42,5: Ижевск - 1 пар | 42,5: Тюмень (Народная) - 1 пар | 42,5: Парина - 1 пар | 43: Тюмень (Народная) - 1 пар | 43: Ижевск - 1 пар | 44,5: Соболева - 1 пар | 45: Соболева - 1 пар | 45,5: Соболева - 1 пар",9.0,public/data/product_images/4e097e82c7ea.webp,0.0,0.0,0,3.0,1.0,0.0,0,2.0,0.0,3.0
Обувь,FZ2161-108,Кроссовки мужские Nike Vapor Pro 3 HC - White/Dark Raisin/Volt Tint,Nike,17490 ₽,https://saletennis.com/catalog/product/krossovki-muzhskiie-nike-vapor-pro-3-hc-white-dark-raisin-volt-tint-19018,"42: Ижевск - 1 пар | 42,5: Парина - 2 пар",3.0,public/data/product_images/73da199f7f14.webp,0.0,0.0,0,0.0,2.0,0.0,0,0.0,0.0,1.0
Обувь,IB6558-100,Кроссовки мужские Nike Vapor Pro 3 Premium HC - Sail/Turf Orange/Blue Ribbon Heather/Black,Nike,17990 ₽,https://saletennis.com/catalog/product/krossovki-muzhskiie-nike-vapor-pro-3-premium-hc-sail-turf-orange-blue-ribbon-heather-black-19028,"42,5: Санкт-Петербург (Спортивная) - 1 пар",1.0,public/data/product_images/7c84153c961e.webp,0.0,1.0,0,0.0,0.0,0.0,0,0.0,0.0,0.0
Обувь,IQ5179-005,Кроссовки мужские Nike Zoom GP Challenge 1.5 Clay - Steam/Black/Light Silver/White,Nike,20490 ₽,https://saletennis.com/catalog/product/krossovki-muzhskiie-nike-zoom-gp-challenge-1-5-clay-steam-black-light-silver-white-19254,"41: Соболева - 1 пар | 42: Ижевск - 1 пар | 43: Санкт-Петербург (Спортивная) - 1 пар | 44,5: Парина - 1 пар",4.0,public/data/product_images/e86719dc92cc.webp,0.0,1.0,0,1.0,1.0,0.0,0,0.0,0.0,1.0
Обувь,IQ5181-300,Кроссовки мужские Nike Zoom GP Challenge 1.5 HC - Saffron Quartz/Olive Flak/Sail/Black,Nike,20490 ₽,https://saletennis.com/catalog/product/krossovki-muzhskiie-nike-zoom-gp-challenge-1-5-hc-saffron-quartz-olive-flak-sail-black-19040,"41: Парина - 1 пар | 42: Парина - 1 пар | 42,5: Тюмень (Народная) - 1 пар | 43: Тюмень (Народная) - 1 пар | 44,5: Тюмень (Народная) - 1 пар",5.0,public/data/product_images/ccf47939c8fe.webp,0.0,0.0,0,0.0,2.0,0.0,0,3.0,0.0,0.0
Обувь,FB3147-104,Кроссовки мужские Nike Zoom GP Challenge 1 HC - White/Radiant Emerald,Nike,13990 ₽,https://saletennis.com/catalog/product/krossovki-muzhskiie-nike-zoom-gp-challenge-1-hc-white-radiant-emerald-18296,"45,5: Бисертская - 1 пар",1.0,public/data/product_images/09f041ce5246.webp,0.0,0.0,0,0.0,0.0,1.0,0,0.0,0.0,0.0
Обувь,TS101001-BKWH,Кроссовки Seven Six Sprint - Black/White,7/6,3990 ₽,https://saletennis.com/catalog/product/krossovki-seven-six-sprint-black-white-15535,44: Бисертская - 1 пар,1.0,public/data/product_images/c73bd97c6fc6.webp,0.0,0.0,0,0.0,0.0,1.0,0,0.0,0.0,0.0
Обувь,TSW101001-BKWH,Кроссовки Seven Six Sprint W - Black/White,7/6,3990 ₽,https://saletennis.com/catalog/product/krossovki-seven-six-sprint-w-black-white-15543,36: Соболева - 2 пар | 36: Бисертская - 1 пар | 36: Санкт-Петербург (Спортивная) - 1 пар | 36: Тюмень - 1 пар | 36: Парина - 2 пар | 36: Тюмень (Народная) - 1 пар,8.0,public/data/product_images/cf8be36cecd4.webp,0.0,1.0,0,2.0,2.0,1.0,0,2.0,0.0,0.0
Обувь,TSW101001-WHBK,Кроссовки Seven Six Sprint W - White/Black,7/6,3990 ₽,https://saletennis.com/catalog/product/krossovki-seven-six-sprint-w-white-black-15544,36: Санкт-Петербург (Спортивная) - 1 пар | 36: Тюмень (Народная) - 1 пар,2.0,public/data/product_images/1002d9cdd5c0.webp,0.0,1.0,0,0.0,0.0,0.0,0,1.0,0.0,0.0
Обувь,TS101001-WHBK,Кроссовки Seven Six Sprint - White/Black,7/6,3990 ₽,https://saletennis.com/catalog/product/krossovki-seven-six-sprint-white-black-15536,44: Парина - 1 пар | 44: Соболева - 1 пар | 44: Уфа - 1 пар | 45: Санкт-Петербург (Спортивная) - 1 пар | 45: Бисертская - 1 пар | 46: Санкт-Петербург (Спортивная) - 1 пар,6.0,public/data/product_images/5c4a3fb2b971.webp,0.0,2.0,0,1.0,1.0,1.0,0,0.0,1.0,0.0
Обувь,TS76-BKWH,Кроссовки женские 7/6 - Marble 2.0 - Black/White,7/6,6990 ₽,https://saletennis.com/catalog/product/krossovki-zhienskiie-7-6-marble-2-0-black-white-17061,35: Бисертская - 1 пар,1.0,public/data/product_images/fb7b7da144e1.webp,0.0,0.0,0,0.0,0.0,1.0,0,0.0,0.0,0.0
Обувь,TS76-4939,Кроссовки женские 7/6 Marble 2.0 - Blue Blossom,7/6,6990 ₽,https://saletennis.com/catalog/product/krossovki-zhienskiie-7-6-marble-2-0-blue-blossom-18246,35: Уфа - 1 пар | 35: Санкт-Петербург (Спортивная) - 1 пар | 36: Санкт-Петербург (Ярослава Гашека) - 1 пар | 36: Санкт-Петербург (Спортивная) - 1 пар | 36: Уфа - 1 пар | 37: Ижевск - 1 пар | 37: Санкт-Петербург (Ярослава Гашека) - 1 пар | 37: Уфа - 1 пар | 39: Елизаветенское шоссе - 1 пар | 40: Парина - 1 пар,10.0,public/data/product_images/e8220220264b.webp,2.0,2.0,0,0.0,1.0,0.0,1,0.0,3.0,1.0
Обувь,TS76-0201,Кроссовки женские 7/6 Marble 2.0 - Dark Grey,7/6,11990 ₽,https://saletennis.com/catalog/product/krossovki-zhienskiie-7-6-marble-2-0-dark-grey-18732,35: Елизаветенское шоссе - 1 пар | 35: Санкт-Петербург (Ярослава Гашека) - 1 пар | 35: Санкт-Петербург (Спортивная) - 1 пар | 35: Соболева - 1 пар | 35: Ижевск - 1 пар | 36: Бисертская - 1 пар | 36: Санкт-Петербург (Спортивная) - 1 пар | 36: Ижевск - 1 пар | 36: Соболева - 1 пар | 36: Санкт-Петербург (Ярослава Гашека) - 1 пар | 36: Уфа - 1 пар | 36: Парина - 1 пар | 36: Елизаветенское шоссе - 1 пар | 37: Уфа - 1 пар | 37: Тюмень (Народная) - 1 пар | 37: Санкт-Петербург (Ярослава Гашека) - 1 пар | 37: Ижевск - 1 пар | 37: Елизаветенское шоссе - 1 пар | 37: Парина - 1 пар | 37: Основной склад Екатеринбург - 1 пар | 37: Бисертская - 1 пар | 37: Санкт-Петербург (Спортивная) - 1 пар | 37: Соболева - 1 пар | 38: Основной склад Екатеринбург - 1 пар | 38: Санкт-Петербург (Ярослава Гашека) - 1 пар | 38: Парина - 1 пар | 38: Санкт-Петербург (Спортивная) - 1 пар | 38: Бисертская - 1 пар | 38: Елизаветенское шоссе - 1 пар | 39: Елизаветенское шоссе - 1 пар | 39: Парина - 1 пар | 39: Ижевск - 1 пар | 39: Тюмень - 1 пар | 39: Уфа - 1 пар | 39: Санкт-Петербург (Ярослава Гашека) - 1 пар | 39: Бисертская - 1 пар | 39: Основной склад Екатеринбург - 1 пар | 39: Соболева - 1 пар | 40: Соболева - 1 пар | 40: Санкт-Петербург (Ярослава Гашека) - 2 пар | 40: Елизаветенское шоссе - 1 пар | 40: Санкт-Петербург (Спортивная) - 1 пар | 40: Уфа - 1 пар | 40: Тюмень - 1 пар | 40: Парина - 1 пар,46.0,public/data/product_images/172412353fc3.webp,7.0,5.0,3,5.0,5.0,4.0,6,3.0,4.0,4.0
Обувь,TS76-0116,Кроссовки женские 7/6 Marble 2.0 - Green Blossom,7/6,6990 ₽,https://saletennis.com/catalog/product/krossovki-zhienskiie-7-6-marble-2-0-green-blossom-18240,35: Санкт-Петербург (Спортивная) - 1 пар | 35: Парина - 1 пар | 35: Уфа - 1 пар | 36: Ижевск - 1 пар,4.0,public/data/product_images/fd3805e0f87e.webp,0.0,1.0,0,0.0,1.0,0.0,0,0.0,1.0,1.0
Обувь,TS76-4300,Кроссовки женские 7/6 Marble 2.0 - Light Grey,7/6,11990 ₽,https://saletennis.com/catalog/product/krossovki-zhienskiie-7-6-marble-2-0-light-grey-18733,35: Тюмень (Народная) - 1 пар | 35: Санкт-Петербург (Спортивная) - 1 пар | 35: Санкт-Петербург (Ярослава Гашека) - 1 пар | 35: Елизаветенское шоссе - 1 пар | 35: Соболева - 1 пар | 35: Основной склад Екатеринбург - 3 пар | 35: Ижевск - 1 пар | 35: Бисертская - 1 пар | 35: Парина - 1 пар | 36: Санкт-Петербург (Ярослава Гашека) - 1 пар | 36: Тюмень (Народная) - 1 пар | 36: Бисертская - 1 пар | 36: Ижевск - 1 пар | 36: Санкт-Петербург (Спортивная) - 1 пар | 36: Соболева - 1 пар | 36: Парина - 1 пар | 36: Елизаветенское шоссе - 1 пар | 37: Соболева - 1 пар | 37: Парина - 1 пар | 37: Елизаветенское шоссе - 1 пар | 37: Санкт-Петербург (Спортивная) - 1 пар | 37: Бисертская - 1 пар | 37: Уфа - 1 пар | 37: Тюмень (Народная) - 1 пар | 38: Елизаветенское шоссе - 2 пар | 38: Санкт-Петербург (Спортивная) - 1 пар | 38: Бисертская - 1 пар | 38: Соболева - 1 пар | 38: Парина - 1 пар | 39: Бисертская - 1 пар | 39: Санкт-Петербург (Спортивная) - 1 пар | 39: Санкт-Петербург (Ярослава Гашека) - 1 пар | 39: Парина - 1 пар | 39: Елизаветенское шоссе - 1 пар | 39: Тюмень (Народная) - 1 пар | 40: Санкт-Петербург (Ярослава Гашека) - 1 пар | 40: Санкт-Петербург (Спортивная) - 1 пар | 40: Елизаветенское шоссе - 1 пар,41.0,public/data/product_images/ed41abfa8f2e.webp,4.0,6.0,3,4.0,5.0,5.0,7,4.0,1.0,2.0
Обувь,TS76-1264,Кроссовки женские 7/6 Marble 2.0 - Orange Blossom,7/6,6990 ₽,https://saletennis.com/catalog/product/krossovki-zhienskiie-7-6-marble-2-0-orange-blossom-18247,35: Санкт-Петербург (Спортивная) - 1 пар | 35: Санкт-Петербург (Ярослава Гашека) - 1 пар | 35: Тюмень (Народная) - 1 пар | 35: Уфа - 1 пар | 36: Парина - 1 пар | 36: Ижевск - 1 пар | 36: Санкт-Петербург (Спортивная) - 1 пар | 36: Санкт-Петербург (Ярослава Гашека) - 1 пар,8.0,public/data/product_images/96ba991ec851.webp,2.0,2.0,0,0.0,1.0,0.0,0,1.0,1.0,1.0
Обувь,TS76-2124,Кроссовки женские 7/6 Marble 2.0 - Pink Blossom,7/6,6990 ₽,https://saletennis.com/catalog/product/krossovki-zhienskiie-7-6-marble-2-0-pink-blossom-18248,35: Санкт-Петербург (Ярослава Гашека) - 1 пар | 35: Елизаветенское шоссе - 1 пар | 35: Парина - 1 пар | 35: Ижевск - 1 пар | 41: Ижевск - 1 пар | 41: Санкт-Петербург (Спортивная) - 1 пар | 42: Уфа - 1 пар | 42: Соболева - 1 пар | 42: Парина - 1 пар | 42: Бисертская - 1 пар | 42: Санкт-Петербург (Ярослава Гашека) - 1 пар,11.0,public/data/product_images/84b7024fd100.webp,2.0,1.0,0,1.0,2.0,1.0,1,0.0,1.0,2.0
Обувь,TS76-WHBK,Кроссовки женские 7/6 - Marble 2.0 - White/Black,7/6,6990 ₽,https://saletennis.com/catalog/product/krossovki-zhienskiie-7-6-marble-2-0-white-black-17062,35: Парина - 1 пар | 35: Бисертская - 1 пар | 35: Ижевск - 1 пар,3.0,public/data/product_images/3efbb3b3dc8d.webp,0.0,0.0,0,0.0,1.0,1.0,0,0.0,0.0,1.0
Обувь,TS76-03RD,Кроссовки женские 7/6 - Marble Red,7/6,4990 ₽,https://saletennis.com/catalog/product/krossovki-zhienskiie-7-6-marble-red-16548,35: Парина - 1 пар,1.0,public/data/product_images/6e53259716ea.webp,0.0,0.0,0,0.0,1.0,0.0,0,0.0,0.0,0.0
Обувь,1042A220-500,Кроссовки женские Asics Court FF 3 - Indigo Fog/White,Asics,12920 ₽,https://saletennis.com/catalog/product/krossovki-zhienskiie-asics-court-ff-3-indigo-fog-white-17802,"40,5: Санкт-Петербург (Спортивная) - 1 пар",1.0,public/data/product_images/9962aec0b840.webp,0.0,1.0,0,0.0,0.0,0.0,0,0.0,0.0,0.0
Обувь,1042A279-500,Кроссовки женские Asics Gel-Resolution X - Ube/White,Asics,13993 ₽,https://saletennis.com/catalog/product/krossovki-zhienskiie-asics-gel-resolution-x-ube-white-17803,40: Тюмень (Народная) - 1 пар,1.0,public/data/product_images/f88879f40f98.webp,0.0,0.0,0,0.0,0.0,0.0,0,1.0,0.0,0.0
Обувь,274246-LBDB,Кроссовки женские Head Revolt Pro 5.0 - Light Blue/Dark Blue,Head,12952 ₽,https://saletennis.com/catalog/product/krossovki-zhienskiie-head-revolt-pro-5-0-light-blue-dark-blue-18563,"36: Санкт-Петербург (Спортивная) - 1 пар | 38,5: Соболева - 1 пар",2.0,public/data/product_images/9549b6442bc0.webp,0.0,1.0,0,1.0,0.0,0.0,0,0.0,0.0,0.0
Обувь,274173-WHAQ,Кроссовки женские Head Sprint Pro 3.5 Clay - White/Aqua,Head,11737 ₽,https://saletennis.com/catalog/product/krossovki-zhienskiie-head-sprint-pro-3-5-clay-white-aqua-14832,"36: Санкт-Петербург (Спортивная) - 1 пар | 36,5: Санкт-Петербург (Спортивная) - 1 пар | 43: Санкт-Петербург (Спортивная) - 1 пар",3.0,public/data/product_images/62d11434c29a.webp,0.0,3.0,0,0.0,0.0,0.0,0,0.0,0.0,0.0
Обувь,274143-MCLI,Кроссовки женские Head Sprint Pro 3.5 - Macadamia/Lime,Head,10143 ₽,https://saletennis.com/catalog/product/krossovki-zhienskiie-head-sprint-pro-3-5-macadamia-lime-14408,"36,5: Санкт-Петербург (Спортивная) - 1 пар | 37: Санкт-Петербург (Спортивная) - 1 пар | 38: Санкт-Петербург (Спортивная) - 1 пар | 38,5: Санкт-Петербург (Спортивная) - 1 пар | 40,5: Санкт-Петербург (Спортивная) - 1 пар | 42: Санкт-Петербург (Спортивная) - 1 пар",6.0,public/data/product_images/17905291ec9b.webp,0.0,6.0,0,0.0,0.0,0.0,0,0.0,0.0,0.0
Обувь,274166-APVA,Кроссовки женские Head Sprint Pro 4.0 - Apricot/Vanilla,Head,12792 ₽,https://saletennis.com/catalog/product/krossovki-zhienskiie-head-sprint-pro-4-0-apricot-vanilla-18564,"38: Тюмень (Народная) - 1 пар | 38: Санкт-Петербург (Спортивная) - 1 пар | 38,5: Санкт-Петербург (Спортивная) - 1 пар | 38,5: Тюмень (Народная) - 1 пар | 39: Парина - 1 пар | 40,5: Санкт-Петербург (Спортивная) - 1 пар",6.0,public/data/product_images/585b896f0446.webp,0.0,3.0,0,0.0,1.0,0.0,0,2.0,0.0,0.0
Обувь,274176-APVA,Кроссовки женские Head Sprint Pro 4.0 Clay - Apricot/Vanilla,Head,12792 ₽,https://saletennis.com/catalog/product/krossovki-zhienskiie-head-sprint-pro-4-0-clay-apricot-vanilla-18566,"40,5: Санкт-Петербург (Спортивная) - 1 пар",1.0,public/data/product_images/bf7c2fe9f9b4.webp,0.0,1.0,0,0.0,0.0,0.0,0,0.0,0.0,0.0
Обувь,274145-COWH,Кроссовки женские Head Sprint Pro 4.0 - Coral/White,Head,10493 ₽,https://saletennis.com/catalog/product/krossovki-zhienskiie-head-sprint-pro-4-0-coral-white-16975,"38,5: Бисертская - 1 пар",1.0,public/data/product_images/2808aca97389.webp,0.0,0.0,0,0.0,0.0,1.0,0,0.0,0.0,0.0
Обувь,274146-LBDB,Кроссовки женские Head Sprint Pro 4.0 - Light Blue/Dark Blue,Head,12792 ₽,https://saletennis.com/catalog/product/krossovki-zhienskiie-head-sprint-pro-4-0-light-blue-dark-blue-18565,"38,5: Соболева - 1 пар",1.0,public/data/product_images/c5d99d47f127.webp,0.0,0.0,0,1.0,0.0,0.0,0,0.0,0.0,0.0
Обувь,274403-BSTE,Кроссовки женские Head Sprint Team 3.5 - Bluestone/Teal,Head,6990 ₽,https://saletennis.com/catalog/product/krossovki-zhienskiie-head-sprint-team-3-5-bluestone-teal-14425,"36,5: Санкт-Петербург (Спортивная) - 1 пар | 37: Санкт-Петербург (Спортивная) - 1 пар | 38: Санкт-Петербург (Спортивная) - 1 пар | 38,5: Санкт-Петербург (Спортивная) - 1 пар | 39: Санкт-Петербург (Спортивная) - 1 пар | 40: Санкт-Петербург (Спортивная) - 1 пар | 40,5: Санкт-Петербург (Спортивная) - 1 пар | 41: Санкт-Петербург (Спортивная) - 1 пар | 42: Санкт-Петербург (Спортивная) - 1 пар",9.0,public/data/product_images/3a8854cbb1a6.webp,0.0,9.0,0,0.0,0.0,0.0,0,0.0,0.0,0.0
Обувь,274415-TBCW,Кроссовки женские Head Sprint Team 4.0 Clay - Twilight Blue/Chalk White,Head,8902 ₽,https://saletennis.com/catalog/product/krossovki-zhienskiie-head-sprint-team-4-0-clay-twilight-blue-chalk-white-17422,"40,5: Бисертская - 1 пар",1.0,public/data/product_images/6cee4ff43215.webp,0.0,0.0,0,0.0,0.0,1.0,0,0.0,0.0,0.0
Обувь,274405-TBCW,Кроссовки женские Head Sprint Team 4.0 - Twilight Blue/Chalk White,Head,8902 ₽,https://saletennis.com/catalog/product/krossovki-zhienskiie-head-sprint-team-4-0-twilight-blue-chalk-white-17420,"38,5: Парина - 1 пар | 38,5: Бисертская - 1 пар | 38,5: Соболева - 1 пар",3.0,public/data/product_images/f2e2431eca94.webp,0.0,0.0,0,1.0,1.0,1.0,0,0.0,0.0,0.0
Обувь,TACLS2501C,Кроссовки женские Joma Ace Lady Clay - Black,Joma,9992 ₽,https://saletennis.com/catalog/product/krossovki-zhienskiie-joma-ace-lady-clay-black-17616,38: Тюмень (Народная) - 1 пар | 38: Тюмень - 1 пар,2.0,public/data/product_images/c180c3df9645.webp,0.0,0.0,0,0.0,0.0,0.0,0,2.0,0.0,0.0
Обувь,TACLS2515C,Кроссовки женские Joma Ace Lady Clay - Light Green/Grey,Joma,9368 ₽,https://saletennis.com/catalog/product/krossovki-zhienskiie-joma-ace-lady-clay-light-green-grey-17617,38: Ижевск - 1 пар | 39: Бисертская - 1 пар | 39: Тюмень (Народная) - 1 пар,3.0,public/data/product_images/47f4619bbdd7.webp,0.0,0.0,0,0.0,0.0,1.0,0,1.0,0.0,1.0
Обувь,TACLS2515AC,Кроссовки женские Joma Ace Lady - Light Green,Joma,9368 ₽,https://saletennis.com/catalog/product/krossovki-zhienskiie-joma-ace-lady-light-green-17613,"38: Ижевск - 1 пар | 38: Парина - 1 пар | 38: Санкт-Петербург (Спортивная) - 1 пар | 39: Санкт-Петербург (Спортивная) - 1 пар | 39: Тюмень (Народная) - 1 пар | 39: Ижевск - 1 пар | 39: Соболева - 1 пар | 39: Парина - 1 пар | 40,5: Парина - 1 пар",9.0,public/data/product_images/9f723b2a0186.webp,0.0,2.0,0,1.0,3.0,0.0,0,1.0,0.0,2.0
Обувь,TROLLS2501AC,Кроссовки женские Joma Roland Lady - Black/Mint,Joma,9992 ₽,https://saletennis.com/catalog/product/krossovki-zhienskiie-joma-roland-lady-black-mint-17618,"38: Парина - 1 пар | 38: Соболева - 1 пар | 39: Санкт-Петербург (Спортивная) - 1 пар | 40,5: Парина - 1 пар",4.0,public/data/product_images/be7f02a4c646.webp,0.0,1.0,0,1.0,2.0,0.0,0,0.0,0.0,0.0
Обувь,TROLLS2505AC,Кроссовки женские Joma Roland Lady - White/Mint,Joma,9992 ₽,https://saletennis.com/catalog/product/krossovki-zhienskiie-joma-roland-lady-white-mint-17623,"40,5: Парина - 1 пар",1.0,public/data/product_images/6a61da7e11e9.webp,0.0,0.0,0,0.0,1.0,0.0,0,0.0,0.0,0.0
Обувь,TROLLS2532AC,Кроссовки женские Joma Roland Lady - White/Yellow/Mint,Joma,9992 ₽,https://saletennis.com/catalog/product/krossovki-zhienskiie-joma-roland-lady-white-yellow-mint-17554,38: Санкт-Петербург (Спортивная) - 1 пар,1.0,public/data/product_images/419d6824867a.webp,0.0,1.0,0,0.0,0.0,0.0,0,0.0,0.0,0.0
Обувь,TSPILS2601OM,Кроссовки женские Joma Spin Lady - Black/Llime,Joma,7992 ₽,https://saletennis.com/catalog/product/krossovki-zhienskiie-joma-spin-lady-black-llime-18724,"37,5: Ижевск - 1 пар | 38,5: Санкт-Петербург (Спортивная) - 1 пар | 38,5: Соболева - 1 пар | 38,5: Уфа - 1 пар | 39: Соболева - 1 пар | 39: Ижевск - 1 пар | 39,5: Санкт-Петербург (Спортивная) - 1 пар",7.0,public/data/product_images/04ade610c6e7.webp,0.0,2.0,0,2.0,0.0,0.0,0,0.0,1.0,2.0
Обувь,61GC260402,Кроссовки женские Mizuno Wave Enforce Tour 2 CC - White/Orange/Dahlia,Mizuno,15990 ₽,https://saletennis.com/catalog/product/krossovki-zhienskiie-mizuno-wave-enforce-tour-2-cc-white-orange-dahlia-19552,"38,5: Санкт-Петербург (Спортивная) - 1 пар | 39: Санкт-Петербург (Спортивная) - 1 пар | 39: Основной склад Екатеринбург - 1 пар | 40: Основной склад Екатеринбург - 3 пар | 40: Санкт-Петербург (Спортивная) - 1 пар | 40,5: Санкт-Петербург (Спортивная) - 1 пар | 40,5: Основной склад Екатеринбург - 2 пар | 41: Санкт-Петербург (Спортивная) - 1 пар | 41: Основной склад Екатеринбург - 1 пар | 42: Санкт-Петербург (Спортивная) - 1 пар | 42: Основной склад Екатеринбург - 1 пар",14.0,public/data/product_images/8c9940bbf0fc.webp,0.0,6.0,8,0.0,0.0,0.0,0,0.0,0.0,0.0
Обувь,HQ6027-001,Кроссовки женские Nike Court Air Zoom Vapor 12 Clay - Black,Nike,21490 ₽,https://saletennis.com/catalog/product/krossovki-zhienskiie-nike-court-air-zoom-vapor-12-clay-black-17852,39: Ижевск - 1 пар,1.0,public/data/product_images/71d9a8525d13.webp,0.0,0.0,0,0.0,0.0,0.0,0,0.0,0.0,1.0
Обувь,HQ6027-003,Кроссовки женские Nike Court Air Zoom Vapor 12 Clay - Light Silver/Black/Steam,Nike,20490 ₽,https://saletennis.com/catalog/product/krossovki-zhienskiie-nike-court-air-zoom-vapor-12-clay-light-silver-black-steam-19202,"38: Парина - 1 пар | 38: Санкт-Петербург (Спортивная) - 1 пар | 38,5: Соболева - 1 пар | 38,5: Парина - 1 пар | 39: Тюмень (Народная) - 1 пар | 39: Парина - 1 пар | 40,5: Парина - 1 пар | 41: Санкт-Петербург (Спортивная) - 1 пар",8.0,public/data/product_images/76235c9150f5.webp,0.0,2.0,0,1.0,4.0,0.0,0,1.0,0.0,0.0
Обувь,IH1705-601,Кроссовки женские Nike Court Air Zoom Vapor 12 Clay - Pearl Pink/Chalk/Light Magenta,Nike,21490 ₽,https://saletennis.com/catalog/product/krossovki-zhienskiie-nike-court-air-zoom-vapor-12-clay-pearl-pink-chalk-light-magenta-19225,"38: Парина - 1 пар | 38: Санкт-Петербург (Спортивная) - 1 пар | 38,5: Парина - 1 пар | 38,5: Санкт-Петербург (Спортивная) - 1 пар | 39: Соболева - 1 пар | 40,5: Парина - 1 пар",6.0,public/data/product_images/59324c68d93c.webp,0.0,2.0,0,1.0,3.0,0.0,0,0.0,0.0,0.0
Обувь,HQ6027-501,Кроссовки женские Nike Court Air Zoom Vapor 12 Clay - Sapphire/Black/Light Thistle,Nike,20490 ₽,https://saletennis.com/catalog/product/krossovki-zhienskiie-nike-court-air-zoom-vapor-12-clay-sapphire-black-light-thistle-19021,"38: Парина - 1 пар | 38: Санкт-Петербург (Спортивная) - 1 пар | 38,5: Ижевск - 1 пар | 39: Парина - 1 пар | 39: Санкт-Петербург (Спортивная) - 2 пар | 40: Бисертская - 1 пар | 41: Бисертская - 1 пар | 41: Парина - 1 пар",9.0,public/data/product_images/4d74a87b73b4.webp,0.0,3.0,0,0.0,3.0,2.0,0,0.0,0.0,1.0
Обувь,FV5554-301,Кроссовки женские Nike Court Air Zoom Vapor 12 HC - Barely Green/Coconut Milk/Steam,Nike,20490 ₽,https://saletennis.com/catalog/product/krossovki-zhienskiie-nike-court-air-zoom-vapor-12-hc-barely-green-coconut-milk-steam-19203,"39: Тюмень (Народная) - 1 пар | 40: Уфа - 1 пар | 40: Санкт-Петербург (Спортивная) - 1 пар | 40: Парина - 1 пар | 40,5: Бисертская - 1 пар | 40,5: Санкт-Петербург (Спортивная) - 1 пар | 41: Санкт-Петербург (Спортивная) - 1 пар | 41: Парина - 1 пар",8.0,public/data/product_images/a81b258eb7c1.webp,0.0,3.0,0,0.0,2.0,1.0,0,1.0,1.0,0.0
Обувь,FV5554-001,Кроссовки женские Nike Court Air Zoom Vapor 12 HC - Black/White/Dark Smoke Grey,Nike,20490 ₽,https://saletennis.com/catalog/product/krossovki-zhienskiie-nike-court-air-zoom-vapor-12-hc-black-white-dark-smoke-grey-17347,"38: Санкт-Петербург (Спортивная) - 1 пар | 38: Бисертская - 1 пар | 38: Тюмень (Народная) - 1 пар | 38,5: Тюмень (Народная) - 2 пар | 39: Тюмень (Народная) - 2 пар | 39: Уфа - 1 пар | 39: Парина - 1 пар | 40: Бисертская - 1 пар | 40: Уфа - 1 пар | 40: Тюмень (Народная) - 1 пар | 40: Санкт-Петербург (Спортивная) - 1 пар | 41: Тюмень (Народная) - 1 пар | 41: Бисертская - 1 пар",15.0,public/data/product_images/8f371db71f0c.webp,0.0,2.0,0,0.0,1.0,3.0,0,7.0,2.0,0.0
Обувь,FV5554-400,Кроссовки женские Nike Court Air Zoom Vapor 12 HC - Blue Beyond/Glacier Blue/Light Lemon,Nike,14693 ₽,https://saletennis.com/catalog/product/krossovki-zhienskiie-nike-court-air-zoom-vapor-12-hc-blue-beyond-glacier-blue-light-lemon-17348,39: Соболева - 1 пар,1.0,public/data/product_images/743925e6b7c1.webp,0.0,0.0,0,1.0,0.0,0.0,0,0.0,0.0,0.0
Обувь,FV5554-300,Кроссовки женские Nike Court Air Zoom Vapor 12 HC - Light Liquid Lime/Sapphire/Volt,Nike,20490 ₽,https://saletennis.com/catalog/product/krossovki-zhienskiie-nike-court-air-zoom-vapor-12-hc-light-liquid-lime-sapphire-volt-19009,39: Ижевск - 1 пар | 39: Парина - 1 пар,2.0,public/data/product_images/4a6a18784c6b.webp,0.0,0.0,0,0.0,1.0,0.0,0,0.0,0.0,1.0
Обувь,FV5554-106,Кроссовки женские Nike Court Air Zoom Vapor 12 HC - White/Cannon,Nike,20990 ₽,https://saletennis.com/catalog/product/krossovki-zhienskiie-nike-court-air-zoom-vapor-12-hc-white-cannon-18292,"40,5: Парина - 1 пар",1.0,public/data/product_images/3ca64c197fe1.webp,0.0,0.0,0,0.0,1.0,0.0,0,0.0,0.0,0.0
Обувь,IB6554-001,Кроссовки женские Nike Vapor 12 Premium HC - Black/Light Lemon Twist,Nike,21990 ₽,https://saletennis.com/catalog/product/krossovki-zhienskiie-nike-vapor-12-premium-hc-black-light-lemon-twist-19022,"38,5: Ижевск - 1 пар | 38,5: Санкт-Петербург (Спортивная) - 1 пар | 38,5: Соболева - 1 пар | 39: Ижевск - 1 пар | 39: Тюмень (Народная) - 1 пар | 40,5: Парина - 1 пар | 40,5: Ижевск - 1 пар | 40,5: Санкт-Петербург (Спортивная) - 1 пар | 41: Парина - 1 пар | 41: Санкт-Петербург (Спортивная) - 1 пар",10.0,public/data/product_images/c636712ed6a0.webp,0.0,3.0,0,1.0,2.0,0.0,0,1.0,0.0,3.0
Обувь,HQ6030-003,Кроссовки женские Nike Vapor Pro 3 Clay - Light Silver/Black/Steam/Phantom,Nike,16990 ₽,https://saletennis.com/catalog/product/krossovki-zhienskiie-nike-vapor-pro-3-clay-light-silver-black-steam-phantom-19204,40: Ижевск - 1 пар | 41: Ижевск - 1 пар,2.0,public/data/product_images/c6a619e094c7.png,0.0,0.0,0,0.0,0.0,0.0,0,0.0,0.0,2.0
Обувь,HQ6030-501,Кроссовки женские Nike Vapor Pro 3 Clay - Light Thistle/Black/Sapphire,Nike,16990 ₽,https://saletennis.com/catalog/product/krossovki-zhienskiie-nike-vapor-pro-3-clay-light-thistle-black-sapphire-19023,41: Ижевск - 1 пар,1.0,public/data/product_images/b65b817d61ad.webp,0.0,0.0,0,0.0,0.0,0.0,0,0.0,0.0,1.0
Обувь,FZ2158-001,Кроссовки женские Nike Vapor Pro 3 HC - Black/White,Nike,17990 ₽,https://saletennis.com/catalog/product/krossovki-zhienskiie-nike-vapor-pro-3-hc-black-white-17681,"38: Ижевск - 1 пар | 38: Уфа - 1 пар | 38,5: Уфа - 1 пар | 39: Бисертская - 1 пар | 39: Ижевск - 1 пар | 39: Тюмень (Народная) - 1 пар | 40: Уфа - 1 пар | 40: Соболева - 1 пар | 40,5: Уфа - 2 пар | 40,5: Соболева - 2 пар | 40,5: Бисертская - 1 пар | 40,5: Парина - 1 пар | 41: Тюмень (Народная) - 1 пар | 41: Уфа - 1 пар | 41: Парина - 1 пар | 41: Соболева - 2 пар | 42: Парина - 1 пар | 42: Тюмень (Народная) - 1 пар | 42,5: Санкт-Петербург (Спортивная) - 1 пар | 42,5: Парина - 1 пар | 43: Санкт-Петербург (Спортивная) - 1 пар",24.0,public/data/product_images/be8300b63372.webp,0.0,2.0,0,5.0,4.0,2.0,0,3.0,6.0,2.0
Обувь,FZ2158-700,Кроссовки женские Nike Vapor Pro 3 HC - Volt Tint/Sapphire/Lab Green,Nike,17490 ₽,https://saletennis.com/catalog/product/krossovki-zhienskiie-nike-vapor-pro-3-hc-volt-tint-sapphire-lab-green-19014,"38,5: Соболева - 1 пар | 40,5: Парина - 1 пар",2.0,public/data/product_images/b8fd02435095.webp,0.0,0.0,0,1.0,1.0,0.0,0,0.0,0.0,0.0
Обувь,IB6550-700,Кроссовки женские Nike Vapor Pro 3 Premium HC - Light Lemon Twist,Nike,17990 ₽,https://saletennis.com/catalog/product/krossovki-zhienskiie-nike-vapor-pro-3-premium-hc-light-lemon-twist-19024,"38,5: Ижевск - 1 пар | 39: Уфа - 1 пар",2.0,public/data/product_images/732466fc1d17.webp,0.0,0.0,0,0.0,0.0,0.0,0,0.0,1.0,1.0
Обувь,IQ5175-001,Кроссовки женские Nike Zoom GP Challenge 1.5 Premium HC - Black/Light Lemon Twist/White,Nike,20490 ₽,https://saletennis.com/catalog/product/krossovki-zhienskiie-nike-zoom-gp-challenge-1-5-premium-hc-black-light-lemon-twist-white-19035,"38,5: Санкт-Петербург (Спортивная) - 1 пар | 38,5: Парина - 1 пар | 39: Санкт-Петербург (Спортивная) - 1 пар | 41: Парина - 1 пар",4.0,public/data/product_images/4e44b35a3e67.webp,0.0,2.0,0,0.0,2.0,0.0,0,0.0,0.0,0.0
Обувь,IQ6076-601,Кроссовки женские Nike Zoom GP Challenge 1.5 Premium HC - Pearl Pink/Chalk/Light Magenta,Nike,20490 ₽,https://saletennis.com/catalog/product/krossovki-zhienskiie-nike-zoom-gp-challenge-1-5-premium-hc-pearl-pink-chalk-light-magenta-19252,39: Ижевск - 1 пар,1.0,public/data/product_images/3d591794eeb3.webp,0.0,0.0,0,0.0,0.0,0.0,0,0.0,0.0,1.0
Обувь,IQ5176-700,Кроссовки женские Nike Zoom GP Challenge 1.5 Premium HC - Volt Tint/Lab Green/White/Sapphire,Nike,20490 ₽,https://saletennis.com/catalog/product/krossovki-zhienskiie-nike-zoom-gp-challenge-1-5-premium-hc-volt-tint-lab-green-white-sapphire-19036,39: Уфа - 1 пар,1.0,public/data/product_images/71edef5e9714.webp,0.0,0.0,0,0.0,0.0,0.0,0,0.0,1.0,0.0
Обувь,IM4332-601,Кроссовки женские Nike Zoom GP Challenge Pro Clay - Pearl Pink/Pink Foam/Chalk/Light Magenta,Nike,14490 ₽,https://saletennis.com/catalog/product/krossovki-zhienskiie-nike-zoom-gp-challenge-pro-clay-pearl-pink-pink-foam-chalk-light-magenta-19253,40: Ижевск - 1 пар,1.0,public/data/product_images/11c0e9827d05.webp,0.0,0.0,0,0.0,0.0,0.0,0,0.0,0.0,1.0
Обувь,IB6560-700,Кроссовки женские Nike Zoom GP Challenge Pro HC - Volt Tint/Lab Green/White/Sapphire,Nike,13490 ₽,https://saletennis.com/catalog/product/krossovki-zhienskiie-nike-zoom-gp-challenge-pro-hc-volt-tint-lab-green-white-sapphire-19025,41: Уфа - 1 пар,1.0,public/data/product_images/665986458807.webp,0.0,0.0,0,0.0,0.0,0.0,0,0.0,1.0,0.0
Теннисные струны,06R305110G,"Струна для сквоша 305 SQUASH 1,10 9 метров",Tecnifibre,1500 ₽,https://saletennis.com/catalog/product/struna-dlia-skvosha-305-squash-1-10-9-mietrov-13963,Парина: 7 сет,7.0,public/data/product_images/2e7d41cb94b5.webp,0.0,0.0,0,0.0,7.0,0.0,0,0.0,0.0,0.0
Теннисные струны,06G305120G,"Струна для сквоша 305 SQUASH 1,20 9 метров",Tecnifibre,2490 ₽,https://saletennis.com/catalog/product/struna-dlia-skvosha-305-squash-1-20-9-mietrov-17650,Парина: 1 сет,1.0,public/data/product_images/2072df0f6d4f.webp,0.0,0.0,0,0.0,1.0,0.0,0,0.0,0.0,0.0
Теннисные струны,06GXON118O,"Струна для сквоша X-ONE Orange 1,18 200 метров",Tecnifibre,25994 ₽,https://saletennis.com/catalog/product/struna-dlia-skvosha-x-one-orange-1-18-200-mietrov-15094,Основной склад Екатеринбург: 1 боб | Парина: 1 боб,2.0,public/data/product_images/8b1615c62222.webp,0.0,0.0,1,0.0,1.0,0.0,0,0.0,0.0,0.0
Теннисные струны,06GXON124O,"Струна для сквоша X-ONE Orange 1,24 12 метров",Tecnifibre,2590 ₽,https://saletennis.com/catalog/product/struna-dlia-skvosha-x-one-orange-1-24-12-mietrov-17651,Парина: 19 сет,19.0,public/data/product_images/3f1d2742ff24.webp,0.0,0.0,0,0.0,19.0,0.0,0,0.0,0.0,0.0
Теннисные струны,06GXON124O,"Струна для сквоша X-ONE Orange 1,24 200 метров",Tecnifibre,39990 ₽,https://saletennis.com/catalog/product/struna-dlia-skvosha-x-one-orange-1-24-200-mietrov-17652,Парина: 1 боб,1.0,public/data/product_images/abda8e21636f.webp,0.0,0.0,0,0.0,1.0,0.0,0,0.0,0.0,0.0
Теннисные струны,241115,Теннисная струна Babolat Addiction 1.30 12 метров,Babolat,1690 ₽,https://saletennis.com/catalog/product/tennisnaya-struna-babolat-addiction-130-12-metrov-4065-4065,Парина: 11 сет,11.0,public/data/product_images/cf64f38e17d1.webp,0.0,0.0,0,0.0,11.0,0.0,0,0.0,0.0,0.0
Теннисные струны,241101,"Теннисная струна Babolat RPM Blast 1,25 12 метров",Babolat,2090 ₽,https://saletennis.com/catalog/product/tennisnaya-struna-babolat-rpm-blast-12-m125-747-747,Парина: 1 сет | Бисертская: 2.5 сет | Ижевск: 1 сет | Тюмень (Народная): 3.5 сет | Санкт-Петербург (Спортивная): 6 сет | Соболева: 0.5 сет | Уфа: 0.5 сет,15.0,public/data/product_images/87803348f292.webp,0.0,6.0,0,0.5,1.0,2.5,0,3.5,0.5,1.0
Теннисные струны,241101,"Теннисная струна Babolat RPM Blast 1,30 12 метров",Babolat,2090 ₽,https://saletennis.com/catalog/product/tennisnaya-struna-babolat-rpm-blast-12-m130-748-748,Ижевск: 1 сет | Соболева: 12 сет | Тюмень (Народная): 7.5 сет | Парина: 11 сет | Тюмень: 13 сет | Санкт-Петербург (Спортивная): 11.5 сет,56.0,public/data/product_images/64831ed3aa0e.webp,0.0,11.5,0,12.0,11.0,0.0,0,20.5,0.0,1.0
Теннисные струны,285513,"Теннисная струна Head Sonic Pro Edge 1,30 12 метров",Head,964 ₽,https://saletennis.com/catalog/product/tennisnaya-struna-haed-sonic-pro-edge-16-130-12-m-1364-1364,Парина: 1 сет,1.0,public/data/product_images/183e2e8add14.webp,0.0,0.0,0,0.0,1.0,0.0,0,0.0,0.0,0.0
Теннисные струны,281103,"Теннисная струна Head HAWK 1,20 12 метров",Head,1296 ₽,https://saletennis.com/catalog/product/tennisnaya-struna-head-hawk-12m120-3245-3245,Парина: 9 сет,9.0,public/data/product_images/0994be78dcf3.webp,0.0,0.0,0,0.0,9.0,0.0,0,0.0,0.0,0.0
Теннисные струны,281103,"Теннисная струна Head HAWK 1,25 12 метров",Head,1612 ₽,https://saletennis.com/catalog/product/tennisnaya-struna-head-hawk-12m125-3247-3247,Уфа: 12 сет | Санкт-Петербург (Спортивная): 2 сет | Парина: 6 сет | Соболева: 4 сет | Тюмень (Народная): 2 сет,26.0,public/data/product_images/67d5b80ed632.webp,0.0,2.0,0,4.0,6.0,0.0,0,2.0,12.0,0.0
Теннисные струны,281204,"Теннисная струна Head Hawk Touch 1,25 12 метров",Head,1612 ₽,https://saletennis.com/catalog/product/tennisnaya-struna-head-hawk-touch-125mm12m-3586-3586,Парина: 9.5 сет,9.5,public/data/product_images/4132c0ef4a99.webp,0.0,0.0,0,0.0,9.5,0.0,0,0.0,0.0,0.0
Теннисные струны,281784,"Теннисная струна Head LYNX 1,20 12 метров",Head,1369 ₽,https://saletennis.com/catalog/product/tennisnaya-struna-head-lynx-12m120-3249-3249,Парина: 3 сет,3.0,public/data/product_images/f5fd6e4ec954.webp,0.0,0.0,0,0.0,3.0,0.0,0,0.0,0.0,0.0
Теннисные струны,281099,"Теннисная струна Head Rip Control 1,30 12 метров",Head,1612 ₽,https://saletennis.com/catalog/product/tennisnaya-struna-head-pwr-fusion-12m130-764-764,Ижевск: 6 сет | Санкт-Петербург (Спортивная): 2 сет | Парина: 3 сет | Соболева: 2 сет | Бисертская: 3 сет,16.0,public/data/product_images/be928f615f58.webp,0.0,2.0,0,2.0,3.0,3.0,0,0.0,0.0,6.0
Теннисные струны,281099,"Теннисная струна Head Rip Control 1,20 12 метров",Head,1612 ₽,https://saletennis.com/catalog/product/tennisnaya-struna-head-rip-control-12m120-3872-3872,Соболева: 1 сет | Ижевск: 2 сет,3.0,public/data/product_images/f27541cd0a29.webp,0.0,0.0,0,1.0,0.0,0.0,0,0.0,0.0,2.0
Теннисные струны,WRZ990142,"Теннисная струна Luxilon 4G 1,30 200 метров",Luxilon,36792 ₽,https://saletennis.com/catalog/product/tennisnaya-struna-luxilon-4g-130-200-metrov-3642-3642,Уфа: 1 боб,1.0,public/data/product_images/4d9f97cffe94.webp,0.0,0.0,0,0.0,0.0,0.0,0,0.0,1.0,0.0
Теннисные струны,WRZ997111,"Теннисная струна Luxilon 4G Soft 1,25 12 метров",Luxilon,3490 ₽,https://saletennis.com/catalog/product/tennisnaya-struna-luxilon-4g-soft-125-12-metrov-3646-3646,Соболева: 2 сет | Санкт-Петербург (Спортивная): 2 сет | Парина: 3 сет,7.0,public/data/product_images/8d1f9c4b386a.webp,0.0,2.0,0,2.0,3.0,0.0,0,0.0,0.0,0.0
Теннисные струны,WRZ998400,"Теннисная струна Luxilon Alu Power Spin 1,27 12 метров",Luxilon,3490 ₽,https://saletennis.com/catalog/product/tennisnaya-struna-luxilon-alu-power-spin-127-12-m-s-bobiny-774-774,Парина: 14.5 сет | Санкт-Петербург (Спортивная): 13 сет | Соболева: 8.5 сет,36.0,public/data/product_images/7b89a677a0f4.webp,0.0,13.0,0,8.5,14.5,0.0,0,0.0,0.0,0.0
Теннисные струны,AN12-BK,"Теннисная струна 7/6 Antelope - Black 1,25 12 метров",7/6,1090 ₽,https://saletennis.com/catalog/product/tiennisnaia-struna-7-6-antelope-black-1-25-12-mietrov-15066,Парина: 9 сет | Уфа: 2 сет | Соболева: 3 сет | Санкт-Петербург (Спортивная): 22 сет | Тюмень (Народная): 2.5 сет | Тюмень: 15.5 сет | Бисертская: 11.5 сет,65.5,public/data/product_images/2eb53eff6476.webp,0.0,22.0,0,3.0,9.0,11.5,0,18.0,2.0,0.0
Теннисные струны,AN12-FY,"Теннисная струна 7/6 Antelope - Yellow 1,25 12 метров",7/6,1090 ₽,https://saletennis.com/catalog/product/tiennisnaia-struna-7-6-antelope-yellow-1-25-12-mietrov-15068,Соболева: 23 сет | Тюмень (Народная): 13.5 сет | Уфа: 8 сет | Санкт-Петербург (Ярослава Гашека): 9 сет | Тюмень: 13 сет | Парина: 1 сет | Бисертская: 5 сет | Санкт-Петербург (Спортивная): 4 сет,76.5,public/data/product_images/0cf67f8930de.webp,9.0,4.0,0,23.0,1.0,5.0,0,26.5,8.0,0.0
Теннисные струны,7060ST-12TB,"Теннисная струна 7/6 Comfort - Black 1,25 12 метров",7/6,790 ₽,https://saletennis.com/catalog/product/tiennisnaia-struna-7-6-comfort-black-1-25-12-mietrov-13128,Основной склад Екатеринбург: 11 сет,11.0,public/data/product_images/5b823ef3f6a0.webp,0.0,0.0,11,0.0,0.0,0.0,0,0.0,0.0,0.0
Теннисные струны,EG12-NL,"Теннисная струна 7/6 Eagle - Natural 1,25 12 метров",7/6,1990 ₽,https://saletennis.com/catalog/product/tiennisnaia-struna-7-6-eagle-natural-1-25-12-mietrov-15070,Соболева: 3 сет | Тюмень: 2 сет | Бисертская: 5 сет | Санкт-Петербург (Спортивная): 9 сет | Основной склад Екатеринбург: 1 сет | Санкт-Петербург (Ярослава Гашека): 5 сет | Парина: 8.5 сет | Уфа: 4 сет | Тюмень (Народная): 2 сет | Ижевск: 3 сет,42.5,public/data/product_images/e293d402d3fd.webp,5.0,9.0,1,3.0,8.5,5.0,0,4.0,4.0,3.0
Теннисные струны,EG12-NL,"Теннисная струна 7/6 Eagle - Natural 1,30 12 метров",7/6,1990 ₽,https://saletennis.com/catalog/product/tiennisnaia-struna-7-6-eagle-natural-1-30-12-mietrov-15071,Санкт-Петербург (Спортивная): 6 сет | Парина: 10 сет | Основной склад Екатеринбург: 1 сет | Уфа: 5 сет | Тюмень: 2 сет | Соболева: 11 сет | Ижевск: 5 сет | Санкт-Петербург (Ярослава Гашека): 5 сет | Бисертская: 6 сет | Тюмень (Народная): 7 сет,58.0,public/data/product_images/780deb1b625d.webp,5.0,6.0,1,11.0,10.0,6.0,0,9.0,5.0,5.0
Теннисные струны,LN12-BK,"Теннисная струна 7/6 Lion - Black 1,25 12 метров",7/6,950 ₽,https://saletennis.com/catalog/product/tiennisnaia-struna-7-6-lion-black-1-25-12-mietrov-15065,Соболева: 19 сет | Бисертская: 3 сет | Парина: 19 сет | Уфа: 6 сет | Тюмень: 13 сет | Тюмень (Народная): 7 сет | Санкт-Петербург (Спортивная): 0.5 сет,67.5,public/data/product_images/0b72eb1425fc.webp,0.0,0.5,0,19.0,19.0,3.0,0,20.0,6.0,0.0
Теннисные струны,LN12-BK,"Теннисная струна 7/6 Lion - Black 1,25 200 метров",7/6,10990 ₽,https://saletennis.com/catalog/product/tiennisnaia-struna-7-6-lion-black-1-25-200-mietrov-15032,Соболева: 1 боб | Санкт-Петербург (Спортивная): 1 боб | Парина: 1 боб,3.0,public/data/product_images/2c2f565699a0.webp,0.0,1.0,0,1.0,1.0,0.0,0,0.0,0.0,0.0
Теннисные струны,LNP12-BK,"Теннисная струна 7/6 Lion Pro - Black 1,24 12 метров",7/6,950 ₽,https://saletennis.com/catalog/product/tiennisnaia-struna-7-6-lion-pro-black-1-24-12-mietrov-15076,Тюмень: 2 сет | Тюмень (Народная): 15 сет | Санкт-Петербург (Спортивная): 10 сет | Парина: 5 сет,32.0,public/data/product_images/e5537fbd2cfb.webp,0.0,10.0,0,0.0,5.0,0.0,0,17.0,0.0,0.0
Теннисные струны,LP12-BK,"Теннисная струна 7/6 Lion Pro - Black 1,24 200 метров",7/6,10490 ₽,https://saletennis.com/catalog/product/tiennisnaia-struna-7-6-lion-pro-black-1-24-200-mietrov-15033,Бисертская: 1 боб,1.0,public/data/product_images/5da634f01de8.webp,0.0,0.0,0,0.0,0.0,1.0,0,0.0,0.0,0.0
Теннисные струны,LP13-BK,"Теннисная струна 7/6 Lion Pro - Black 1,29 12 метров",7/6,950 ₽,https://saletennis.com/catalog/product/tiennisnaia-struna-7-6-lion-pro-black-1-29-12-mietrov-15034,Соболева: 10 сет | Санкт-Петербург (Спортивная): 2.5 сет | Парина: 26 сет | Тюмень: 1 сет | Уфа: 7 сет,46.5,public/data/product_images/e81d73ac9e9e.webp,0.0,2.5,0,10.0,26.0,0.0,0,1.0,7.0,0.0
Теннисные струны,LNP12-FY,"Теннисная струна 7/6 Lion Pro - Yellow 1,24 12 метров",7/6,950 ₽,https://saletennis.com/catalog/product/tiennisnaia-struna-7-6-lion-pro-yellow-1-24-12-mietrov-15077,Уфа: 1 сет | Бисертская: 0.5 сет | Тюмень: 14 сет | Тюмень (Народная): 0.5 сет,16.0,public/data/product_images/f54ecbb3767d.webp,0.0,0.0,0,0.0,0.0,0.5,0,14.5,1.0,0.0
Теннисные струны,LP129-FY,"Теннисная струна 7/6 Lion Pro - Yellow 1,29 12 метров",7/6,950 ₽,https://saletennis.com/catalog/product/tiennisnaia-struna-7-6-lion-pro-yellow-1-29-12-mietrov-15078,Уфа: 9 сет | Санкт-Петербург (Спортивная): 6 сет | Тюмень: 14.5 сет,29.5,public/data/product_images/7cb3ddbde450.webp,0.0,6.0,0,0.0,0.0,0.0,0,14.5,9.0,0.0
Теннисные струны,OC12-SL,"Теннисная струна 7/6 Octopus - Silver 1,25 12 метров",7/6,1090 ₽,https://saletennis.com/catalog/product/tiennisnaia-struna-7-6-octopus-silver-1-25-12-mietrov-15039,Парина: 22 сет | Тюмень (Народная): 11 сет | Бисертская: 11 сет | Соболева: 1 сет | Уфа: 10 сет | Основной склад Екатеринбург: 4 сет | Санкт-Петербург (Спортивная): 1.5 сет | Тюмень: 15 сет,75.5,public/data/product_images/391d93b2fed0.webp,0.0,1.5,4,1.0,22.0,11.0,0,26.0,10.0,0.0
Теннисные струны,OC12-SL,"Теннисная струна 7/6 Octopus - Silver 1,25 200 метров",7/6,11990 ₽,https://saletennis.com/catalog/product/tiennisnaia-struna-7-6-octopus-silver-1-25-200-mietrov-15040,Соболева: 1 боб | Санкт-Петербург (Спортивная): 1 боб | Парина: 1 боб,3.0,public/data/product_images/abec3dec2dcc.webp,0.0,1.0,0,1.0,1.0,0.0,0,0.0,0.0,0.0
Теннисные струны,RH-12BK,"Теннисная струна 7/6 Rhina - Black 1,22 200 метров",7/6,9990 ₽,https://saletennis.com/catalog/product/tiennisnaia-struna-7-6-rhina-black-1-22-200-mietrov-15072,Парина: 1 боб,1.0,public/data/product_images/1012b893c427.webp,0.0,0.0,0,0.0,1.0,0.0,0,0.0,0.0,0.0
Теннисные струны,RH12-BK,"Теннисная струна 7/6 Rhino - Black 1,22 12 метров",7/6,890 ₽,https://saletennis.com/catalog/product/tiennisnaia-struna-7-6-rhino-black-1-22-12-mietrov-15083,Тюмень: 5 сет | Уфа: 19.5 сет | Санкт-Петербург (Ярослава Гашека): 11.5 сет | Бисертская: 10.5 сет | Тюмень (Народная): 7 сет | Соболева: 13 сет | Санкт-Петербург (Спортивная): 33 сет | Парина: 0.5 сет,100.0,public/data/product_images/ff221a9491e6.webp,11.5,33.0,0,13.0,0.5,10.5,0,12.0,19.5,0.0
Теннисные струны,RH12-BK,"Теннисная струна 7/6 Rhino - Black 1,22 200 метров",7/6,9990 ₽,https://saletennis.com/catalog/product/tiennisnaia-struna-7-6-rhino-black-1-22-200-mietrov-15064,Санкт-Петербург (Спортивная): 1 боб | Парина: 1 боб,2.0,public/data/product_images/917f34cd670c.webp,0.0,1.0,0,0.0,1.0,0.0,0,0.0,0.0,0.0
Теннисные струны,RH12-BL,"Теннисная струна 7/6 Rhino - Blue 1,22 12 метров",7/6,890 ₽,https://saletennis.com/catalog/product/tiennisnaia-struna-7-6-rhino-blue-1-22-12-mietrov-15042,Тюмень: 4.5 сет | Уфа: 9 сет | Парина: 19 сет | Санкт-Петербург (Спортивная): 20 сет | Бисертская: 13 сет | Санкт-Петербург (Ярослава Гашека): 14 сет | Тюмень (Народная): 7.5 сет | Основной склад Екатеринбург: 1 сет | Соболева: 10 сет,98.0,public/data/product_images/bf5ec51d60c6.webp,14.0,20.0,1,10.0,19.0,13.0,0,12.0,9.0,0.0
Теннисные струны,RH12-BL,"Теннисная струна 7/6 Rhino - Blue 1,22 200 метров",7/6,9990 ₽,https://saletennis.com/catalog/product/tiennisnaia-struna-7-6-rhino-blue-1-22-200-mietrov-15043,Бисертская: 1 боб | Соболева: 1 боб | Санкт-Петербург (Спортивная): 2 боб | Ижевск: 1 боб | Парина: 1 боб,6.0,public/data/product_images/96023e4eec6f.webp,0.0,2.0,0,1.0,1.0,1.0,0,0.0,0.0,1.0
Теннисные струны,RH12-BL,"Теннисная струна 7/6 Rhino - Blue 1,27 12 метров",7/6,890 ₽,https://saletennis.com/catalog/product/tiennisnaia-struna-7-6-rhino-blue-1-27-12-mietrov-15062,Тюмень: 4 сет | Санкт-Петербург (Спортивная): 13 сет | Парина: 11 сет,28.0,public/data/product_images/5161a9ad8264.webp,0.0,13.0,0,0.0,11.0,0.0,0,4.0,0.0,0.0
Теннисные струны,SH12-RD,"Теннисная струна 7/6 Shark - Red 1,25 12 метров",7/6,990 ₽,https://saletennis.com/catalog/product/tiennisnaia-struna-7-6-shark-red-1-25-12-mietrov-15045,Санкт-Петербург (Спортивная): 17.5 сет | Бисертская: 19 сет | Парина: 17.5 сет | Тюмень (Народная): 11 сет | Уфа: 2 сет | Ижевск: 13.5 сет | Тюмень: 16 сет | Санкт-Петербург (Ярослава Гашека): 16 сет | Соболева: 16.5 сет,129.0,public/data/product_images/34a17f8752bd.webp,16.0,17.5,0,16.5,17.5,19.0,0,27.0,2.0,13.5
Теннисные струны,SH12-RD,"Теннисная струна 7/6 Shark - Red 1,25 200 метров",7/6,10490 ₽,https://saletennis.com/catalog/product/tiennisnaia-struna-7-6-shark-red-1-25-200-mietrov-15046,Соболева: 1 боб | Санкт-Петербург (Ярослава Гашека): 1 боб | Уфа: 1 боб | Ижевск: 1 боб,4.0,public/data/product_images/88e92d5d0c45.webp,1.0,0.0,0,1.0,0.0,0.0,0,0.0,1.0,1.0
Теннисные струны,7060ST-120TB,"Теннисная струна 7/6 Tour - Black 1,25 12 метров",7/6,790 ₽,https://saletennis.com/catalog/product/tiennisnaia-struna-7-6-tour-black-1-25-12-mietrov-13151,Тюмень: 9 сет | Санкт-Петербург (Спортивная): 3 сет | Санкт-Петербург (Ярослава Гашека): 3 сет | Основной склад Екатеринбург: 6 сет,21.0,public/data/product_images/b750320a6b29.webp,3.0,3.0,6,0.0,0.0,0.0,0,9.0,0.0,0.0
Теннисные струны,241143,Теннисная струна Babolat Addixion 1.25 12 метров,Babolat,1690 ₽,https://saletennis.com/catalog/product/tiennisnaia-struna-babolat-addixion-1-25-12-mietrov-13497,Парина: 8 сет | Ижевск: 1 сет,9.0,public/data/product_images/2ff584d4c997.webp,0.0,0.0,0,0.0,8.0,0.0,0,0.0,0.0,1.0
Теннисные струны,243142,"Теннисная струна Babolat PRO LAST - Grey 1,25 12 м",Babolat,690 ₽,https://saletennis.com/catalog/product/tiennisnaia-struna-babolat-pro-last-grey-1-25-12-m-11996,Бисертская: 15 сет,15.0,public/data/product_images/8a27432f026c.webp,0.0,0.0,0,0.0,0.0,15.0,0,0.0,0.0,0.0
Теннисные струны,241136,"Теннисная струна Babolat RPM Blast Rough Red 1,25 12 метров",Babolat,2290 ₽,https://saletennis.com/catalog/product/tiennisnaia-struna-babolat-rpm-blast-rough-red-1-25-12-mietrov-5639,Санкт-Петербург (Спортивная): 12 сет | Парина: 1 сет,13.0,public/data/product_images/8088ac5e6d48.webp,0.0,12.0,0,0.0,1.0,0.0,0,0.0,0.0,0.0
Теннисные струны,243140,"Теннисная струна Babolat RPM Blast Rough Red 1,25 200 метров",Babolat,19992 ₽,https://saletennis.com/catalog/product/tiennisnaia-struna-babolat-rpm-blast-rough-red-1-25-200-mietrov-5948,Парина: 1 боб,1.0,public/data/product_images/41d305075695.webp,0.0,0.0,0,0.0,1.0,0.0,0,0.0,0.0,0.0
Теннисные струны,241136,"Теннисная струна Babolat RPM Blast Rough Red 1,30 12 метров",Babolat,2290 ₽,https://saletennis.com/catalog/product/tiennisnaia-struna-babolat-rpm-blast-rough-red-1-30-12-mietrov-5640,Соболева: 13.5 сет | Тюмень (Народная): 11 сет,24.5,public/data/product_images/12812f505fb9.webp,0.0,0.0,0,13.5,0.0,0.0,0,11.0,0.0,0.0
Теннисные струны,243140,"Теннисная струна Babolat RPM Blast Rough Red 1,30 200 метров",Babolat,19992 ₽,https://saletennis.com/catalog/product/tiennisnaia-struna-babolat-rpm-blast-rough-red-1-30-200-mietrov-6852,Тюмень: 1 боб | Санкт-Петербург (Спортивная): 1 боб,2.0,public/data/product_images/f546d9e88834.webp,0.0,1.0,0,0.0,0.0,0.0,0,1.0,0.0,0.0
Теннисные струны,241136-201,"Теннисная струна Babolat RPM Blast Rough Red 1,35 12 метров",Babolat,2290 ₽,https://saletennis.com/catalog/product/tiennisnaia-struna-babolat-rpm-blast-rough-red-1-35-12-mietrov-6871,Санкт-Петербург (Спортивная): 7.5 сет | Ижевск: 6 сет,13.5,public/data/product_images/64f4983020c2.webp,0.0,7.5,0,0.0,0.0,0.0,0,0.0,0.0,6.0
Теннисные струны,241136,"Теннисная струна Babolat RPM Blast Rough Yellow 1,25 12 метров",Babolat,2290 ₽,https://saletennis.com/catalog/product/tiennisnaia-struna-babolat-rpm-blast-rough-yellow-1-25-12-mietrov-5641,Санкт-Петербург (Спортивная): 12 сет,12.0,public/data/product_images/951d69ec560d.webp,0.0,12.0,0,0.0,0.0,0.0,0,0.0,0.0,0.0
Теннисные струны,241136,"Теннисная струна Babolat RPM Blast Rough Yellow 1,30 12 метров",Babolat,2290 ₽,https://saletennis.com/catalog/product/tiennisnaia-struna-babolat-rpm-blast-rough-yellow-1-30-12-mietrov-5642,Парина: 12 сет | Санкт-Петербург (Спортивная): 6.5 сет | Бисертская: 1 сет | Уфа: 3.5 сет | Соболева: 3 сет,26.0,public/data/product_images/94deb2af43b5.webp,0.0,6.5,0,3.0,12.0,1.0,0,0.0,3.5,0.0
Теннисные струны,243140,"Теннисная струна Babolat RPM Blast Rough Yellow 1,30 200 метров",Babolat,19992 ₽,https://saletennis.com/catalog/product/tiennisnaia-struna-babolat-rpm-blast-rough-yellow-1-30-200-mietrov-6853,Соболева: 1 боб | Ижевск: 1 боб | Парина: 1 боб | Санкт-Петербург (Спортивная): 1 боб,4.0,public/data/product_images/d75c96552434.webp,0.0,1.0,0,1.0,1.0,0.0,0,0.0,0.0,1.0
Теннисные струны,241136-113,"Теннисная струна Babolat RPM Blast Rough Yellow 1,35 12 метров",Babolat,2290 ₽,https://saletennis.com/catalog/product/tiennisnaia-struna-babolat-rpm-blast-rough-yellow-1-35-12-mietrov-6872,Бисертская: 3 сет | Тюмень (Народная): 3 сет | Парина: 3 сет,9.0,public/data/product_images/fe3b699f60ec.webp,0.0,0.0,0,0.0,3.0,3.0,0,3.0,0.0,0.0
Теннисные струны,243141-101,"Теннисная струна Babolat RPM Hurricane - White 1,25 12 метров",Babolat,1390 ₽,https://saletennis.com/catalog/product/tiennisnaia-struna-babolat-rpm-hurricane-white-1-25-12-mietrov-15797,Ижевск: 3 сет | Тюмень (Народная): 0.5 сет,3.5,public/data/product_images/2ca1c064e928.webp,0.0,0.0,0,0.0,0.0,0.0,0,0.5,0.0,3.0
Теннисные струны,243141,"Теннисная струна Babolat RPM Hurricane - Yellow 1,25 12 метров",Babolat,1590 ₽,https://saletennis.com/catalog/product/tiennisnaia-struna-babolat-rpm-hurricane-yellow-1-25-12-mietrov-15855,Санкт-Петербург (Спортивная): 10.5 сет | Уфа: 6 сет | Ижевск: 15 сет | Тюмень (Народная): 14.5 сет,46.0,public/data/product_images/71f4a1508416.webp,0.0,10.5,0,0.0,0.0,0.0,0,14.5,6.0,15.0
Теннисные струны,243141,"Теннисная струна Babolat RPM Hurricane - Yellow 1,30 12 метров",Babolat,1590 ₽,https://saletennis.com/catalog/product/tiennisnaia-struna-babolat-rpm-hurricane-yellow-1-30-12-mietrov-10293,Тюмень (Народная): 16 сет | Уфа: 12 сет | Соболева: 4 сет | Парина: 10 сет,42.0,public/data/product_images/508fc85605dd.webp,0.0,0.0,0,4.0,10.0,0.0,0,16.0,12.0,0.0
Теннисные струны,243141-113,"Теннисная струна Babolat RPM Hurricane - Yellow 1,35 12 метров",Babolat,1590 ₽,https://saletennis.com/catalog/product/tiennisnaia-struna-babolat-rpm-hurricane-yellow-1-35-12-mietrov-12676,Санкт-Петербург (Спортивная): 16 сет,16.0,public/data/product_images/84fd8a10a978.webp,0.0,16.0,0,0.0,0.0,0.0,0,0.0,0.0,0.0
Теннисные струны,241139-336,"Теннисная струна Babolat RPM Power Brown 1,25 12 метров",Babolat,1950 ₽,https://saletennis.com/catalog/product/tiennisnaia-struna-babolat-rpm-power-brown-1-25-12-mietrov-9835,Парина: 8 сет | Соболева: 1 сет | Бисертская: 3 сет | Ижевск: 5 сет,17.0,public/data/product_images/80061cc6b1ff.webp,0.0,0.0,0,1.0,8.0,3.0,0,0.0,0.0,5.0
Теннисные струны,241139-336,"Теннисная струна Babolat RPM Power Brown 1,30 12 метров",Babolat,1950 ₽,https://saletennis.com/catalog/product/tiennisnaia-struna-babolat-rpm-power-brown-1-30-12-mietrov-9836,Парина: 1 сет | Санкт-Петербург (Спортивная): 4 сет,5.0,public/data/product_images/3c1a6dc29b27.webp,0.0,4.0,0,0.0,1.0,0.0,0,0.0,0.0,0.0
Теннисные струны,241139,"Теннисная струна Babolat RPM Power - Electric Blue 1,30 12 метров",Babolat,1950 ₽,https://saletennis.com/catalog/product/tiennisnaia-struna-babolat-rpm-power-electric-blue-1-30-12-mietrov-10497,Соболева: 1 сет | Бисертская: 10.5 сет | Санкт-Петербург (Спортивная): 1 сет,12.5,public/data/product_images/4957bf9617ff.webp,0.0,1.0,0,1.0,0.0,10.5,0,0.0,0.0,0.0
Теннисные струны,241146,"Теннисная струна Babolat RPM Soft 1,25 12 метров",Babolat,1365 ₽,https://saletennis.com/catalog/product/tiennisnaia-struna-babolat-rpm-soft-1-25-12-mietrov-12695,Ижевск: 7 сет | Тюмень (Народная): 3 сет | Парина: 1 сет | Санкт-Петербург (Спортивная): 7 сет,18.0,public/data/product_images/4654bd2c9f46.webp,0.0,7.0,0,0.0,1.0,0.0,0,3.0,0.0,7.0
Теннисные струны,241146,"Теннисная струна Babolat RPM Soft 1,30 12 метров",Babolat,975 ₽,https://saletennis.com/catalog/product/tiennisnaia-struna-babolat-rpm-soft-1-30-12-mietrov-12697,Парина: 13 сет | Ижевск: 5 сет | Тюмень (Народная): 15 сет | Санкт-Петербург (Спортивная): 10 сет | Уфа: 12 сет | Бисертская: 15 сет | Санкт-Петербург (Ярослава Гашека): 13.5 сет,83.5,public/data/product_images/b075f3be711c.webp,13.5,10.0,0,0.0,13.0,15.0,0,15.0,12.0,5.0
Теннисные струны,243146,"Теннисная струна Babolat RPM Soft 1,30 200 метров",Babolat,14245 ₽,https://saletennis.com/catalog/product/tiennisnaia-struna-babolat-rpm-soft-1-30-200-mietrov-12698,Парина: 1 боб,1.0,public/data/product_images/4e6d727cd1a2.webp,0.0,0.0,0,0.0,1.0,0.0,0,0.0,0.0,0.0
Теннисные струны,241108,"Теннисная струна Babolat RPM Team Black 1,30 12 метров",Babolat,1850 ₽,https://saletennis.com/catalog/product/tiennisnaia-struna-babolat-rpm-team-black-1-30-12-mietrov-6721,Парина: 5 сет | Ижевск: 4 сет | Тюмень (Народная): 5 сет | Бисертская: 0.5 сет,14.5,public/data/product_images/c603897cd41f.webp,0.0,0.0,0,0.0,5.0,0.5,0,5.0,0.0,4.0
Теннисные струны,243144,"Теннисная струна Babolat Syn Gut - Black 1,25 12 метров",Babolat,890 ₽,https://saletennis.com/catalog/product/tiennisnaia-struna-babolat-syn-gut-black-1-25-12-mietrov-14825,Санкт-Петербург (Ярослава Гашека): 1 сет | Санкт-Петербург (Спортивная): 4.5 сет | Парина: 13 сет,18.5,public/data/product_images/e3d088e4cafa.webp,1.0,4.5,0,0.0,13.0,0.0,0,0.0,0.0,0.0
Теннисные струны,243144,"Теннисная струна Babolat Syn Gut - Black 1,30 12 метров",Babolat,890 ₽,https://saletennis.com/catalog/product/tiennisnaia-struna-babolat-syn-gut-black-1-30-12-mietrov-14843,Санкт-Петербург (Спортивная): 16 сет,16.0,public/data/product_images/041b2c5a2924.webp,0.0,16.0,0,0.0,0.0,0.0,0,0.0,0.0,0.0
Теннисные струны,243144-156,"Теннисная струна Babolat Syn Gut - Pink 1,30 12 метров",Babolat,890 ₽,https://saletennis.com/catalog/product/tiennisnaia-struna-babolat-syn-gut-pink-1-30-12-mietrov-12138,Соболева: 1 сет,1.0,public/data/product_images/f69dfc0b3750.webp,0.0,0.0,0,1.0,0.0,0.0,0,0.0,0.0,0.0
Теннисные струны,243144-104,"Теннисная струна Babolat Syn Gut - Red 1,30 12 метров",Babolat,890 ₽,https://saletennis.com/catalog/product/tiennisnaia-struna-babolat-syn-gut-red-1-30-12-mietrov-12892,Санкт-Петербург (Спортивная): 3 сет,3.0,public/data/product_images/a54c97d77dbc.webp,0.0,3.0,0,0.0,0.0,0.0,0,0.0,0.0,0.0
Теннисные струны,241145,"Теннисная струна Babolat SYNTHETIC GUT FORCE Natural 1,30 12 метров",Babolat,890 ₽,https://saletennis.com/catalog/product/tiennisnaia-struna-babolat-synthetic-gut-force-natural-1-30-12-mietrov-11201,Санкт-Петербург (Ярослава Гашека): 16 сет | Уфа: 1 сет | Парина: 2 сет,19.0,public/data/product_images/95976ba6d14b.webp,16.0,0.0,0,0.0,2.0,0.0,0,0.0,1.0,0.0
Теннисные струны,243144,"Теннисная струна Babolat SYNTHETIC GUT White 1,25 12 метров",Babolat,890 ₽,https://saletennis.com/catalog/product/tiennisnaia-struna-babolat-synthetic-gut-white-1-25-12-mietrov-11024,Тюмень (Народная): 0.5 сет | Санкт-Петербург (Спортивная): 1 сет,1.5,public/data/product_images/a119ea62358b.webp,0.0,1.0,0,0.0,0.0,0.0,0,0.5,0.0,0.0
Теннисные струны,241110,"Теннисная струна Babolat Xcel 1,30 12 метров",Babolat,2890 ₽,https://saletennis.com/catalog/product/tiennisnaia-struna-babolat-xcel-1-30-12-mietrov-4940,Парина: 4 сет,4.0,public/data/product_images/b9c0daf8618a.webp,0.0,0.0,0,0.0,4.0,0.0,0,0.0,0.0,0.0
Теннисные струны,281006-16NT,"Теннисная струна Head FXP Natural 1,30 12 метров",Head,1369 ₽,https://saletennis.com/catalog/product/tiennisnaia-struna-head-fxp-natural-1-30-12-mietrov-9064,Санкт-Петербург (Спортивная): 1 сет,1.0,public/data/product_images/d5bb2c98e38e.webp,0.0,1.0,0,0.0,0.0,0.0,0,0.0,0.0,0.0
Теннисные струны,281113,"Теннисная струна Head HAWK 1,20 200 метров",Head,20242 ₽,https://saletennis.com/catalog/product/tiennisnaia-struna-head-hawk-1-20-200-mietrov-17592,Санкт-Петербург (Спортивная): 1 боб,1.0,public/data/product_images/bc2513f43e66.webp,0.0,1.0,0,0.0,0.0,0.0,0,0.0,0.0,0.0
Теннисные струны,281113-BK,"Теннисная струна Head HAWK - Black 1,25 200 метров",Head,18622 ₽,https://saletennis.com/catalog/product/tiennisnaia-struna-head-hawk-black-1-25-200-mietrov-17977,Ижевск: 1 боб | Соболева: 1 боб | Парина: 1 боб | Санкт-Петербург (Спортивная): 1 боб,4.0,public/data/product_images/2633f1f06dd5.webp,0.0,1.0,0,1.0,1.0,0.0,0,0.0,0.0,1.0
Теннисные струны,281103-BK,"Теннисная струна Head HAWK Black 1,30 12 метров",Head,1612 ₽,https://saletennis.com/catalog/product/tiennisnaia-struna-head-hawk-black-1-30-12-mietrov-19101,Соболева: 3 сет | Санкт-Петербург (Спортивная): 11 сет | Парина: 3 сет | Ижевск: 17 сет | Бисертская: 3 сет | Тюмень: 2.5 сет,39.5,public/data/product_images/02275bf7de4c.webp,0.0,11.0,0,3.0,3.0,3.0,0,2.5,0.0,17.0
Теннисные струны,281032-PT,"Теннисная струна Head Hawk Power 1,25 200 метров",Head,20242 ₽,https://saletennis.com/catalog/product/tiennisnaia-struna-head-hawk-power-1-25-200-mietrov-18231,Санкт-Петербург (Спортивная): 1 боб,1.0,public/data/product_images/0df354c5de31.webp,0.0,1.0,0,0.0,0.0,0.0,0,0.0,0.0,0.0
Теннисные струны,281032-PT,"Теннисная струна Head Hawk Power 1,30 200 метров",Head,20242 ₽,https://saletennis.com/catalog/product/tiennisnaia-struna-head-hawk-power-1-30-200-mietrov-18232,Санкт-Петербург (Спортивная): 1 боб | Парина: 1 боб | Соболева: 1 боб,3.0,public/data/product_images/c0882df42283.webp,0.0,1.0,0,1.0,1.0,0.0,0,0.0,0.0,0.0
Теннисные струны,281022-PT,"Теннисная струна Head Hawk Power - Petrol 1,25 12 метров",Head,1612 ₽,https://saletennis.com/catalog/product/tiennisnaia-struna-head-hawk-power-petrol-1-25-12-mietrov-17548,Санкт-Петербург (Ярослава Гашека): 13 сет | Ижевск: 5 сет | Парина: 0.5 сет | Соболева: 1 сет | Санкт-Петербург (Спортивная): 2.5 сет,22.0,public/data/product_images/ddfac073af22.webp,13.0,2.5,0,1.0,0.5,0.0,0,0.0,0.0,5.0
Теннисные струны,281022-PT,"Теннисная струна Head Hawk Power - Petrol 1,30 12 метров",Head,1612 ₽,https://saletennis.com/catalog/product/tiennisnaia-struna-head-hawk-power-petrol-1-30-12-mietrov-18150,Парина: 15 сет | Ижевск: 5 сет | Санкт-Петербург (Ярослава Гашека): 16 сет | Соболева: 5 сет | Бисертская: 2 сет | Санкт-Петербург (Спортивная): 18 сет | Тюмень (Народная): 2 сет,63.0,public/data/product_images/de0b62f03292.webp,16.0,18.0,0,5.0,15.0,2.0,0,2.0,0.0,5.0
Теннисные струны,281204-18AN,"Теннисная струна Head Hawk Touch Antracite 1,20 12 метров",Head,1612 ₽,https://saletennis.com/catalog/product/tiennisnaia-struna-head-hawk-touch-antracite-1-20-12-mietrov-12950,Парина: 12 сет | Ижевск: 2 сет | Бисертская: 1 сет | Санкт-Петербург (Спортивная): 8 сет | Тюмень (Народная): 4 сет | Соболева: 1 сет | Уфа: 2 сет,30.0,public/data/product_images/a4da0bfdd35d.webp,0.0,8.0,0,1.0,12.0,1.0,0,4.0,2.0,2.0
Теннисные струны,281234-AN,"Теннисная струна Head Hawk Touch Antracite 1,20 200 метров",Head,19027 ₽,https://saletennis.com/catalog/product/tiennisnaia-struna-head-hawk-touch-antracite-1-20-200-mietrov-10646,Парина: 1 боб | Бисертская: 1 боб,2.0,public/data/product_images/84dfa8ba5a31.webp,0.0,0.0,0,0.0,1.0,1.0,0,0.0,0.0,0.0
Теннисные струны,281204-17AN,"Теннисная струна Head Hawk Touch Antracite 1,25 12 метров",Head,1612 ₽,https://saletennis.com/catalog/product/tiennisnaia-struna-head-hawk-touch-antracite-1-25-12-mietrov-7403,Бисертская: 4 сет | Санкт-Петербург (Спортивная): 11 сет,15.0,public/data/product_images/4f38b22d5429.webp,0.0,11.0,0,0.0,0.0,4.0,0,0.0,0.0,0.0
Теннисные струны,281204-16AN,"Теннисная струна Head Hawk Touch Antracite 1,30 12 метров",Head,1612 ₽,https://saletennis.com/catalog/product/tiennisnaia-struna-head-hawk-touch-antracite-1-30-12-mietrov-12951,Тюмень: 13 сет | Парина: 13 сет | Тюмень (Народная): 14.5 сет | Соболева: 13 сет | Ижевск: 6 сет | Уфа: 8 сет | Санкт-Петербург (Спортивная): 8 сет,75.5,public/data/product_images/668c0240b4fd.webp,0.0,8.0,0,13.0,13.0,0.0,0,27.5,8.0,6.0
Теннисные струны,281234-AN,"Теннисная струна Head Hawk Touch Antracite 1,30 200 метров",Head,18622 ₽,https://saletennis.com/catalog/product/tiennisnaia-struna-head-hawk-touch-antracite-1-30-200-mietrov-12952,Ижевск: 1 боб | Парина: 1 боб | Основной склад Екатеринбург: 1 боб,3.0,public/data/product_images/82aba23b276c.webp,0.0,0.0,1,0.0,1.0,0.0,0,0.0,0.0,1.0
Теннисные струны,281103-WH,"Теннисная струна Head Hawk - White 1,20 12 метров",Head,1612 ₽,https://saletennis.com/catalog/product/tiennisnaia-struna-head-hawk-white-1-20-12-mietrov-1-18007,Бисертская: 6 сет | Ижевск: 1 сет | Санкт-Петербург (Спортивная): 6 сет | Соболева: 2.5 сет | Тюмень (Народная): 5 сет | Парина: 5 сет | Санкт-Петербург (Ярослава Гашека): 2 сет,27.5,public/data/product_images/411c847ef7d1.webp,2.0,6.0,0,2.5,5.0,6.0,0,5.0,0.0,1.0
Теннисные струны,281113-WH,"Теннисная струна Head Hawk White 1,20 200 метров",Head,20242 ₽,https://saletennis.com/catalog/product/tiennisnaia-struna-head-hawk-white-1-20-200-mietrov-10628,Санкт-Петербург (Спортивная): 1 боб,1.0,public/data/product_images/07cc54bdeed4.webp,0.0,1.0,0,0.0,0.0,0.0,0,0.0,0.0,0.0
Теннисные струны,281113-17WH,"Теннисная струна Head Hawk White 1,25 12 метров",Head,1288 ₽,https://saletennis.com/catalog/product/tiennisnaia-struna-head-hawk-white-1-25-12-mietrov-1-16709,Бисертская: 12 сет | Парина: 14 сет,26.0,public/data/product_images/192427f81ab7.webp,0.0,0.0,0,0.0,14.0,12.0,0,0.0,0.0,0.0
Теннисные струны,281103-WH,"Теннисная струна Head Hawk - White 1,25 12 метров",Head,1612 ₽,https://saletennis.com/catalog/product/tiennisnaia-struna-head-hawk-white-1-25-12-mietrov-2-18008,Тюмень (Народная): 3.5 сет | Соболева: 5 сет | Уфа: 1 сет | Парина: 6 сет | Санкт-Петербург (Спортивная): 9 сет,24.5,public/data/product_images/0bf8a3bd30de.webp,0.0,9.0,0,5.0,6.0,0.0,0,3.5,1.0,0.0
Теннисные струны,281113-WH,"Теннисная струна Head Hawk White 1,25 200 метров",Head,18622 ₽,https://saletennis.com/catalog/product/tiennisnaia-struna-head-hawk-white-1-25-200-mietrov-16710,Санкт-Петербург (Спортивная): 1 боб | Ижевск: 1 боб | Парина: 1 боб,3.0,public/data/product_images/a6674a9f7e2e.webp,0.0,1.0,0,0.0,1.0,0.0,0,0.0,0.0,1.0
Теннисные струны,281103-WH,"Теннисная струна Head Hawk White 1,30 12 метров",Head,1612 ₽,https://saletennis.com/catalog/product/tiennisnaia-struna-head-hawk-white-1-30-12-mietrov-12954,Бисертская: 0.5 сет | Санкт-Петербург (Спортивная): 10 сет | Санкт-Петербург (Ярослава Гашека): 2 сет | Парина: 6 сет | Соболева: 3 сет | Тюмень (Народная): 1 сет,22.5,public/data/product_images/4276e34ef450.webp,2.0,10.0,0,3.0,6.0,0.5,0,1.0,0.0,0.0
Теннисные струны,281002-NT,"Теннисная струна Head IntelliTour 1,30 12 метров",Head,1369 ₽,https://saletennis.com/catalog/product/tiennisnaia-struna-head-intellitour-1-30-12-mietrov-19100,Санкт-Петербург (Ярослава Гашека): 15 сет | Санкт-Петербург (Спортивная): 6 сет | Парина: 6 сет,27.0,public/data/product_images/d766fcaf6b5f.webp,15.0,6.0,0,0.0,6.0,0.0,0,0.0,0.0,0.0
Теннисные струны,281794,"Теннисная струна Head LYNX 1,25 (антрацит) 12 метров",Head,1207 ₽,https://saletennis.com/catalog/product/tiennisnaia-struna-head-lynx-1-25-antratsit-12-mietrov-4278,Бисертская: 28 сет | Соболева: 14.5 сет | Парина: 12 сет | Тюмень (Народная): 1.5 сет | Санкт-Петербург (Спортивная): 0.5 сет,56.5,public/data/product_images/82942209e9cc.webp,0.0,0.5,0,14.5,12.0,28.0,0,1.5,0.0,0.0
Теннисные струны,281794-AN,"Теннисная струна Head LYNX (антрацит) 1,20 200 метров",Head,15382 ₽,https://saletennis.com/catalog/product/tiennisnaia-struna-head-lynx-antratsit-1-20-200-mietrov-18665,Санкт-Петербург (Спортивная): 1 боб,1.0,public/data/product_images/22a4ea949369.webp,0.0,1.0,0,0.0,0.0,0.0,0,0.0,0.0,0.0
Теннисные струны,281794-17AN,"Теннисная струна Head LYNX (антрацит) 1,25 200 метров",Head,16192 ₽,https://saletennis.com/catalog/product/tiennisnaia-struna-head-lynx-antratsit-1-25-200-mietrov-8793,Бисертская: 1 боб | Парина: 1 боб | Уфа: 1 боб | Санкт-Петербург (Спортивная): 1 боб,4.0,public/data/product_images/682721012d28.webp,0.0,1.0,0,0.0,1.0,1.0,0,0.0,1.0,0.0
Теннисные струны,281794-16AN,"Теннисная струна Head LYNX (антрацит) 1,30 12 метров",Head,1207 ₽,https://saletennis.com/catalog/product/tiennisnaia-struna-head-lynx-antratsit-1-30-12-mietrov-14129,Уфа: 12 сет | Ижевск: 21 сет | Бисертская: 5.5 сет | Соболева: 1.5 сет | Санкт-Петербург (Спортивная): 19.5 сет | Парина: 7 сет,66.5,public/data/product_images/064562a9abad.webp,0.0,19.5,0,1.5,7.0,5.5,0,0.0,12.0,21.0
Теннисные струны,281794-16AN,"Теннисная струна Head LYNX (антрацит) 1,30 200 метров",Head,15382 ₽,https://saletennis.com/catalog/product/tiennisnaia-struna-head-lynx-antratsit-1-30-200-mietrov-13011,Парина: 1 боб | Санкт-Петербург (Спортивная): 1 боб | Ижевск: 1 боб | Уфа: 1 боб,4.0,public/data/product_images/698463fd684c.webp,0.0,1.0,0,0.0,1.0,0.0,0,0.0,1.0,1.0
Теннисные струны,281784-BL,"Теннисная струна Head LYNX Blue 1,25 12 метров",Head,1207 ₽,https://saletennis.com/catalog/product/tiennisnaia-struna-head-lynx-blue-1-25-12-mietrov-15843,Санкт-Петербург (Спортивная): 6 сет | Бисертская: 4 сет | Ижевск: 2 сет | Парина: 8.5 сет | Соболева: 6 сет,26.5,public/data/product_images/e6b37f2977eb.webp,0.0,6.0,0,6.0,8.5,4.0,0,0.0,0.0,2.0
Теннисные струны,281784,"Теннисная струна Head LYNX Blue 1,30 12 метров",Head,1207 ₽,https://saletennis.com/catalog/product/tiennisnaia-struna-head-lynx-blue-1-30-12-mietrov-16622,Бисертская: 2 сет | Тюмень (Народная): 2 сет | Ижевск: 3 сет | Тюмень: 2 сет | Парина: 6 сет | Соболева: 8 сет | Санкт-Петербург (Спортивная): 13 сет,36.0,public/data/product_images/a0a71bd347d4.webp,0.0,13.0,0,8.0,6.0,2.0,0,4.0,0.0,3.0
Теннисные струны,281794-BL,"Теннисная струна Head LYNX (Голубой) 1,25 12 метров",Head,1207 ₽,https://saletennis.com/catalog/product/tiennisnaia-struna-head-lynx-goluboi-1-25-12-mietrov-12283,Тюмень: 0.5 сет | Соболева: 3 сет | Уфа: 14 сет | Парина: 15 сет,32.5,public/data/product_images/9c372b035d16.webp,0.0,0.0,0,3.0,15.0,0.0,0,0.5,14.0,0.0
Теннисные струны,281794-set-BL,"Теннисная струна Head LYNX (Голубой) 1,30 12 метров",Head,1183 ₽,https://saletennis.com/catalog/product/tiennisnaia-struna-head-lynx-goluboi-1-30-12-mietrov-12285,Ижевск: 6 сет | Соболева: 8 сет | Санкт-Петербург (Спортивная): 16 сет | Уфа: 10.5 сет | Бисертская: 15 сет,55.5,public/data/product_images/f6496b3fc763.webp,0.0,16.0,0,8.0,0.0,15.0,0,0.0,10.5,6.0
Теннисные струны,281794-16g-BL,"Теннисная струна Head LYNX (Голубой) 1,30 200 метров",Head,15382 ₽,https://saletennis.com/catalog/product/tiennisnaia-struna-head-lynx-goluboi-1-30-200-mietrov-12286,Санкт-Петербург (Спортивная): 1 боб | Парина: 1 боб,2.0,public/data/product_images/4bc8d2cbb79d.webp,0.0,1.0,0,0.0,1.0,0.0,0,0.0,0.0,0.0
Теннисные струны,281794,"Теннисная струна Head LYNX Green 1,25 200 метров",Head,15382 ₽,https://saletennis.com/catalog/product/tiennisnaia-struna-head-lynx-green-1-25-200-mietrov-12256,Парина: 1 боб | Бисертская: 1 боб,2.0,public/data/product_images/fcb8d333fd8e.webp,0.0,0.0,0,0.0,1.0,1.0,0,0.0,0.0,0.0
Теннисные струны,281794-16GE,"Теннисная струна Head LYNX Green 1,30 200 метров",Head,16192 ₽,https://saletennis.com/catalog/product/tiennisnaia-struna-head-lynx-green-1-30-200-mietrov-12257,Санкт-Петербург (Спортивная): 1 боб | Ижевск: 1 боб,2.0,public/data/product_images/eee87994f4c4.webp,0.0,1.0,0,0.0,0.0,0.0,0,0.0,0.0,1.0
Теннисные струны,281784-17RD,"Теннисная струна Head LYNX (красный) 1,25 12 метров",Head,1369 ₽,https://saletennis.com/catalog/product/tiennisnaia-struna-head-lynx-krasnyi-1-25-12-mietrov-8388,Парина: 15.5 сет | Тюмень (Народная): 10 сет,25.5,public/data/product_images/c9a6c357ab19.webp,0.0,0.0,0,0.0,15.5,0.0,0,10.0,0.0,0.0
Теннисные струны,281794-17RD,"Теннисная струна Head LYNX (красный) 1,25 200 метров",Head,15382 ₽,https://saletennis.com/catalog/product/tiennisnaia-struna-head-lynx-krasnyi-1-25-200-mietrov-8268,Бисертская: 1 боб,1.0,public/data/product_images/bec050bc799b.webp,0.0,0.0,0,0.0,0.0,1.0,0,0.0,0.0,0.0
Теннисные струны,281794-16RD,"Теннисная струна Head LYNX (красный) 1,30 12 метров",Head,1207 ₽,https://saletennis.com/catalog/product/tiennisnaia-struna-head-lynx-krasnyi-1-30-12-mietrov-8269,Ижевск: 1 сет | Тюмень (Народная): 11.5 сет | Парина: 16 сет | Санкт-Петербург (Спортивная): 7.5 сет,36.0,public/data/product_images/caf462e78d44.webp,0.0,7.5,0,0.0,16.0,0.0,0,11.5,0.0,1.0
Теннисные струны,281784-AN,"Теннисная струна Head LYNX (Серый) 1,25 12 метров",Head,1207 ₽,https://saletennis.com/catalog/product/tiennisnaia-struna-head-lynx-sieryi-1-25-12-mietrov-6670,Соболева: 6 сет | Тюмень: 1 сет | Парина: 6 сет | Санкт-Петербург (Спортивная): 12 сет,25.0,public/data/product_images/43348aa1e8b7.webp,0.0,12.0,0,6.0,6.0,0.0,0,1.0,0.0,0.0
Теннисные струны,281052,Теннисная струна Head Lynx Touch - Smoky 1.25 12м,Head,1207 ₽,https://saletennis.com/catalog/product/tiennisnaia-struna-head-lynx-touch-smoky-1-25-12m-14014,Парина: 11.5 сет | Санкт-Петербург (Спортивная): 0.5 сет,12.0,public/data/product_images/cdbf0c352960.webp,0.0,0.5,0,0.0,11.5,0.0,0,0.0,0.0,0.0
Теннисные струны,281042,"Теннисная струна Head Lynx Touch - Smoky 1,30 12м",Head,1207 ₽,https://saletennis.com/catalog/product/tiennisnaia-struna-head-lynx-touch-smoky-1-30-12m-19102,Парина: 6 сет | Тюмень (Народная): 7 сет | Санкт-Петербург (Спортивная): 5 сет,18.0,public/data/product_images/b17d4908b290.webp,0.0,5.0,0,0.0,6.0,0.0,0,7.0,0.0,0.0
Теннисные струны,281052,Теннисная струна Head Lynx Touch - Smoky 1.30 200м,Head,15787 ₽,https://saletennis.com/catalog/product/tiennisnaia-struna-head-lynx-touch-smoky-1-30-200m-13013,Санкт-Петербург (Спортивная): 1 боб | Парина: 1 боб,2.0,public/data/product_images/ac88cf360099.webp,0.0,1.0,0,0.0,1.0,0.0,0,0.0,0.0,0.0
Теннисные струны,281799-GR,"Теннисная струна Head LYNX Tour Anthracite 1,30 12 метров",Head,1207 ₽,https://saletennis.com/catalog/product/tiennisnaia-struna-head-lynx-tour-anthracite-1-30-12-mietrov-17722,Уфа: 6 сет | Соболева: 7.5 сет | Парина: 17 сет,30.5,public/data/product_images/122410d3f8d9.webp,0.0,0.0,0,7.5,17.0,0.0,0,0.0,6.0,0.0
Теннисные струны,281799-BK,"Теннисная струна Head LYNX Tour Black 1,25 12 метров",Head,1207 ₽,https://saletennis.com/catalog/product/tiennisnaia-struna-head-lynx-tour-black-1-25-12-mietrov-14131,Парина: 6 сет | Санкт-Петербург (Спортивная): 6 сет | Уфа: 16 сет,28.0,public/data/product_images/73640a94cd2c.webp,0.0,6.0,0,0.0,6.0,0.0,0,0.0,16.0,0.0
Теннисные струны,281799-BK,"Теннисная струна Head LYNX Tour Black 1,25 200 метров",Head,12990 ₽,https://saletennis.com/catalog/product/tiennisnaia-struna-head-lynx-tour-black-1-25-200-mietrov-14132,Парина: 1 боб | Соболева: 1 боб | Ижевск: 1 боб | Санкт-Петербург (Спортивная): 1 боб,4.0,public/data/product_images/3aa9c3bb8538.webp,0.0,1.0,0,1.0,1.0,0.0,0,0.0,0.0,1.0
Теннисные струны,281799-BK,"Теннисная струна Head LYNX Tour Black 1,30 12 метров",Head,1207 ₽,https://saletennis.com/catalog/product/tiennisnaia-struna-head-lynx-tour-black-1-30-12-mietrov-15461,Тюмень: 11 сет | Бисертская: 11 сет | Уфа: 4 сет | Ижевск: 5 сет | Санкт-Петербург (Спортивная): 6.5 сет | Соболева: 26 сет | Парина: 21 сет,84.5,public/data/product_images/920ec1ae53b8.webp,0.0,6.5,0,26.0,21.0,11.0,0,11.0,4.0,5.0
Теннисные струны,281799-BK,"Теннисная струна Head LYNX Tour Black 1,30 200 метров",Head,15382 ₽,https://saletennis.com/catalog/product/tiennisnaia-struna-head-lynx-tour-black-1-30-200-mietrov-15496,Санкт-Петербург (Спортивная): 1 боб,1.0,public/data/product_images/ebcbb7aee962.webp,0.0,1.0,0,0.0,0.0,0.0,0,0.0,0.0,0.0
Теннисные струны,281799-CP,"Теннисная струна Head LYNX Tour - Champagne 1,20 12 метров",Head,1207 ₽,https://saletennis.com/catalog/product/tiennisnaia-struna-head-lynx-tour-champagne-1-20-12-mietrov-17549,Парина: 2 сет | Соболева: 5 сет | Санкт-Петербург (Ярослава Гашека): 9 сет,16.0,public/data/product_images/43c93ba89d7e.webp,9.0,0.0,0,5.0,2.0,0.0,0,0.0,0.0,0.0
Теннисные струны,281799-CP,"Теннисная струна Head LYNX Tour Champagne 1,25 12 метров",Head,1207 ₽,https://saletennis.com/catalog/product/tiennisnaia-struna-head-lynx-tour-champagne-1-25-12-mietrov-11893,Тюмень (Народная): 7 сет | Ижевск: 4 сет | Соболева: 1 сет | Уфа: 0.5 сет,12.5,public/data/product_images/c2182a41ebb1.webp,0.0,0.0,0,1.0,0.0,0.0,0,7.0,0.5,4.0
Теннисные струны,281799-CP,"Теннисная струна Head LYNX Tour Champagne 1,25 200 метров",Head,13643 ₽,https://saletennis.com/catalog/product/tiennisnaia-struna-head-lynx-tour-champagne-1-25-200-mietrov-11894,Санкт-Петербург (Спортивная): 1 боб | Соболева: 1 боб | Парина: 1 боб,3.0,public/data/product_images/6bb91e4ecd66.webp,0.0,1.0,0,1.0,1.0,0.0,0,0.0,0.0,0.0
Теннисные струны,281799-CP,"Теннисная струна Head LYNX Tour Champagne 1,30 12 метров",Head,1207 ₽,https://saletennis.com/catalog/product/tiennisnaia-struna-head-lynx-tour-champagne-1-30-12-mietrov-11182,Парина: 14 сет | Бисертская: 9.5 сет | Тюмень (Народная): 12 сет | Соболева: 4 сет | Ижевск: 6 сет | Санкт-Петербург (Ярослава Гашека): 10 сет | Уфа: 13 сет | Санкт-Петербург (Спортивная): 13 сет,81.5,public/data/product_images/c391a35597c5.webp,10.0,13.0,0,4.0,14.0,9.5,0,12.0,13.0,6.0
Теннисные струны,281799-CP,"Теннисная струна Head LYNX Tour Champagne 1,30 200 метров",Head,16192 ₽,https://saletennis.com/catalog/product/tiennisnaia-struna-head-lynx-tour-champagne-1-30-200-mietrov-11183,Бисертская: 1 боб | Уфа: 1 боб | Соболева: 1 боб | Тюмень (Народная): 1 боб | Санкт-Петербург (Спортивная): 1 боб | Основной склад Екатеринбург: 1 боб | Парина: 1 боб | Ижевск: 1 боб,8.0,public/data/product_images/57263345b8d3.webp,0.0,1.0,1,1.0,1.0,1.0,0,1.0,1.0,1.0
Теннисные струны,281790-GR,"Теннисная струна Head LYNX Tour Grey 1,25 12 метров",Head,1207 ₽,https://saletennis.com/catalog/product/tiennisnaia-struna-head-lynx-tour-grey-1-25-12-mietrov-12989,Соболева: 2 сет | Парина: 4 сет,6.0,public/data/product_images/d3d97615d0af.webp,0.0,0.0,0,2.0,4.0,0.0,0,0.0,0.0,0.0
Теннисные струны,281790-GR,"Теннисная струна Head LYNX Tour Grey 1,30 12 метров",Head,1207 ₽,https://saletennis.com/catalog/product/tiennisnaia-struna-head-lynx-tour-grey-1-30-12-mietrov-12990,Санкт-Петербург (Спортивная): 12.5 сет | Соболева: 16 сет | Тюмень (Народная): 19 сет | Ижевск: 4 сет,51.5,public/data/product_images/8bb76e582448.webp,0.0,12.5,0,16.0,0.0,0.0,0,19.0,0.0,4.0
Теннисные струны,281799-OR,"Теннисная струна Head LYNX Tour Orange 1,25 12 метров",Head,1118 ₽,https://saletennis.com/catalog/product/tiennisnaia-struna-head-lynx-tour-orange-1-25-12-mietrov-10818,Тюмень (Народная): 1 сет | Ижевск: 6 сет | Бисертская: 0.5 сет,7.5,public/data/product_images/39758d62c938.webp,0.0,0.0,0,0.0,0.0,0.5,0,1.0,0.0,6.0
Теннисные струны,281799-OR,"Теннисная струна Head LYNX Tour Orange 1,25 200 метров",Head,15382 ₽,https://saletennis.com/catalog/product/tiennisnaia-struna-head-lynx-tour-orange-1-25-200-mietrov-11061,Санкт-Петербург (Спортивная): 1 боб,1.0,public/data/product_images/d4499f4a332d.webp,0.0,1.0,0,0.0,0.0,0.0,0,0.0,0.0,0.0
Теннисные струны,281799-OR,"Теннисная струна Head LYNX Tour Orange 1,30 12 метров",Head,1118 ₽,https://saletennis.com/catalog/product/tiennisnaia-struna-head-lynx-tour-orange-1-30-12-mietrov-10819,Ижевск: 7 сет | Парина: 6 сет | Санкт-Петербург (Спортивная): 19 сет | Тюмень (Народная): 7 сет | Соболева: 12 сет | Уфа: 2 сет,53.0,public/data/product_images/cf7898109d54.webp,0.0,19.0,0,12.0,6.0,0.0,0,7.0,2.0,7.0
Теннисные струны,281799-OR,"Теннисная струна Head LYNX Tour Orange 1,30 200 метров",Head,15787 ₽,https://saletennis.com/catalog/product/tiennisnaia-struna-head-lynx-tour-orange-1-30-200-mietrov-11170,Соболева: 1 боб | Ижевск: 1 боб | Санкт-Петербург (Спортивная): 1 боб | Парина: 2 боб | Бисертская: 1 боб | Уфа: 1 боб,7.0,public/data/product_images/772347398705.webp,0.0,1.0,0,1.0,2.0,1.0,0,0.0,1.0,1.0
Теннисные струны,281794-17YW,"Теннисная струна Head LYNX Yellow 1,25 12 метров",Head,1369 ₽,https://saletennis.com/catalog/product/tiennisnaia-struna-head-lynx-yellow-1-25-12-mietrov-6496,Парина: 17.5 сет | Соболева: 10 сет | Ижевск: 13 сет | Тюмень: 0.5 сет | Уфа: 2 сет | Санкт-Петербург (Ярослава Гашека): 15 сет,58.0,public/data/product_images/f1956868db3c.webp,15.0,0.0,0,10.0,17.5,0.0,0,0.5,2.0,13.0
Теннисные струны,281794-17YW,"Теннисная струна Head LYNX Yellow 1,25 200 метров",Head,15382 ₽,https://saletennis.com/catalog/product/tiennisnaia-struna-head-lynx-yellow-1-25-200-mietrov-5935,Парина: 1 боб | Уфа: 1 боб | Тюмень (Народная): 1 боб,3.0,public/data/product_images/6ccc532db2d1.webp,0.0,0.0,0,0.0,1.0,0.0,0,1.0,1.0,0.0
Теннисные струны,281794-16YW,"Теннисная струна Head LYNX Yellow 1,30 12 метров",Head,1207 ₽,https://saletennis.com/catalog/product/tiennisnaia-struna-head-lynx-yellow-1-30-12-mietrov-13520,Ижевск: 4 сет | Уфа: 7 сет | Тюмень (Народная): 11 сет | Санкт-Петербург (Спортивная): 33.5 сет | Бисертская: 16 сет,71.5,public/data/product_images/7e16e5825534.webp,0.0,33.5,0,0.0,0.0,16.0,0,11.0,7.0,4.0
Теннисные струны,281794-16YW,"Теннисная струна Head LYNX Yellow 1,30 200 метров",Head,15382 ₽,https://saletennis.com/catalog/product/tiennisnaia-struna-head-lynx-yellow-1-30-200-mietrov-12258,Санкт-Петербург (Спортивная): 1 боб,1.0,public/data/product_images/a9d0f8b308f0.webp,0.0,1.0,0,0.0,0.0,0.0,0,0.0,0.0,0.0
Теннисные струны,281784,"Теннисная струна Head LYNX (желтый) 1,20 12 метров",Head,1207 ₽,https://saletennis.com/catalog/product/tiennisnaia-struna-head-lynx-zhieltyi-1-20-12-mietrov-18013,Соболева: 2 сет,2.0,public/data/product_images/241a45932ac9.webp,0.0,0.0,0,2.0,0.0,0.0,0,0.0,0.0,0.0
Теннисные струны,281784-YW,"Теннисная струна Head LYNX (желтый) 1,25 12 метров",Head,1207 ₽,https://saletennis.com/catalog/product/tiennisnaia-struna-head-lynx-zhieltyi-1-25-12-mietrov-9066,Парина: 5 сет | Соболева: 4 сет | Тюмень: 1 сет | Бисертская: 1.5 сет | Ижевск: 6 сет | Санкт-Петербург (Спортивная): 3 сет | Тюмень (Народная): 1 сет,21.5,public/data/product_images/c48f8d5e1e21.webp,0.0,3.0,0,4.0,5.0,1.5,0,2.0,0.0,6.0
Теннисные струны,281784-YW,"Теннисная струна Head LYNX (желтый) 1,30 12 метров",Head,1207 ₽,https://saletennis.com/catalog/product/tiennisnaia-struna-head-lynx-zhieltyi-1-30-12-mietrov-16621,Ижевск: 3 сет | Бисертская: 3 сет | Тюмень (Народная): 3 сет | Санкт-Петербург (Спортивная): 7 сет | Уфа: 3 сет | Парина: 6 сет | Соболева: 7 сет,32.0,public/data/product_images/f4911b7f5eeb.webp,0.0,7.0,0,7.0,6.0,3.0,0,3.0,3.0,3.0
Теннисные струны,281784,"Теннисная струна Head LYNX (Зеленый) 1,25 12 метров",Head,1369 ₽,https://saletennis.com/catalog/product/tiennisnaia-struna-head-lynx-zielienyi-1-25-12-mietrov-10789,Тюмень: 1 сет | Соболева: 2 сет | Тюмень (Народная): 1 сет,4.0,public/data/product_images/e6f0f63bbf4c.webp,0.0,0.0,0,2.0,0.0,0.0,0,2.0,0.0,0.0
Теннисные струны,281784,"Теннисная струна Head LYNX (Зеленый) 1,30 12 метров",Head,1183 ₽,https://saletennis.com/catalog/product/tiennisnaia-struna-head-lynx-zielienyi-1-30-12-mietrov-15082,Ижевск: 14 сет | Санкт-Петербург (Спортивная): 6 сет | Соболева: 13 сет | Бисертская: 11 сет | Тюмень (Народная): 2 сет,46.0,public/data/product_images/ad6ad8fc96b6.webp,0.0,6.0,0,13.0,0.0,11.0,0,2.0,0.0,14.0
Теннисные струны,281033-16LNT,"Теннисная струна Head Master Natural 1,30 12 метров",Head,397 ₽,https://saletennis.com/catalog/product/tiennisnaia-struna-head-master-natural-1-30-12-mietrov-7890,Тюмень (Народная): 10.5 сет | Соболева: 4 сет | Бисертская: 4 сет,18.5,public/data/product_images/d05d9c7f39e2.webp,0.0,0.0,0,4.0,0.0,4.0,0,10.5,0.0,0.0
Теннисные струны,281023-16LSI,"Теннисная струна Head Master Silver 1,30 12 метров",Head,397 ₽,https://saletennis.com/catalog/product/tiennisnaia-struna-head-master-silver-1-30-12-mietrov-8073,Ижевск: 12 сет | Тюмень: 4 сет | Тюмень (Народная): 3 сет,19.0,public/data/product_images/5563370b2d45.webp,0.0,0.0,0,0.0,0.0,0.0,0,7.0,0.0,12.0
Теннисные струны,281033-16LSI,"Теннисная струна Head Master Silver 1,30 200 метров",Head,4666 ₽,https://saletennis.com/catalog/product/tiennisnaia-struna-head-master-silver-1-30-200-mietrov-10090,Санкт-Петербург (Спортивная): 1 боб | Соболева: 1 боб,2.0,public/data/product_images/bf54fd109dd2.webp,0.0,1.0,0,1.0,0.0,0.0,0,0.0,0.0,0.0
Теннисные струны,281033-15LSI,"Теннисная струна Head Master Silver 1,40 200 метров",Head,4666 ₽,https://saletennis.com/catalog/product/tiennisnaia-struna-head-master-silver-1-40-200-mietrov-10091,Ижевск: 1 боб | Уфа: 1 боб,2.0,public/data/product_images/c3f1a8196f81.webp,0.0,0.0,0,0.0,0.0,0.0,0,0.0,1.0,1.0
Теннисные струны,281033,"Теннисная струна Head Master White 1,30 200 метров",Head,4666 ₽,https://saletennis.com/catalog/product/tiennisnaia-struna-head-master-white-1-30-200-mietrov-14134,Парина: 1 боб | Ижевск: 1 боб | Соболева: 1 боб,3.0,public/data/product_images/ec6144bdc5af.webp,0.0,0.0,0,1.0,1.0,0.0,0,0.0,0.0,1.0
Теннисные струны,281319-16WH,"Теннисная струна Head Master White 1,30 400 метров",Head,9712 ₽,https://saletennis.com/catalog/product/tiennisnaia-struna-head-master-white-1-30-400-mietrov-10462,Соболева: 1 боб,1.0,public/data/product_images/17dc2d34c9f3.webp,0.0,0.0,0,1.0,0.0,0.0,0,0.0,0.0,0.0
Теннисные струны,281033-15LYW,"Теннисная струна Head Master Yellow 1,30 12 метров",Head,446 ₽,https://saletennis.com/catalog/product/tiennisnaia-struna-head-master-yellow-1-30-12-mietrov-16624,Уфа: 11 сет | Соболева: 12 сет,23.0,public/data/product_images/a19b2faab35b.webp,0.0,0.0,0,12.0,0.0,0.0,0,0.0,11.0,0.0
Теннисные струны,281033,"Теннисная струна Head Master Yellow 1,30 200 метров",Head,4666 ₽,https://saletennis.com/catalog/product/tiennisnaia-struna-head-master-yellow-1-30-200-mietrov-14135,Ижевск: 1 боб | Соболева: 1 боб,2.0,public/data/product_images/57e452153180.webp,0.0,0.0,0,1.0,0.0,0.0,0,0.0,0.0,1.0
Теннисные струны,281033,"Теннисная струна Head Master Yellow 1,40 200 метров",Head,4666 ₽,https://saletennis.com/catalog/product/tiennisnaia-struna-head-master-yellow-1-40-200-mietrov-15486,Парина: 1 боб | Ижевск: 1 боб | Тюмень (Народная): 1 боб,3.0,public/data/product_images/d0cb4cf8985a.webp,0.0,0.0,0,0.0,1.0,0.0,0,1.0,0.0,1.0
Теннисные струны,281304-NT,"Теннисная струна Head Reflex MLT  Natural 1,25 12 метров",Head,1612 ₽,https://saletennis.com/catalog/product/tiennisnaia-struna-head-reflex-mlt-natural-1-25-12-mietrov-19103,Парина: 6 сет | Санкт-Петербург (Спортивная): 2 сет,8.0,public/data/product_images/6dd0df90778f.webp,0.0,2.0,0,0.0,6.0,0.0,0,0.0,0.0,0.0
Теннисные струны,281304-NT,"Теннисная струна Head Reflex MLT Natural 1,30 12 метров",Head,1612 ₽,https://saletennis.com/catalog/product/tiennisnaia-struna-head-reflex-mlt-natural-1-30-12-mietrov-19104,Санкт-Петербург (Ярослава Гашека): 1 сет | Парина: 4.5 сет,5.5,public/data/product_images/ce7bdbb23af7.webp,1.0,0.0,0,0.0,4.5,0.0,0,0.0,0.0,0.0
Теннисные струны,281304,"Теннисная струна Head Reflex MLT - Natural 1,35 12 метров",Head,1612 ₽,https://saletennis.com/catalog/product/tiennisnaia-struna-head-reflex-mlt-natural-1-35-12-mietrov-18151,Соболева: 2 сет | Санкт-Петербург (Спортивная): 2 сет | Парина: 2 сет,6.0,public/data/product_images/d97959ba8214.webp,0.0,2.0,0,2.0,2.0,0.0,0,0.0,0.0,0.0
Теннисные струны,281099-17BK,"Теннисная струна Head Rip Control 17BK 1,25 12 метров",Head,1612 ₽,https://saletennis.com/catalog/product/tiennisnaia-struna-head-rip-control-17bk-1-25-12-mietrov-7601,Ижевск: 3 сет | Санкт-Петербург (Спортивная): 2 сет | Парина: 4 сет,9.0,public/data/product_images/0b04fc5041eb.webp,0.0,2.0,0,0.0,4.0,0.0,0,0.0,0.0,3.0
Теннисные струны,281099-NT,"Теннисная струна Head Rip Control - Natural 1,30 12 метров",Head,1612 ₽,https://saletennis.com/catalog/product/tiennisnaia-struna-head-rip-control-natural-1-30-12-mietrov-17593,Санкт-Петербург (Спортивная): 2 сет | Тюмень (Народная): 1 сет | Соболева: 1 сет,4.0,public/data/product_images/0b7743bc65ca.webp,0.0,2.0,0,1.0,0.0,0.0,0,1.0,0.0,0.0
Теннисные струны,281099-17OR,"Теннисная струна Head Rip Control - Orange 1,25 12 метров",Head,1612 ₽,https://saletennis.com/catalog/product/tiennisnaia-struna-head-rip-control-orange-1-25-12-mietrov-14471,Соболева: 5 сет | Парина: 9 сет | Санкт-Петербург (Спортивная): 5 сет | Ижевск: 3 сет,22.0,public/data/product_images/aff512fe208c.webp,0.0,5.0,0,5.0,9.0,0.0,0,0.0,0.0,3.0
Теннисные струны,281128-BK,"Теннисная струна Head Sonic Pro Black 1,25 12 метров",Head,1190 ₽,https://saletennis.com/catalog/product/tiennisnaia-struna-head-sonic-pro-black-1-25-12-mietrov-19533,Соболева: 6 сет | Ижевск: 6 сет | Парина: 4 сет | Санкт-Петербург (Спортивная): 8 сет | Тюмень (Народная): 12 сет | Уфа: 5.5 сет,41.5,public/data/product_images/0adcf37d3793.webp,0.0,8.0,0,6.0,4.0,0.0,0,12.0,5.5,6.0
Теннисные струны,281128-BK,"Теннисная струна Head Sonic Pro Black 1,25 200 метров",Head,12490 ₽,https://saletennis.com/catalog/product/tiennisnaia-struna-head-sonic-pro-black-1-25-200-mietrov-18373,Тюмень (Народная): 1 боб | Уфа: 1 боб | Соболева: 1 боб | Ижевск: 1 боб | Санкт-Петербург (Спортивная): 1 боб | Парина: 1 боб | Бисертская: 1 боб,7.0,public/data/product_images/a02c67395dd3.webp,0.0,1.0,0,1.0,1.0,1.0,0,1.0,1.0,1.0
Теннисные струны,281028-BK,"Теннисная струна Head Sonic Pro Black 1,30 12 метров",Head,893 ₽,https://saletennis.com/catalog/product/tiennisnaia-struna-head-sonic-pro-black-1-30-12-mietrov-19105,Соболева: 10.5 сет | Уфа: 10 сет | Бисертская: 1.5 сет | Парина: 20 сет | Санкт-Петербург (Спортивная): 14.5 сет | Тюмень: 9 сет,65.5,public/data/product_images/efd27ceb43e6.webp,0.0,14.5,0,10.5,20.0,1.5,0,9.0,10.0,0.0
Теннисные струны,281128-BK,"Теннисная струна Head Sonic Pro Black 1,30 200 метров",Head,10117 ₽,https://saletennis.com/catalog/product/tiennisnaia-struna-head-sonic-pro-black-1-30-200-mietrov-18374,Санкт-Петербург (Спортивная): 2 боб | Парина: 1 боб | Ижевск: 1 боб | Бисертская: 2 боб,6.0,public/data/product_images/8e72a8c7ebb7.webp,0.0,2.0,0,0.0,1.0,2.0,0,0.0,0.0,1.0
Теннисные струны,281028-WH,"Теннисная струна Head Sonic Pro White 1,25 12 метров",Head,893 ₽,https://saletennis.com/catalog/product/tiennisnaia-struna-head-sonic-pro-white-1-25-12-mietrov-12308,Тюмень (Народная): 3 сет | Соболева: 4 сет | Уфа: 0.5 сет | Санкт-Петербург (Спортивная): 4 сет | Парина: 3 сет,14.5,public/data/product_images/64a6fcbdebb4.webp,0.0,4.0,0,4.0,3.0,0.0,0,3.0,0.5,0.0
Теннисные струны,281128-17WH,"Теннисная струна Head Sonic Pro White 1,25 200 метров",Head,10117 ₽,https://saletennis.com/catalog/product/tiennisnaia-struna-head-sonic-pro-white-1-25-200-mietrov-12309,Бисертская: 1 боб | Парина: 1 боб | Санкт-Петербург (Спортивная): 1 боб | Соболева: 1 боб,4.0,public/data/product_images/53e5d16e6585.webp,0.0,1.0,0,1.0,1.0,1.0,0,0.0,0.0,0.0
Теннисные струны,281128-16WH,"Теннисная струна Head Sonic Pro White 1,30 12 метров",Head,893 ₽,https://saletennis.com/catalog/product/tiennisnaia-struna-head-sonic-pro-white-1-30-12-mietrov-8082,Тюмень: 1.5 сет | Ижевск: 18 сет | Санкт-Петербург (Спортивная): 17.5 сет | Санкт-Петербург (Ярослава Гашека): 3 сет | Соболева: 6 сет | Парина: 20 сет | Уфа: 18 сет,84.0,public/data/product_images/165f1e801297.webp,3.0,17.5,0,6.0,20.0,0.0,0,1.5,18.0,18.0
Теннисные струны,281128-16WH,"Теннисная струна Head Sonic Pro White 1,30 200 метров",Head,10117 ₽,https://saletennis.com/catalog/product/tiennisnaia-struna-head-sonic-pro-white-1-30-200-mietrov-14472,Бисертская: 1 боб | Соболева: 1 боб | Тюмень (Народная): 1 боб | Парина: 1 боб,4.0,public/data/product_images/58369f420037.webp,0.0,0.0,0,1.0,1.0,1.0,0,1.0,0.0,0.0
Теннисные струны,281311-BK,"Теннисная струна Head Synthetic Gut - Black 1,30 12 метров",Head,721 ₽,https://saletennis.com/catalog/product/tiennisnaia-struna-head-synthetic-gut-black-1-30-12-mietrov-16191,Санкт-Петербург (Спортивная): 4 сет,4.0,public/data/product_images/f3aadf6c68d4.webp,0.0,4.0,0,0.0,0.0,0.0,0,0.0,0.0,0.0
Теннисные струны,281111-PK,"Теннисная струна Head Synthetic Gut - Pink 1,30 12 метров",Head,802 ₽,https://saletennis.com/catalog/product/tiennisnaia-struna-head-synthetic-gut-pink-1-30-12-mietrov-18375,Тюмень (Народная): 1 сет | Санкт-Петербург (Спортивная): 11 сет,12.0,public/data/product_images/10e3bde5a1ee.webp,0.0,11.0,0,0.0,0.0,0.0,0,1.0,0.0,0.0
Теннисные струны,281065-BL,"Теннисная струна Head Synthetic Gut PPS Blue - 1,24 12 метров",Head,802 ₽,https://saletennis.com/catalog/product/tiennisnaia-struna-head-synthetic-gut-pps-blue-1-24-12-mietrov-16738,Санкт-Петербург (Ярослава Гашека): 2 сет,2.0,public/data/product_images/02af9da1d65e.webp,2.0,0.0,0,0.0,0.0,0.0,0,0.0,0.0,0.0
Теннисные струны,281111-WH,"Теннисная струна Head Synthetic Gut - White 1,30 12 метров",Head,721 ₽,https://saletennis.com/catalog/product/tiennisnaia-struna-head-synthetic-gut-white-1-30-12-mietrov-16193,Уфа: 13.5 сет | Бисертская: 1 сет,14.5,public/data/product_images/0702705977f2.webp,0.0,0.0,0,0.0,0.0,1.0,0,0.0,13.5,0.0
Теннисные струны,281404-BK,"Теннисная струна Head Velocity MLT Black 1,30 12 метров",Head,1207 ₽,https://saletennis.com/catalog/product/tiennisnaia-struna-head-velocity-mlt-black-1-30-12-mietrov-10820,Парина: 1 сет | Санкт-Петербург (Спортивная): 2 сет | Санкт-Петербург (Ярослава Гашека): 1 сет,4.0,public/data/product_images/1a302077544a.webp,1.0,2.0,0,0.0,1.0,0.0,0,0.0,0.0,0.0
Теннисные струны,281404-BK,"Теннисная струна Head Velocity MLT Black - 1,35 12 метров",Head,1207 ₽,https://saletennis.com/catalog/product/tiennisnaia-struna-head-velocity-mlt-black-1-35-12-mietrov-1-17978,Соболева: 6 сет | Санкт-Петербург (Спортивная): 8 сет,14.0,public/data/product_images/5e1cd6d81794.webp,0.0,8.0,0,6.0,0.0,0.0,0,0.0,0.0,0.0
Теннисные струны,281404-PK,"Теннисная струна Head Velocity MLT Pink 1,25 12 метров",Head,1207 ₽,https://saletennis.com/catalog/product/tiennisnaia-struna-head-velocity-mlt-pink-1-25-12-mietrov-15060,Санкт-Петербург (Спортивная): 2.5 сет | Тюмень (Народная): 2 сет | Санкт-Петербург (Ярослава Гашека): 8 сет | Парина: 3 сет,15.5,public/data/product_images/540867df0026.webp,8.0,2.5,0,0.0,3.0,0.0,0,2.0,0.0,0.0
Теннисные струны,281414-PK,"Теннисная струна Head Velocity MLT Pink 1,30 12 метров",Head,1207 ₽,https://saletennis.com/catalog/product/tiennisnaia-struna-head-velocity-mlt-pink-1-30-12-mietrov-10821,Соболева: 3.5 сет | Тюмень (Народная): 2 сет | Парина: 3 сет | Санкт-Петербург (Спортивная): 15 сет,23.5,public/data/product_images/9094d2ec0de3.webp,0.0,15.0,0,3.5,3.0,0.0,0,2.0,0.0,0.0
Теннисные струны,281404-PK,"Теннисная струна Head Velocity MLT - Pink 1,35 12 метров",Head,1207 ₽,https://saletennis.com/catalog/product/tiennisnaia-struna-head-velocity-mlt-pink-1-35-12-mietrov-18152,Соболева: 1 сет | Парина: 6 сет | Санкт-Петербург (Спортивная): 7 сет | Тюмень (Народная): 2 сет,16.0,public/data/product_images/22669cc5d7ee.webp,0.0,7.0,0,1.0,6.0,0.0,0,2.0,0.0,0.0
Теннисные струны,281404-YW,"Теннисная струна Head Velocity MLT Yellow - 1,25  12 метров",Head,1207 ₽,https://saletennis.com/catalog/product/tiennisnaia-struna-head-velocity-mlt-yellow-1-25-12-mietrov-14105,Санкт-Петербург (Ярослава Гашека): 2 сет | Парина: 4 сет | Санкт-Петербург (Спортивная): 3 сет,9.0,public/data/product_images/756cc7a5612e.webp,2.0,3.0,0,0.0,4.0,0.0,0,0.0,0.0,0.0
Теннисные струны,281404-YW,"Теннисная струна Head Velocity MLT Yellow - 1,30  12 метров",Head,1207 ₽,https://saletennis.com/catalog/product/tiennisnaia-struna-head-velocity-mlt-yellow-1-30-12-mietrov-14106,Парина: 4 сет | Санкт-Петербург (Спортивная): 12 сет | Соболева: 6 сет,22.0,public/data/product_images/eccc7ff66992.webp,0.0,12.0,0,6.0,4.0,0.0,0,0.0,0.0,0.0
Теннисные струны,281404-YW,"Теннисная струна Head Velocity MLT - Yellow 1,35  12 метров",Head,1207 ₽,https://saletennis.com/catalog/product/tiennisnaia-struna-head-velocity-mlt-yellow-1-35-12-mietrov-18153,Санкт-Петербург (Спортивная): 6 сет | Уфа: 1 сет | Соболева: 2 сет | Тюмень (Народная): 4 сет | Парина: 4 сет,17.0,public/data/product_images/38a510850aa5.webp,0.0,6.0,0,2.0,4.0,0.0,0,4.0,1.0,0.0
Теннисные струны,WRZ997110,"Теннисная струна Luxilon 4G 1,25 12 метров",Luxilon,3490 ₽,https://saletennis.com/catalog/product/tiennisnaia-struna-luxilon-4g-1-25-12-mietrov-1-4958,Уфа: 8 сет | Парина: 1 сет | Тюмень (Народная): 2 сет | Санкт-Петербург (Спортивная): 3 сет,14.0,public/data/product_images/1e607ea7728e.webp,0.0,3.0,0,0.0,1.0,0.0,0,2.0,8.0,0.0
Теннисные струны,WRZ997112,"Теннисная струна Luxilon 4G 1,30 12 метров",Luxilon,3490 ₽,https://saletennis.com/catalog/product/tiennisnaia-struna-luxilon-4g-1-30-12-mietrov-2-4959,Парина: 2 сет | Соболева: 15.5 сет | Санкт-Петербург (Спортивная): 9 сет | Уфа: 1 сет | Ижевск: 1 сет | Тюмень (Народная): 2 сет,30.5,public/data/product_images/ee1778ba804d.webp,0.0,9.0,0,15.5,2.0,0.0,0,2.0,1.0,1.0
Теннисные струны,WR8308201125BK,"Теннисная струна Luxilon 4G Black 1,25 12 метров",Luxilon,3290 ₽,https://saletennis.com/catalog/product/tiennisnaia-struna-luxilon-4g-black-1-25-12-mietrov-15830,Уфа: 12 сет | Санкт-Петербург (Спортивная): 0.5 сет,12.5,public/data/product_images/f535c031e203.webp,0.0,0.5,0,0.0,0.0,0.0,0,0.0,12.0,0.0
Теннисные струны,WR8308301125,"Теннисная струна Luxilon 4G Black 1,25 200 метров",Luxilon,45990 ₽,https://saletennis.com/catalog/product/tiennisnaia-struna-luxilon-4g-black-1-25-200-mietrov-19080,Парина: 1 боб,1.0,public/data/product_images/6ed60d2a0feb.webp,0.0,0.0,0,0.0,1.0,0.0,0,0.0,0.0,0.0
Теннисные струны,WR8309701125DB,"Теннисная струна Luxilon 4G Desert Bronze 1,25 12 метров",Luxilon,3490 ₽,https://saletennis.com/catalog/product/tiennisnaia-struna-luxilon-4g-desert-bronze-1-25-12-mietrov-15831,Ижевск: 3 сет | Тюмень (Народная): 10 сет | Санкт-Петербург (Спортивная): 8 сет | Уфа: 1 сет | Соболева: 1.5 сет | Бисертская: 2 сет | Парина: 2 сет,27.5,public/data/product_images/091422bb928b.webp,0.0,8.0,0,1.5,2.0,2.0,0,10.0,1.0,3.0
Теннисные струны,WRZ990144,"Теннисная струна Luxilon 4G Rough 1,25 12 метров",Luxilon,3490 ₽,https://saletennis.com/catalog/product/tiennisnaia-struna-luxilon-4g-rough-1-25-12-mietrov-8278,Санкт-Петербург (Ярослава Гашека): 16 сет | Соболева: 2 сет | Парина: 2 сет | Санкт-Петербург (Спортивная): 3 сет | Тюмень (Народная): 2 сет,25.0,public/data/product_images/ce0a2d58123a.webp,16.0,3.0,0,2.0,2.0,0.0,0,2.0,0.0,0.0
Теннисные струны,WRZ990144,"Теннисная струна Luxilon 4G Rough 1,25 200 метров",Luxilon,36792 ₽,https://saletennis.com/catalog/product/tiennisnaia-struna-luxilon-4g-rough-1-25-200-mietrov-9205,Соболева: 1 боб,1.0,public/data/product_images/b23c80891d97.webp,0.0,0.0,0,1.0,0.0,0.0,0,0.0,0.0,0.0
Теннисные струны,WR8302001115,"Теннисная струна Luxilon Alu Power 1,15 12 метров",Luxilon,3490 ₽,https://saletennis.com/catalog/product/tiennisnaia-struna-luxilon-alu-power-1-15-12-mietrov-11208,Ижевск: 1 сет | Парина: 3.5 сет | Тюмень (Народная): 1 сет | Соболева: 3 сет | Санкт-Петербург (Спортивная): 3 сет | Уфа: 3 сет,14.5,public/data/product_images/bb9b5e461745.webp,0.0,3.0,0,3.0,3.5,0.0,0,1.0,3.0,1.0
Теннисные струны,WR8302301130,"Теннисная струна Luxilon Alu Power 1,30 12 метров",Luxilon,3490 ₽,https://saletennis.com/catalog/product/tiennisnaia-struna-luxilon-alu-power-1-30-12-mietrov-11428,Санкт-Петербург (Ярослава Гашека): 14 сет | Бисертская: 0.5 сет | Тюмень (Народная): 16 сет | Парина: 8.5 сет | Соболева: 2 сет | Санкт-Петербург (Спортивная): 14 сет,55.0,public/data/product_images/3cf616fddf67.webp,14.0,14.0,0,2.0,8.5,0.5,0,16.0,0.0,0.0
Теннисные струны,WRZ998800,"Теннисная струна Luxilon Alu Power Feel 1,20 12 метров",Luxilon,3490 ₽,https://saletennis.com/catalog/product/tiennisnaia-struna-luxilon-alu-power-feel-1-20-12-mietrov-5988,Тюмень (Народная): 13 сет | Санкт-Петербург (Спортивная): 1 сет | Соболева: 1 сет,15.0,public/data/product_images/15aa90624ba3.webp,0.0,1.0,0,1.0,0.0,0.0,0,13.0,0.0,0.0
Теннисные струны,WR8310801128,Теннисная струна Luxilon Alu Power RG Blue 1.28 12 метров,Luxilon,3490 ₽,https://saletennis.com/catalog/product/tiennisnaia-struna-luxilon-alu-power-rg-blue-1-28-12-mietrov-17300,Санкт-Петербург (Спортивная): 1 сет,1.0,public/data/product_images/c395a4fa26a4.webp,0.0,1.0,0,0.0,0.0,0.0,0,0.0,0.0,0.0
Теннисные струны,WRZ995200,"Теннисная струна Luxilon Alu Power Rough 1,25 12 метров",Luxilon,3490 ₽,https://saletennis.com/catalog/product/tiennisnaia-struna-luxilon-alu-power-rough-1-25-12-mietrov-4573,Санкт-Петербург (Спортивная): 7 сет | Бисертская: 0.5 сет,7.5,public/data/product_images/aa8c2dddda70.webp,0.0,7.0,0,0.0,0.0,0.5,0,0.0,0.0,0.0
Теннисные струны,WR8302801130,"Теннисная струна Luxilon Alu Power Rough 1,30 12 метров",Luxilon,3490 ₽,https://saletennis.com/catalog/product/tiennisnaia-struna-luxilon-alu-power-rough-1-30-12-mietrov-10510,Бисертская: 0.5 сет | Уфа: 1 сет | Ижевск: 1 сет | Санкт-Петербург (Спортивная): 14 сет,16.5,public/data/product_images/31b152025a5d.webp,0.0,14.0,0,0.0,0.0,0.5,0,0.0,1.0,1.0
Теннисные струны,WRZ995100SI,"Теннисная струна Luxilon Alu Power Silver 1,25 12 метров",Luxilon,3490 ₽,https://saletennis.com/catalog/product/tiennisnaia-struna-luxilon-alu-power-silver-1-25-12-mietrov-15833,Санкт-Петербург (Спортивная): 12 сет | Ижевск: 1 сет | Парина: 0.5 сет,13.5,public/data/product_images/c4831e746f6b.webp,0.0,12.0,0,0.0,0.5,0.0,0,0.0,0.0,1.0
Теннисные струны,WR8310001125,"Теннисная струна Luxilon Eco Power 1,25 200 метров",Luxilon,22792 ₽,https://saletennis.com/catalog/product/tiennisnaia-struna-luxilon-eco-power-1-25-200-mietrov-18260,Ижевск: 1 боб,1.0,public/data/product_images/05cf745ef6f1.webp,0.0,0.0,0,0.0,0.0,0.0,0,0.0,0.0,1.0
Теннисные струны,WR8313701130,"Теннисная струна Luxilon ECO Power - Green 1,30 12 метров",Luxilon,2190 ₽,https://saletennis.com/catalog/product/tiennisnaia-struna-luxilon-eco-power-green-1-30-12-mietrov-18924,Бисертская: 13 сет | Парина: 6 сет,19.0,public/data/product_images/fb8e0779d9ef.webp,0.0,0.0,0,0.0,6.0,13.0,0,0.0,0.0,0.0
Теннисные струны,WR8310701125,"Теннисная струна Luxilon ECO Spin 1,25 12 метров",Luxilon,2190 ₽,https://saletennis.com/catalog/product/tiennisnaia-struna-luxilon-eco-spin-1-25-12-mietrov-16626,Санкт-Петербург (Спортивная): 11 сет | Тюмень (Народная): 7 сет | Уфа: 6 сет,24.0,public/data/product_images/bb585a3ea31c.webp,0.0,11.0,0,0.0,0.0,0.0,0,7.0,6.0,0.0
Теннисные струны,WR8310701125,"Теннисная струна Luxilon ECO Spin 1,25 200 метров",Luxilon,24792 ₽,https://saletennis.com/catalog/product/tiennisnaia-struna-luxilon-eco-spin-1-25-200-mietrov-16056,Ижевск: 1 боб,1.0,public/data/product_images/a642d6de7e8d.webp,0.0,0.0,0,0.0,0.0,0.0,0,0.0,0.0,1.0
Теннисные струны,WRZ990105,"Теннисная струна Luxilon Element 1,25 12 метров",Luxilon,2990 ₽,https://saletennis.com/catalog/product/tiennisnaia-struna-luxilon-element-1-25-12-mietrov-4576,Санкт-Петербург (Ярослава Гашека): 16 сет | Парина: 14 сет | Тюмень (Народная): 12 сет | Санкт-Петербург (Спортивная): 16 сет,58.0,public/data/product_images/ea2d2bcd5ccb.webp,16.0,16.0,0,0.0,14.0,0.0,0,12.0,0.0,0.0
Теннисные струны,WRZ990109,"Теннисная струна Luxilon Element 1,30 12 метров",Luxilon,2990 ₽,https://saletennis.com/catalog/product/tiennisnaia-struna-luxilon-element-1-30-12-mietrov-4578,Соболева: 15 сет | Санкт-Петербург (Спортивная): 1 сет,16.0,public/data/product_images/90372b2d313b.webp,0.0,1.0,0,15.0,0.0,0.0,0,0.0,0.0,0.0
Теннисные струны,WRZ990111,"Теннисная струна Luxilon Element 1,30 200 метров",Luxilon,27192 ₽,https://saletennis.com/catalog/product/tiennisnaia-struna-luxilon-element-1-30-200-mietrov-4579,Парина: 1 боб,1.0,public/data/product_images/d5a4341ac9d2.webp,0.0,0.0,0,0.0,1.0,0.0,0,0.0,0.0,0.0
Теннисные струны,WR8314003125,"Теннисная струна Luxilon Element Infrared 1,25 12 метров",Luxilon,2690 ₽,https://saletennis.com/catalog/product/tiennisnaia-struna-luxilon-element-infrared-1-25-12-mietrov-19338,Соболева: 4 шт | Парина: 5 шт,9.0,public/data/product_images/e22c416f068c.webp,0.0,0.0,0,4.0,5.0,0.0,0,0.0,0.0,0.0
Теннисные струны,WR8310401125,"Теннисная струна Luxilon Lxn Eco Rouge 1,25 12 метров",Luxilon,2990 ₽,https://saletennis.com/catalog/product/tiennisnaia-struna-luxilon-lxn-eco-rouge-1-25-12-mietrov-16574,Санкт-Петербург (Ярослава Гашека): 14 сет | Парина: 1 сет | Санкт-Петербург (Спортивная): 0.5 сет | Ижевск: 1 сет,16.5,public/data/product_images/0b36485d8fbd.webp,14.0,0.5,0,0.0,1.0,0.0,0,0.0,0.0,1.0
Теннисные струны,WRZ996200AMB,"Теннисная струна Luxilon Original 1,30 12 метров",Luxilon,2990 ₽,https://saletennis.com/catalog/product/tiennisnaia-struna-luxilon-original-1-30-12-mietrov-11356,Соболева: 1 сет | Тюмень: 1.5 сет | Ижевск: 7 сет | Тюмень (Народная): 20 сет,29.5,public/data/product_images/bedd658a7b69.webp,0.0,0.0,0,1.0,0.0,0.0,0,21.5,0.0,7.0
Теннисные струны,1920049,"Теннисная струна Solinco Barb Wire 1,20 12 метров",Solinco,1290 ₽,https://saletennis.com/catalog/product/tiennisnaia-struna-solinco-barb-wire-1-20-12-mietrov-1-4961,Тюмень (Народная): 1 сет | Парина: 19 сет | Санкт-Петербург (Спортивная): 4 сет | Ижевск: 14 сет | Бисертская: 6 сет | Соболева: 11 сет | Уфа: 1 сет,56.0,public/data/product_images/ec184ae47733.webp,0.0,4.0,0,11.0,19.0,6.0,0,1.0,1.0,14.0
Теннисные струны,1920049,"Теннисная струна Solinco Barb Wire 1,20 200 метров",Solinco,14990 ₽,https://saletennis.com/catalog/product/tiennisnaia-struna-solinco-barb-wire-1-20-200-mietrov-10108,Бисертская: 1 боб | Ижевск: 1 боб | Уфа: 1 боб | Санкт-Петербург (Спортивная): 1 боб | Тюмень (Народная): 1 боб | Соболева: 1 боб,6.0,public/data/product_images/6dac475c81e7.webp,0.0,1.0,0,1.0,0.0,1.0,0,1.0,1.0,1.0
Теннисные струны,1920048,"Теннисная струна Solinco Barb Wire 1,25 12 метров",Solinco,1290 ₽,https://saletennis.com/catalog/product/tiennisnaia-struna-solinco-barb-wire-1-25-12-mietrov-1-4962,Основной склад Екатеринбург: 6 сет | Уфа: 15 сет | Соболева: 8 сет | Ижевск: 4 сет | Санкт-Петербург (Спортивная): 1 сет | Парина: 4 сет | Бисертская: 5 сет,43.0,public/data/product_images/837da02a2224.webp,0.0,1.0,6,8.0,4.0,5.0,0,0.0,15.0,4.0
Теннисные струны,1920048,"Теннисная струна Solinco Barb Wire 1,25 200 метров",Solinco,14990 ₽,https://saletennis.com/catalog/product/tiennisnaia-struna-solinco-barb-wire-1-25-200-mietrov-5842,Тюмень (Народная): 2 боб | Уфа: 1 боб | Парина: 1 боб | Санкт-Петербург (Спортивная): 1 боб,5.0,public/data/product_images/43ef944ff404.webp,0.0,1.0,0,0.0,1.0,0.0,0,2.0,1.0,0.0
Теннисные струны,1920051,"Теннисная струна Solinco Barb Wire 1,30 12 метров",Solinco,1290 ₽,https://saletennis.com/catalog/product/tiennisnaia-struna-solinco-barb-wire-1-30-12-mietrov-1-4963,Ижевск: 11 сет | Уфа: 16 сет | Парина: 17 сет | Тюмень (Народная): 11.5 сет | Основной склад Екатеринбург: 13 сет | Бисертская: 17 сет | Соболева: 26 сет | Санкт-Петербург (Спортивная): 17 сет | Тюмень: 7 сет,135.5,public/data/product_images/0b821c912f47.webp,0.0,17.0,13,26.0,17.0,17.0,0,18.5,16.0,11.0
Теннисные струны,1920052,"Теннисная струна Solinco Barb Wire 1,30 200 метров",Solinco,14990 ₽,https://saletennis.com/catalog/product/tiennisnaia-struna-solinco-barb-wire-1-30-200-mietrov-1-4964,Тюмень (Народная): 1 боб | Ижевск: 1 боб | Основной склад Екатеринбург: 7 боб | Уфа: 1 боб | Соболева: 1 боб | Парина: 1 боб | Санкт-Петербург (Спортивная): 2 боб,14.0,public/data/product_images/ae17bae4de8d.webp,0.0,2.0,7,1.0,1.0,0.0,0,1.0,1.0,1.0
Теннисные струны,1920206,"Теннисная струна Solinco Confidential 1,15 12 метров",Solinco,1490 ₽,https://saletennis.com/catalog/product/tiennisnaia-struna-solinco-confidential-1-15-12-mietrov-15414,Тюмень (Народная): 2 сет | Санкт-Петербург (Спортивная): 3 сет,5.0,public/data/product_images/3ebb0e177e1f.webp,0.0,3.0,0,0.0,0.0,0.0,0,2.0,0.0,0.0
Теннисные струны,1920206,"Теннисная струна Solinco Confidential 1,20 12,2 метров",Solinco,1290 ₽,https://saletennis.com/catalog/product/tiennisnaia-struna-solinco-confidential-1-20-12-2-mietrov-10711,Парина: 3.5 сет | Тюмень (Народная): 15 сет | Санкт-Петербург (Спортивная): 28 сет | Соболева: 19 сет | Санкт-Петербург (Ярослава Гашека): 11 сет | Бисертская: 5 сет,81.5,public/data/product_images/bbac1bcbb38b.webp,11.0,28.0,0,19.0,3.5,5.0,0,15.0,0.0,0.0
Теннисные струны,1920206,"Теннисная струна Solinco Confidential 1,20 200 метров",Solinco,14990 ₽,https://saletennis.com/catalog/product/tiennisnaia-struna-solinco-confidential-1-20-200-mietrov-13101,Парина: 1 боб | Ижевск: 1 боб | Уфа: 1 боб,3.0,public/data/product_images/2b8af7e0a237.webp,0.0,0.0,0,0.0,1.0,0.0,0,0.0,1.0,1.0
Теннисные струны,1920206,"Теннисная струна Solinco Confidential 1,25 12,2 метров",Solinco,1290 ₽,https://saletennis.com/catalog/product/tiennisnaia-struna-solinco-confidential-1-25-12-2-mietrov-10698,Основной склад Екатеринбург: 5 сет | Соболева: 3 сет | Парина: 8.5 сет | Уфа: 10.5 сет | Ижевск: 6 сет | Тюмень (Народная): 5 сет | Санкт-Петербург (Спортивная): 7 сет | Тюмень: 5 сет | Бисертская: 5.5 сет,55.5,public/data/product_images/07d03f5041ba.webp,0.0,7.0,5,3.0,8.5,5.5,0,10.0,10.5,6.0
Теннисные струны,1920210,"Теннисная струна Solinco Confidential 1,25 200 метров",Solinco,14990 ₽,https://saletennis.com/catalog/product/tiennisnaia-struna-solinco-confidential-1-25-200-mietrov-10699,Тюмень: 1 боб | Санкт-Петербург (Спортивная): 2 боб,3.0,public/data/product_images/796a861d49f6.webp,0.0,2.0,0,0.0,0.0,0.0,0,1.0,0.0,0.0
Теннисные струны,1920206,"Теннисная струна Solinco Confidential 1,30 12,2 метров",Solinco,1290 ₽,https://saletennis.com/catalog/product/tiennisnaia-struna-solinco-confidential-1-30-12-2-mietrov-10700,Тюмень (Народная): 13 сет | Соболева: 32 сет | Основной склад Екатеринбург: 6 сет | Тюмень: 2 сет | Санкт-Петербург (Спортивная): 4 сет | Бисертская: 11 сет | Парина: 11 сет | Санкт-Петербург (Ярослава Гашека): 16 сет,95.0,public/data/product_images/ab13d3ab9449.webp,16.0,4.0,6,32.0,11.0,11.0,0,15.0,0.0,0.0
Теннисные струны,1920210,"Теннисная струна Solinco Confidential 1,30 200 метров",Solinco,14990 ₽,https://saletennis.com/catalog/product/tiennisnaia-struna-solinco-confidential-1-30-200-mietrov-10701,Парина: 1 боб | Основной склад Екатеринбург: 4 боб | Бисертская: 1 боб | Ижевск: 1 боб | Уфа: 1 боб | Тюмень: 1 боб | Тюмень (Народная): 1 боб,10.0,public/data/product_images/b45425e548c8.webp,0.0,0.0,4,0.0,1.0,1.0,0,2.0,1.0,1.0
Теннисные струны,192065,"Теннисная струна Solinco Confidential Soft Pink 1,20 12 метров",Solinco,1290 ₽,https://saletennis.com/catalog/product/tiennisnaia-struna-solinco-confidential-soft-pink-1-20-12-mietrov-19124,Парина: 15 сет | Санкт-Петербург (Спортивная): 16 сет | Соболева: 1 сет,32.0,public/data/product_images/5284c4e33c1e.webp,0.0,16.0,0,1.0,15.0,0.0,0,0.0,0.0,0.0
Теннисные струны,192065,"Теннисная струна Solinco Confidential Soft Pink 1,25 12 метров",Solinco,1290 ₽,https://saletennis.com/catalog/product/tiennisnaia-struna-solinco-confidential-soft-pink-1-25-12-mietrov-19126,Соболева: 5 сет | Ижевск: 2 сет | Тюмень (Народная): 6.5 сет | Уфа: 13 сет | Парина: 14 сет,40.5,public/data/product_images/d624e7a3e9f4.webp,0.0,0.0,0,5.0,14.0,0.0,0,6.5,13.0,2.0
Теннисные струны,192065,"Теннисная струна Solinco Confidential Soft Pink 1,30 12 метров",Solinco,1290 ₽,https://saletennis.com/catalog/product/tiennisnaia-struna-solinco-confidential-soft-pink-1-30-12-mietrov-19128,Парина: 5 сет | Основной склад Екатеринбург: 3 сет | Бисертская: 3 сет | Соболева: 5 сет | Тюмень (Народная): 10 сет,26.0,public/data/product_images/72dddc7d3d02.webp,0.0,0.0,3,5.0,5.0,3.0,0,10.0,0.0,0.0
Теннисные струны,1920658,"Теннисная струна Solinco Confidential Soft Pink 1,30 200 метров",Solinco,14990 ₽,https://saletennis.com/catalog/product/tiennisnaia-struna-solinco-confidential-soft-pink-1-30-200-mietrov-19129,Парина: 1 боб | Ижевск: 1 боб,2.0,public/data/product_images/acc4b403dd95.webp,0.0,0.0,0,0.0,1.0,0.0,0,0.0,0.0,1.0
Теннисные струны,1920003,"Теннисная струна Solinco Hyper-G 1,20 12,2 метров",Solinco,1290 ₽,https://saletennis.com/catalog/product/tiennisnaia-struna-solinco-hyper-g-1-20-12-2-mietrov-4965,Бисертская: 4 сет | Парина: 21 сет | Тюмень (Народная): 10.5 сет | Соболева: 9 сет,44.5,public/data/product_images/009edd7c83dd.webp,0.0,0.0,0,9.0,21.0,4.0,0,10.5,0.0,0.0
Теннисные струны,1920003,"Теннисная струна Solinco Hyper-G 1,20 200 метров",Solinco,14990 ₽,https://saletennis.com/catalog/product/tiennisnaia-struna-solinco-hyper-g-1-20-200-mietrov-11067,Уфа: 1 боб | Ижевск: 1 боб | Парина: 1 боб,3.0,public/data/product_images/6e2e518f87ea.webp,0.0,0.0,0,0.0,1.0,0.0,0,0.0,1.0,1.0
Теннисные струны,1920100,"Теннисная струна Solinco Hyper-G 1,25 12,2 метров",Solinco,1290 ₽,https://saletennis.com/catalog/product/tiennisnaia-struna-solinco-hyper-g-1-25-12-2-mietrov-5843,Парина: 16 сет | Тюмень: 0.5 сет | Бисертская: 4 сет | Ижевск: 9.5 сет | Уфа: 6 сет | Соболева: 5 сет | Санкт-Петербург (Ярослава Гашека): 9 сет,50.0,public/data/product_images/949f5572ba49.webp,9.0,0.0,0,5.0,16.0,4.0,0,0.5,6.0,9.5
Теннисные струны,1920099,"Теннисная струна Solinco Hyper-G 1,25 200 метров",Solinco,14990 ₽,https://saletennis.com/catalog/product/tiennisnaia-struna-solinco-hyper-g-1-25-200-mietrov-6963,Соболева: 1 боб | Уфа: 1 боб | Парина: 1 боб | Тюмень: 1 боб,4.0,public/data/product_images/c48042772071.webp,0.0,0.0,0,1.0,1.0,0.0,0,1.0,1.0,0.0
Теннисные струны,1920003,"Теннисная струна Solinco Hyper-G 1,30 12,2 метров",Solinco,1290 ₽,https://saletennis.com/catalog/product/tiennisnaia-struna-solinco-hyper-g-1-30-12-2-mietrov-4966,Тюмень: 15 сет | Санкт-Петербург (Ярослава Гашека): 13 сет | Санкт-Петербург (Спортивная): 10 сет | Парина: 11 сет | Тюмень (Народная): 23 сет | Уфа: 2.5 сет | Бисертская: 10 сет | Ижевск: 4 сет | Соболева: 20 сет,108.5,public/data/product_images/7a2492a27561.webp,13.0,10.0,0,20.0,11.0,10.0,0,38.0,2.5,4.0
Теннисные струны,192099,"Теннисная струна Solinco Hyper-G 1,30 200 метров",Solinco,14990 ₽,https://saletennis.com/catalog/product/tiennisnaia-struna-solinco-hyper-g-1-30-200-mietrov-6964,Ижевск: 1 боб | Уфа: 1 боб | Парина: 1 боб | Соболева: 1 боб,4.0,public/data/product_images/2c755ba1d578.webp,0.0,0.0,0,1.0,1.0,0.0,0,0.0,1.0,1.0
Теннисные струны,1920547,"Теннисная струна Solinco Hyper-G Round 1,20 12 метров",Solinco,1290 ₽,https://saletennis.com/catalog/product/tiennisnaia-struna-solinco-hyper-g-round-1-20-12-mietrov-19130,Соболева: 3.5 сет | Бисертская: 3 сет | Парина: 18.5 сет,25.0,public/data/product_images/9d044b54c9c3.webp,0.0,0.0,0,3.5,18.5,3.0,0,0.0,0.0,0.0
Теннисные струны,1920547,"Теннисная струна Solinco Hyper-G Round 1,20 200 метров",Solinco,14990 ₽,https://saletennis.com/catalog/product/tiennisnaia-struna-solinco-hyper-g-round-1-20-200-mietrov-17606,Ижевск: 1 боб | Бисертская: 1 боб | Соболева: 1 боб | Санкт-Петербург (Спортивная): 1 боб | Тюмень (Народная): 1 боб,5.0,public/data/product_images/232d5971bfbe.webp,0.0,1.0,0,1.0,0.0,1.0,0,1.0,0.0,1.0
Теннисные струны,1920547,"Теннисная струна Solinco Hyper-G Round 1,25 12 метров",Solinco,1290 ₽,https://saletennis.com/catalog/product/tiennisnaia-struna-solinco-hyper-g-round-1-25-12-mietrov-16962,Ижевск: 2 сет | Санкт-Петербург (Спортивная): 5.5 сет | Уфа: 3 сет | Бисертская: 13 сет | Тюмень (Народная): 8 сет | Парина: 21.5 сет | Соболева: 17.5 сет | Основной склад Екатеринбург: 6 сет | Тюмень: 16 сет,92.5,public/data/product_images/b78fb8f1f6d5.webp,0.0,5.5,6,17.5,21.5,13.0,0,24.0,3.0,2.0
Теннисные струны,1920547,"Теннисная струна Solinco Hyper-G Round 1,25 200 метров",Solinco,14990 ₽,https://saletennis.com/catalog/product/tiennisnaia-struna-solinco-hyper-g-round-1-25-200-mietrov-16963,Бисертская: 2 боб | Уфа: 2 боб | Парина: 2 боб | Тюмень (Народная): 1 боб | Ижевск: 2 боб | Санкт-Петербург (Спортивная): 1 боб | Основной склад Екатеринбург: 9 боб | Соболева: 2 боб,21.0,public/data/product_images/26364557175a.webp,0.0,1.0,9,2.0,2.0,2.0,0,1.0,2.0,2.0
Теннисные струны,1920547,"Теннисная струна Solinco Hyper-G Round 1,30 12 метров",Solinco,1290 ₽,https://saletennis.com/catalog/product/tiennisnaia-struna-solinco-hyper-g-round-1-30-12-mietrov-16964,Санкт-Петербург (Спортивная): 12.5 сет | Бисертская: 12 сет | Основной склад Екатеринбург: 6 сет | Уфа: 15 сет | Тюмень (Народная): 14.5 сет | Парина: 19.5 сет | Соболева: 16 сет,95.5,public/data/product_images/7a1b868a25c8.webp,0.0,12.5,6,16.0,19.5,12.0,0,14.5,15.0,0.0
Теннисные струны,1920547,"Теннисная струна Solinco Hyper-G Round 1,30 200 метров",Solinco,14990 ₽,https://saletennis.com/catalog/product/tiennisnaia-struna-solinco-hyper-g-round-1-30-200-mietrov-16965,Парина: 2 боб | Ижевск: 1 боб | Основной склад Екатеринбург: 8 боб | Тюмень: 1 боб | Тюмень (Народная): 1 боб | Бисертская: 1 боб | Соболева: 1 боб | Санкт-Петербург (Спортивная): 1 боб,16.0,public/data/product_images/d0353270198e.webp,0.0,1.0,8,1.0,2.0,1.0,0,2.0,0.0,1.0
Теннисные струны,1920100,"Теннисная струна Solinco Hyper-G Soft 1,25 12,2 метров",Solinco,1290 ₽,https://saletennis.com/catalog/product/tiennisnaia-struna-solinco-hyper-g-soft-1-25-12-2-mietrov-12119,Ижевск: 1 сет | Тюмень (Народная): 13.5 сет | Бисертская: 0.5 сет | Соболева: 14 сет | Парина: 4.5 сет | Санкт-Петербург (Спортивная): 7.5 сет | Уфа: 13 сет | Основной склад Екатеринбург: 1 сет,55.0,public/data/product_images/0f5fcb3c9ded.webp,0.0,7.5,1,14.0,4.5,0.5,0,13.5,13.0,1.0
Теннисные струны,1920100,"Теннисная струна Solinco Hyper-G Soft 1,30 12,2 метров",Solinco,1290 ₽,https://saletennis.com/catalog/product/tiennisnaia-struna-solinco-hyper-g-soft-1-30-12-2-mietrov-12121,Основной склад Екатеринбург: 36 сет | Ижевск: 10 сет | Бисертская: 1 сет | Санкт-Петербург (Спортивная): 9.5 сет | Тюмень: 15 сет | Уфа: 17 сет | Соболева: 25 сет | Парина: 11 сет | Тюмень (Народная): 6 сет,130.5,public/data/product_images/9080d58e9b07.webp,0.0,9.5,36,25.0,11.0,1.0,0,21.0,17.0,10.0
Теннисные струны,1920600,"Теннисная струна Solinco Mach-10 1,20 12,2 метров",Solinco,1290 ₽,https://saletennis.com/catalog/product/tiennisnaia-struna-solinco-mach-10-1-20-12-2-mietrov-17601,Бисертская: 3 сет | Соболева: 19 сет | Тюмень (Народная): 16 сет | Санкт-Петербург (Спортивная): 16 сет | Парина: 10.5 сет,64.5,public/data/product_images/5edd5999eb22.webp,0.0,16.0,0,19.0,10.5,3.0,0,16.0,0.0,0.0
Теннисные струны,1920067,"Теннисная струна Solinco Mach-10 1,25 12,2 метров",Solinco,1290 ₽,https://saletennis.com/catalog/product/tiennisnaia-struna-solinco-mach-10-1-25-12-2-mietrov-18169,Соболева: 12.5 сет | Ижевск: 10 сет | Парина: 6 сет | Уфа: 8 сет | Санкт-Петербург (Ярослава Гашека): 5 сет | Санкт-Петербург (Спортивная): 8.5 сет | Тюмень: 14 сет | Тюмень (Народная): 6 сет,70.0,public/data/product_images/66fe4b9c6abd.webp,5.0,8.5,0,12.5,6.0,0.0,0,20.0,8.0,10.0
Теннисные струны,1920067,"Теннисная струна Solinco Mach-10 1,25 200 метров",Solinco,15990 ₽,https://saletennis.com/catalog/product/tiennisnaia-struna-solinco-mach-10-1-25-200-mietrov-18170,Тюмень (Народная): 1 боб | Уфа: 1 боб,2.0,public/data/product_images/f2f46dd919ff.webp,0.0,0.0,0,0.0,0.0,0.0,0,1.0,1.0,0.0
Теннисные струны,1920600,"Теннисная струна Solinco Mach-10 1,30 12,2 метров",Solinco,1290 ₽,https://saletennis.com/catalog/product/tiennisnaia-struna-solinco-mach-10-1-30-12-2-mietrov-17602,Парина: 17 сет | Санкт-Петербург (Спортивная): 7 сет | Бисертская: 9 сет | Ижевск: 23 сет | Санкт-Петербург (Ярослава Гашека): 16 сет | Тюмень (Народная): 0.5 сет | Соболева: 1 сет,73.5,public/data/product_images/b9f9f4ef5172.webp,16.0,7.0,0,1.0,17.0,9.0,0,0.5,0.0,23.0
Теннисные струны,1920067,"Теннисная струна Solinco Mach-10 1,30 200 метров",Solinco,15990 ₽,https://saletennis.com/catalog/product/tiennisnaia-struna-solinco-mach-10-1-30-200-mietrov-18171,Соболева: 1 боб | Парина: 1 боб | Бисертская: 1 боб | Уфа: 1 боб | Основной склад Екатеринбург: 2 боб | Ижевск: 1 боб | Санкт-Петербург (Спортивная): 1 боб | Тюмень (Народная): 2 боб,10.0,public/data/product_images/7b9664eed3d5.webp,0.0,1.0,2,1.0,1.0,1.0,0,2.0,1.0,1.0
Теннисные струны,19200100,"Теннисная струна Solinco Outlast 1,20 200 метров",Solinco,10490 ₽,https://saletennis.com/catalog/product/tiennisnaia-struna-solinco-outlast-1-20-200-mietrov-15895,Санкт-Петербург (Спортивная): 1 боб | Парина: 1 боб,2.0,public/data/product_images/6c7b5741be8a.webp,0.0,1.0,0,0.0,1.0,0.0,0,0.0,0.0,0.0
Теннисные струны,19200100,"Теннисная струна Solinco Outlast 1,25 12 метров",Solinco,890 ₽,https://saletennis.com/catalog/product/tiennisnaia-struna-solinco-outlast-1-25-12-mietrov-6542,Соболева: 17 сет | Основной склад Екатеринбург: 6 сет | Тюмень (Народная): 17.5 сет | Ижевск: 6.5 сет | Санкт-Петербург (Спортивная): 16 сет | Уфа: 8.5 сет | Парина: 4 сет | Бисертская: 2 сет,77.5,public/data/product_images/22e82b9730c0.webp,0.0,16.0,6,17.0,4.0,2.0,0,17.5,8.5,6.5
Теннисные струны,1920036,"Теннисная струна Solinco Outlast 1,25 200 метров",Solinco,10490 ₽,https://saletennis.com/catalog/product/tiennisnaia-struna-solinco-outlast-1-25-200-mietrov-6965,Ижевск: 1 боб | Тюмень (Народная): 2 боб | Парина: 1 боб | Уфа: 1 боб | Бисертская: 1 боб | Соболева: 2 боб | Основной склад Екатеринбург: 4 боб | Санкт-Петербург (Спортивная): 1 боб,13.0,public/data/product_images/f40bb4bab342.webp,0.0,1.0,4,2.0,1.0,1.0,0,2.0,1.0,1.0
Теннисные струны,1920011,"Теннисная струна Solinco Outlast 1,30 12 метров",Solinco,890 ₽,https://saletennis.com/catalog/product/tiennisnaia-struna-solinco-outlast-1-30-12-mietrov-6543,Санкт-Петербург (Спортивная): 10 сет | Бисертская: 18 сет | Основной склад Екатеринбург: 24 сет | Ижевск: 6.5 сет | Уфа: 2 сет | Санкт-Петербург (Ярослава Гашека): 14 сет | Соболева: 15 сет | Парина: 14 сет | Тюмень (Народная): 13 сет,116.5,public/data/product_images/3144a7c3c244.webp,14.0,10.0,24,15.0,14.0,18.0,0,13.0,2.0,6.5
Теннисные струны,1920037,"Теннисная струна Solinco Outlast 1,30 200 метров",Solinco,10490 ₽,https://saletennis.com/catalog/product/tiennisnaia-struna-solinco-outlast-1-30-200-mietrov-6966,Тюмень (Народная): 1 боб | Основной склад Екатеринбург: 6 боб | Соболева: 1 боб | Уфа: 1 боб | Парина: 1 боб | Бисертская: 1 боб | Ижевск: 1 боб,12.0,public/data/product_images/d9b327e7c6ce.webp,0.0,0.0,6,1.0,1.0,1.0,0,1.0,1.0,1.0
Теннисные струны,1920006,"Теннисная струна Solinco Revolution Blue 1,25 12 метров",Solinco,990 ₽,https://saletennis.com/catalog/product/tiennisnaia-struna-solinco-revolution-blue-1-25-12-mietrov-1-4968,Ижевск: 13 сет | Уфа: 2 сет | Тюмень (Народная): 4 сет | Парина: 14 сет | Основной склад Екатеринбург: 6 сет | Санкт-Петербург (Спортивная): 11 сет | Бисертская: 18 сет | Соболева: 19 сет,87.0,public/data/product_images/bab6c8098902.webp,0.0,11.0,6,19.0,14.0,18.0,0,4.0,2.0,13.0
Теннисные струны,1920032,"Теннисная струна Solinco Revolution Blue 1,25 200 метров",Solinco,12990 ₽,https://saletennis.com/catalog/product/tiennisnaia-struna-solinco-revolution-blue-1-25-200-mietrov-1-6544,Тюмень (Народная): 1 боб | Соболева: 1 боб | Санкт-Петербург (Спортивная): 1 боб | Парина: 1 боб,4.0,public/data/product_images/c11009e7070d.webp,0.0,1.0,0,1.0,1.0,0.0,0,1.0,0.0,0.0
Теннисные струны,1920007,"Теннисная струна Solinco Revolution Blue 1,30 12 метров",Solinco,990 ₽,https://saletennis.com/catalog/product/tiennisnaia-struna-solinco-revolution-blue-1-30-12-mietrov-1-4969,Тюмень: 16 сет | Соболева: 26 сет | Парина: 6 сет | Санкт-Петербург (Спортивная): 22 сет | Уфа: 21 сет | Тюмень (Народная): 20 сет | Ижевск: 10 сет | Бисертская: 4 сет | Основной склад Екатеринбург: 36 сет,161.0,public/data/product_images/24e16cec89fd.webp,0.0,22.0,36,26.0,6.0,4.0,0,36.0,21.0,10.0
Теннисные струны,1920033,"Теннисная струна Solinco Revolution Blue 1,30 200 метров",Solinco,12990 ₽,https://saletennis.com/catalog/product/tiennisnaia-struna-solinco-revolution-blue-1-30-200-mietrov-6545,Уфа: 1 боб | Санкт-Петербург (Спортивная): 1 боб | Бисертская: 1 боб | Ижевск: 1 боб | Основной склад Екатеринбург: 4 боб | Соболева: 2 боб | Парина: 1 боб,11.0,public/data/product_images/3c796757b7e3.webp,0.0,1.0,4,2.0,1.0,1.0,0,0.0,1.0,1.0
Теннисные струны,1920000,"Теннисная струна Solinco Tour Bite 1,15 12 метров",Solinco,1290 ₽,https://saletennis.com/catalog/product/tiennisnaia-struna-solinco-tour-bite-1-15-12-mietrov-4970,Тюмень (Народная): 3 сет | Ижевск: 5 сет | Парина: 1 сет,9.0,public/data/product_images/6e3b0651a96c.webp,0.0,0.0,0,0.0,1.0,0.0,0,3.0,0.0,5.0
Теннисные струны,1920001,"Теннисная струна Solinco Tour Bite 1,20 12 метров",Solinco,1290 ₽,https://saletennis.com/catalog/product/tiennisnaia-struna-solinco-tour-bite-1-20-12-mietrov-1-4971,Бисертская: 4 сет | Уфа: 5 сет | Тюмень (Народная): 10 сет | Санкт-Петербург (Спортивная): 1 сет | Соболева: 8 сет | Парина: 23 сет,51.0,public/data/product_images/5c198370b152.webp,0.0,1.0,0,8.0,23.0,4.0,0,10.0,5.0,0.0
Теннисные струны,1920002,"Теннисная струна Solinco Tour Bite 1,25 12 метров",Solinco,1290 ₽,https://saletennis.com/catalog/product/tiennisnaia-struna-solinco-tour-bite-1-25-12-mietrov-1-4972,Бисертская: 11 сет | Санкт-Петербург (Спортивная): 3 сет | Тюмень (Народная): 4 сет | Парина: 7.5 сет | Уфа: 2 сет | Тюмень: 13 сет | Соболева: 4 сет | Ижевск: 15 сет,59.5,public/data/product_images/0d3dff8a524c.webp,0.0,3.0,0,4.0,7.5,11.0,0,17.0,2.0,15.0
Теннисные струны,1920028,"Теннисная струна Solinco Tour Bite 1,25 200 метров",Solinco,14990 ₽,https://saletennis.com/catalog/product/tiennisnaia-struna-solinco-tour-bite-1-25-200-mietrov-5845,Санкт-Петербург (Спортивная): 2 боб | Уфа: 1 боб,3.0,public/data/product_images/1d0b6ff14860.webp,0.0,2.0,0,0.0,0.0,0.0,0,0.0,1.0,0.0
Теннисные струны,1920003,"Теннисная струна Solinco Tour Bite 1,30 12 метров",Solinco,1290 ₽,https://saletennis.com/catalog/product/tiennisnaia-struna-solinco-tour-bite-1-30-12-mietrov-4973,Бисертская: 10 сет | Санкт-Петербург (Спортивная): 17 сет | Парина: 29 сет | Соболева: 10 сет | Тюмень (Народная): 3 сет | Уфа: 3 сет,72.0,public/data/product_images/41a1fae89511.webp,0.0,17.0,0,10.0,29.0,10.0,0,3.0,3.0,0.0
Теннисные струны,1920029,"Теннисная струна Solinco Tour Bite 1,30 200 метров",Solinco,14990 ₽,https://saletennis.com/catalog/product/tiennisnaia-struna-solinco-tour-bite-1-30-200-mietrov-4974,Тюмень (Народная): 1 боб | Ижевск: 1 боб | Бисертская: 1 боб | Уфа: 1 боб | Санкт-Петербург (Спортивная): 2 боб | Соболева: 1 боб | Парина: 1 боб,8.0,public/data/product_images/d6783a6c3d90.webp,0.0,2.0,0,1.0,1.0,1.0,0,1.0,1.0,1.0
Теннисные струны,1920003,"Теннисная струна Solinco Tour Bite 1,35 12 метров",Solinco,1290 ₽,https://saletennis.com/catalog/product/tiennisnaia-struna-solinco-tour-bite-1-35-12-mietrov-15415,Парина: 9 сет | Ижевск: 1 сет | Тюмень (Народная): 2 сет | Бисертская: 5 сет | Соболева: 4 сет,21.0,public/data/product_images/168b71908768.webp,0.0,0.0,0,4.0,9.0,5.0,0,2.0,0.0,1.0
Теннисные струны,1920029,"Теннисная струна Solinco Tour Bite 1,35 200 метров",Solinco,14990 ₽,https://saletennis.com/catalog/product/tiennisnaia-struna-solinco-tour-bite-1-35-200-mietrov-15416,Тюмень (Народная): 1 боб | Парина: 1 боб | Соболева: 1 боб,3.0,public/data/product_images/3bbd42067b15.webp,0.0,0.0,0,1.0,1.0,0.0,0,1.0,0.0,0.0
Теннисные струны,1920079,"Теннисная струна Solinco Tour Bite Diamond Rough 1,25 12 метров",Solinco,1290 ₽,https://saletennis.com/catalog/product/tiennisnaia-struna-solinco-tour-bite-diamond-rough-1-25-12-mietrov-1-4976,Ижевск: 7 сет | Бисертская: 8.5 сет | Тюмень (Народная): 13.5 сет | Парина: 13 сет | Санкт-Петербург (Спортивная): 3 сет | Санкт-Петербург (Ярослава Гашека): 15 сет | Уфа: 12.5 сет | Тюмень: 4 сет | Соболева: 10 сет,86.5,public/data/product_images/eb578b7bafcd.webp,15.0,3.0,0,10.0,13.0,8.5,0,17.5,12.5,7.0
Теннисные струны,1920078,"Теннисная струна Solinco Tour Bite Diamond Rough 1,25 200 метров",Solinco,14990 ₽,https://saletennis.com/catalog/product/tiennisnaia-struna-solinco-tour-bite-diamond-rough-1-25-200-mietrov-1-4977,Соболева: 1 боб | Уфа: 1 боб,2.0,public/data/product_images/38135a6ff868.webp,0.0,0.0,0,1.0,0.0,0.0,0,0.0,1.0,0.0
Теннисные струны,1920077,"Теннисная струна Solinco Tour Bite Diamond Rough 1,30 12 метров",Solinco,1290 ₽,https://saletennis.com/catalog/product/tiennisnaia-struna-solinco-tour-bite-diamond-rough-1-30-12-mietrov-4978,Тюмень (Народная): 3 сет | Санкт-Петербург (Спортивная): 22 сет | Уфа: 15 сет | Парина: 14 сет | Тюмень: 9.5 сет | Соболева: 15 сет | Бисертская: 5 сет | Основной склад Екатеринбург: 48 сет | Ижевск: 12 сет,143.5,public/data/product_images/16140bd9fc83.webp,0.0,22.0,48,15.0,14.0,5.0,0,12.5,15.0,12.0
Теннисные струны,1920078,"Теннисная струна Solinco Tour Bite Diamond Rough 1,30 200 метров",Solinco,14990 ₽,https://saletennis.com/catalog/product/tiennisnaia-struna-solinco-tour-bite-diamond-rough-1-30-200-mietrov-1-4979,Бисертская: 1 боб | Ижевск: 1 боб | Уфа: 1 боб | Основной склад Екатеринбург: 7 боб | Парина: 1 боб | Соболева: 1 боб | Тюмень (Народная): 1 боб | Санкт-Петербург (Спортивная): 1 боб,14.0,public/data/product_images/76c89a9f4958.webp,0.0,1.0,7,1.0,1.0,1.0,0,1.0,1.0,1.0
Теннисные струны,1920057,"Теннисная струна Solinco Tour Bite Soft 1,20 12,2 метров",Solinco,1290 ₽,https://saletennis.com/catalog/product/tiennisnaia-struna-solinco-tour-bite-soft-1-20-12-2-mietrov-9819,Бисертская: 1 сет | Соболева: 3 сет | Санкт-Петербург (Спортивная): 14 сет | Парина: 4.5 сет,22.5,public/data/product_images/f89865b4b878.webp,0.0,14.0,0,3.0,4.5,1.0,0,0.0,0.0,0.0
Теннисные струны,1920067,"Теннисная струна Solinco Tour Bite Soft 1,20 200 метров",Solinco,14990 ₽,https://saletennis.com/catalog/product/tiennisnaia-struna-solinco-tour-bite-soft-1-20-200-mietrov-14009,Парина: 1 боб,1.0,public/data/product_images/5d2cae1e909d.webp,0.0,0.0,0,0.0,1.0,0.0,0,0.0,0.0,0.0
Теннисные струны,1920067,"Теннисная струна Solinco Tour Bite Soft 1,25 12,2 метров",Solinco,1290 ₽,https://saletennis.com/catalog/product/tiennisnaia-struna-solinco-tour-bite-soft-1-25-12-2-mietrov-4980,Тюмень: 0.5 сет | Бисертская: 12 сет | Основной склад Екатеринбург: 1 сет | Ижевск: 8 сет | Парина: 15 сет | Тюмень (Народная): 15 сет | Уфа: 12.5 сет | Соболева: 3 сет,67.0,public/data/product_images/23608dd62ad2.webp,0.0,0.0,1,3.0,15.0,12.0,0,15.5,12.5,8.0
Теннисные струны,1920067,"Теннисная струна Solinco Tour Bite Soft 1,25 200 метров",Solinco,14990 ₽,https://saletennis.com/catalog/product/tiennisnaia-struna-solinco-tour-bite-soft-1-25-200-mietrov-9067,Санкт-Петербург (Спортивная): 1 боб,1.0,public/data/product_images/993e096e3eed.webp,0.0,1.0,0,0.0,0.0,0.0,0,0.0,0.0,0.0
Теннисные струны,1920057,"Теннисная струна Solinco Tour Bite Soft 1,30 12,2 метров",Solinco,1290 ₽,https://saletennis.com/catalog/product/tiennisnaia-struna-solinco-tour-bite-soft-1-30-12-2-mietrov-5846,Бисертская: 1 сет | Уфа: 21 сет | Тюмень: 7 сет | Тюмень (Народная): 7 сет | Ижевск: 33 сет | Парина: 24 сет | Санкт-Петербург (Спортивная): 1 сет | Соболева: 8.5 сет | Основной склад Екатеринбург: 3 сет,105.5,public/data/product_images/b1c923006d7f.webp,0.0,1.0,3,8.5,24.0,1.0,0,14.0,21.0,33.0
Теннисные струны,1920067,"Теннисная струна Solinco Tour Bite Soft 1,30 200 метров",Solinco,14990 ₽,https://saletennis.com/catalog/product/tiennisnaia-struna-solinco-tour-bite-soft-1-30-200-mietrov-9068,Санкт-Петербург (Спортивная): 2 боб | Основной склад Екатеринбург: 1 боб | Соболева: 1 боб | Тюмень: 1 боб | Тюмень (Народная): 1 боб | Уфа: 1 боб | Бисертская: 1 боб | Ижевск: 1 боб | Парина: 1 боб,10.0,public/data/product_images/4b600284d07d.webp,0.0,2.0,1,1.0,1.0,1.0,0,2.0,1.0,1.0
Теннисные струны,1920043,"Теннисная струна Solinco Vanqush 1,30 12 метров",Solinco,1390 ₽,https://saletennis.com/catalog/product/tiennisnaia-struna-solinco-vanqush-1-30-12-mietrov-10109,Соболева: 7 сет | Бисертская: 4 сет | Санкт-Петербург (Спортивная): 1.5 сет | Ижевск: 3 сет | Тюмень (Народная): 1 сет | Парина: 9.5 сет,26.0,public/data/product_images/682cd9e70b99.webp,0.0,1.5,0,7.0,9.5,4.0,0,1.0,0.0,3.0
Теннисные струны,1920043,"Теннисная струна Solinco Vanqush 1,35 12 метров",Solinco,1390 ₽,https://saletennis.com/catalog/product/tiennisnaia-struna-solinco-vanqush-1-35-12-mietrov-10110,Ижевск: 3 сет | Бисертская: 8 сет | Тюмень (Народная): 1 сет | Парина: 14 сет | Соболева: 5 сет,31.0,public/data/product_images/e17d6702ae49.webp,0.0,0.0,0,5.0,14.0,8.0,0,1.0,0.0,3.0
Теннисные струны,1920230,"Теннисная струна Solinco X-Natural 1,20 12 метров",Solinco,1490 ₽,https://saletennis.com/catalog/product/tiennisnaia-struna-solinco-x-natural-1-20-12-mietrov-14010,Соболева: 4 сет | Парина: 3 сет,7.0,public/data/product_images/c77c587897aa.webp,0.0,0.0,0,4.0,3.0,0.0,0,0.0,0.0,0.0
Теннисные струны,1920230,"Теннисная струна Solinco X-Natural 1,30 12 метров",Solinco,1490 ₽,https://saletennis.com/catalog/product/tiennisnaia-struna-solinco-x-natural-1-30-12-mietrov-13190,Ижевск: 17 сет | Соболева: 20 сет | Основной склад Екатеринбург: 6 сет | Тюмень (Народная): 14 сет | Парина: 6 сет | Уфа: 16 сет | Бисертская: 1 сет,80.0,public/data/product_images/04abcadc10e6.webp,0.0,0.0,6,20.0,6.0,1.0,0,14.0,16.0,17.0
Теннисные струны,1920230,"Теннисная струна Solinco X-Natural 1,30 200 метров",Solinco,16490 ₽,https://saletennis.com/catalog/product/tiennisnaia-struna-solinco-x-natural-1-30-200-mietrov-14272,Парина: 1 боб | Санкт-Петербург (Спортивная): 1 боб,2.0,public/data/product_images/61fa3a0c5de3.webp,0.0,1.0,0,0.0,1.0,0.0,0,0.0,0.0,0.0
Теннисные струны,04G4S125XB,"Теннисная струна Tecnifibre 4S 1,25 12 метров",Tecnifibre,2490 ₽,https://saletennis.com/catalog/product/tiennisnaia-struna-tecnifibre-4s-1-25-12-mietrov-13240,Парина: 6 сет | Санкт-Петербург (Спортивная): 1 сет,7.0,public/data/product_images/017bf5d56de7.webp,0.0,1.0,0,0.0,6.0,0.0,0,0.0,0.0,0.0
Теннисные струны,04G4S130XB,"Теннисная струна Tecnifibre 4S 1,30 12 метров",Tecnifibre,2490 ₽,https://saletennis.com/catalog/product/tiennisnaia-struna-tecnifibre-4s-1-30-12-mietrov-13241,Санкт-Петербург (Спортивная): 8 сет | Парина: 15 сет | Соболева: 16 сет,39.0,public/data/product_images/db15f9c54753.webp,0.0,8.0,0,16.0,15.0,0.0,0,0.0,0.0,0.0
Теннисные струны,04GBL124XB,"Теннисная струна Tecnifibre Black Code 1,24 12 метров",Tecnifibre,2190 ₽,https://saletennis.com/catalog/product/tiennisnaia-struna-tecnifibre-black-code-1-24-12-mietrov-13659,Бисертская: 1.5 сет | Соболева: 6 сет | Санкт-Петербург (Спортивная): 3 сет | Ижевск: 1 сет | Парина: 1 сет,12.5,public/data/product_images/add46567474a.webp,0.0,3.0,0,6.0,1.0,1.5,0,0.0,0.0,1.0
Теннисные струны,04GBL128XB,"Теннисная струна Tecnifibre Black Code 1,28 12 метров",Tecnifibre,2190 ₽,https://saletennis.com/catalog/product/tiennisnaia-struna-tecnifibre-black-code-1-28-12-mietrov-13661,Тюмень (Народная): 2 сет | Парина: 1 сет | Ижевск: 1 сет | Бисертская: 7 сет,11.0,public/data/product_images/3e24345dc2de.webp,0.0,0.0,0,0.0,1.0,7.0,0,2.0,0.0,1.0
Теннисные струны,04GBL132XB,"Теннисная струна Tecnifibre Black Code 1,32 12 метров",Tecnifibre,1690 ₽,https://saletennis.com/catalog/product/tiennisnaia-struna-tecnifibre-black-code-1-32-12-mietrov-13840,Санкт-Петербург (Спортивная): 15 сет | Ижевск: 2 сет | Тюмень (Народная): 12 сет,29.0,public/data/product_images/68dd8227afe5.webp,0.0,15.0,0,0.0,0.0,0.0,0,12.0,0.0,2.0
Теннисные струны,04GBL124XR,"Теннисная струна Tecnifibre Black Code Fire 1,24 12 метров",Tecnifibre,2190 ₽,https://saletennis.com/catalog/product/tiennisnaia-struna-tecnifibre-black-code-fire-1-24-12-mietrov-13830,Санкт-Петербург (Спортивная): 2 сет | Тюмень (Народная): 5 сет | Соболева: 4 сет | Ижевск: 14 сет,25.0,public/data/product_images/237bd5f4df56.webp,0.0,2.0,0,4.0,0.0,0.0,0,5.0,0.0,14.0
Теннисные струны,04GBL128XR,"Теннисная струна Tecnifibre Black Code Fire 1,28 12 метров",Tecnifibre,2190 ₽,https://saletennis.com/catalog/product/tiennisnaia-struna-tecnifibre-black-code-fire-1-28-12-mietrov-15089,Тюмень (Народная): 6 сет,6.0,public/data/product_images/9c3388bc9e38.webp,0.0,0.0,0,0.0,0.0,0.0,0,6.0,0.0,0.0
Теннисные струны,04GBL124XV,"Теннисная струна Tecnifibre Black Code Lime 1,24 12 метров",Tecnifibre,2190 ₽,https://saletennis.com/catalog/product/tiennisnaia-struna-tecnifibre-black-code-lime-1-24-12-mietrov-13480,Уфа: 10.5 сет | Соболева: 11 сет | Бисертская: 7 сет | Ижевск: 8 сет | Тюмень (Народная): 1 сет,37.5,public/data/product_images/75e3f96e2340.webp,0.0,0.0,0,11.0,0.0,7.0,0,1.0,10.5,8.0
Теннисные струны,04GBL128XV,"Теннисная струна Tecnifibre Black Code Lime 1,28 12 метров",Tecnifibre,2190 ₽,https://saletennis.com/catalog/product/tiennisnaia-struna-tecnifibre-black-code-lime-1-28-12-mietrov-16269,Уфа: 15.5 сет | Бисертская: 10 сет | Санкт-Петербург (Ярослава Гашека): 3 сет | Ижевск: 9 сет | Санкт-Петербург (Спортивная): 2 сет,39.5,public/data/product_images/6a73fcf0a12b.webp,3.0,2.0,0,0.0,0.0,10.0,0,0.0,15.5,9.0
Теннисные струны,02GDU125XB,"Теннисная струна Tecnifibre Duramix HD Black 1,25 12 метров",Tecnifibre,2490 ₽,https://saletennis.com/catalog/product/tiennisnaia-struna-tecnifibre-duramix-hd-black-1-25-12-mietrov-17631,Санкт-Петербург (Спортивная): 3 сет | Соболева: 5 сет,8.0,public/data/product_images/f79b5680a20c.webp,0.0,3.0,0,5.0,0.0,0.0,0,0.0,0.0,0.0
Теннисные струны,02GDU130XB,"Теннисная струна Tecnifibre Duramix HD Black 1,30 12 метров",Tecnifibre,2490 ₽,https://saletennis.com/catalog/product/tiennisnaia-struna-tecnifibre-duramix-hd-black-1-30-12-mietrov-17632,Соболева: 4 сет | Санкт-Петербург (Спортивная): 6 сет,10.0,public/data/product_images/7c27bd550943.webp,0.0,6.0,0,4.0,0.0,0.0,0,0.0,0.0,0.0
Теннисные струны,01GHD130XN,"Теннисная струна Tecnifibre HDMX 1,25 12 метров",Tecnifibre,2990 ₽,https://saletennis.com/catalog/product/tiennisnaia-struna-tecnifibre-hdmx-1-25-12-mietrov-17633,Парина: 4 сет | Санкт-Петербург (Спортивная): 5 сет,9.0,public/data/product_images/d13f831f0d9e.webp,0.0,5.0,0,0.0,4.0,0.0,0,0.0,0.0,0.0
Теннисные струны,01GHD130XN,"Теннисная струна Tecnifibre HDMX 1,30 12 метров",Tecnifibre,2990 ₽,https://saletennis.com/catalog/product/tiennisnaia-struna-tecnifibre-hdmx-1-30-12-mietrov-13243,Парина: 4 сет | Санкт-Петербург (Спортивная): 4 сет,8.0,public/data/product_images/003b19f77d83.webp,0.0,4.0,0,0.0,4.0,0.0,0,0.0,0.0,0.0
Теннисные струны,04GIC125XW,"Теннисная струна Tecnifibre Ice Code 1,25 12 метров",Tecnifibre,1990 ₽,https://saletennis.com/catalog/product/tiennisnaia-struna-tecnifibre-ice-code-1-25-12-mietrov-13655,Уфа: 5 сет | Соболева: 2 сет | Тюмень (Народная): 9 сет | Парина: 1 сет,17.0,public/data/product_images/6fc87600c88a.webp,0.0,0.0,0,2.0,1.0,0.0,0,9.0,5.0,0.0
Теннисные струны,04RIC130XW,"Теннисная струна Tecnifibre Ice Code 1,30 12 метров",Tecnifibre,1990 ₽,https://saletennis.com/catalog/product/tiennisnaia-struna-tecnifibre-ice-code-1-30-12-mietrov-14563,Парина: 4 сет | Бисертская: 2 сет | Соболева: 2.5 сет,8.5,public/data/product_images/fa633702e492.webp,0.0,0.0,0,2.5,4.0,2.0,0,0.0,0.0,0.0
Теннисные струны,04RIC130XW,"Теннисная струна Tecnifibre Ice Code 1,30 200 метров",Tecnifibre,11893 ₽,https://saletennis.com/catalog/product/tiennisnaia-struna-tecnifibre-ice-code-1-30-200-mietrov-14564,Санкт-Петербург (Спортивная): 1 боб,1.0,public/data/product_images/b37a3d2a2cf9.webp,0.0,1.0,0,0.0,0.0,0.0,0,0.0,0.0,0.0
Теннисные струны,02RMU130XB,"Теннисная струна Tecnifibre Multifeel Black 1,30 12 метров",Tecnifibre,1190 ₽,https://saletennis.com/catalog/product/tiennisnaia-struna-tecnifibre-multifeel-black-1-30-12-mietrov-15629,Санкт-Петербург (Спортивная): 4 сет,4.0,public/data/product_images/36d8582567ea.webp,0.0,4.0,0,0.0,0.0,0.0,0,0.0,0.0,0.0
Теннисные струны,04RRA125XU,"Теннисная струна Tecnifibre Razor Code Blue 1,25 12 метров",Tecnifibre,1890 ₽,https://saletennis.com/catalog/product/tiennisnaia-struna-tecnifibre-razor-code-blue-1-25-12-mietrov-13914,Ижевск: 2 сет | Бисертская: 6 сет,8.0,public/data/product_images/80952af40c25.webp,0.0,0.0,0,0.0,0.0,6.0,0,0.0,0.0,2.0
Теннисные струны,04GRA130XU,"Теннисная струна Tecnifibre Razor Code Blue 1,30 12 метров",Tecnifibre,1890 ₽,https://saletennis.com/catalog/product/tiennisnaia-struna-tecnifibre-razor-code-blue-1-30-12-mietrov-13665,Ижевск: 2 сет | Санкт-Петербург (Спортивная): 1 сет,3.0,public/data/product_images/fdf9623ce2c8.webp,0.0,1.0,0,0.0,0.0,0.0,0,0.0,0.0,2.0
Теннисные струны,04RRA120XC,"Теннисная струна Tecnifibre Razor Code Carbon 1,20 12 метров",Tecnifibre,1890 ₽,https://saletennis.com/catalog/product/tiennisnaia-struna-tecnifibre-razor-code-carbon-1-20-12-mietrov-13283,Бисертская: 1.5 сет | Санкт-Петербург (Спортивная): 1 сет,2.5,public/data/product_images/ca2db4a720a9.webp,0.0,1.0,0,0.0,0.0,1.5,0,0.0,0.0,0.0
Теннисные струны,04RRA130XC,"Теннисная струна Tecnifibre Razor Code Carbon 1,30 12 метров",Tecnifibre,2490 ₽,https://saletennis.com/catalog/product/tiennisnaia-struna-tecnifibre-razor-code-carbon-1-30-12-mietrov-13915,Тюмень (Народная): 1 сет | Бисертская: 13 сет | Парина: 10 сет | Санкт-Петербург (Спортивная): 4 сет,28.0,public/data/product_images/09f7292657b6.webp,0.0,4.0,0,0.0,10.0,13.0,0,1.0,0.0,0.0
Теннисные струны,04RRA130XC,"Теннисная струна Tecnifibre Razor Code Carbon 1,30 200 метров",Tecnifibre,14990 ₽,https://saletennis.com/catalog/product/tiennisnaia-struna-tecnifibre-razor-code-carbon-1-30-200-mietrov-13668,Тюмень (Народная): 1 боб | Санкт-Петербург (Спортивная): 1 боб,2.0,public/data/product_images/f8e49a688294.webp,0.0,1.0,0,0.0,0.0,0.0,0,1.0,0.0,0.0
Теннисные струны,04GRA125XW,"Теннисная струна Tecnifibre Razor Code White 1,30 12 метров",Tecnifibre,2490 ₽,https://saletennis.com/catalog/product/tiennisnaia-struna-tecnifibre-razor-code-white-1-30-12-mietrov-14565,Соболева: 6 сет | Санкт-Петербург (Спортивная): 1 сет | Тюмень (Народная): 3 сет,10.0,public/data/product_images/8107d6177348.webp,0.0,1.0,0,6.0,0.0,0.0,0,3.0,0.0,0.0
Теннисные струны,04RRAS120N,"Теннисная струна Tecnifibre Razor Soft 1,20 12 метров",Tecnifibre,2290 ₽,https://saletennis.com/catalog/product/tiennisnaia-struna-tecnifibre-razor-soft-1-20-12-mietrov-16276,Парина: 2.5 сет | Тюмень (Народная): 4 сет,6.5,public/data/product_images/9c35f7d62f24.webp,0.0,0.0,0,0.0,2.5,0.0,0,4.0,0.0,0.0
Теннисные струны,04RRAS125N,"Теннисная струна Tecnifibre Razor Soft 1,25 12 метров",Tecnifibre,1868 ₽,https://saletennis.com/catalog/product/tiennisnaia-struna-tecnifibre-razor-soft-1-25-12-mietrov-14577,Ижевск: 1 сет | Бисертская: 3.5 сет | Тюмень (Народная): 5 сет | Уфа: 8 сет | Парина: 3 сет | Санкт-Петербург (Спортивная): 15 сет | Соболева: 2 сет,37.5,public/data/product_images/c01b639fef9f.webp,0.0,15.0,0,2.0,3.0,3.5,0,5.0,8.0,1.0
Теннисные струны,04RRAS130N,"Теннисная струна Tecnifibre Razor Soft 1,30 12 метров",Tecnifibre,1868 ₽,https://saletennis.com/catalog/product/tiennisnaia-struna-tecnifibre-razor-soft-1-30-12-mietrov-14578,Бисертская: 5 сет | Парина: 7 сет | Санкт-Петербург (Спортивная): 9.5 сет | Ижевск: 9 сет | Тюмень (Народная): 6 сет | Уфа: 6 сет | Соболева: 4.5 сет,47.0,public/data/product_images/f5f5e7b71a5d.webp,0.0,9.5,0,4.5,7.0,5.0,0,6.0,6.0,9.0
Теннисные струны,04GRAS125L,"Теннисная струна Tecnifibre Razor Soft Lime 1,25 12 метров",Tecnifibre,1868 ₽,https://saletennis.com/catalog/product/tiennisnaia-struna-tecnifibre-razor-soft-lime-1-25-12-mietrov-16278,Санкт-Петербург (Спортивная): 3 сет,3.0,public/data/product_images/7e638916d5c7.webp,0.0,3.0,0,0.0,0.0,0.0,0,0.0,0.0,0.0
Теннисные струны,04GRAS125L,"Теннисная струна Tecnifibre Razor Soft Lime 1,30 12 метров",Tecnifibre,1868 ₽,https://saletennis.com/catalog/product/tiennisnaia-struna-tecnifibre-razor-soft-lime-1-30-12-mietrov-16279,Парина: 1 сет | Санкт-Петербург (Спортивная): 6 сет | Ижевск: 3 сет | Тюмень (Народная): 1 сет,11.0,public/data/product_images/983acffa41cd.webp,0.0,6.0,0,0.0,1.0,0.0,0,1.0,0.0,3.0
Теннисные струны,04RRAS125W,"Теннисная струна Tecnifibre Razor Soft White 1,25 12 метров",Tecnifibre,2290 ₽,https://saletennis.com/catalog/product/tiennisnaia-struna-tecnifibre-razor-soft-white-1-25-12-mietrov-17324,Бисертская: 7 сет | Соболева: 10.5 сет | Тюмень (Народная): 12 сет | Уфа: 10.5 сет | Ижевск: 14 сет,54.0,public/data/product_images/d1e59edbfed3.webp,0.0,0.0,0,10.5,0.0,7.0,0,12.0,10.5,14.0
Теннисные струны,04RRAS125W,"Теннисная струна Tecnifibre Razor Soft White 1,30 12 метров",Tecnifibre,1743 ₽,https://saletennis.com/catalog/product/tiennisnaia-struna-tecnifibre-razor-soft-white-1-30-12-mietrov-17325,Санкт-Петербург (Спортивная): 6 сет,6.0,public/data/product_images/ce6fdd90bffa.webp,0.0,6.0,0,0.0,0.0,0.0,0,0.0,0.0,0.0
Теннисные струны,04GRE130XR,"Теннисная струна Tecnifibre RedCode 1,30 12 метров",Tecnifibre,1190 ₽,https://saletennis.com/catalog/product/tiennisnaia-struna-tecnifibre-redcode-1-30-12-mietrov-13832,Бисертская: 10 сет,10.0,public/data/product_images/cf8b7ed4b65a.webp,0.0,0.0,0,0.0,0.0,10.0,0,0.0,0.0,0.0
Теннисные струны,01GXO124XN,"Теннисная струна Tecnifibre X-ONE Biphase 1,24 12 метров",Tecnifibre,3490 ₽,https://saletennis.com/catalog/product/tiennisnaia-struna-tecnifibre-x-one-biphase-1-24-12-mietrov-17634,Парина: 1 сет,1.0,public/data/product_images/a52e0d518433.webp,0.0,0.0,0,0.0,1.0,0.0,0,0.0,0.0,0.0
Теннисные струны,01GXO130XN,"Теннисная струна Tecnifibre X-ONE Biphase 1,30 12 метров",Tecnifibre,3490 ₽,https://saletennis.com/catalog/product/tiennisnaia-struna-tecnifibre-x-one-biphase-1-30-12-mietrov-13671,Ижевск: 5 сет,5.0,public/data/product_images/200cbe4802f6.webp,0.0,0.0,0,0.0,0.0,0.0,0,0.0,0.0,5.0
Теннисные струны,WRZ997900,Теннисная струна Wilson Champion's Choice Duo 12 метров,Wilson,7868 ₽,https://saletennis.com/catalog/product/tiennisnaia-struna-wilson-champion-s-choice-duo-12-mietrov-5081,Парина: 6 сет | Ижевск: 3 сет | Уфа: 3 сет | Санкт-Петербург (Спортивная): 6 сет | Соболева: 3 сет | Тюмень (Народная): 3 сет,24.0,public/data/product_images/1fe56428d13a.webp,0.0,6.0,0,3.0,6.0,0.0,0,3.0,3.0,3.0
Теннисные струны,WRZ949710,Теннисная струна Wilson Duo - Alu Power 1.25 & NXT Power 1.30 12 метров,Wilson,3637 ₽,https://saletennis.com/catalog/product/tiennisnaia-struna-wilson-duo-alu-power-1-25-nxt-power-1-30-12-mietrov-18174,Соболева: 1 сет | Санкт-Петербург (Спортивная): 1 сет,2.0,public/data/product_images/2be5311e1f4d.webp,0.0,1.0,0,1.0,0.0,0.0,0,0.0,0.0,0.0
Теннисные струны,WRZ942700,"Теннисная струна Wilson NXT 1,30 12 метров",Wilson,3637 ₽,https://saletennis.com/catalog/product/tiennisnaia-struna-wilson-nxt-1-30-12-mietrov-5990,Тюмень (Народная): 1 сет | Ижевск: 1 сет,2.0,public/data/product_images/699b3ede8e19.webp,0.0,0.0,0,0.0,0.0,0.0,0,1.0,0.0,1.0
Теннисные струны,WRZ941900,"Теннисная струна Wilson NXT Control 1,32 12 метров",Wilson,3637 ₽,https://saletennis.com/catalog/product/tiennisnaia-struna-wilson-nxt-control-1-32-12-mietrov-8281,Бисертская: 3.5 сет | Парина: 5 сет | Ижевск: 6 сет | Санкт-Петербург (Спортивная): 5 сет | Соболева: 5 сет | Тюмень (Народная): 6 сет,30.5,public/data/product_images/c59a43b4ecb2.webp,0.0,5.0,0,5.0,5.0,3.5,0,6.0,0.0,6.0
Теннисные струны,WRZ941700,"Теннисная струна Wilson NXT Power 1,25 12 метров",Wilson,3637 ₽,https://saletennis.com/catalog/product/tiennisnaia-struna-wilson-nxt-power-1-25-12-mietrov-9851,Санкт-Петербург (Спортивная): 2 сет | Соболева: 2 сет | Уфа: 3 сет | Парина: 3 сет,10.0,public/data/product_images/21f8eba4325c.webp,0.0,2.0,0,2.0,3.0,0.0,0,0.0,3.0,0.0
Теннисные струны,WRZ941600,"Теннисная струна Wilson NXT Power 1,30 12 метров",Wilson,3637 ₽,https://saletennis.com/catalog/product/tiennisnaia-struna-wilson-nxt-power-1-30-12-mietrov-8282,Санкт-Петербург (Спортивная): 6 сет | Парина: 3 сет | Бисертская: 2 сет | Соболева: 4 сет | Уфа: 2 сет,17.0,public/data/product_images/5de4a3f652ed.webp,0.0,6.0,0,4.0,3.0,2.0,0,0.0,2.0,0.0
Теннисные струны,WRZ904700,"Теннисная струна Wilson Poly Pro Silver 1,25 12 метров",Wilson,640 ₽,https://saletennis.com/catalog/product/tiennisnaia-struna-wilson-poly-pro-silver-1-25-12-mietrov-19176,Тюмень (Народная): 12 сет,12.0,public/data/product_images/e5426f59b4d3.webp,0.0,0.0,0,0.0,0.0,0.0,0,12.0,0.0,0.0
Теннисные струны,WRZ904700,"Теннисная струна Wilson Poly Pro Silver 1,25 200 метров",Wilson,7992 ₽,https://saletennis.com/catalog/product/tiennisnaia-struna-wilson-poly-pro-silver-1-25-200-mietrov-18262,Уфа: 1 боб | Тюмень: 1 боб | Ижевск: 1 боб | Бисертская: 1 боб | Парина: 1 боб | Соболева: 1 боб,6.0,public/data/product_images/dec16a811682.webp,0.0,0.0,0,1.0,1.0,1.0,0,1.0,1.0,1.0
Теннисные струны,WRZ904600,"Теннисная струна Wilson Poly Pro Silver 1,30 12 метров",Wilson,640 ₽,https://saletennis.com/catalog/product/tiennisnaia-struna-wilson-poly-pro-silver-1-30-12-mietrov-18808,Парина: 12 сет | Тюмень (Народная): 16 сет,28.0,public/data/product_images/1c9106e8453d.webp,0.0,0.0,0,0.0,12.0,0.0,0,16.0,0.0,0.0
Теннисные струны,WRZ904600,"Теннисная струна Wilson Poly Pro Silver 1,30 200 метров",Wilson,7992 ₽,https://saletennis.com/catalog/product/tiennisnaia-struna-wilson-poly-pro-silver-1-30-200-mietrov-18263,Парина: 1 боб | Ижевск: 1 боб | Санкт-Петербург (Спортивная): 1 боб,3.0,public/data/product_images/56cc7d006add.webp,0.0,1.0,0,0.0,1.0,0.0,0,0.0,0.0,1.0
Теннисные струны,WRZ946900,"Теннисная струна Wilson Revolve Black 1,25 12 метров",Wilson,2017 ₽,https://saletennis.com/catalog/product/tiennisnaia-struna-wilson-revolve-black-1-25-12-mietrov-5236,Парина: 12.5 сет | Санкт-Петербург (Спортивная): 5 сет | Тюмень: 2 сет | Тюмень (Народная): 3.5 сет | Бисертская: 13 сет | Соболева: 14 сет,50.0,public/data/product_images/1e47130b57f7.webp,0.0,5.0,0,14.0,12.5,13.0,0,5.5,0.0,0.0
Теннисные струны,WRZ906900,"Теннисная струна Wilson Revolve Black 1,25 200 метров",Wilson,19992 ₽,https://saletennis.com/catalog/product/tiennisnaia-struna-wilson-revolve-black-1-25-200-mietrov-9491,Бисертская: 1 боб | Санкт-Петербург (Спортивная): 1 боб | Тюмень (Народная): 1 боб,3.0,public/data/product_images/153c5dd2e755.webp,0.0,1.0,0,0.0,0.0,1.0,0,1.0,0.0,0.0
Теннисные струны,WRZ906800,"Теннисная струна Wilson Revolve Black 1,30 12 метров",Wilson,2017 ₽,https://saletennis.com/catalog/product/tiennisnaia-struna-wilson-revolve-black-1-30-12-mietrov-5720,Санкт-Петербург (Спортивная): 2 сет | Парина: 3.5 сет | Бисертская: 15 сет | Соболева: 5 сет | Тюмень: 3.5 сет | Уфа: 9 сет,38.0,public/data/product_images/9c451b28d037.webp,0.0,2.0,0,5.0,3.5,15.0,0,3.5,9.0,0.0
Теннисные струны,WRZ906800,"Теннисная струна Wilson Revolve Black 1,30 200 метров",Wilson,19992 ₽,https://saletennis.com/catalog/product/tiennisnaia-struna-wilson-revolve-black-1-30-200-mietrov-9529,Тюмень (Народная): 1 боб | Соболева: 1 боб | Санкт-Петербург (Спортивная): 1 боб | Уфа: 1 боб | Парина: 1 боб | Бисертская: 1 боб,6.0,public/data/product_images/7daafc161427.webp,0.0,1.0,0,1.0,1.0,1.0,0,1.0,1.0,0.0
Теннисные струны,WRZ906700,"Теннисная струна Wilson Revolve Black 1,35 12 метров",Wilson,1207 ₽,https://saletennis.com/catalog/product/tiennisnaia-struna-wilson-revolve-black-1-35-12-mietrov-7163,Парина: 6 сет,6.0,public/data/product_images/86525072cb35.webp,0.0,0.0,0,0.0,6.0,0.0,0,0.0,0.0,0.0
Теннисные струны,WRZ906700,"Теннисная струна Wilson Revolve Black 1,35 200 метров",Wilson,16868 ₽,https://saletennis.com/catalog/product/tiennisnaia-struna-wilson-revolve-black-1-35-200-mietrov-12527,Бисертская: 1 боб | Тюмень (Народная): 1 боб | Ижевск: 1 боб | Уфа: 1 боб,4.0,public/data/product_images/d17538f3fcad.webp,0.0,0.0,0,0.0,0.0,1.0,0,1.0,1.0,1.0
Теннисные струны,WRZ946300,"Теннисная струна Wilson Revolve Orange 1,25 12 метров",Wilson,1207 ₽,https://saletennis.com/catalog/product/tiennisnaia-struna-wilson-revolve-orange-1-25-12-mietrov-4580,Санкт-Петербург (Спортивная): 14 сет,14.0,public/data/product_images/3edaf7738a78.webp,0.0,14.0,0,0.0,0.0,0.0,0,0.0,0.0,0.0
Теннисные струны,WRZ906200,"Теннисная струна Wilson Revolve Orange 1,30 200 метров",Wilson,17493 ₽,https://saletennis.com/catalog/product/tiennisnaia-struna-wilson-revolve-orange-1-30-200-mietrov-4583,Санкт-Петербург (Спортивная): 1 боб | Парина: 1 боб,2.0,public/data/product_images/4c63366e2133.webp,0.0,1.0,0,0.0,1.0,0.0,0,0.0,0.0,0.0
Теннисные струны,WRZ908100,"Теннисная струна Wilson Revolve Spin Black 1,25 12 метров",Wilson,2017 ₽,https://saletennis.com/catalog/product/tiennisnaia-struna-wilson-revolve-spin-black-1-25-12-mietrov-10568,Ижевск: 2 сет | Парина: 2 сет | Бисертская: 15 сет | Соболева: 14 сет | Тюмень (Народная): 14 сет,47.0,public/data/product_images/db5c0d5154e5.webp,0.0,0.0,0,14.0,2.0,15.0,0,14.0,0.0,2.0
Теннисные струны,WRZ908100,"Теннисная струна Wilson Revolve Spin Black 1,25 200 метров",Wilson,22267 ₽,https://saletennis.com/catalog/product/tiennisnaia-struna-wilson-revolve-spin-black-1-25-200-mietrov-10325,Уфа: 1 боб | Санкт-Петербург (Спортивная): 1 боб,2.0,public/data/product_images/37b857a3882a.webp,0.0,1.0,0,0.0,0.0,0.0,0,0.0,1.0,0.0
Теннисные струны,WRZ907600,"Теннисная струна Wilson Revolve Spin Black 1,30 12 метров",Wilson,2017 ₽,https://saletennis.com/catalog/product/tiennisnaia-struna-wilson-revolve-spin-black-1-30-12-mietrov-10569,Уфа: 3 сет | Тюмень: 3 сет | Парина: 3 сет | Ижевск: 2 сет,11.0,public/data/product_images/55ff5b62cc55.webp,0.0,0.0,0,0.0,3.0,0.0,0,3.0,3.0,2.0
Теннисные струны,WRZ907600,"Теннисная струна Wilson Revolve Spin Black 1,30 200 метров",Wilson,19243 ₽,https://saletennis.com/catalog/product/tiennisnaia-struna-wilson-revolve-spin-black-1-30-200-mietrov-10326,Тюмень (Народная): 1 боб | Уфа: 1 боб | Санкт-Петербург (Спортивная): 1 боб | Парина: 1 боб | Соболева: 1 боб | Ижевск: 1 боб,6.0,public/data/product_images/4f83e5363294.webp,0.0,1.0,0,1.0,1.0,0.0,0,1.0,1.0,1.0
Теннисные струны,WRZ956900,"Теннисная струна Wilson Revolve Spin Green 1,25 12 метров",Wilson,2017 ₽,https://saletennis.com/catalog/product/tiennisnaia-struna-wilson-revolve-spin-green-1-25-12-mietrov-6080,Бисертская: 15 сет | Соболева: 2 сет | Тюмень (Народная): 15 сет | Парина: 16 сет | Санкт-Петербург (Спортивная): 2 сет,50.0,public/data/product_images/a7fe8b4d1fe6.webp,0.0,2.0,0,2.0,16.0,15.0,0,15.0,0.0,0.0
Теннисные струны,WRZ907500,"Теннисная струна Wilson Revolve Spin Green 1,25 200 метров",Wilson,19243 ₽,https://saletennis.com/catalog/product/tiennisnaia-struna-wilson-revolve-spin-green-1-25-200-mietrov-6199,Санкт-Петербург (Спортивная): 1 боб,1.0,public/data/product_images/789c658a0fca.webp,0.0,1.0,0,0.0,0.0,0.0,0,0.0,0.0,0.0
Теннисные струны,WRZ956800,"Теннисная струна Wilson Revolve Spin Green 1,30 12 метров",Wilson,2017 ₽,https://saletennis.com/catalog/product/tiennisnaia-struna-wilson-revolve-spin-green-1-30-12-mietrov-6081,Уфа: 10 сет | Санкт-Петербург (Спортивная): 3 сет | Тюмень: 4 сет | Ижевск: 2 сет | Соболева: 2 сет | Парина: 3 сет | Тюмень (Народная): 8 сет | Бисертская: 12 сет,44.0,public/data/product_images/4e2730346514.webp,0.0,3.0,0,2.0,3.0,12.0,0,12.0,10.0,2.0
Теннисные струны,WRZ907800,"Теннисная струна Wilson Revolve Spin Green 1,30 200 метров",Wilson,19243 ₽,https://saletennis.com/catalog/product/tiennisnaia-struna-wilson-revolve-spin-green-1-30-200-mietrov-6082,Бисертская: 1 боб | Тюмень (Народная): 1 боб | Санкт-Петербург (Спортивная): 1 боб | Соболева: 1 боб | Уфа: 1 боб | Парина: 1 боб | Ижевск: 1 боб,7.0,public/data/product_images/0d1abc5bc9f5.webp,0.0,1.0,0,1.0,1.0,1.0,0,1.0,1.0,1.0
Теннисные струны,WR830000116,"Теннисная струна Wilson Revolve Twist - Grey 1,30 12 метров",Wilson,1207 ₽,https://saletennis.com/catalog/product/tiennisnaia-struna-wilson-revolve-twist-grey-1-30-12-mietrov-8964,Ижевск: 5 сет,5.0,public/data/product_images/b43027ec88bb.webp,0.0,0.0,0,0.0,0.0,0.0,0,0.0,0.0,5.0
Теннисные струны,WR830000316,"Теннисная струна Wilson Revolve Twist - Grey 1,30 200 метров",Wilson,18193 ₽,https://saletennis.com/catalog/product/tiennisnaia-struna-wilson-revolve-twist-grey-1-30-200-mietrov-8965,Санкт-Петербург (Спортивная): 1 боб | Парина: 1 боб,2.0,public/data/product_images/c619e30bd9d2.webp,0.0,1.0,0,0.0,1.0,0.0,0,0.0,0.0,0.0
Теннисные струны,WRZ906600,"Теннисная струна Wilson Revolve White 1,25 12 метров",Wilson,2017 ₽,https://saletennis.com/catalog/product/tiennisnaia-struna-wilson-revolve-white-1-25-12-mietrov-6660,Соболева: 16 сет | Тюмень: 0.5 сет | Уфа: 4 сет | Парина: 2 сет | Тюмень (Народная): 9 сет,31.5,public/data/product_images/40e1e7233437.webp,0.0,0.0,0,16.0,2.0,0.0,0,9.5,4.0,0.0
Теннисные струны,WRZ906600,"Теннисная струна Wilson Revolve White 1,25 200 метров",Wilson,19992 ₽,https://saletennis.com/catalog/product/tiennisnaia-struna-wilson-revolve-white-1-25-200-mietrov-12528,Санкт-Петербург (Спортивная): 1 боб | Бисертская: 1 боб | Парина: 1 боб,3.0,public/data/product_images/64dcaacd554e.webp,0.0,1.0,0,0.0,1.0,1.0,0,0.0,0.0,0.0
Теннисные струны,WRZ906500,"Теннисная струна Wilson Revolve White 1,30 12 метров",Wilson,2017 ₽,https://saletennis.com/catalog/product/tiennisnaia-struna-wilson-revolve-white-1-30-12-mietrov-5082,Уфа: 3 сет | Тюмень (Народная): 2 сет | Парина: 2 сет | Санкт-Петербург (Спортивная): 6 сет | Бисертская: 5 сет | Ижевск: 1 сет | Соболева: 15 сет | Тюмень: 14 сет,48.0,public/data/product_images/0fff546527b9.webp,0.0,6.0,0,15.0,2.0,5.0,0,16.0,3.0,1.0
Теннисные струны,WRZ906500,"Теннисная струна Wilson Revolve White 1,30 200 метров",Wilson,17493 ₽,https://saletennis.com/catalog/product/tiennisnaia-struna-wilson-revolve-white-1-30-200-mietrov-5083,Санкт-Петербург (Спортивная): 1 боб | Парина: 1 боб | Ижевск: 1 боб,3.0,public/data/product_images/ea419fe17738.webp,0.0,1.0,0,0.0,1.0,0.0,0,0.0,0.0,1.0
Теннисные струны,WRZ906400,"Теннисная струна Wilson Revolve White 1,35 200 метров",Wilson,15743 ₽,https://saletennis.com/catalog/product/tiennisnaia-struna-wilson-revolve-white-1-35-200-mietrov-19074,Санкт-Петербург (Спортивная): 1 боб | Соболева: 1 боб | Парина: 1 боб | Бисертская: 1 боб,4.0,public/data/product_images/04cf7c9921fc.webp,0.0,1.0,0,1.0,1.0,1.0,0,0.0,0.0,0.0
Теннисные струны,WR830170116,"Теннисная струна Wilson Sensation Green 1,30 12 метров",Wilson,1207 ₽,https://saletennis.com/catalog/product/tiennisnaia-struna-wilson-sensation-green-1-30-12-mietrov-9419,Тюмень (Народная): 3 сет,3.0,public/data/product_images/3611c4209808.webp,0.0,0.0,0,0.0,0.0,0.0,0,3.0,0.0,0.0
Теннисные струны,WR830020116,"Теннисная струна Wilson Sensation Plus Black 1,34 12 метров",Wilson,1043 ₽,https://saletennis.com/catalog/product/tiennisnaia-struna-wilson-sensation-plus-black-1-34-12-mietrov-8381,Санкт-Петербург (Спортивная): 4 сет,4.0,public/data/product_images/3b7e0153d48d.webp,0.0,4.0,0,0.0,0.0,0.0,0,0.0,0.0,0.0
Теннисные струны,PTGF-12RD,"Теннисная струна Yonex Polytour Fire Red 1,25 12 метров",Yonex,1990 ₽,https://saletennis.com/catalog/product/tiennisnaia-struna-yonex-polytour-fire-red-1-25-12-mietrov-19472,Санкт-Петербург (Ярослава Гашека): 14 сет,14.0,public/data/product_images/2145cbd4f912.webp,14.0,0.0,0,0.0,0.0,0.0,0,0.0,0.0,0.0
Теннисные струны,PTF-12RD,"Теннисная струна Yonex Polytour Force Bright Red 1,25 12 метров",Yonex,2290 ₽,https://saletennis.com/catalog/product/tiennisnaia-struna-yonex-polytour-force-bright-red-1-25-12-mietrov-19519,Санкт-Петербург (Спортивная): 12 сет,12.0,public/data/product_images/eaf3540faec6.webp,0.0,12.0,0,0.0,0.0,0.0,0,0.0,0.0,0.0
Теннисные струны,PTGSPN-12BK,"Теннисная струна Yonex Polytour Spin Black 1,20 12 метров",Yonex,1990 ₽,https://saletennis.com/catalog/product/tiennisnaia-struna-yonex-polytour-spin-black-1-20-12-mietrov-19476,Парина: 2 сет | Санкт-Петербург (Спортивная): 13 сет | Санкт-Петербург (Ярослава Гашека): 13 сет,28.0,public/data/product_images/2b98aaed625a.webp,13.0,13.0,0,0.0,2.0,0.0,0,0.0,0.0,0.0
Ракетки для тенниса,12CARJUN24,Ракетка для сквоша Tecnifiber Carboflex Junior V2,Tecnifibre,5844 ₽,https://saletennis.com/catalog/product/rakietka-dlia-skvosha-tecnifiber-carboflex-junior-v2-17655,Парина: 2 шт,2.0,public/data/product_images/aceb3bb292a6.webp,0.0,0.0,0,0.0,2.0,0.0,0,0.0,0.0,0.0
Ракетки для тенниса,12CARJUNXT,Ракетка для сквоша Tecnifiber Carboflex Junior X-TOP,Tecnifibre,6293 ₽,https://saletennis.com/catalog/product/rakietka-dlia-skvosha-tecnifiber-carboflex-junior-x-top-16283,Парина: 3 шт,3.0,public/data/product_images/852c0dd7d180.webp,0.0,0.0,0,0.0,3.0,0.0,0,0.0,0.0,0.0
Ракетки для тенниса,12CAR12024,Ракетка для сквоша Tecnifiber Carboflex X-TOP V2 120,Tecnifibre,16569 ₽,https://saletennis.com/catalog/product/rakietka-dlia-skvosha-tecnifiber-carboflex-x-top-v2-120-17657,Парина: 1 шт,1.0,public/data/product_images/6f06e64251d0.webp,0.0,0.0,0,0.0,1.0,0.0,0,0.0,0.0,0.0
Ракетки для тенниса,12CAR135XT,Ракетка для сквоша Tecnifiber Corbonflex X-TOP 135,Tecnifibre,10990 ₽,https://saletennis.com/catalog/product/rakietka-dlia-skvosha-tecnifiber-corbonflex-x-top-135-15098,Парина: 1 шт,1.0,public/data/product_images/a0559e8c37c6.webp,0.0,0.0,0,0.0,1.0,0.0,0,0.0,0.0,0.0
Ракетки для тенниса,231445,Теннисная ракетка Head Radical Jr 19,Head,3743 ₽,https://saletennis.com/catalog/product/tennisnaya-raketka-head-radical-jr-19-4261-4261,0: Ижевск - 1 шт | 0: Парина - 2 шт | 0: Бисертская - 1 шт | 0: Уфа - 1 шт | 0: Санкт-Петербург (Ярослава Гашека) - 2 шт | 0: Соболева - 2 шт | 0: Санкт-Петербург (Спортивная) - 2 шт,11.0,public/data/product_images/1440fe41ab0c.webp,2.0,2.0,0,2.0,2.0,1.0,0,0.0,1.0,1.0
Ракетки для тенниса,231435,Теннисная ракетка Head Radical Jr 21,Head,2990 ₽,https://saletennis.com/catalog/product/tennisnaya-raketka-head-radical-jr-21-4262-4262,0: Бисертская - 1 шт | 0: Санкт-Петербург (Спортивная) - 3 шт | 0: Уфа - 1 шт | 0: Соболева - 2 шт | 0: Тюмень (Народная) - 1 шт | 0: Ижевск - 1 шт | 0: Парина - 2 шт,11.0,public/data/product_images/b9f8b3a3089d.webp,0.0,3.0,0,2.0,2.0,1.0,0,1.0,1.0,1.0
Ракетки для тенниса,231425,Теннисная ракетка Head Radical Jr 23,Head,4042 ₽,https://saletennis.com/catalog/product/tennisnaya-raketka-head-radical-jr-23-4259-4259,0: Санкт-Петербург (Спортивная) - 3 шт | 0: Уфа - 2 шт | 0: Бисертская - 1 шт | 0: Санкт-Петербург (Ярослава Гашека) - 1 шт | 0: Парина - 2 шт | 0: Тюмень - 1 шт | 0: Соболева - 1 шт,11.0,public/data/product_images/1e784c8b3f69.webp,1.0,3.0,0,1.0,2.0,1.0,0,1.0,2.0,0.0
Ракетки для тенниса,231415,Теннисная ракетка Head Radical Jr 25,Head,4042 ₽,https://saletennis.com/catalog/product/tennisnaya-raketka-head-radical-jr-25-4263-4263,0: Санкт-Петербург (Спортивная) - 1 шт | 0: Бисертская - 2 шт | 0: Соболева - 2 шт | 0: Парина - 3 шт | 0: Уфа - 1 шт | 0: Ижевск - 1 шт,10.0,public/data/product_images/c34d207a5dee.webp,0.0,1.0,0,2.0,3.0,2.0,0,0.0,1.0,1.0
Ракетки для тенниса,231405,Теннисная ракетка Head Radical Jr 26,Head,4447 ₽,https://saletennis.com/catalog/product/tennisnaya-raketka-head-radical-jr-26-4264-4264,0: Ижевск - 1 шт | 0: Тюмень (Народная) - 1 шт | 0: Уфа - 2 шт | 0: Санкт-Петербург (Спортивная) - 2 шт | 0: Соболева - 2 шт | 0: Парина - 2 шт | 0: Бисертская - 1 шт,11.0,public/data/product_images/01854b220535.webp,0.0,2.0,0,2.0,2.0,1.0,0,1.0,2.0,1.0
Ракетки для тенниса,AR76-A1255,Теннисная ракетка 7/6 A1 255,7/6,7995 ₽,https://saletennis.com/catalog/product/tiennisnaia-rakietka-7-6-a1-255-15600,2: Бисертская - 1 шт | 2: Санкт-Петербург (Спортивная) - 2 шт | 2: Тюмень (Народная) - 2 шт | 2: Соболева - 2 шт | 2: Парина - 2 шт | 2: Ижевск - 2 шт | 2: Уфа - 1 шт | 2: Основной склад Екатеринбург - 1 шт,13.0,public/data/product_images/9d5ebc39691f.webp,0.0,2.0,1,2.0,2.0,1.0,0,2.0,1.0,2.0
Ракетки для тенниса,AR76-A1285,Теннисная ракетка 7/6 A1 285,7/6,9990 ₽,https://saletennis.com/catalog/product/tiennisnaia-rakietka-7-6-a1-285-15604,1: Санкт-Петербург (Спортивная) - 1 шт | 1: Парина - 2 шт | 1: Соболева - 2 шт | 1: Бисертская - 1 шт | 1: Ижевск - 1 шт,7.0,public/data/product_images/3c44c0119d90.webp,0.0,1.0,0,2.0,2.0,1.0,0,0.0,0.0,1.0
Ракетки для тенниса,AR76-A1300,Теннисная ракетка 7/6 A1 300,7/6,10794 ₽,https://saletennis.com/catalog/product/tiennisnaia-rakietka-7-6-a1-300-15605,2: Ижевск - 1 шт,1.0,public/data/product_images/0a28736d782a.webp,0.0,0.0,0,0.0,0.0,0.0,0,0.0,0.0,1.0
Ракетки для тенниса,AR76-A2255,Теннисная ракетка 7/6 A2 255,7/6,12990 ₽,https://saletennis.com/catalog/product/tiennisnaia-rakietka-7-6-a2-255-17796,1: Санкт-Петербург (Спортивная) - 3 шт | 1: Соболева - 1 шт | 1: Тюмень (Народная) - 1 шт | 1: Бисертская - 2 шт | 1: Уфа - 1 шт | 1: Основной склад Екатеринбург - 7 шт | 1: Санкт-Петербург (Ярослава Гашека) - 1 шт | 1: Ижевск - 2 шт | 1: Парина - 2 шт | 2: Соболева - 1 шт | 2: Санкт-Петербург (Ярослава Гашека) - 2 шт | 2: Тюмень (Народная) - 2 шт | 2: Уфа - 1 шт | 2: Санкт-Петербург (Спортивная) - 2 шт,28.0,public/data/product_images/da292384c1e6.webp,3.0,5.0,7,2.0,2.0,2.0,0,3.0,2.0,2.0
Ракетки для тенниса,AR76-A2270,Теннисная ракетка 7/6 A2 270,7/6,13990 ₽,https://saletennis.com/catalog/product/tiennisnaia-rakietka-7-6-a2-270-17797,1: Основной склад Екатеринбург - 4 шт | 1: Санкт-Петербург (Ярослава Гашека) - 3 шт | 1: Бисертская - 1 шт | 1: Санкт-Петербург (Спортивная) - 2 шт | 1: Парина - 1 шт | 1: Соболева - 2 шт | 1: Ижевск - 2 шт | 2: Основной склад Екатеринбург - 1 шт | 2: Парина - 1 шт | 2: Санкт-Петербург (Ярослава Гашека) - 2 шт | 2: Соболева - 1 шт | 2: Ижевск - 3 шт | 2: Тюмень (Народная) - 1 шт | 2: Бисертская - 1 шт | 3: Санкт-Петербург (Ярослава Гашека) - 2 шт | 3: Санкт-Петербург (Спортивная) - 2 шт,29.0,public/data/product_images/0c2e847141fa.webp,7.0,4.0,5,3.0,2.0,2.0,0,1.0,0.0,5.0
Ракетки для тенниса,AR76-A2285,Теннисная ракетка 7/6 A2 285,7/6,14990 ₽,https://saletennis.com/catalog/product/tiennisnaia-rakietka-7-6-a2-285-17798,1: Санкт-Петербург (Ярослава Гашека) - 2 шт | 1: Санкт-Петербург (Спортивная) - 2 шт | 2: Санкт-Петербург (Ярослава Гашека) - 2 шт | 2: Уфа - 1 шт | 2: Ижевск - 1 шт | 2: Бисертская - 1 шт | 2: Соболева - 2 шт | 2: Основной склад Екатеринбург - 10 шт | 2: Парина - 1 шт | 2: Тюмень (Народная) - 2 шт | 3: Санкт-Петербург (Ярослава Гашека) - 2 шт | 3: Уфа - 1 шт | 3: Основной склад Екатеринбург - 1 шт | 3: Парина - 1 шт | 3: Соболева - 1 шт | 3: Санкт-Петербург (Спортивная) - 2 шт | 3: Тюмень (Народная) - 1 шт,33.0,public/data/product_images/c1d1106128f1.webp,6.0,4.0,11,3.0,2.0,1.0,0,3.0,2.0,1.0
Ракетки для тенниса,AR76-A2300,Теннисная ракетка 7/6 A2 300,7/6,14990 ₽,https://saletennis.com/catalog/product/tiennisnaia-rakietka-7-6-a2-300-17799,2: Соболева - 1 шт | 2: Санкт-Петербург (Спортивная) - 1 шт | 2: Тюмень (Народная) - 2 шт | 2: Санкт-Петербург (Ярослава Гашека) - 2 шт | 2: Парина - 1 шт | 2: Уфа - 1 шт | 2: Ижевск - 1 шт | 3: Ижевск - 2 шт | 3: Санкт-Петербург (Ярослава Гашека) - 2 шт | 3: Соболева - 2 шт | 3: Бисертская - 1 шт | 3: Основной склад Екатеринбург - 5 шт | 3: Санкт-Петербург (Спортивная) - 2 шт | 3: Парина - 2 шт | 4: Санкт-Петербург (Спортивная) - 2 шт | 4: Ижевск - 1 шт | 4: Бисертская - 2 шт | 4: Санкт-Петербург (Ярослава Гашека) - 2 шт | 4: Парина - 1 шт | 4: Тюмень (Народная) - 2 шт | 4: Соболева - 1 шт,36.0,public/data/product_images/66e24f2a6e2b.webp,6.0,5.0,5,4.0,4.0,3.0,0,4.0,1.0,4.0
Ракетки для тенниса,JR76-A225,Теннисная ракетка 7/6 А2 Junior 25,7/6,9990 ₽,https://saletennis.com/catalog/product/tiennisnaia-rakietka-7-6-a2-junior-25-17800,0: Тюмень (Народная) - 3 шт | 0: Бисертская - 1 шт | 0: Парина - 2 шт | 0: Соболева - 1 шт | 0: Санкт-Петербург (Ярослава Гашека) - 3 шт | 0: Уфа - 1 шт | 0: Основной склад Екатеринбург - 2 шт | 0: Санкт-Петербург (Спортивная) - 2 шт | 1: Парина - 2 шт | 1: Тюмень (Народная) - 5 шт | 1: Уфа - 2 шт | 1: Санкт-Петербург (Ярослава Гашека) - 2 шт | 1: Санкт-Петербург (Спортивная) - 1 шт,27.0,public/data/product_images/32fd837a367d.webp,5.0,3.0,2,1.0,4.0,1.0,0,8.0,3.0,0.0
Ракетки для тенниса,JR76-A226,Теннисная ракетка 7/6 А2 Junior 26,7/6,9990 ₽,https://saletennis.com/catalog/product/tiennisnaia-rakietka-7-6-a2-junior-26-17801,0: Парина - 2 шт | 0: Санкт-Петербург (Ярослава Гашека) - 2 шт | 0: Тюмень (Народная) - 1 шт | 0: Санкт-Петербург (Спортивная) - 2 шт | 0: Бисертская - 1 шт | 0: Ижевск - 1 шт | 0: Соболева - 2 шт | 0: Уфа - 1 шт | 1: Ижевск - 1 шт | 1: Санкт-Петербург (Ярослава Гашека) - 2 шт | 1: Соболева - 1 шт | 1: Бисертская - 1 шт | 1: Парина - 1 шт | 1: Тюмень (Народная) - 3 шт,21.0,public/data/product_images/ba7e37f2ce1d.webp,4.0,2.0,0,3.0,3.0,2.0,0,4.0,1.0,2.0
Ракетки для тенниса,KR76-B19,Теннисная ракетка 7/6 Bear 19,7/6,3192 ₽,https://saletennis.com/catalog/product/tiennisnaia-rakietka-7-6-bear-19-15108,0: Бисертская - 2 шт | 0: Уфа - 1 шт | 0: Санкт-Петербург (Спортивная) - 4 шт | 0: Соболева - 3 шт | 0: Основной склад Екатеринбург - 3 шт | 0: Тюмень (Народная) - 1 шт | 0: Парина - 3 шт,17.0,public/data/product_images/0e2dae3e79dc.webp,0.0,4.0,3,3.0,3.0,2.0,0,1.0,1.0,0.0
Ракетки для тенниса,KR76-B21,Теннисная ракетка 7/6 Bear 21,7/6,3990 ₽,https://saletennis.com/catalog/product/tiennisnaia-rakietka-7-6-bear-21-15109,0: Бисертская - 1 шт | 0: Основной склад Екатеринбург - 2 шт | 0: Ижевск - 1 шт | 0: Уфа - 1 шт | 0: Парина - 2 шт | 0: Тюмень (Народная) - 2 шт | 0: Санкт-Петербург (Спортивная) - 6 шт | 0: Санкт-Петербург (Ярослава Гашека) - 2 шт | 0: Соболева - 1 шт,18.0,public/data/product_images/aaffff253141.webp,2.0,6.0,2,1.0,2.0,1.0,0,2.0,1.0,1.0
Ракетки для тенниса,KR76-B23,Теннисная ракетка 7/6 Bear 23,7/6,3990 ₽,https://saletennis.com/catalog/product/tiennisnaia-rakietka-7-6-bear-23-15110,0: Тюмень (Народная) - 2 шт | 0: Санкт-Петербург (Спортивная) - 1 шт | 0: Основной склад Екатеринбург - 8 шт | 0: Уфа - 1 шт | 0: Соболева - 1 шт | 0: Ижевск - 1 шт | 0: Парина - 1 шт | 0: Санкт-Петербург (Ярослава Гашека) - 3 шт,18.0,public/data/product_images/0c96c6caceb0.webp,3.0,1.0,8,1.0,1.0,0.0,0,2.0,1.0,1.0
Ракетки для тенниса,KR76-B25,Теннисная ракетка 7/6 Bear 25,7/6,3990 ₽,https://saletennis.com/catalog/product/tiennisnaia-rakietka-7-6-bear-25-15111,0: Санкт-Петербург (Ярослава Гашека) - 2 шт | 0: Тюмень (Народная) - 3 шт | 0: Парина - 2 шт | 0: Уфа - 1 шт | 0: Санкт-Петербург (Спортивная) - 9 шт | 0: Соболева - 1 шт,18.0,public/data/product_images/937f5ede6201.webp,2.0,9.0,0,1.0,2.0,0.0,0,3.0,1.0,0.0
Ракетки для тенниса,KR76-B26,Теннисная ракетка 7/6 Bear 26,7/6,3990 ₽,https://saletennis.com/catalog/product/tiennisnaia-rakietka-7-6-bear-26-17059,0: Соболева - 1 шт | 0: Основной склад Екатеринбург - 3 шт | 0: Тюмень (Народная) - 2 шт | 0: Санкт-Петербург (Ярослава Гашека) - 2 шт | 0: Санкт-Петербург (Спортивная) - 4 шт | 0: Парина - 2 шт,14.0,public/data/product_images/90948030a57d.webp,2.0,4.0,3,1.0,2.0,0.0,0,2.0,0.0,0.0
Ракетки для тенниса,KR76-F19,Теннисная ракетка 7/6 Fox 19,7/6,3192 ₽,https://saletennis.com/catalog/product/tiennisnaia-rakietka-7-6-fox-19-15112,0: Санкт-Петербург (Спортивная) - 2 шт | 0: Санкт-Петербург (Ярослава Гашека) - 1 шт | 0: Бисертская - 2 шт | 0: Основной склад Екатеринбург - 2 шт | 0: Соболева - 2 шт,9.0,public/data/product_images/05a449561603.webp,1.0,2.0,2,2.0,0.0,2.0,0,0.0,0.0,0.0
Ракетки для тенниса,KR76-F21,Теннисная ракетка 7/6 Fox 21,7/6,3990 ₽,https://saletennis.com/catalog/product/tiennisnaia-rakietka-7-6-fox-21-15113,0: Бисертская - 1 шт | 0: Санкт-Петербург (Спортивная) - 3 шт | 0: Соболева - 1 шт | 0: Санкт-Петербург (Ярослава Гашека) - 2 шт | 0: Основной склад Екатеринбург - 1 шт | 0: Тюмень (Народная) - 1 шт,9.0,public/data/product_images/08e42463b547.webp,2.0,3.0,1,1.0,0.0,1.0,0,1.0,0.0,0.0
Ракетки для тенниса,KR76-F25,Теннисная ракетка 7/6 Fox 25,7/6,3990 ₽,https://saletennis.com/catalog/product/tiennisnaia-rakietka-7-6-fox-25-15115,0: Парина - 2 шт | 0: Санкт-Петербург (Ярослава Гашека) - 2 шт | 0: Бисертская - 1 шт | 0: Санкт-Петербург (Спортивная) - 7 шт | 0: Уфа - 1 шт,13.0,public/data/product_images/5cbe2ec95b0a.webp,2.0,7.0,0,0.0,2.0,1.0,0,0.0,1.0,0.0
Ракетки для тенниса,KR76-F26,Теннисная ракетка 7/6 Fox 26,7/6,3990 ₽,https://saletennis.com/catalog/product/tiennisnaia-rakietka-7-6-fox-26-17060,0: Санкт-Петербург (Ярослава Гашека) - 2 шт | 0: Парина - 1 шт | 0: Санкт-Петербург (Спортивная) - 5 шт | 0: Тюмень (Народная) - 1 шт | 0: Основной склад Екатеринбург - 4 шт | 0: Уфа - 2 шт,15.0,public/data/product_images/55d43e8b7db3.webp,2.0,5.0,4,0.0,1.0,0.0,0,1.0,2.0,0.0
Ракетки для тенниса,140517-100,Теннисная ракетка Babolat Aero Junior 25 - Grey/Fluorescent Yellow,Babolat,9307 ₽,https://saletennis.com/catalog/product/tiennisnaia-rakietka-babolat-aero-junior-25-grey-fluorescent-yellow-18754,0: Парина - 2 шт,2.0,public/data/product_images/adf068a51cbe.webp,0.0,0.0,0,0.0,2.0,0.0,0,0.0,0.0,0.0
Ракетки для тенниса,140518-100,Теннисная ракетка Babolat Aero Junior 26 - Grey/Fluorescent Yellow,Babolat,9712 ₽,https://saletennis.com/catalog/product/tiennisnaia-rakietka-babolat-aero-junior-26-grey-fluorescent-yellow-18755,0: Парина - 1 шт | 0: Санкт-Петербург (Спортивная) - 2 шт | 0: Соболева - 2 шт,5.0,public/data/product_images/d3e6310d6db4.webp,0.0,2.0,0,2.0,1.0,0.0,0,0.0,0.0,0.0
Ракетки для тенниса,140487-100,Теннисная ракетка Babolat B'Fly 25 - Navy/Pink,Babolat,4447 ₽,https://saletennis.com/catalog/product/tiennisnaia-rakietka-babolat-b-fly-25-navy-pink-16316,00: Санкт-Петербург (Спортивная) - 1 шт | 00: Тюмень (Народная) - 1 шт,2.0,public/data/product_images/37deb02a0428.webp,0.0,1.0,0,0.0,0.0,0.0,0,1.0,0.0,0.0
Ракетки для тенниса,140237,Теннисная ракетка Babolat Ballfighter 17 Blue/Orange/Black,Babolat,2269 ₽,https://saletennis.com/catalog/product/tiennisnaia-rakietka-babolat-ballfighter-17-blue-orange-black-9464,0000: Соболева - 2 шт | 0000: Парина - 2 шт,4.0,public/data/product_images/727c88a5d3f6.webp,0.0,0.0,0,2.0,2.0,0.0,0,0.0,0.0,0.0
Ракетки для тенниса,140479,Теннисная ракетка Babolat Ballfighter 19 - Blue/Red,Babolat,3743 ₽,https://saletennis.com/catalog/product/tiennisnaia-rakietka-babolat-ballfighter-19-blue-red-15801,0000: Парина - 1 шт | 0000: Соболева - 1 шт | 0000: Уфа - 1 шт,3.0,public/data/product_images/c4649225ec3d.webp,0.0,0.0,0,1.0,1.0,0.0,0,0.0,1.0,0.0
Ракетки для тенниса,140480,Теннисная ракетка Babolat Ballfighter 21 - Blue/Red,Babolat,3743 ₽,https://saletennis.com/catalog/product/tiennisnaia-rakietka-babolat-ballfighter-21-blue-red-15802,000: Тюмень (Народная) - 2 шт | 000: Бисертская - 1 шт | 000: Уфа - 1 шт | 000: Санкт-Петербург (Спортивная) - 1 шт | 000: Парина - 2 шт | 000: Санкт-Петербург (Ярослава Гашека) - 1 шт,8.0,public/data/product_images/0d9dff0b8852.webp,1.0,1.0,0,0.0,2.0,1.0,0,2.0,1.0,0.0
Ракетки для тенниса,140481,Теннисная ракетка Babolat Ballfighter 23 - Blue/Yellow,Babolat,4447 ₽,https://saletennis.com/catalog/product/tiennisnaia-rakietka-babolat-ballfighter-23-blue-yellow-15803,0000: Парина - 2 шт | 0000: Соболева - 2 шт | 0000: Тюмень (Народная) - 1 шт,5.0,public/data/product_images/4ff70c4beed2.webp,0.0,0.0,0,2.0,2.0,0.0,0,1.0,0.0,0.0
Ракетки для тенниса,140482-100,Теннисная ракетка Babolat Ballfighter 25 - Multicolor,Babolat,4118 ₽,https://saletennis.com/catalog/product/tiennisnaia-rakietka-babolat-ballfighter-25-multicolor-16317,0: Тюмень (Народная) - 1 шт | 0: Санкт-Петербург (Спортивная) - 1 шт | 0: Парина - 1 шт,3.0,public/data/product_images/1a16b136c7d4.webp,0.0,1.0,0,0.0,1.0,0.0,0,1.0,0.0,0.0
Ракетки для тенниса,140516-100,Теннисная ракетка Babolat Drive 25 Junior 2025,Babolat,7118 ₽,https://saletennis.com/catalog/product/tiennisnaia-rakietka-babolat-drive-25-junior-2025-17164,0: Тюмень (Народная) - 1 шт | 0: Санкт-Петербург (Спортивная) - 2 шт,3.0,public/data/product_images/55247706b222.webp,0.0,2.0,0,0.0,0.0,0.0,0,1.0,0.0,0.0
Ракетки для тенниса,140246,Теннисная ракетка Babolat Nadal Junior 19 (2019),Babolat,2919 ₽,https://saletennis.com/catalog/product/tiennisnaia-rakietka-babolat-nadal-junior-19-2019-10814,0000: Соболева - 1 шт | 0000: Бисертская - 1 шт,2.0,public/data/product_images/14aa40d7920d.webp,0.0,0.0,0,1.0,0.0,1.0,0,0.0,0.0,0.0
Ракетки для тенниса,102573-100,Теннисная ракетка Babolat Pure Aero Super Lite 2026,Babolat,23482 ₽,https://saletennis.com/catalog/product/tiennisnaia-rakietka-babolat-pure-aero-super-lite-2026-18743,2: Парина - 1 шт,1.0,public/data/product_images/bebb7fc6bd52.webp,0.0,0.0,0,0.0,1.0,0.0,0,0.0,0.0,0.0
Ракетки для тенниса,140532-100,Теннисная ракетка Babolat Pure Drive 25 2025,Babolat,14167 ₽,https://saletennis.com/catalog/product/tiennisnaia-rakietka-babolat-pure-drive-25-2025-17170,0: Тюмень (Народная) - 1 шт | 0: Ижевск - 1 шт | 0: Парина - 2 шт,4.0,public/data/product_images/47f72140d959.webp,0.0,0.0,0,0.0,2.0,0.0,0,1.0,0.0,1.0
Ракетки для тенниса,140533-100,Теннисная ракетка Babolat Pure Drive 25 W 2025,Babolat,12547 ₽,https://saletennis.com/catalog/product/tiennisnaia-rakietka-babolat-pure-drive-25-w-2025-17832,0: Парина - 1 шт,1.0,public/data/product_images/73931e14ff61.webp,0.0,0.0,0,0.0,1.0,0.0,0,0.0,0.0,0.0
Ракетки для тенниса,101551-100,Теннисная ракетка Babolat Pure Drive 98 2025,Babolat,29557 ₽,https://saletennis.com/catalog/product/tiennisnaia-rakietka-babolat-pure-drive-98-2025-17173,3: Парина - 1 шт | 3: Санкт-Петербург (Спортивная) - 1 шт | 3: Тюмень (Народная) - 1 шт,3.0,public/data/product_images/b572f190430c.webp,0.0,1.0,0,0.0,1.0,0.0,0,1.0,0.0,0.0
Ракетки для тенниса,101534,Теннисная ракетка Babolat Pure Strike 100 16x20 2024,Babolat,19990 ₽,https://saletennis.com/catalog/product/tiennisnaia-rakietka-babolat-pure-strike-100-16x20-2024-16325,3: Парина - 2 шт | 3: Тюмень (Народная) - 1 шт,3.0,public/data/product_images/9f6b76fdf0f5.webp,0.0,0.0,0,0.0,2.0,0.0,0,1.0,0.0,0.0
Ракетки для тенниса,101526,Теннисная ракетка Babolat Pure Strike 18x20 2024,Babolat,19990 ₽,https://saletennis.com/catalog/product/tiennisnaia-rakietka-babolat-pure-strike-18x20-2024-16321,3: Парина - 2 шт,2.0,public/data/product_images/f9250ccea265.webp,0.0,0.0,0,0.0,2.0,0.0,0,0.0,0.0,0.0
Ракетки для тенниса,140526-100,Теннисная ракетка Babolat Pure Strike 26 2026,Babolat,12142 ₽,https://saletennis.com/catalog/product/tiennisnaia-rakietka-babolat-pure-strike-26-2026-18762,0: Соболева - 1 шт,1.0,public/data/product_images/359dfb85c3ad.webp,0.0,0.0,0,1.0,0.0,0.0,0,0.0,0.0,0.0
Ракетки для тенниса,101578-323,Теннисная ракетка Babolat Pure Strike 98 18/20 2026,Babolat,26722 ₽,https://saletennis.com/catalog/product/tiennisnaia-rakietka-babolat-pure-strike-98-18-20-2026-18913,3: Парина - 1 шт,1.0,public/data/product_images/71bed70c9e08.webp,0.0,0.0,0,0.0,1.0,0.0,0,0.0,0.0,0.0
Ракетки для тенниса,101524,Теннисная ракетка Babolat Pure Strike 98 2024,Babolat,19990 ₽,https://saletennis.com/catalog/product/tiennisnaia-rakietka-babolat-pure-strike-98-2024-16185,3: Парина - 2 шт,2.0,public/data/product_images/e07a325b4cb9.webp,0.0,0.0,0,0.0,2.0,0.0,0,0.0,0.0,0.0
Ракетки для тенниса,140454,Теннисная ракетка Babolat RAFA Junior 19,Babolat,2790 ₽,https://saletennis.com/catalog/product/tiennisnaia-rakietka-babolat-rafa-junior-19-12887,0: Санкт-Петербург (Спортивная) - 2 шт | 0: Тюмень (Народная) - 1 шт | 0: Парина - 3 шт | 0: Бисертская - 2 шт | 0: Санкт-Петербург (Ярослава Гашека) - 1 шт,9.0,public/data/product_images/8125f8043767.webp,1.0,2.0,0,0.0,3.0,2.0,0,1.0,0.0,0.0
Ракетки для тенниса,RK-V3-ELV,Теннисная ракетка Diadem Elevate 98 v.3,Diadem,13990 ₽,https://saletennis.com/catalog/product/tiennisnaia-rakietka-diadem-elevate-98-v-3-15425,3: Парина - 1 шт,1.0,public/data/product_images/28a112d6d1e2.webp,0.0,0.0,0,0.0,1.0,0.0,0,0.0,0.0,0.0
Ракетки для тенниса,RK-FS-ELV-TOUR,Теннисная ракетка Diadem Elevate FS 98 Tour,Diadem,9990 ₽,https://saletennis.com/catalog/product/tiennisnaia-rakietka-diadem-elevate-fs-98-tour-14120,3: Парина - 1 шт,1.0,public/data/product_images/df97da725189.webp,0.0,0.0,0,0.0,1.0,0.0,0,0.0,0.0,0.0
Ракетки для тенниса,RK-RSE26-TL,Теннисная ракетка Diadem Rise 26 Teal,Diadem,8990 ₽,https://saletennis.com/catalog/product/tiennisnaia-rakietka-diadem-rise-26-teal-14178,0: Бисертская - 1 шт,1.0,public/data/product_images/836385714c79.webp,0.0,0.0,0,0.0,0.0,1.0,0,0.0,0.0,0.0
Ракетки для тенниса,RK-SUP19-RD,Теннисная ракетка Diadem Super 19 Red,Diadem,1990 ₽,https://saletennis.com/catalog/product/tiennisnaia-rakietka-diadem-super-19-red-14124,0: Парина - 1 шт,1.0,public/data/product_images/8ac14e745b52.webp,0.0,0.0,0,0.0,1.0,0.0,0,0.0,0.0,0.0
Ракетки для тенниса,232276,Теннисная ракетка Head Boom Elite 2026,Head,16192 ₽,https://saletennis.com/catalog/product/tiennisnaia-rakietka-head-boom-elite-2026-19066,2: Бисертская - 1 шт | 2: Санкт-Петербург (Спортивная) - 4 шт | 2: Ижевск - 1 шт,6.0,public/data/product_images/4cb7f0d75da7.webp,0.0,4.0,0,0.0,0.0,1.0,0,0.0,0.0,1.0
Ракетки для тенниса,230164,Теннисная ракетка Head Boom Jr 2024,Head,9990 ₽,https://saletennis.com/catalog/product/tiennisnaia-rakietka-head-boom-jr-2024-16389,1: Парина - 1 шт,1.0,public/data/product_images/3eacbebbb812.webp,0.0,0.0,0,0.0,1.0,0.0,0,0.0,0.0,0.0
Ракетки для тенниса,232256,Теннисная ракетка Head Boom Jr 2026,Head,12952 ₽,https://saletennis.com/catalog/product/tiennisnaia-rakietka-head-boom-jr-2026-19092,0: Санкт-Петербург (Спортивная) - 1 шт | 0: Соболева - 1 шт | 0: Тюмень (Народная) - 1 шт | 0: Санкт-Петербург (Ярослава Гашека) - 1 шт | 0: Бисертская - 1 шт | 0: Уфа - 1 шт | 1: Ижевск - 1 шт | 1: Санкт-Петербург (Ярослава Гашека) - 1 шт | 1: Санкт-Петербург (Спортивная) - 2 шт | 1: Парина - 2 шт | 1: Уфа - 1 шт | 1: Бисертская - 1 шт,14.0,public/data/product_images/20974cb57556.webp,2.0,3.0,0,1.0,2.0,2.0,0,1.0,2.0,1.0
Ракетки для тенниса,232266,Теннисная ракетка Head Boom Jr 25 2026,Head,13762 ₽,https://saletennis.com/catalog/product/tiennisnaia-rakietka-head-boom-jr-25-2026-19108,0: Санкт-Петербург (Спортивная) - 2 шт | 0: Уфа - 1 шт | 0: Ижевск - 2 шт | 0: Парина - 2 шт | 0: Соболева - 2 шт | 0: Тюмень (Народная) - 1 шт | 0: Бисертская - 2 шт,12.0,public/data/product_images/75a2c3c03c47.webp,0.0,2.0,0,2.0,2.0,2.0,0,1.0,1.0,2.0
Ракетки для тенниса,230114,Теннисная ракетка Head Boom MP 2024,Head,17320 ₽,https://saletennis.com/catalog/product/tiennisnaia-rakietka-head-boom-mp-2024-15846,3: Уфа - 1 шт | 3: Парина - 1 шт | 3: Санкт-Петербург (Спортивная) - 1 шт | 3: Ижевск - 2 шт | 4: Бисертская - 1 шт | 4: Соболева - 1 шт,7.0,public/data/product_images/33e764936ec6.webp,0.0,1.0,0,1.0,1.0,1.0,0,0.0,1.0,2.0
Ракетки для тенниса,232216,Теннисная ракетка Head Boom MP 2026,Head,25507 ₽,https://saletennis.com/catalog/product/tiennisnaia-rakietka-head-boom-mp-2026-18863,2: Санкт-Петербург (Спортивная) - 1 шт | 2: Парина - 1 шт | 3: Уфа - 1 шт | 3: Санкт-Петербург (Спортивная) - 3 шт | 3: Соболева - 1 шт | 3: Ижевск - 1 шт | 3: Парина - 1 шт,9.0,public/data/product_images/7cd0cc3f7fcd.webp,0.0,4.0,0,1.0,2.0,0.0,0,0.0,1.0,1.0
Ракетки для тенниса,230414,Теннисная ракетка Head Boom MP Alternate 2024,Head,19990 ₽,https://saletennis.com/catalog/product/tiennisnaia-rakietka-head-boom-mp-alternate-2024-16251,3: Тюмень (Народная) - 2 шт | 3: Ижевск - 2 шт | 3: Парина - 2 шт | 3: Соболева - 1 шт | 3: Уфа - 1 шт | 3: Бисертская - 1 шт | 4: Санкт-Петербург (Спортивная) - 1 шт,10.0,public/data/product_images/71b914ae2abd.webp,0.0,1.0,0,1.0,2.0,1.0,0,2.0,1.0,2.0
Ракетки для тенниса,232406,Теннисная ракетка Head Boom MP  Alternate 2026,Head,25507 ₽,https://saletennis.com/catalog/product/tiennisnaia-rakietka-head-boom-mp-alternate-2026-18841,3: Санкт-Петербург (Спортивная) - 2 шт | 3: Ижевск - 1 шт | 3: Соболева - 2 шт | 3: Тюмень (Народная) - 1 шт | 3: Бисертская - 1 шт | 3: Парина - 1 шт,8.0,public/data/product_images/530a48e5dc96.webp,0.0,2.0,0,2.0,1.0,1.0,0,1.0,0.0,1.0
Ракетки для тенниса,230124,Теннисная ракетка Head Boom MP L 2024,Head,17994 ₽,https://saletennis.com/catalog/product/tiennisnaia-rakietka-head-boom-mp-l-2024-15847,3: Парина - 1 шт,1.0,public/data/product_images/f40faceb9fc9.webp,0.0,0.0,0,0.0,1.0,0.0,0,0.0,0.0,0.0
Ракетки для тенниса,232226,Теннисная ракетка Head Boom MP L  2026,Head,24292 ₽,https://saletennis.com/catalog/product/tiennisnaia-rakietka-head-boom-mp-l-2026-18864,2: Уфа - 1 шт | 2: Санкт-Петербург (Спортивная) - 1 шт | 2: Парина - 1 шт | 2: Бисертская - 1 шт | 2: Ижевск - 1 шт,5.0,public/data/product_images/1d0efbfbe282.webp,0.0,1.0,0,0.0,1.0,1.0,0,0.0,1.0,1.0
Ракетки для тенниса,232236,Теннисная ракетка Head Boom MP UL  2026,Head,23482 ₽,https://saletennis.com/catalog/product/tiennisnaia-rakietka-head-boom-mp-ul-2026-18865,1: Парина - 2 шт | 1: Ижевск - 1 шт | 1: Бисертская - 1 шт | 1: Тюмень (Народная) - 1 шт | 1: Уфа - 1 шт | 1: Санкт-Петербург (Спортивная) - 2 шт | 2: Ижевск - 1 шт | 2: Санкт-Петербург (Спортивная) - 2 шт | 2: Тюмень (Народная) - 1 шт,12.0,public/data/product_images/3b3db10f0fe9.webp,0.0,4.0,0,0.0,2.0,1.0,0,2.0,1.0,2.0
Ракетки для тенниса,232426,Теннисная ракетка Head Boom MP UL  Alternate 2026,Head,23482 ₽,https://saletennis.com/catalog/product/tiennisnaia-rakietka-head-boom-mp-ul-alternate-2026-18843,1: Ижевск - 1 шт | 1: Соболева - 1 шт | 1: Уфа - 1 шт | 1: Бисертская - 1 шт | 2: Санкт-Петербург (Спортивная) - 1 шт,5.0,public/data/product_images/e9a88efcef20.webp,0.0,1.0,0,1.0,0.0,1.0,0,0.0,1.0,1.0
Ракетки для тенниса,230104,Теннисная ракетка Head Boom Pro 2024,Head,16495 ₽,https://saletennis.com/catalog/product/tiennisnaia-rakietka-head-boom-pro-2024-15848,3: Санкт-Петербург (Спортивная) - 2 шт | 3: Соболева - 1 шт | 3: Ижевск - 1 шт | 3: Парина - 3 шт | 3: Бисертская - 1 шт,8.0,public/data/product_images/8e2068465c64.webp,0.0,2.0,0,1.0,3.0,1.0,0,0.0,0.0,1.0
Ракетки для тенниса,232206,Теннисная ракетка Head Boom Pro 2026,Head,26722 ₽,https://saletennis.com/catalog/product/tiennisnaia-rakietka-head-boom-pro-2026-18866,3: Санкт-Петербург (Спортивная) - 1 шт | 3: Соболева - 1 шт | 3: Парина - 1 шт | 3: Бисертская - 1 шт,4.0,public/data/product_images/a86b3efcecab.webp,0.0,1.0,0,1.0,1.0,1.0,0,0.0,0.0,0.0
Ракетки для тенниса,230134,Теннисная ракетка Head Boom Team 2024,Head,17994 ₽,https://saletennis.com/catalog/product/tiennisnaia-rakietka-head-boom-team-2024-15840,3: Ижевск - 1 шт | 3: Уфа - 1 шт,2.0,public/data/product_images/07cbbc431ca1.webp,0.0,0.0,0,0.0,0.0,0.0,0,0.0,1.0,1.0
Ракетки для тенниса,232246,Теннисная ракетка Head Boom Team  2026,Head,23482 ₽,https://saletennis.com/catalog/product/tiennisnaia-rakietka-head-boom-team-2026-18867,1: Санкт-Петербург (Спортивная) - 2 шт | 1: Парина - 1 шт | 2: Санкт-Петербург (Спортивная) - 2 шт | 2: Соболева - 1 шт | 2: Парина - 2 шт | 2: Бисертская - 2 шт | 2: Ижевск - 2 шт | 2: Тюмень (Народная) - 2 шт,14.0,public/data/product_images/175d37a5b218.webp,0.0,4.0,0,1.0,3.0,2.0,0,2.0,0.0,2.0
Ракетки для тенниса,232436,Теннисная ракетка Head Boom Team  Alternate 2026,Head,23482 ₽,https://saletennis.com/catalog/product/tiennisnaia-rakietka-head-boom-team-alternate-2026-18840,2: Санкт-Петербург (Спортивная) - 1 шт,1.0,public/data/product_images/852ef13d98cc.webp,0.0,1.0,0,0.0,0.0,0.0,0,0.0,0.0,0.0
Ракетки для тенниса,230144,Теннисная ракетка Head Boom Team L 2024,Head,17490 ₽,https://saletennis.com/catalog/product/tiennisnaia-rakietka-head-boom-team-l-2024-15850,1: Ижевск - 1 шт | 1: Соболева - 1 шт | 1: Тюмень (Народная) - 1 шт,3.0,public/data/product_images/76d47f1a1078.webp,0.0,0.0,0,1.0,0.0,0.0,0,1.0,0.0,1.0
Ракетки для тенниса,235404,Теннисная ракетка Head Challenge MP 2024 - Blue,Head,11543 ₽,https://saletennis.com/catalog/product/tiennisnaia-rakietka-head-challenge-mp-2024-blue-15948,2: Парина - 1 шт | 2: Тюмень (Народная) - 1 шт | 2: Санкт-Петербург (Спортивная) - 1 шт | 3: Ижевск - 1 шт | 3: Санкт-Петербург (Спортивная) - 1 шт | 4: Ижевск - 1 шт | 4: Соболева - 1 шт | 4: Бисертская - 1 шт | 4: Санкт-Петербург (Ярослава Гашека) - 1 шт | 4: Тюмень (Народная) - 3 шт | 4: Уфа - 1 шт,13.0,public/data/product_images/270808068ab2.webp,1.0,2.0,0,1.0,1.0,1.0,0,4.0,1.0,2.0
Ракетки для тенниса,235414,Теннисная ракетка Head Challenge MP 2024 - Red,Head,11543 ₽,https://saletennis.com/catalog/product/tiennisnaia-rakietka-head-challenge-mp-2024-red-15949,2: Соболева - 1 шт | 3: Санкт-Петербург (Спортивная) - 1 шт | 3: Ижевск - 1 шт | 4: Соболева - 1 шт | 4: Уфа - 1 шт | 4: Санкт-Петербург (Спортивная) - 1 шт | 4: Бисертская - 1 шт | 4: Парина - 1 шт | 4: Тюмень (Народная) - 1 шт | 4: Ижевск - 1 шт,10.0,public/data/product_images/5b567b8437f0.webp,0.0,2.0,0,2.0,1.0,1.0,0,1.0,1.0,2.0
Ракетки для тенниса,235434,Теннисная ракетка Head Challenge Team 2024 - Mint,Head,12952 ₽,https://saletennis.com/catalog/product/tiennisnaia-rakietka-head-challenge-team-2024-mint-15950,1: Парина - 1 шт | 1: Санкт-Петербург (Спортивная) - 2 шт | 2: Соболева - 2 шт | 2: Бисертская - 2 шт | 2: Санкт-Петербург (Спортивная) - 1 шт | 2: Уфа - 1 шт | 2: Парина - 1 шт,10.0,public/data/product_images/5131e5e503ba.webp,0.0,3.0,0,2.0,2.0,2.0,0,0.0,1.0,0.0
Ракетки для тенниса,235424,Теннисная ракетка Head Challenge Team 2024 - Purple,Head,12952 ₽,https://saletennis.com/catalog/product/tiennisnaia-rakietka-head-challenge-team-2024-purple-15951,1: Бисертская - 1 шт | 1: Ижевск - 1 шт | 1: Санкт-Петербург (Спортивная) - 1 шт | 1: Парина - 1 шт,4.0,public/data/product_images/752a8786de05.webp,0.0,1.0,0,0.0,1.0,1.0,0,0.0,0.0,1.0
Ракетки для тенниса,235444,Теннисная ракетка Head Challenge Team L 2024 - Coral,Head,12547 ₽,https://saletennis.com/catalog/product/tiennisnaia-rakietka-head-challenge-team-l-2024-coral-15952,1: Санкт-Петербург (Спортивная) - 1 шт | 1: Тюмень (Народная) - 1 шт | 1: Уфа - 1 шт | 1: Ижевск - 1 шт | 2: Тюмень - 1 шт | 2: Тюмень (Народная) - 2 шт | 2: Санкт-Петербург (Спортивная) - 4 шт | 2: Бисертская - 2 шт | 2: Парина - 3 шт | 2: Уфа - 2 шт | 2: Соболева - 2 шт | 2: Ижевск - 2 шт,22.0,public/data/product_images/b6998cd3b795.webp,0.0,5.0,0,2.0,3.0,2.0,0,4.0,3.0,3.0
Ракетки для тенниса,235454,Теннисная ракетка Head Challenge Team L 2024 - Stealth,Head,12547 ₽,https://saletennis.com/catalog/product/tiennisnaia-rakietka-head-challenge-team-l-2024-stealth-15953,1: Тюмень (Народная) - 1 шт | 1: Бисертская - 1 шт | 1: Санкт-Петербург (Спортивная) - 4 шт | 1: Соболева - 1 шт | 1: Ижевск - 1 шт | 2: Санкт-Петербург (Ярослава Гашека) - 1 шт | 2: Санкт-Петербург (Спортивная) - 2 шт | 2: Бисертская - 1 шт | 2: Соболева - 1 шт | 2: Ижевск - 1 шт,14.0,public/data/product_images/9435edb4d619.webp,1.0,6.0,0,2.0,0.0,2.0,0,1.0,0.0,2.0
Ракетки для тенниса,230546,Теннисная ракетка Head Coco 23,Head,3880 ₽,https://saletennis.com/catalog/product/tiennisnaia-rakietka-head-coco-23-19364,0: Санкт-Петербург (Ярослава Гашека) - 1 шт | 0: Ижевск - 2 шт | 0: Уфа - 1 шт | 0: Санкт-Петербург (Спортивная) - 1 шт,5.0,public/data/product_images/24f25a36bfb6.webp,1.0,1.0,0,0.0,0.0,0.0,0,0.0,1.0,2.0
Ракетки для тенниса,230536,Теннисная ракетка Head Coco 25,Head,3880 ₽,https://saletennis.com/catalog/product/tiennisnaia-rakietka-head-coco-25-19365,0: Соболева - 1 шт | 0: Санкт-Петербург (Спортивная) - 1 шт,2.0,public/data/product_images/01401d93bd2b.webp,0.0,1.0,0,1.0,0.0,0.0,0,0.0,0.0,0.0
Ракетки для тенниса,235844,Теннисная ракетка Head COCO Jr 17,Head,3637 ₽,https://saletennis.com/catalog/product/tiennisnaia-rakietka-head-coco-jr-17-1-17728,0: Бисертская - 1 шт | 0: Соболева - 1 шт,2.0,public/data/product_images/347d70db543c.webp,0.0,0.0,0,1.0,0.0,1.0,0,0.0,0.0,0.0
Ракетки для тенниса,235834,Теннисная ракетка Head COCO Jr 19,Head,3637 ₽,https://saletennis.com/catalog/product/tiennisnaia-rakietka-head-coco-jr-19-1-17729,0: Тюмень - 1 шт | 0: Санкт-Петербург (Спортивная) - 1 шт | 0: Санкт-Петербург (Ярослава Гашека) - 1 шт,3.0,public/data/product_images/4a56eadd5a03.webp,1.0,1.0,0,0.0,0.0,0.0,0,1.0,0.0,0.0
Ракетки для тенниса,233032,Теннисная ракетка Head COCO Jr. 19,Head,2490 ₽,https://saletennis.com/catalog/product/tiennisnaia-rakietka-head-coco-jr-19-13369,0: Санкт-Петербург (Спортивная) - 1 шт,1.0,public/data/product_images/0397bc824c63.webp,0.0,1.0,0,0.0,0.0,0.0,0,0.0,0.0,0.0
Ракетки для тенниса,235824,Теннисная ракетка Head COCO Jr 21,Head,3637 ₽,https://saletennis.com/catalog/product/tiennisnaia-rakietka-head-coco-jr-21-1-16643,0: Санкт-Петербург (Спортивная) - 1 шт,1.0,public/data/product_images/af0879fa20b6.webp,0.0,1.0,0,0.0,0.0,0.0,0,0.0,0.0,0.0
Ракетки для тенниса,235814,Теннисная ракетка Head COCO Jr 23,Head,3637 ₽,https://saletennis.com/catalog/product/tiennisnaia-rakietka-head-coco-jr-23-1-16644,0: Ижевск - 1 шт,1.0,public/data/product_images/8759b00e0098.webp,0.0,0.0,0,0.0,0.0,0.0,0,0.0,0.0,1.0
Ракетки для тенниса,235804,Теннисная ракетка Head COCO Jr 25,Head,3637 ₽,https://saletennis.com/catalog/product/tiennisnaia-rakietka-head-coco-jr-25-1-16645,0: Соболева - 1 шт,1.0,public/data/product_images/cb6a406821c6.webp,0.0,0.0,0,1.0,0.0,0.0,0,0.0,0.0,0.0
Ракетки для тенниса,233356,Теннисная ракетка Head Extreme Elite 2026,Head,14977 ₽,https://saletennis.com/catalog/product/tiennisnaia-rakietka-head-extreme-elite-2026-18931,2: Тюмень (Народная) - 1 шт | 2: Санкт-Петербург (Спортивная) - 3 шт,4.0,public/data/product_images/d5c8248dbd73.webp,0.0,3.0,0,0.0,0.0,0.0,0,1.0,0.0,0.0
Ракетки для тенниса,231444,Теннисная ракетка Head Extreme Jr 19,Head,3880 ₽,https://saletennis.com/catalog/product/tiennisnaia-rakietka-head-extreme-jr-19-18030,0: Бисертская - 1 шт | 0: Уфа - 2 шт | 0: Тюмень (Народная) - 2 шт | 0: Парина - 2 шт | 0: Ижевск - 1 шт | 0: Санкт-Петербург (Ярослава Гашека) - 1 шт | 0: Санкт-Петербург (Спортивная) - 1 шт | 0: Соболева - 1 шт,11.0,public/data/product_images/3705af40392b.webp,1.0,1.0,0,1.0,2.0,1.0,0,2.0,2.0,1.0
Ракетки для тенниса,235442,Теннисная ракетка Head Extreme Jr.19 2023,Head,2874 ₽,https://saletennis.com/catalog/product/tiennisnaia-rakietka-head-extreme-jr-19-2023-13978,0: Санкт-Петербург (Ярослава Гашека) - 1 шт | 0: Ижевск - 1 шт | 0: Уфа - 1 шт | 0: Санкт-Петербург (Спортивная) - 1 шт | 0: Парина - 4 шт | 0: Соболева - 2 шт | 0: Тюмень - 1 шт | 0: Тюмень (Народная) - 1 шт | 0: Бисертская - 2 шт | 0: Основной склад Екатеринбург - 2 шт,16.0,public/data/product_images/48355f336839.webp,1.0,1.0,2,2.0,4.0,2.0,0,2.0,1.0,1.0
Ракетки для тенниса,231154,Теннисная ракетка Head Extreme JR 2024,Head,10843 ₽,https://saletennis.com/catalog/product/tiennisnaia-rakietka-head-extreme-jr-2024-15932,0: Ижевск - 1 шт | 0: Уфа - 1 шт | 0: Соболева - 1 шт | 0: Тюмень (Народная) - 1 шт | 0: Бисертская - 1 шт | 1: Тюмень (Народная) - 1 шт | 1: Соболева - 1 шт | 1: Санкт-Петербург (Спортивная) - 2 шт | 1: Парина - 2 шт,11.0,public/data/product_images/10bdb07091a9.webp,0.0,2.0,0,2.0,2.0,1.0,0,2.0,1.0,1.0
Ракетки для тенниса,233366,Теннисная ракетка Head Extreme Jr 2026,Head,12547 ₽,https://saletennis.com/catalog/product/tiennisnaia-rakietka-head-extreme-jr-2026-19109,0: Бисертская - 1 шт | 0: Соболева - 1 шт | 0: Парина - 1 шт | 0: Тюмень (Народная) - 1 шт | 1: Санкт-Петербург (Спортивная) - 2 шт | 1: Бисертская - 1 шт | 1: Соболева - 1 шт | 1: Тюмень (Народная) - 1 шт | 1: Парина - 1 шт,10.0,public/data/product_images/dc0a01c81f25.webp,0.0,2.0,0,2.0,2.0,2.0,0,2.0,0.0,0.0
Ракетки для тенниса,231434,Теннисная ракетка Head Extreme Jr.21,Head,2874 ₽,https://saletennis.com/catalog/product/tiennisnaia-rakietka-head-extreme-jr-21-13373,0: Санкт-Петербург (Ярослава Гашека) - 1 шт | 0: Тюмень (Народная) - 1 шт | 0: Парина - 1 шт | 0: Санкт-Петербург (Спортивная) - 2 шт | 0: Соболева - 1 шт,6.0,public/data/product_images/6abb713ced44.webp,1.0,2.0,0,1.0,1.0,0.0,0,1.0,0.0,0.0
Ракетки для тенниса,235432,Теннисная ракетка Head Extreme Jr.21 2023,Head,2990 ₽,https://saletennis.com/catalog/product/tiennisnaia-rakietka-head-extreme-jr-21-2023-13979,0: Санкт-Петербург (Спортивная) - 1 шт | 0: Тюмень - 1 шт | 0: Соболева - 1 шт,3.0,public/data/product_images/fc158aa4bb79.webp,0.0,1.0,0,1.0,0.0,0.0,0,1.0,0.0,0.0
Ракетки для тенниса,231414,Теннисная ракетка Head Extreme Jr.25,Head,2990 ₽,https://saletennis.com/catalog/product/tiennisnaia-rakietka-head-extreme-jr-25-13375,0: Парина - 2 шт | 0: Тюмень - 1 шт | 0: Бисертская - 1 шт | 0: Санкт-Петербург (Спортивная) - 2 шт | 0: Уфа - 1 шт,7.0,public/data/product_images/3761c490f862.webp,0.0,2.0,0,0.0,2.0,1.0,0,1.0,1.0,0.0
Ракетки для тенниса,231404,Теннисная ракетка Head Extreme Jr.26 2024,Head,4042 ₽,https://saletennis.com/catalog/product/tiennisnaia-rakietka-head-extreme-jr-26-2024-16771,0: Парина - 1 шт | 0: Ижевск - 1 шт | 0: Тюмень - 1 шт | 0: Бисертская - 1 шт,4.0,public/data/product_images/7542773c9fd9.webp,0.0,0.0,0,0.0,1.0,1.0,0,1.0,0.0,1.0
Ракетки для тенниса,231424,Теннисная ракетка Head Extreme Jr23,Head,4042 ₽,https://saletennis.com/catalog/product/tiennisnaia-rakietka-head-extreme-jr23-18009,0: Соболева - 1 шт | 0: Уфа - 1 шт,2.0,public/data/product_images/58432d839c59.webp,0.0,0.0,0,1.0,0.0,0.0,0,0.0,1.0,0.0
Ракетки для тенниса,236941,Теннисная ракетка Head Extreme Junior 19 2021,Head,2490 ₽,https://saletennis.com/catalog/product/tiennisnaia-rakietka-head-extreme-junior-19-2021-12997,0: Парина - 1 шт | 0: Тюмень (Народная) - 1 шт | 0: Бисертская - 1 шт | 0: Санкт-Петербург (Спортивная) - 2 шт | 0: Соболева - 1 шт,6.0,public/data/product_images/43b3b3bdac54.webp,0.0,2.0,0,1.0,1.0,1.0,0,1.0,0.0,0.0
Ракетки для тенниса,233149,Теннисная ракетка Head Extreme Junior 19,Head,2990 ₽,https://saletennis.com/catalog/product/tiennisnaia-rakietka-head-extreme-junior-19-9562,0: Соболева - 1 шт | 0: Санкт-Петербург (Спортивная) - 1 шт | 0: Тюмень (Народная) - 1 шт,3.0,public/data/product_images/843090d8c0ee.webp,0.0,1.0,0,1.0,0.0,0.0,0,1.0,0.0,0.0
Ракетки для тенниса,231114,Теннисная ракетка Head Extreme MP 2024,Head,17990 ₽,https://saletennis.com/catalog/product/tiennisnaia-rakietka-head-extreme-mp-2024-16393,3: Соболева - 2 шт | 3: Уфа - 1 шт | 3: Ижевск - 2 шт | 3: Санкт-Петербург (Спортивная) - 2 шт | 3: Бисертская - 2 шт | 3: Тюмень (Народная) - 4 шт | 4: Парина - 1 шт | 4: Тюмень (Народная) - 1 шт | 4: Санкт-Петербург (Спортивная) - 2 шт | 4: Ижевск - 1 шт,18.0,public/data/product_images/965a00db2bb2.webp,0.0,4.0,0,2.0,1.0,2.0,0,5.0,1.0,3.0
Ракетки для тенниса,233316,Теннисная ракетка Head Extreme MP 2026,Head,24292 ₽,https://saletennis.com/catalog/product/tiennisnaia-rakietka-head-extreme-mp-2026-18932,3: Тюмень (Народная) - 1 шт | 3: Парина - 1 шт | 3: Бисертская - 1 шт | 3: Соболева - 1 шт | 3: Санкт-Петербург (Спортивная) - 1 шт | 4: Санкт-Петербург (Спортивная) - 1 шт | 4: Соболева - 1 шт,7.0,public/data/product_images/0539830b4ddd.webp,0.0,2.0,0,2.0,1.0,1.0,0,1.0,0.0,0.0
Ракетки для тенниса,233326,Теннисная ракетка Head Extreme MP L 2026,Head,23077 ₽,https://saletennis.com/catalog/product/tiennisnaia-rakietka-head-extreme-mp-l-2026-18933,2: Парина - 1 шт | 2: Уфа - 1 шт | 2: Соболева - 1 шт | 2: Тюмень (Народная) - 1 шт | 3: Санкт-Петербург (Спортивная) - 1 шт,5.0,public/data/product_images/579462169194.webp,0.0,1.0,0,1.0,1.0,0.0,0,1.0,1.0,0.0
Ракетки для тенниса,233336,Теннисная ракетка Head Extreme MP UL 2026,Head,21862 ₽,https://saletennis.com/catalog/product/tiennisnaia-rakietka-head-extreme-mp-ul-2026-19093,1: Соболева - 2 шт | 1: Тюмень (Народная) - 2 шт | 1: Санкт-Петербург (Спортивная) - 2 шт | 1: Бисертская - 1 шт | 1: Ижевск - 2 шт | 1: Уфа - 1 шт | 1: Парина - 2 шт | 2: Соболева - 1 шт | 2: Санкт-Петербург (Спортивная) - 1 шт | 2: Тюмень (Народная) - 1 шт | 2: Парина - 1 шт,16.0,public/data/product_images/f507c9786ef8.webp,0.0,3.0,0,3.0,3.0,1.0,0,3.0,1.0,2.0
Ракетки для тенниса,233376,Теннисная ракетка Head Extreme MP XL 2026,Head,24292 ₽,https://saletennis.com/catalog/product/tiennisnaia-rakietka-head-extreme-mp-xl-2026-19111,3: Соболева - 1 шт,1.0,public/data/product_images/6ce3deeb2a6e.webp,0.0,0.0,0,1.0,0.0,0.0,0,0.0,0.0,0.0
Ракетки для тенниса,231104,Теннисная ракетка Head Extreme Pro 2024,Head,17990 ₽,https://saletennis.com/catalog/product/tiennisnaia-rakietka-head-extreme-pro-2024-16395,3: Соболева - 2 шт | 3: Уфа - 2 шт | 3: Ижевск - 1 шт | 3: Парина - 1 шт | 3: Тюмень (Народная) - 3 шт | 3: Бисертская - 2 шт | 4: Санкт-Петербург (Спортивная) - 1 шт | 4: Парина - 1 шт,13.0,public/data/product_images/90e174c50f9d.webp,0.0,1.0,0,2.0,2.0,2.0,0,3.0,2.0,1.0
Ракетки для тенниса,233306,Теннисная ракетка Head Extreme Pro 2026,Head,24292 ₽,https://saletennis.com/catalog/product/tiennisnaia-rakietka-head-extreme-pro-2026-19094,3: Бисертская - 1 шт | 3: Парина - 3 шт | 3: Ижевск - 1 шт | 3: Соболева - 1 шт | 4: Парина - 1 шт,7.0,public/data/product_images/ee6781cf1afc.webp,0.0,0.0,0,1.0,4.0,1.0,0,0.0,0.0,1.0
Ракетки для тенниса,231134,Теннисная ракетка Head Extreme Team 2024,Head,13990 ₽,https://saletennis.com/catalog/product/tiennisnaia-rakietka-head-extreme-team-2024-16396,2: Санкт-Петербург (Спортивная) - 1 шт | 2: Ижевск - 1 шт | 2: Уфа - 1 шт,3.0,public/data/product_images/d1d16ef9cd99.webp,0.0,1.0,0,0.0,0.0,0.0,0,0.0,1.0,1.0
Ракетки для тенниса,233346,Теннисная ракетка Head Extreme Team 2026,Head,20647 ₽,https://saletennis.com/catalog/product/tiennisnaia-rakietka-head-extreme-team-2026-18934,1: Соболева - 1 шт | 1: Уфа - 1 шт | 1: Парина - 1 шт | 1: Санкт-Петербург (Спортивная) - 1 шт | 2: Соболева - 1 шт | 2: Тюмень (Народная) - 1 шт | 2: Парина - 1 шт | 2: Бисертская - 1 шт | 2: Уфа - 1 шт | 2: Санкт-Петербург (Спортивная) - 3 шт | 2: Ижевск - 1 шт,13.0,public/data/product_images/00960429792d.webp,0.0,4.0,0,2.0,2.0,1.0,0,1.0,2.0,1.0
Ракетки для тенниса,231224,Теннисная ракетка Head Graphene Touch Instinct XTR,Head,12243 ₽,https://saletennis.com/catalog/product/tiennisnaia-rakietka-head-graphene-touch-instinct-xtr-15929,1: Санкт-Петербург (Спортивная) - 1 шт | 3: Санкт-Петербург (Спортивная) - 1 шт,2.0,public/data/product_images/4b75f89366da.webp,0.0,2.0,0,0.0,0.0,0.0,0,0.0,0.0,0.0
Ракетки для тенниса,231234,Теннисная ракетка Head Graphene Touch Radical XTR,Head,16192 ₽,https://saletennis.com/catalog/product/tiennisnaia-rakietka-head-graphene-touch-radical-xtr-15930,2: Санкт-Петербург (Спортивная) - 1 шт | 3: Ижевск - 1 шт | 3: Санкт-Петербург (Спортивная) - 1 шт | 4: Санкт-Петербург (Спортивная) - 1 шт,4.0,public/data/product_images/f7253b5e6f0a.webp,0.0,3.0,0,0.0,0.0,0.0,0,0.0,0.0,1.0
Ракетки для тенниса,231244,Теннисная ракетка Head Graphene Touch Speed XTR,Head,14167 ₽,https://saletennis.com/catalog/product/tiennisnaia-rakietka-head-graphene-touch-speed-xtr-15933,1: Санкт-Петербург (Спортивная) - 1 шт,1.0,public/data/product_images/24a3bd886b70.webp,0.0,1.0,0,0.0,0.0,0.0,0,0.0,0.0,0.0
Ракетки для тенниса,231125,Теннисная ракетка Head Gravity MP 2025,Head,26317 ₽,https://saletennis.com/catalog/product/tiennisnaia-rakietka-head-gravity-mp-2025-16876,3: Парина - 2 шт | 3: Бисертская - 1 шт | 4: Соболева - 1 шт,4.0,public/data/product_images/355a08ec3ee9.webp,0.0,0.0,0,1.0,2.0,1.0,0,0.0,0.0,0.0
Ракетки для тенниса,239816,Теннисная ракетка Head Gravity MP Zverev,Head,26317 ₽,https://saletennis.com/catalog/product/tiennisnaia-rakietka-head-gravity-mp-zverev-19315,2: Парина - 1 шт | 2: Санкт-Петербург (Спортивная) - 1 шт | 3: Тюмень (Народная) - 2 шт | 3: Ижевск - 1 шт | 3: Санкт-Петербург (Ярослава Гашека) - 1 шт | 4: Тюмень (Народная) - 1 шт | 4: Соболева - 1 шт | 4: Парина - 1 шт,9.0,public/data/product_images/d57c1f759433.webp,1.0,1.0,0,1.0,2.0,0.0,0,3.0,0.0,1.0
Ракетки для тенниса,231105,Теннисная ракетка Head Gravity Pro 2025,Head,19990 ₽,https://saletennis.com/catalog/product/tiennisnaia-rakietka-head-gravity-pro-2025-17282,3: Уфа - 2 шт | 3: Соболева - 1 шт | 3: Ижевск - 2 шт | 3: Парина - 2 шт | 3: Санкт-Петербург (Спортивная) - 4 шт | 3: Основной склад Екатеринбург - 4 шт | 3: Бисертская - 1 шт | 4: Парина - 1 шт | 4: Санкт-Петербург (Спортивная) - 1 шт | 4: Бисертская - 1 шт | 4: Соболева - 1 шт,20.0,public/data/product_images/bf922247641c.webp,0.0,5.0,4,2.0,3.0,2.0,0,0.0,2.0,2.0
Ракетки для тенниса,231145,Теннисная ракетка Head Gravity Team 2025,Head,24292 ₽,https://saletennis.com/catalog/product/tiennisnaia-rakietka-head-gravity-team-2025-16878,1: Парина - 1 шт | 2: Ижевск - 2 шт | 2: Уфа - 2 шт | 2: Санкт-Петербург (Спортивная) - 2 шт | 2: Бисертская - 2 шт | 2: Парина - 2 шт | 2: Тюмень (Народная) - 3 шт | 2: Соболева - 2 шт | 3: Уфа - 1 шт | 3: Санкт-Петербург (Спортивная) - 1 шт,18.0,public/data/product_images/1f055a789685.webp,0.0,3.0,0,2.0,3.0,2.0,0,3.0,3.0,2.0
Ракетки для тенниса,231115,Теннисная ракетка Head Gravity Tour 2025,Head,26317 ₽,https://saletennis.com/catalog/product/tiennisnaia-rakietka-head-gravity-tour-2025-16879,3: Бисертская - 2 шт | 3: Парина - 2 шт | 3: Соболева - 2 шт | 3: Тюмень (Народная) - 1 шт | 3: Санкт-Петербург (Спортивная) - 3 шт | 3: Ижевск - 2 шт | 4: Парина - 1 шт | 4: Соболева - 1 шт | 4: Санкт-Петербург (Спортивная) - 2 шт,16.0,public/data/product_images/35172a73b70e.webp,0.0,5.0,0,3.0,3.0,2.0,0,1.0,0.0,2.0
Ракетки для тенниса,239806,Теннисная ракетка Head Gravity Tour Zverev,Head,26317 ₽,https://saletennis.com/catalog/product/tiennisnaia-rakietka-head-gravity-tour-zverev-19316,3: Соболева - 1 шт | 3: Ижевск - 1 шт | 3: Санкт-Петербург (Спортивная) - 1 шт | 3: Бисертская - 1 шт | 3: Уфа - 1 шт | 3: Санкт-Петербург (Ярослава Гашека) - 1 шт | 4: Парина - 1 шт | 4: Санкт-Петербург (Спортивная) - 1 шт,8.0,public/data/product_images/27fcb16d58b6.webp,1.0,2.0,0,1.0,1.0,1.0,0,0.0,1.0,1.0
Ракетки для тенниса,231216,Теннисная ракетка Head IG Boom XCEED,Head,10927 ₽,https://saletennis.com/catalog/product/tiennisnaia-rakietka-head-ig-boom-xceed-1-19317,1: Санкт-Петербург (Спортивная) - 2 шт | 2: Бисертская - 1 шт | 2: Санкт-Петербург (Спортивная) - 2 шт | 2: Уфа - 1 шт | 2: Соболева - 1 шт | 2: Тюмень (Народная) - 1 шт | 2: Ижевск - 1 шт,9.0,public/data/product_images/c180c765ced6.webp,0.0,4.0,0,1.0,0.0,1.0,0,1.0,1.0,1.0
Ракетки для тенниса,232115,Теннисная ракетка Head IG Extreme Xceed,Head,10927 ₽,https://saletennis.com/catalog/product/tiennisnaia-rakietka-head-ig-extreme-xceed-18669,1: Санкт-Петербург (Спортивная) - 1 шт | 1: Парина - 1 шт | 2: Парина - 1 шт | 2: Санкт-Петербург (Спортивная) - 2 шт | 2: Бисертская - 1 шт | 2: Санкт-Петербург (Ярослава Гашека) - 1 шт | 2: Соболева - 1 шт | 2: Тюмень (Народная) - 2 шт | 2: Ижевск - 1 шт | 2: Уфа - 2 шт,13.0,public/data/product_images/589af02e9b59.webp,1.0,3.0,0,1.0,2.0,1.0,0,2.0,2.0,1.0
Ракетки для тенниса,231235,Теннисная ракетка Head IG Gravity 21,Head,5662 ₽,https://saletennis.com/catalog/product/tiennisnaia-rakietka-head-ig-gravity-21-9384,0: Уфа - 1 шт | 0: Тюмень - 1 шт | 0: Соболева - 1 шт | 0: Тюмень (Народная) - 1 шт | 0: Бисертская - 1 шт | 0: Парина - 2 шт | 0: Ижевск - 1 шт,8.0,public/data/product_images/84f77ee579aa.webp,0.0,0.0,0,1.0,2.0,1.0,0,2.0,1.0,1.0
Ракетки для тенниса,235033,Теннисная ракетка Head IG Gravity Jr 21 2023,Head,5257 ₽,https://saletennis.com/catalog/product/tiennisnaia-rakietka-head-ig-gravity-jr-21-2023-15235,0: Бисертская - 1 шт | 0: Парина - 1 шт | 0: Санкт-Петербург (Спортивная) - 2 шт | 0: Соболева - 1 шт | 0: Уфа - 1 шт | 0: Тюмень (Народная) - 2 шт,8.0,public/data/product_images/c84c17dfd146.webp,0.0,2.0,0,1.0,1.0,1.0,0,2.0,1.0,0.0
Ракетки для тенниса,231225,Теннисная ракетка Head IG Gravity Jr 23 2025,Head,5662 ₽,https://saletennis.com/catalog/product/tiennisnaia-rakietka-head-ig-gravity-jr-23-2025-18230,0: Тюмень - 3 шт | 0: Парина - 2 шт | 0: Бисертская - 1 шт | 0: Уфа - 2 шт | 0: Санкт-Петербург (Ярослава Гашека) - 1 шт | 0: Ижевск - 1 шт | 0: Соболева - 2 шт | 0: Тюмень (Народная) - 1 шт,13.0,public/data/product_images/752869a11a5b.webp,1.0,0.0,0,2.0,2.0,1.0,0,4.0,2.0,1.0
Ракетки для тенниса,231205,Теннисная ракетка Head IG Gravity Jr 26 2025,Head,7282 ₽,https://saletennis.com/catalog/product/tiennisnaia-rakietka-head-ig-gravity-jr-26-2025-17488,0: Тюмень - 1 шт,1.0,public/data/product_images/d11a8f1f4fc5.webp,0.0,0.0,0,0.0,0.0,0.0,0,1.0,0.0,0.0
Ракетки для тенниса,231236,Теннисная ракетка Head IG Gravity XCEED,Head,11332 ₽,https://saletennis.com/catalog/product/tiennisnaia-rakietka-head-ig-gravity-xceed-18653,4: Парина - 1 шт,1.0,public/data/product_images/21158616725a.webp,0.0,0.0,0,0.0,1.0,0.0,0,0.0,0.0,0.0
Ракетки для тенниса,230034,Теннисная ракетка Head IG Speed 21 2024,Head,5500 ₽,https://saletennis.com/catalog/product/tiennisnaia-rakietka-head-ig-speed-21-2024-17286,0: Соболева - 2 шт | 0: Основной склад Екатеринбург - 2 шт | 0: Бисертская - 2 шт | 0: Уфа - 1 шт | 0: Тюмень (Народная) - 2 шт | 0: Санкт-Петербург (Спортивная) - 1 шт | 0: Санкт-Петербург (Ярослава Гашека) - 1 шт | 0: Парина - 2 шт,13.0,public/data/product_images/355afb5e7cec.webp,1.0,1.0,2,2.0,2.0,2.0,0,2.0,1.0,0.0
Ракетки для тенниса,230024,Теннисная ракетка Head IG Speed 23 2024,Head,6067 ₽,https://saletennis.com/catalog/product/tiennisnaia-rakietka-head-ig-speed-23-2024-17982,0: Уфа - 1 шт | 0: Ижевск - 1 шт | 0: Тюмень (Народная) - 2 шт | 0: Санкт-Петербург (Спортивная) - 3 шт | 0: Соболева - 3 шт | 0: Бисертская - 1 шт,11.0,public/data/product_images/52b358cd2f8d.webp,0.0,3.0,0,3.0,0.0,1.0,0,2.0,1.0,1.0
Ракетки для тенниса,230016,Теннисная ракетка Head IG Speed 25 2026,Head,7490 ₽,https://saletennis.com/catalog/product/tiennisnaia-rakietka-head-ig-speed-25-2026-19465,0: Ижевск - 1 шт | 0: Парина - 2 шт | 0: Соболева - 2 шт | 0: Санкт-Петербург (Спортивная) - 1 шт | 0: Санкт-Петербург (Ярослава Гашека) - 1 шт | 0: Уфа - 1 шт,8.0,public/data/product_images/54940599b38d.webp,1.0,1.0,0,2.0,2.0,0.0,0,0.0,1.0,1.0
Ракетки для тенниса,230006,Теннисная ракетка Head IG Speed 26 2026,Head,6472 ₽,https://saletennis.com/catalog/product/tiennisnaia-rakietka-head-ig-speed-26-2026-19366,0: Уфа - 1 шт | 0: Ижевск - 2 шт | 0: Бисертская - 1 шт | 0: Парина - 2 шт | 0: Санкт-Петербург (Спортивная) - 2 шт | 0: Соболева - 3 шт | 1: Санкт-Петербург (Спортивная) - 1 шт,12.0,public/data/product_images/5fac1fbfebad.webp,0.0,3.0,0,3.0,2.0,1.0,0,0.0,1.0,2.0
Ракетки для тенниса,234032,Теннисная ракетка Head IG Speed Jr 21,Head,4952 ₽,https://saletennis.com/catalog/product/tiennisnaia-rakietka-head-ig-speed-jr-21-14774,0: Бисертская - 1 шт | 0: Санкт-Петербург (Спортивная) - 1 шт | 0: Соболева - 2 шт | 0: Ижевск - 1 шт | 0: Тюмень (Народная) - 2 шт | 0: Парина - 3 шт,10.0,public/data/product_images/f0aeaa25f7bb.webp,0.0,1.0,0,2.0,3.0,1.0,0,2.0,0.0,1.0
Ракетки для тенниса,231226,Теннисная ракетка Head IG Speed Xceed,Head,10927 ₽,https://saletennis.com/catalog/product/tiennisnaia-rakietka-head-ig-speed-xceed-18037,2: Соболева - 1 шт | 2: Уфа - 1 шт | 2: Санкт-Петербург (Спортивная) - 1 шт | 2: Тюмень (Народная) - 1 шт | 2: Ижевск - 1 шт,5.0,public/data/product_images/9e755fe1fc19.webp,0.0,1.0,0,1.0,0.0,0.0,0,1.0,1.0,1.0
Ракетки для тенниса,232005,Теннисная ракетка Head Instinct MP 2025,Head,19432 ₽,https://saletennis.com/catalog/product/tiennisnaia-rakietka-head-instinct-mp-2025-17482,2: Санкт-Петербург (Спортивная) - 1 шт | 2: Соболева - 1 шт | 3: Бисертская - 1 шт | 3: Санкт-Петербург (Спортивная) - 2 шт | 3: Соболева - 1 шт | 3: Ижевск - 2 шт | 3: Парина - 1 шт | 3: Тюмень (Народная) - 2 шт | 4: Парина - 1 шт | 4: Тюмень (Народная) - 1 шт | 4: Санкт-Петербург (Спортивная) - 2 шт,15.0,public/data/product_images/cc47f60e639f.webp,0.0,5.0,0,2.0,2.0,1.0,0,3.0,0.0,2.0
Ракетки для тенниса,232025,Теннисная ракетка Head Instinct Team L 2025,Head,14993 ₽,https://saletennis.com/catalog/product/tiennisnaia-rakietka-head-instinct-team-l-2025-17484,1: Санкт-Петербург (Спортивная) - 1 шт | 1: Парина - 1 шт | 2: Санкт-Петербург (Спортивная) - 2 шт | 2: Соболева - 1 шт | 2: Тюмень (Народная) - 1 шт | 2: Парина - 1 шт | 2: Уфа - 1 шт | 2: Бисертская - 1 шт | 2: Ижевск - 1 шт,10.0,public/data/product_images/517c441f46ea.webp,0.0,3.0,0,1.0,2.0,1.0,0,1.0,1.0,1.0
Ракетки для тенниса,231476,Теннисная ракетка Head Jannik 23,Head,3880 ₽,https://saletennis.com/catalog/product/tiennisnaia-rakietka-head-jannik-23-19367,0: Санкт-Петербург (Спортивная) - 1 шт | 0: Соболева - 2 шт | 0: Парина - 2 шт | 0: Уфа - 1 шт | 0: Ижевск - 2 шт | 0: Санкт-Петербург (Ярослава Гашека) - 1 шт,9.0,public/data/product_images/9a8e7d1101a7.webp,1.0,1.0,0,2.0,2.0,0.0,0,0.0,1.0,2.0
Ракетки для тенниса,231486,Теннисная ракетка Head Jannik 25,Head,3880 ₽,https://saletennis.com/catalog/product/tiennisnaia-rakietka-head-jannik-25-19368,0: Ижевск - 1 шт | 0: Соболева - 1 шт | 0: Санкт-Петербург (Спортивная) - 1 шт | 0: Парина - 1 шт,4.0,public/data/product_images/06f13c35338b.webp,0.0,1.0,0,1.0,1.0,0.0,0,0.0,0.0,1.0
Ракетки для тенниса,235344,Теннисная ракетка Head MX Spark Elite - White,Head,5990 ₽,https://saletennis.com/catalog/product/tiennisnaia-rakietka-head-mx-spark-elite-white-17057,1: Санкт-Петербург (Спортивная) - 1 шт | 1: Тюмень (Народная) - 2 шт,3.0,public/data/product_images/d818a7deb5f9.webp,0.0,1.0,0,0.0,0.0,0.0,0,2.0,0.0,0.0
Ракетки для тенниса,235044,Теннисная ракетка Head Novak 17 2024,Head,3637 ₽,https://saletennis.com/catalog/product/tiennisnaia-rakietka-head-novak-17-2024-17734,0: Ижевск - 1 шт | 0: Санкт-Петербург (Ярослава Гашека) - 1 шт | 0: Парина - 1 шт | 0: Санкт-Петербург (Спортивная) - 2 шт | 0: Соболева - 1 шт | 0: Тюмень (Народная) - 1 шт,7.0,public/data/product_images/6a3be1f19f05.webp,1.0,2.0,0,1.0,1.0,0.0,0,1.0,0.0,1.0
Ракетки для тенниса,235034,Теннисная ракетка Head Novak 19 2024,Head,3637 ₽,https://saletennis.com/catalog/product/tiennisnaia-rakietka-head-novak-19-2024-16113,0: Соболева - 1 шт | 0: Уфа - 1 шт | 0: Бисертская - 3 шт,5.0,public/data/product_images/a24a1fa8b916.webp,0.0,0.0,0,1.0,0.0,3.0,0,0.0,1.0,0.0
Ракетки для тенниса,235024,Теннисная ракетка Head Novak 21 2024,Head,3637 ₽,https://saletennis.com/catalog/product/tiennisnaia-rakietka-head-novak-21-2024-16114,0: Парина - 2 шт | 0: Тюмень (Народная) - 2 шт | 0: Соболева - 2 шт | 0: Бисертская - 1 шт | 0: Уфа - 1 шт | 0: Санкт-Петербург (Спортивная) - 1 шт,9.0,public/data/product_images/4e430ee558d7.webp,0.0,1.0,0,2.0,2.0,1.0,0,2.0,1.0,0.0
Ракетки для тенниса,235014,Теннисная ракетка Head Novak 23 2024,Head,3637 ₽,https://saletennis.com/catalog/product/tiennisnaia-rakietka-head-novak-23-2024-16115,0: Тюмень - 1 шт,1.0,public/data/product_images/156831c2583b.webp,0.0,0.0,0,0.0,0.0,0.0,0,1.0,0.0,0.0
Ракетки для тенниса,235004,Теннисная ракетка Head Novak 25 2024,Head,3880 ₽,https://saletennis.com/catalog/product/tiennisnaia-rakietka-head-novak-25-2024-16116,0: Парина - 1 шт | 0: Соболева - 1 шт | 0: Ижевск - 1 шт | 0: Тюмень (Народная) - 1 шт | 0: Санкт-Петербург (Спортивная) - 2 шт,6.0,public/data/product_images/044713fa833c.webp,0.0,2.0,0,1.0,1.0,0.0,0,1.0,0.0,1.0
Ракетки для тенниса,233132,Теннисная ракетка Head Novak Jr. 19,Head,2490 ₽,https://saletennis.com/catalog/product/tiennisnaia-rakietka-head-novak-jr-19-13397,0: Тюмень - 1 шт | 0: Санкт-Петербург (Спортивная) - 1 шт,2.0,public/data/product_images/36599880d4b3.webp,0.0,1.0,0,0.0,0.0,0.0,0,1.0,0.0,0.0
Ракетки для тенниса,232325-WH,Теннисная ракетка Head Paw 17,Head,3556 ₽,https://saletennis.com/catalog/product/tiennisnaia-rakietka-head-paw-17-18557,0: Санкт-Петербург (Спортивная) - 2 шт,2.0,public/data/product_images/a59121839819.webp,0.0,2.0,0,0.0,0.0,0.0,0,0.0,0.0,0.0
Ракетки для тенниса,232225-BL,Теннисная ракетка Head Paw 17 Blue,Head,3556 ₽,https://saletennis.com/catalog/product/tiennisnaia-rakietka-head-paw-17-blue-18556,0: Санкт-Петербург (Спортивная) - 2 шт,2.0,public/data/product_images/d7139c211d8d.webp,0.0,2.0,0,0.0,0.0,0.0,0,0.0,0.0,0.0
Ракетки для тенниса,232315-WH,Теннисная ракетка Head Paw 19,Head,3556 ₽,https://saletennis.com/catalog/product/tiennisnaia-rakietka-head-paw-19-18559,0: Санкт-Петербург (Спортивная) - 2 шт,2.0,public/data/product_images/cc63f09b735c.webp,0.0,2.0,0,0.0,0.0,0.0,0,0.0,0.0,0.0
Ракетки для тенниса,232215-BL,Теннисная ракетка Head Paw 19 Blue,Head,3556 ₽,https://saletennis.com/catalog/product/tiennisnaia-rakietka-head-paw-19-blue-18558,0: Санкт-Петербург (Спортивная) - 2 шт | 0: Соболева - 1 шт,3.0,public/data/product_images/f80068b505e4.webp,0.0,2.0,0,1.0,0.0,0.0,0,0.0,0.0,0.0
Ракетки для тенниса,232305-WH,Теннисная ракетка Head Paw 21,Head,3556 ₽,https://saletennis.com/catalog/product/tiennisnaia-rakietka-head-paw-21-18561,0: Санкт-Петербург (Спортивная) - 2 шт,2.0,public/data/product_images/14df90097a36.webp,0.0,2.0,0,0.0,0.0,0.0,0,0.0,0.0,0.0
Ракетки для тенниса,232205-BL,Теннисная ракетка Head Paw 21 Blue,Head,3556 ₽,https://saletennis.com/catalog/product/tiennisnaia-rakietka-head-paw-21-blue-18560,0: Санкт-Петербург (Спортивная) - 1 шт | 0: Соболева - 1 шт | 0: Тюмень (Народная) - 1 шт | 0: Бисертская - 1 шт | 0: Уфа - 1 шт,5.0,public/data/product_images/b0b21a2ca354.webp,0.0,1.0,0,1.0,0.0,1.0,0,1.0,1.0,0.0
Ракетки для тенниса,236123,Теннисная ракетка Head Prestige MP 2023,Head,18294 ₽,https://saletennis.com/catalog/product/tiennisnaia-rakietka-head-prestige-mp-2023-15476,4: Парина - 2 шт,2.0,public/data/product_images/a7c353cc4e7b.webp,0.0,0.0,0,0.0,2.0,0.0,0,0.0,0.0,0.0
Ракетки для тенниса,231262,Теннисная ракетка Head Radical 25 Comp - Red,Head,6067 ₽,https://saletennis.com/catalog/product/tiennisnaia-rakietka-head-radical-25-comp-red-16682,0: Тюмень (Народная) - 1 шт,1.0,public/data/product_images/34145d818f35.webp,0.0,0.0,0,0.0,0.0,0.0,0,1.0,0.0,0.0
Ракетки для тенниса,234943,Теннисная ракетка Head Radical Jr 19 2023,Head,3880 ₽,https://saletennis.com/catalog/product/tiennisnaia-rakietka-head-radical-jr-19-2023-14755,0: Санкт-Петербург (Ярослава Гашека) - 1 шт | 0: Тюмень (Народная) - 1 шт | 0: Основной склад Екатеринбург - 2 шт | 0: Санкт-Петербург (Спортивная) - 2 шт | 0: Ижевск - 1 шт | 0: Соболева - 2 шт | 0: Тюмень - 1 шт | 0: Парина - 4 шт | 0: Уфа - 1 шт | 0: Бисертская - 4 шт,19.0,public/data/product_images/8433ec85ffd1.webp,1.0,2.0,2,2.0,4.0,4.0,0,2.0,1.0,1.0
Ракетки для тенниса,235173,Теннисная ракетка Head Radical Jr 2023 26,Head,11193 ₽,https://saletennis.com/catalog/product/tiennisnaia-rakietka-head-radical-jr-2023-26-14790,0: Санкт-Петербург (Спортивная) - 1 шт | 0: Тюмень (Народная) - 2 шт | 0: Парина - 1 шт,4.0,public/data/product_images/445909f60314.webp,0.0,1.0,0,0.0,1.0,0.0,0,2.0,0.0,0.0
Ракетки для тенниса,234933,Теннисная ракетка Head Radical Jr 21 2023,Head,3880 ₽,https://saletennis.com/catalog/product/tiennisnaia-rakietka-head-radical-jr-21-2023-14756,0: Тюмень - 2 шт | 0: Санкт-Петербург (Ярослава Гашека) - 1 шт | 0: Парина - 3 шт | 0: Соболева - 5 шт | 0: Санкт-Петербург (Спортивная) - 2 шт | 0: Бисертская - 5 шт,18.0,public/data/product_images/c465f3ecc1d4.webp,1.0,2.0,0,5.0,3.0,5.0,0,2.0,0.0,0.0
Ракетки для тенниса,231045,Теннисная ракетка Head Radical Jr 26 2025,Head,12952 ₽,https://saletennis.com/catalog/product/tiennisnaia-rakietka-head-radical-jr-26-2025-17550,0: Соболева - 1 шт | 0: Бисертская - 1 шт | 0: Санкт-Петербург (Спортивная) - 2 шт | 0: Уфа - 1 шт | 0: Тюмень (Народная) - 3 шт | 1: Санкт-Петербург (Спортивная) - 3 шт | 1: Тюмень (Народная) - 1 шт | 1: Уфа - 1 шт,13.0,public/data/product_images/d8b4f805b351.webp,0.0,5.0,0,1.0,0.0,1.0,0,4.0,2.0,0.0
Ракетки для тенниса,235113,Теннисная ракетка Head Radical MP 2023,Head,20990 ₽,https://saletennis.com/catalog/product/tiennisnaia-rakietka-head-radical-mp-2023-14161,2: Тюмень (Народная) - 1 шт | 2: Уфа - 1 шт | 2: Санкт-Петербург (Спортивная) - 1 шт | 2: Парина - 1 шт | 2: Ижевск - 1 шт | 3: Парина - 1 шт | 4: Ижевск - 1 шт,7.0,public/data/product_images/3f7d5c8b22e5.webp,0.0,1.0,0,0.0,2.0,0.0,0,1.0,1.0,2.0
Ракетки для тенниса,231015,Теннисная ракетка Head Radical MP 2025,Head,22990 ₽,https://saletennis.com/catalog/product/tiennisnaia-rakietka-head-radical-mp-2025-17283,4: Тюмень (Народная) - 2 шт | 4: Парина - 1 шт | 4: Санкт-Петербург (Спортивная) - 2 шт | 4: Соболева - 1 шт,6.0,public/data/product_images/6cafbfc0e97b.webp,0.0,2.0,0,1.0,1.0,0.0,0,2.0,0.0,0.0
Ракетки для тенниса,231615,Теннисная ракетка Head Radical MP 2025 Tropical,Head,25990 ₽,https://saletennis.com/catalog/product/tiennisnaia-rakietka-head-radical-mp-2025-tropical-17610,4: Соболева - 1 шт | 4: Тюмень (Народная) - 1 шт,2.0,public/data/product_images/4745cbb92043.webp,0.0,0.0,0,1.0,0.0,0.0,0,1.0,0.0,0.0
Ракетки для тенниса,235103,Теннисная ракетка Head Radical Pro 2023,Head,17995 ₽,https://saletennis.com/catalog/product/tiennisnaia-rakietka-head-radical-pro-2023-14109,3: Основной склад Екатеринбург - 3 шт | 3: Бисертская - 1 шт | 3: Ижевск - 1 шт | 3: Тюмень (Народная) - 1 шт | 3: Соболева - 2 шт | 3: Санкт-Петербург (Спортивная) - 1 шт | 3: Парина - 2 шт,11.0,public/data/product_images/e79e1a1e408b.webp,0.0,1.0,3,2.0,2.0,1.0,0,1.0,0.0,1.0
Ракетки для тенниса,231005,Теннисная ракетка Head Radical Pro 2025,Head,19490 ₽,https://saletennis.com/catalog/product/tiennisnaia-rakietka-head-radical-pro-2025-17551,3: Уфа - 2 шт | 3: Парина - 2 шт | 3: Ижевск - 2 шт | 3: Соболева - 2 шт | 3: Бисертская - 2 шт | 3: Основной склад Екатеринбург - 2 шт | 3: Санкт-Петербург (Спортивная) - 5 шт | 3: Тюмень (Народная) - 2 шт | 4: Санкт-Петербург (Спортивная) - 1 шт,20.0,public/data/product_images/f5ceb9d507d5.webp,0.0,6.0,2,2.0,2.0,2.0,0,2.0,2.0,2.0
Ракетки для тенниса,231025,Теннисная ракетка Head Radical Team 2025,Head,20243 ₽,https://saletennis.com/catalog/product/tiennisnaia-rakietka-head-radical-team-2025-17284,2: Парина - 1 шт | 2: Тюмень (Народная) - 1 шт | 2: Уфа - 1 шт | 2: Ижевск - 1 шт,4.0,public/data/product_images/dff46a00cbfd.webp,0.0,0.0,0,0.0,1.0,0.0,0,1.0,1.0,1.0
Ракетки для тенниса,235133,Теннисная ракетка Head Radical Team L 2023,Head,17990 ₽,https://saletennis.com/catalog/product/tiennisnaia-rakietka-head-radical-team-l-2023-14110,3: Бисертская - 1 шт,1.0,public/data/product_images/2e885c7320fe.webp,0.0,0.0,0,0.0,0.0,1.0,0,0.0,0.0,0.0
Ракетки для тенниса,231035,Теннисная ракетка Head Radical Team L 2025,Head,18490 ₽,https://saletennis.com/catalog/product/tiennisnaia-rakietka-head-radical-team-l-2025-17285,1: Ижевск - 1 шт | 1: Парина - 2 шт | 1: Уфа - 1 шт | 1: Соболева - 1 шт | 2: Парина - 2 шт | 2: Уфа - 1 шт | 2: Санкт-Петербург (Спортивная) - 4 шт | 2: Тюмень (Народная) - 2 шт | 2: Бисертская - 1 шт,15.0,public/data/product_images/11550d485218.webp,0.0,4.0,0,1.0,4.0,1.0,0,2.0,2.0,1.0
Ракетки для тенниса,234856,Теннисная ракетка Head Speed 25,Head,2990 ₽,https://saletennis.com/catalog/product/tiennisnaia-rakietka-head-speed-25-936,00: Санкт-Петербург (Спортивная) - 1 шт,1.0,public/data/product_images/70b823bc7800.webp,0.0,1.0,0,0.0,0.0,0.0,0,0.0,0.0,0.0
Ракетки для тенниса,236054,Теннисная ракетка Head Speed Jr. 2024,Head,10490 ₽,https://saletennis.com/catalog/product/tiennisnaia-rakietka-head-speed-jr-2024-15841,0: Парина - 1 шт | 0: Уфа - 1 шт | 0: Тюмень (Народная) - 1 шт | 0: Соболева - 1 шт | 1: Соболева - 1 шт | 1: Уфа - 2 шт,7.0,public/data/product_images/c9a6e7c2b220.webp,0.0,0.0,0,2.0,1.0,0.0,0,1.0,3.0,0.0
Ракетки для тенниса,232086,Теннисная ракетка Head Speed Jr 2026,Head,12952 ₽,https://saletennis.com/catalog/product/tiennisnaia-rakietka-head-speed-jr-2026-19096,0: Санкт-Петербург (Ярослава Гашека) - 1 шт | 0: Бисертская - 1 шт | 0: Соболева - 1 шт | 0: Ижевск - 1 шт | 0: Уфа - 1 шт | 0: Санкт-Петербург (Спортивная) - 2 шт | 1: Санкт-Петербург (Ярослава Гашека) - 1 шт | 1: Ижевск - 2 шт | 1: Уфа - 1 шт,11.0,public/data/product_images/58be72e1d5e9.webp,2.0,2.0,0,1.0,0.0,1.0,0,0.0,2.0,3.0
Ракетки для тенниса,236064,Теннисная ракетка Head Speed Jr 25 2024,Head,8795 ₽,https://saletennis.com/catalog/product/tiennisnaia-rakietka-head-speed-jr-25-2024-16397,0: Уфа - 2 шт | 0: Парина - 2 шт | 0: Ижевск - 1 шт,5.0,public/data/product_images/e0b2c02f8b29.webp,0.0,0.0,0,0.0,2.0,0.0,0,0.0,2.0,1.0
Ракетки для тенниса,232096,Теннисная ракетка Head Speed Jr 25 2026,Head,12547 ₽,https://saletennis.com/catalog/product/tiennisnaia-rakietka-head-speed-jr-25-2026-19097,0: Тюмень (Народная) - 3 шт | 0: Санкт-Петербург (Ярослава Гашека) - 2 шт | 0: Соболева - 2 шт | 0: Санкт-Петербург (Спортивная) - 1 шт | 0: Ижевск - 1 шт | 0: Уфа - 2 шт | 0: Парина - 3 шт | 0: Бисертская - 2 шт,16.0,public/data/product_images/50eb013df341.webp,2.0,1.0,0,2.0,3.0,2.0,0,3.0,2.0,1.0
Ракетки для тенниса,236014,Теннисная ракетка Head Speed MP 2024,Head,20994 ₽,https://saletennis.com/catalog/product/tiennisnaia-rakietka-head-speed-mp-2024-15851,4: Санкт-Петербург (Спортивная) - 1 шт | 4: Парина - 1 шт | 4: Соболева - 1 шт | 4: Бисертская - 1 шт | 4: Ижевск - 1 шт | 4: Тюмень (Народная) - 1 шт,6.0,public/data/product_images/f3111d0f51bd.webp,0.0,1.0,0,1.0,1.0,1.0,0,1.0,0.0,1.0
Ракетки для тенниса,232026,Теннисная ракетка Head Speed MP 2026,Head,26317 ₽,https://saletennis.com/catalog/product/tiennisnaia-rakietka-head-speed-mp-2026-18473,3: Уфа - 1 шт | 3: Санкт-Петербург (Спортивная) - 2 шт | 3: Соболева - 1 шт | 3: Парина - 1 шт | 3: Тюмень (Народная) - 1 шт,6.0,public/data/product_images/88aefb1e1fbe.webp,0.0,2.0,0,1.0,1.0,0.0,0,1.0,1.0,0.0
Ракетки для тенниса,232076,Теннисная ракетка Head Speed MP Legend 2025,Head,28342 ₽,https://saletennis.com/catalog/product/tiennisnaia-rakietka-head-speed-mp-legend-2025-17611,2: Санкт-Петербург (Спортивная) - 1 шт | 2: Парина - 1 шт | 2: Соболева - 1 шт | 3: Санкт-Петербург (Спортивная) - 3 шт | 4: Парина - 1 шт | 4: Ижевск - 1 шт,8.0,public/data/product_images/30d34c1c5bf9.webp,0.0,4.0,0,1.0,2.0,0.0,0,0.0,0.0,1.0
Ракетки для тенниса,232046,Теннисная ракетка Head Speed MP UL 2026,Head,23482 ₽,https://saletennis.com/catalog/product/tiennisnaia-rakietka-head-speed-mp-ul-2026-18475,1: Ижевск - 1 шт | 1: Тюмень (Народная) - 1 шт | 1: Парина - 1 шт | 2: Соболева - 2 шт | 2: Санкт-Петербург (Спортивная) - 2 шт | 2: Ижевск - 1 шт | 2: Уфа - 2 шт | 2: Бисертская - 1 шт | 2: Тюмень (Народная) - 1 шт | 2: Парина - 1 шт,13.0,public/data/product_images/57339ce1e7f4.webp,0.0,2.0,0,2.0,2.0,1.0,0,2.0,2.0,2.0
Ракетки для тенниса,236004,Теннисная ракетка Head Speed Pro 2024,Head,17995 ₽,https://saletennis.com/catalog/product/tiennisnaia-rakietka-head-speed-pro-2024-15842,3: Бисертская - 2 шт | 3: Основной склад Екатеринбург - 2 шт | 3: Тюмень (Народная) - 1 шт | 3: Ижевск - 2 шт | 3: Уфа - 2 шт | 3: Парина - 3 шт | 3: Соболева - 2 шт | 4: Уфа - 1 шт,15.0,public/data/product_images/1da180dc043b.webp,0.0,0.0,2,2.0,3.0,2.0,0,1.0,3.0,2.0
Ракетки для тенниса,232066,Теннисная ракетка Head Speed Pro Legend 2025,Head,28342 ₽,https://saletennis.com/catalog/product/tiennisnaia-rakietka-head-speed-pro-legend-2025-17612,3: Соболева - 1 шт | 3: Парина - 2 шт | 3: Ижевск - 1 шт | 3: Санкт-Петербург (Спортивная) - 5 шт | 3: Бисертская - 1 шт,10.0,public/data/product_images/c0f089c15367.webp,0.0,5.0,0,1.0,2.0,1.0,0,0.0,0.0,1.0
Ракетки для тенниса,236034,Теннисная ракетка Head Speed Team 2024,Head,20990 ₽,https://saletennis.com/catalog/product/tiennisnaia-rakietka-head-speed-team-2024-15935,1: Уфа - 2 шт | 1: Тюмень (Народная) - 2 шт | 1: Соболева - 1 шт | 1: Парина - 1 шт | 2: Парина - 3 шт | 2: Санкт-Петербург (Спортивная) - 1 шт | 2: Уфа - 2 шт | 2: Ижевск - 1 шт | 2: Бисертская - 2 шт | 2: Соболева - 1 шт | 2: Тюмень (Народная) - 2 шт | 3: Санкт-Петербург (Спортивная) - 1 шт,19.0,public/data/product_images/43de0703b887.webp,0.0,2.0,0,2.0,4.0,2.0,0,4.0,4.0,1.0
Ракетки для тенниса,232056,Теннисная ракетка Head Speed Team 2026,Head,24292 ₽,https://saletennis.com/catalog/product/tiennisnaia-rakietka-head-speed-team-2026-18477,1: Соболева - 1 шт | 1: Парина - 1 шт | 2: Ижевск - 2 шт | 2: Парина - 2 шт | 2: Тюмень (Народная) - 2 шт | 2: Бисертская - 1 шт | 2: Соболева - 1 шт | 2: Санкт-Петербург (Спортивная) - 2 шт | 2: Уфа - 2 шт,14.0,public/data/product_images/5d89393a1aa4.webp,0.0,2.0,0,2.0,3.0,1.0,0,2.0,2.0,2.0
Ракетки для тенниса,232606,Теннисная ракетка Head Squared,Head,25515 ₽,https://saletennis.com/catalog/product/tiennisnaia-rakietka-head-squared-18791,3: Санкт-Петербург (Спортивная) - 1 шт,1.0,public/data/product_images/3abba1a60519.webp,0.0,1.0,0,0.0,0.0,0.0,0,0.0,0.0,0.0
Ракетки для тенниса,7T59I091,Теннисная ракетка Prince Beast 265 LTD Edition,Prince,15990 ₽,https://saletennis.com/catalog/product/tiennisnaia-rakietka-prince-beast-265-ltd-edition-16561,2: Парина - 1 шт,1.0,public/data/product_images/869a94647b74.webp,0.0,0.0,0,0.0,1.0,0.0,0,0.0,0.0,0.0
Ракетки для тенниса,7T59K091,Теннисная ракетка Prince Beast 300 LTD Edition,Prince,16490 ₽,https://saletennis.com/catalog/product/tiennisnaia-rakietka-prince-beast-300-ltd-edition-16563,2: Санкт-Петербург (Спортивная) - 1 шт | 2: Парина - 1 шт,2.0,public/data/product_images/e98ed3d1dadd.webp,0.0,1.0,0,0.0,1.0,0.0,0,0.0,0.0,0.0
Ракетки для тенниса,7T58E095,Теннисная ракетка Prince x Hydrogen Skulls 260,Prince,16490 ₽,https://saletennis.com/catalog/product/tiennisnaia-rakietka-prince-x-hydrogen-skulls-260-16567,1: Парина - 2 шт,2.0,public/data/product_images/625d66e7254b.webp,0.0,0.0,0,0.0,2.0,0.0,0,0.0,0.0,0.0
Ракетки для тенниса,7T58G095,Теннисная ракетка Prince x Hydrogen Skulls 290,Prince,16990 ₽,https://saletennis.com/catalog/product/tiennisnaia-rakietka-prince-x-hydrogen-skulls-290-16569,4: Парина - 1 шт | 4: Санкт-Петербург (Спортивная) - 1 шт,2.0,public/data/product_images/de306330da57.webp,0.0,1.0,0,0.0,1.0,0.0,0,0.0,0.0,0.0
Ракетки для тенниса,1920391,Теннисная ракетка Solinco Blackout 245,Solinco,14993 ₽,https://saletennis.com/catalog/product/tiennisnaia-rakietka-solinco-blackout-245-16726,0: Парина - 1 шт | 0: Соболева - 1 шт,2.0,public/data/product_images/134a1a2d71b3.webp,0.0,0.0,0,1.0,1.0,0.0,0,0.0,0.0,0.0
Ракетки для тенниса,1920232,Теннисная ракетка Solinco Blackout 265,Solinco,19493 ₽,https://saletennis.com/catalog/product/tiennisnaia-rakietka-solinco-blackout-265-13230,1: Тюмень (Народная) - 1 шт | 1: Парина - 1 шт | 2: Парина - 1 шт,3.0,public/data/product_images/20cfb9423d84.webp,0.0,0.0,0,0.0,2.0,0.0,0,1.0,0.0,0.0
Ракетки для тенниса,1920666,Теннисная ракетка Solinco Blackout v.2 Camo 245,Solinco,13762 ₽,https://saletennis.com/catalog/product/tiennisnaia-rakietka-solinco-blackout-v-2-camo-245-19137,0: Санкт-Петербург (Спортивная) - 2 шт | 0: Тюмень (Народная) - 1 шт | 0: Парина - 2 шт | 0: Ижевск - 1 шт | 0: Бисертская - 1 шт,7.0,public/data/product_images/57873d702138.webp,0.0,2.0,0,0.0,2.0,1.0,0,1.0,0.0,1.0
Ракетки для тенниса,192066,Теннисная ракетка Solinco Blackout v.2 Camo 265,Solinco,21052 ₽,https://saletennis.com/catalog/product/tiennisnaia-rakietka-solinco-blackout-v-2-camo-265-19138,1: Ижевск - 1 шт | 1: Бисертская - 1 шт | 1: Санкт-Петербург (Спортивная) - 2 шт | 1: Тюмень (Народная) - 1 шт | 1: Парина - 1 шт | 2: Санкт-Петербург (Спортивная) - 1 шт | 2: Ижевск - 1 шт | 2: Парина - 1 шт,9.0,public/data/product_images/dc2a43170a18.webp,0.0,3.0,0,0.0,2.0,1.0,0,1.0,0.0,2.0
Ракетки для тенниса,192062,Теннисная ракетка Solinco Blackout v.2 Camo 285,Solinco,21457 ₽,https://saletennis.com/catalog/product/tiennisnaia-rakietka-solinco-blackout-v-2-camo-285-19139,2: Тюмень (Народная) - 2 шт | 2: Соболева - 1 шт | 2: Парина - 1 шт | 2: Санкт-Петербург (Спортивная) - 2 шт | 2: Ижевск - 2 шт | 3: Соболева - 1 шт | 3: Тюмень (Народная) - 1 шт | 3: Санкт-Петербург (Спортивная) - 1 шт | 3: Ижевск - 1 шт,12.0,public/data/product_images/d79ec353501c.webp,0.0,3.0,0,2.0,1.0,0.0,0,3.0,0.0,3.0
Ракетки для тенниса,1920625,Теннисная ракетка Solinco Blackout v.2 Camo 300,Solinco,21862 ₽,https://saletennis.com/catalog/product/tiennisnaia-rakietka-solinco-blackout-v-2-camo-300-19140,2: Тюмень (Народная) - 1 шт | 3: Тюмень (Народная) - 2 шт | 3: Бисертская - 1 шт | 3: Соболева - 1 шт | 3: Ижевск - 1 шт | 3: Санкт-Петербург (Спортивная) - 2 шт | 3: Парина - 2 шт | 4: Парина - 1 шт | 4: Соболева - 1 шт | 4: Тюмень (Народная) - 1 шт | 4: Санкт-Петербург (Спортивная) - 1 шт,14.0,public/data/product_images/19c3cb32dc86.webp,0.0,3.0,0,2.0,3.0,1.0,0,4.0,0.0,1.0
Ракетки для тенниса,0297,Теннисная ракетка Solinco Shadow 19,Solinco,2990 ₽,https://saletennis.com/catalog/product/tiennisnaia-rakietka-solinco-shadow-19-14011,0: Бисертская - 1 шт | 0: Соболева - 1 шт,2.0,public/data/product_images/f23bc535930a.webp,0.0,0.0,0,1.0,0.0,1.0,0,0.0,0.0,0.0
Ракетки для тенниса,0298,Теннисная ракетка Solinco Shadow 21,Solinco,2990 ₽,https://saletennis.com/catalog/product/tiennisnaia-rakietka-solinco-shadow-21-14012,0: Соболева - 1 шт,1.0,public/data/product_images/0217cabd9198.webp,0.0,0.0,0,1.0,0.0,0.0,0,0.0,0.0,0.0
Ракетки для тенниса,1920250-18x20,Теннисная ракетка Solinco Whiteout 305 18x20,Solinco,20993 ₽,https://saletennis.com/catalog/product/tiennisnaia-rakietka-solinco-whiteout-305-18x20-16248,3: Тюмень (Народная) - 1 шт | 3: Соболева - 2 шт | 3: Бисертская - 1 шт | 3: Парина - 1 шт | 4: Соболева - 1 шт,6.0,public/data/product_images/4e9cec29b538.webp,0.0,0.0,0,3.0,1.0,1.0,0,1.0,0.0,0.0
Ракетки для тенниса,1920579,Теннисная ракетка Solinco Whiteout v.2 Camo 290,Solinco,21457 ₽,https://saletennis.com/catalog/product/tiennisnaia-rakietka-solinco-whiteout-v-2-camo-290-19141,2: Парина - 1 шт | 2: Ижевск - 1 шт | 2: Соболева - 1 шт | 2: Санкт-Петербург (Спортивная) - 2 шт | 2: Бисертская - 1 шт | 2: Тюмень (Народная) - 1 шт | 3: Ижевск - 1 шт | 3: Санкт-Петербург (Спортивная) - 2 шт | 3: Бисертская - 1 шт | 3: Парина - 2 шт | 3: Тюмень (Народная) - 2 шт | 3: Соболева - 2 шт,17.0,public/data/product_images/2255ebcb84a1.webp,0.0,4.0,0,3.0,3.0,2.0,0,3.0,0.0,2.0
Ракетки для тенниса,1920633,Теннисная ракетка Solinco Whiteout v.2 Camo 305 18x20,Solinco,21862 ₽,https://saletennis.com/catalog/product/tiennisnaia-rakietka-solinco-whiteout-v-2-camo-305-18x20-19142,2: Парина - 1 шт | 2: Санкт-Петербург (Спортивная) - 1 шт | 3: Бисертская - 1 шт | 3: Санкт-Петербург (Спортивная) - 1 шт | 3: Соболева - 1 шт | 3: Тюмень (Народная) - 2 шт | 3: Парина - 2 шт | 3: Ижевск - 1 шт | 4: Соболева - 1 шт | 4: Тюмень (Народная) - 1 шт | 4: Санкт-Петербург (Спортивная) - 1 шт | 4: Парина - 1 шт,14.0,public/data/product_images/13afe34bd9bb.webp,0.0,3.0,0,2.0,4.0,1.0,0,3.0,0.0,1.0
Ракетки для тенниса,1920584,Теннисная ракетка Solinco Whiteout v.2 Camo 305,Solinco,21862 ₽,https://saletennis.com/catalog/product/tiennisnaia-rakietka-solinco-whiteout-v-2-camo-305-19143,2: Соболева - 1 шт | 2: Ижевск - 1 шт | 3: Санкт-Петербург (Спортивная) - 1 шт | 3: Соболева - 1 шт | 3: Тюмень (Народная) - 2 шт | 3: Бисертская - 2 шт | 3: Парина - 1 шт | 3: Ижевск - 2 шт | 4: Бисертская - 1 шт | 4: Санкт-Петербург (Спортивная) - 1 шт | 4: Ижевск - 1 шт | 4: Соболева - 1 шт,15.0,public/data/product_images/a998a35f9fef.webp,0.0,2.0,0,3.0,1.0,3.0,0,2.0,0.0,4.0
Ракетки для тенниса,14FIR2556,Теннисная ракетка Tecnifbre Fire 255 2026,Tecnifibre,18622 ₽,https://saletennis.com/catalog/product/tiennisnaia-rakietka-tecnifbre-fire-255-2026-18898,0: Соболева - 1 шт | 0: Санкт-Петербург (Спортивная) - 1 шт | 0: Тюмень (Народная) - 1 шт | 0: Парина - 1 шт | 1: Бисертская - 1 шт | 1: Тюмень (Народная) - 1 шт | 1: Ижевск - 1 шт | 1: Санкт-Петербург (Спортивная) - 1 шт | 1: Соболева - 1 шт | 1: Парина - 1 шт,10.0,public/data/product_images/3d88e7b8cb2a.webp,0.0,2.0,0,2.0,2.0,1.0,0,2.0,0.0,1.0
Ракетки для тенниса,14FIR2606,Теннисная ракетка Tecnifbre Fire 260 2026,Tecnifibre,21862 ₽,https://saletennis.com/catalog/product/tiennisnaia-rakietka-tecnifbre-fire-260-2026-18899,1: Парина - 1 шт | 1: Ижевск - 1 шт | 1: Соболева - 1 шт | 2: Тюмень (Народная) - 1 шт | 2: Санкт-Петербург (Спортивная) - 1 шт | 2: Ижевск - 1 шт | 2: Парина - 1 шт,7.0,public/data/product_images/bb9f74927639.webp,0.0,1.0,0,1.0,2.0,0.0,0,1.0,0.0,2.0
Ракетки для тенниса,14FIR2706,Теннисная ракетка Tecnifbre Fire 270 2026,Tecnifibre,21052 ₽,https://saletennis.com/catalog/product/tiennisnaia-rakietka-tecnifbre-fire-270-2026-18900,2: Санкт-Петербург (Спортивная) - 1 шт | 2: Ижевск - 1 шт,2.0,public/data/product_images/d42250f42e07.webp,0.0,1.0,0,0.0,0.0,0.0,0,0.0,0.0,1.0
Ракетки для тенниса,14FIR2856,Теннисная ракетка Tecnifbre Fire 285 2026,Tecnifibre,22672 ₽,https://saletennis.com/catalog/product/tiennisnaia-rakietka-tecnifbre-fire-285-2026-18914,2: Парина - 1 шт | 2: Санкт-Петербург (Спортивная) - 1 шт | 3: Санкт-Петербург (Спортивная) - 1 шт,3.0,public/data/product_images/9bf2f686b1fe.webp,0.0,2.0,0,0.0,1.0,0.0,0,0.0,0.0,0.0
Ракетки для тенниса,14FIR3006,Теннисная ракетка Tecnifbre Fire 300 2026,Tecnifibre,23887 ₽,https://saletennis.com/catalog/product/tiennisnaia-rakietka-tecnifbre-fire-300-2026-18915,2: Санкт-Петербург (Спортивная) - 1 шт | 3: Тюмень (Народная) - 2 шт | 3: Санкт-Петербург (Спортивная) - 1 шт | 3: Парина - 1 шт,5.0,public/data/product_images/5b263a4e8a25.webp,0.0,2.0,0,0.0,1.0,0.0,0,2.0,0.0,0.0
Ракетки для тенниса,14FIR3056,Теннисная ракетка Tecnifbre Fire 305S 2026,Tecnifibre,24697 ₽,https://saletennis.com/catalog/product/tiennisnaia-rakietka-tecnifbre-fire-305s-2026-18916,3: Парина - 1 шт | 3: Санкт-Петербург (Спортивная) - 1 шт | 3: Бисертская - 1 шт | 3: Соболева - 1 шт | 3: Ижевск - 1 шт | 4: Санкт-Петербург (Спортивная) - 1 шт | 4: Парина - 1 шт,7.0,public/data/product_images/861d74e6d4d0.webp,0.0,2.0,0,1.0,2.0,1.0,0,0.0,0.0,1.0
Ракетки для тенниса,14BULL17NW,Теннисная ракетка Tecnifibre Bullit 17,Tecnifibre,3637 ₽,https://saletennis.com/catalog/product/tiennisnaia-rakietka-tecnifibre-bullit-17-13263,0: Ижевск - 1 шт,1.0,public/data/product_images/48e8161ef2bd.webp,0.0,0.0,0,0.0,0.0,0.0,0,0.0,0.0,1.0
Ракетки для тенниса,14BULL19NW,Теннисная ракетка Tecnifibre Bullit 19,Tecnifibre,2993 ₽,https://saletennis.com/catalog/product/tiennisnaia-rakietka-tecnifibre-bullit-19-13264,0: Санкт-Петербург (Спортивная) - 1 шт | 0: Парина - 1 шт | 0: Соболева - 2 шт,4.0,public/data/product_images/97e9512d436f.webp,0.0,1.0,0,2.0,1.0,0.0,0,0.0,0.0,0.0
Ракетки для тенниса,14BULL21NW,Теннисная ракетка Tecnifibre Bullit 21,Tecnifibre,3743 ₽,https://saletennis.com/catalog/product/tiennisnaia-rakietka-tecnifibre-bullit-21-14263,0: Соболева - 1 шт | 0: Бисертская - 1 шт,2.0,public/data/product_images/9a4c3a3bb185.webp,0.0,0.0,0,1.0,0.0,1.0,0,0.0,0.0,0.0
Ракетки для тенниса,14FIGHTX25,Теннисная ракетка Tecnifibre T-Fight 25 Tour 2023,Tecnifibre,11243 ₽,https://saletennis.com/catalog/product/tiennisnaia-rakietka-tecnifibre-t-fight-25-tour-2023-14569,0: Бисертская - 1 шт | 0: Соболева - 1 шт | 0: Парина - 1 шт | 0: Тюмень (Народная) - 1 шт,4.0,public/data/product_images/d371f32353fa.webp,0.0,0.0,0,1.0,1.0,1.0,0,1.0,0.0,0.0
Ракетки для тенниса,14FIGHTX26,Теннисная ракетка Tecnifibre T-Fight 26 Tour 2023,Tecnifibre,11993 ₽,https://saletennis.com/catalog/product/tiennisnaia-rakietka-tecnifibre-t-fight-26-tour-2023-14570,0: Санкт-Петербург (Спортивная) - 1 шт | 0: Тюмень (Народная) - 1 шт | 0: Ижевск - 1 шт | 0: Парина - 2 шт,5.0,public/data/product_images/4f216dbd72c3.webp,0.0,1.0,0,0.0,2.0,0.0,0,1.0,0.0,1.0
Ракетки для тенниса,14FIGHT526,Теннисная ракетка Tecnifibre T-Fight 26 Tour 2025,Tecnifibre,12952 ₽,https://saletennis.com/catalog/product/tiennisnaia-rakietka-tecnifibre-t-fight-26-tour-2025-18398,0: Санкт-Петербург (Спортивная) - 1 шт | 0: Соболева - 1 шт | 0: Парина - 1 шт | 0: Тюмень (Народная) - 1 шт,4.0,public/data/product_images/aeb6056ce314.webp,0.0,1.0,0,1.0,1.0,0.0,0,1.0,0.0,0.0
Ракетки для тенниса,14FIGTE326,Теннисная ракетка Tecnifibre T-Fight Team 26,Tecnifibre,7118 ₽,https://saletennis.com/catalog/product/tiennisnaia-rakietka-tecnifibre-t-fight-team-26-16920,0: Парина - 1 шт,1.0,public/data/product_images/42b66b1b4f6e.webp,0.0,0.0,0,0.0,1.0,0.0,0,0.0,0.0,0.0
Ракетки для тенниса,14REBO1921,Теннисная ракетка Tecnifibre T-Rebound Tempo 19,Tecnifibre,2993 ₽,https://saletennis.com/catalog/product/tiennisnaia-rakietka-tecnifibre-t-rebound-tempo-19-13267,0: Тюмень (Народная) - 1 шт | 0: Парина - 2 шт,3.0,public/data/product_images/eda9c75ee4ae.webp,0.0,0.0,0,0.0,2.0,0.0,0,1.0,0.0,0.0
Ракетки для тенниса,14TEMP192E,Теннисная ракетка Tecnifibre Tempo 19,Tecnifibre,3368 ₽,https://saletennis.com/catalog/product/tiennisnaia-rakietka-tecnifibre-tempo-19-14266,0: Соболева - 1 шт,1.0,public/data/product_images/77abe7c7002a.webp,0.0,0.0,0,1.0,0.0,0.0,0,0.0,0.0,0.0
Ракетки для тенниса,14TEMP212E,Теннисная ракетка Tecnifibre Tempo 21,Tecnifibre,3368 ₽,https://saletennis.com/catalog/product/tiennisnaia-rakietka-tecnifibre-tempo-21-14267,0: Соболева - 1 шт,1.0,public/data/product_images/1dc49aa9130a.webp,0.0,0.0,0,1.0,0.0,0.0,0,0.0,0.0,0.0
Ракетки для тенниса,14TEMP194E,Теннисная ракетка Tecnifibre Tempo IGA 19,Tecnifibre,3368 ₽,https://saletennis.com/catalog/product/tiennisnaia-rakietka-tecnifibre-tempo-iga-19-17208,0: Санкт-Петербург (Спортивная) - 1 шт | 0: Соболева - 1 шт,2.0,public/data/product_images/91f39e8f0438.webp,0.0,1.0,0,1.0,0.0,0.0,0,0.0,0.0,0.0
Ракетки для тенниса,14TEMP264E,Теннисная ракетка Tecnifibre Tempo IGA 26,Tecnifibre,11243 ₽,https://saletennis.com/catalog/product/tiennisnaia-rakietka-tecnifibre-tempo-iga-26-16923,0: Тюмень (Народная) - 1 шт | 0: Санкт-Петербург (Спортивная) - 1 шт,2.0,public/data/product_images/0833dbabef0c.webp,0.0,1.0,0,0.0,0.0,0.0,0,1.0,0.0,0.0
Ракетки для тенниса,14TF449063,Теннисная ракетка Tecnifibre TF-40 V3 290,Tecnifibre,17990 ₽,https://saletennis.com/catalog/product/tiennisnaia-rakietka-tecnifibre-tf-40-v3-290-16924,3: Тюмень (Народная) - 1 шт | 3: Соболева - 1 шт,2.0,public/data/product_images/70da1245ed24.webp,0.0,0.0,0,1.0,0.0,0.0,0,1.0,0.0,0.0
Ракетки для тенниса,14TF440563,Теннисная ракетка Tecnifibre TF-40 V3 305 16X19,Tecnifibre,18990 ₽,https://saletennis.com/catalog/product/tiennisnaia-rakietka-tecnifibre-tf-40-v3-305-16x19-16925,3: Соболева - 1 шт | 3: Ижевск - 1 шт,2.0,public/data/product_images/cb692730fda9.webp,0.0,0.0,0,1.0,0.0,0.0,0,0.0,0.0,1.0
Ракетки для тенниса,14TF441563,Теннисная ракетка Tecnifibre TF-40 V3 315 16X19,Tecnifibre,18695 ₽,https://saletennis.com/catalog/product/tiennisnaia-rakietka-tecnifibre-tf-40-v3-315-16x19-16927,3: Ижевск - 1 шт | 3: Соболева - 1 шт | 3: Парина - 2 шт | 3: Санкт-Петербург (Спортивная) - 1 шт,5.0,public/data/product_images/52227166628d.webp,0.0,1.0,0,1.0,2.0,0.0,0,0.0,0.0,1.0
Ракетки для тенниса,14TF441583,Теннисная ракетка Tecnifibre TF-40 V3 315 18X20,Tecnifibre,19990 ₽,https://saletennis.com/catalog/product/tiennisnaia-rakietka-tecnifibre-tf-40-v3-315-18x20-16928,3: Парина - 2 шт | 3: Соболева - 1 шт | 3: Бисертская - 1 шт | 3: Ижевск - 1 шт,5.0,public/data/product_images/e651dbdd5c45.webp,0.0,0.0,0,1.0,2.0,1.0,0,0.0,0.0,1.0
Ракетки для тенниса,14TFX3004,Теннисная ракетка Tecnifibre TF-X1 300 v.2,Tecnifibre,18894 ₽,https://saletennis.com/catalog/product/tiennisnaia-rakietka-tecnifibre-tf-x1-300-v-2-16255,2: Ижевск - 1 шт | 3: Санкт-Петербург (Спортивная) - 1 шт | 3: Парина - 1 шт | 3: Тюмень (Народная) - 1 шт,4.0,public/data/product_images/64842b7db61a.webp,0.0,1.0,0,0.0,1.0,0.0,0,1.0,0.0,1.0
Ракетки для тенниса,14TFX3054,Теннисная ракетка Tecnifibre TF-X1 305 v.2,Tecnifibre,19194 ₽,https://saletennis.com/catalog/product/tiennisnaia-rakietka-tecnifibre-tf-x1-305-v-2-16256,3: Парина - 2 шт | 3: Соболева - 1 шт | 3: Бисертская - 2 шт | 3: Тюмень (Народная) - 1 шт,6.0,public/data/product_images/f5e0bfec4fa6.webp,0.0,0.0,0,1.0,2.0,2.0,0,1.0,0.0,0.0
Ракетки для тенниса,14FI295R,Теннисная ракетка Tecnifibre Tfight 295 RS,Tecnifibre,18622 ₽,https://saletennis.com/catalog/product/tiennisnaia-rakietka-tecnifibre-tfight-295-rs-13445,4: Парина - 1 шт,1.0,public/data/product_images/687e3ed920a5.webp,0.0,0.0,0,0.0,1.0,0.0,0,0.0,0.0,0.0
Ракетки для тенниса,14FI300SI,Теннисная ракетка Tecnifibre Tfight 300 IGA,Tecnifibre,22267 ₽,https://saletennis.com/catalog/product/tiennisnaia-rakietka-tecnifibre-tfight-300-iga-19084,2: Парина - 1 шт | 2: Соболева - 1 шт | 3: Парина - 2 шт | 3: Санкт-Петербург (Спортивная) - 1 шт | 3: Соболева - 1 шт | 3: Ижевск - 1 шт | 3: Тюмень (Народная) - 1 шт | 3: Бисертская - 1 шт | 4: Соболева - 1 шт | 4: Парина - 1 шт,11.0,public/data/product_images/70dcd5c07236.webp,0.0,1.0,0,3.0,4.0,1.0,0,1.0,0.0,1.0
Ракетки для тенниса,14FI30SI,Теннисная ракетка Tecnifibre Tfight 300S IGA,Tecnifibre,23077 ₽,https://saletennis.com/catalog/product/tiennisnaia-rakietka-tecnifibre-tfight-300s-iga-19085,3: Тюмень (Народная) - 1 шт | 3: Санкт-Петербург (Спортивная) - 1 шт | 3: Ижевск - 1 шт | 3: Парина - 1 шт | 3: Бисертская - 1 шт | 3: Соболева - 1 шт,6.0,public/data/product_images/356a5891ea31.webp,0.0,1.0,0,1.0,1.0,1.0,0,1.0,0.0,1.0
Ракетки для тенниса,14FI300S,Теннисная ракетка Tecnifibre Tfight 300S Isoflex 2025,Tecnifibre,24743 ₽,https://saletennis.com/catalog/product/tiennisnaia-rakietka-tecnifibre-tfight-300s-isoflex-2025-17096,3: Бисертская - 1 шт | 3: Тюмень (Народная) - 1 шт | 3: Санкт-Петербург (Спортивная) - 1 шт | 3: Соболева - 1 шт | 3: Ижевск - 1 шт,5.0,public/data/product_images/6e3ea2ba0aa1.webp,0.0,1.0,0,1.0,0.0,1.0,0,1.0,0.0,1.0
Ракетки для тенниса,14FI305S,Теннисная ракетка Tecnifibre Tfight 305S Isoflex 2025,Tecnifibre,23993 ₽,https://saletennis.com/catalog/product/tiennisnaia-rakietka-tecnifibre-tfight-305s-isoflex-2025-17097,3: Соболева - 1 шт | 3: Санкт-Петербург (Спортивная) - 1 шт | 3: Бисертская - 1 шт | 3: Парина - 1 шт | 3: Ижевск - 2 шт,6.0,public/data/product_images/8a0bbcedc4b2.webp,0.0,1.0,0,1.0,1.0,1.0,0,0.0,0.0,2.0
Ракетки для тенниса,14FI315S5,Теннисная ракетка Tecnifibre Tfight 315S Isoflex 2025,Tecnifibre,25118 ₽,https://saletennis.com/catalog/product/tiennisnaia-rakietka-tecnifibre-tfight-315s-isoflex-2025-17098,3: Ижевск - 1 шт | 3: Парина - 2 шт | 3: Санкт-Петербург (Спортивная) - 2 шт | 3: Бисертская - 1 шт | 3: Тюмень (Народная) - 1 шт | 3: Соболева - 2 шт,9.0,public/data/product_images/1722dc55bd91.webp,0.0,2.0,0,2.0,2.0,1.0,0,1.0,0.0,1.0
Ракетки для тенниса,14FIT2653,Теннисная ракетка Tecnifibre TFIT 265 STORM,Tecnifibre,10118 ₽,https://saletennis.com/catalog/product/tiennisnaia-rakietka-tecnifibre-tfit-265-storm-16929,2: Санкт-Петербург (Спортивная) - 2 шт | 2: Соболева - 3 шт | 2: Парина - 2 шт | 2: Бисертская - 2 шт,9.0,public/data/product_images/5481793df103.webp,0.0,2.0,0,3.0,2.0,2.0,0,0.0,0.0,0.0
Ракетки для тенниса,WR195810,Теннисная ракетка Wilson Allure SE Violet,Wilson,14977 ₽,https://saletennis.com/catalog/product/tiennisnaia-rakietka-wilson-allure-se-violet-18690,1: Ижевск - 1 шт,1.0,public/data/product_images/336822e5155d.webp,0.0,0.0,0,0.0,0.0,0.0,0,0.0,0.0,1.0
Ракетки для тенниса,WR208211,Теннисная ракетка Wilson Blade 100 V10,Wilson,31582 ₽,https://saletennis.com/catalog/product/tiennisnaia-rakietka-wilson-blade-100-v10-18975,3: Бисертская - 1 шт | 3: Уфа - 1 шт | 3: Соболева - 1 шт | 3: Санкт-Петербург (Спортивная) - 2 шт | 3: Ижевск - 2 шт | 3: Тюмень (Народная) - 1 шт | 3: Парина - 2 шт | 4: Парина - 1 шт | 4: Соболева - 1 шт,12.0,public/data/product_images/29ac1cdb6d5c.webp,0.0,2.0,0,2.0,3.0,1.0,0,1.0,1.0,2.0
Ракетки для тенниса,WR208311,Теннисная ракетка Wilson Blade 100L V10,Wilson,27532 ₽,https://saletennis.com/catalog/product/tiennisnaia-rakietka-wilson-blade-100l-v10-18976,2: Ижевск - 2 шт | 2: Бисертская - 1 шт | 2: Парина - 3 шт | 2: Санкт-Петербург (Спортивная) - 2 шт | 2: Уфа - 2 шт | 2: Тюмень (Народная) - 2 шт | 2: Соболева - 1 шт,13.0,public/data/product_images/efc24a75b832.webp,0.0,2.0,0,1.0,3.0,1.0,0,2.0,2.0,2.0
Ракетки для тенниса,WR208410,Теннисная ракетка Wilson Blade 100UL V10,Wilson,27532 ₽,https://saletennis.com/catalog/product/tiennisnaia-rakietka-wilson-blade-100ul-v10-18977,1: Уфа - 1 шт | 1: Ижевск - 1 шт | 2: Соболева - 1 шт | 2: Санкт-Петербург (Спортивная) - 1 шт | 2: Тюмень (Народная) - 1 шт | 2: Парина - 1 шт,6.0,public/data/product_images/9de7b1cedaf1.webp,0.0,1.0,0,1.0,1.0,0.0,0,1.0,1.0,1.0
Ракетки для тенниса,WR208810,Теннисная ракетка Wilson Blade 101 Team V10,Wilson,22672 ₽,https://saletennis.com/catalog/product/tiennisnaia-rakietka-wilson-blade-101-team-v10-18978,2: Парина - 2 шт | 2: Соболева - 2 шт | 2: Ижевск - 2 шт | 2: Санкт-Петербург (Спортивная) - 2 шт | 2: Тюмень (Народная) - 2 шт,10.0,public/data/product_images/9dfc743b8461.webp,0.0,2.0,0,2.0,2.0,0.0,0,2.0,0.0,2.0
Ракетки для тенниса,WR208511,Теннисная ракетка Wilson Blade 104 V10,Wilson,30367 ₽,https://saletennis.com/catalog/product/tiennisnaia-rakietka-wilson-blade-104-v10-18979,2: Санкт-Петербург (Спортивная) - 1 шт | 2: Соболева - 1 шт | 2: Ижевск - 1 шт | 2: Тюмень (Народная) - 1 шт | 2: Бисертская - 1 шт | 2: Парина - 1 шт | 3: Тюмень (Народная) - 1 шт | 3: Соболева - 1 шт | 3: Санкт-Петербург (Спортивная) - 1 шт | 3: Парина - 1 шт,10.0,public/data/product_images/4a785113ee02.webp,0.0,2.0,0,2.0,2.0,1.0,0,2.0,0.0,1.0
Ракетки для тенниса,WR208610,Теннисная ракетка Wilson Blade 25 V10,Wilson,16192 ₽,https://saletennis.com/catalog/product/tiennisnaia-rakietka-wilson-blade-25-v10-18980,0: Тюмень (Народная) - 2 шт | 0: Уфа - 2 шт | 0: Санкт-Петербург (Спортивная) - 3 шт | 0: Соболева - 2 шт | 0: Парина - 3 шт | 0: Ижевск - 2 шт | 0: Бисертская - 2 шт,16.0,public/data/product_images/b3778b36aed5.webp,0.0,3.0,0,2.0,3.0,2.0,0,2.0,2.0,2.0
Ракетки для тенниса,WR151610U,Теннисная ракетка Wilson Blade 25 V9.0,Wilson,13993 ₽,https://saletennis.com/catalog/product/tiennisnaia-rakietka-wilson-blade-25-v9-0-15818,0: Бисертская - 1 шт | 0: Соболева - 1 шт | 0: Парина - 1 шт | 0: Тюмень (Народная) - 1 шт | 0: Санкт-Петербург (Спортивная) - 1 шт,5.0,public/data/product_images/18ce2f52727c.webp,0.0,1.0,0,1.0,1.0,1.0,0,1.0,0.0,0.0
Ракетки для тенниса,WR208710,Теннисная ракетка Wilson Blade 26 V10,Wilson,16192 ₽,https://saletennis.com/catalog/product/tiennisnaia-rakietka-wilson-blade-26-v10-18981,0: Санкт-Петербург (Спортивная) - 2 шт | 0: Ижевск - 1 шт | 0: Уфа - 1 шт | 0: Соболева - 2 шт | 0: Парина - 2 шт | 0: Бисертская - 2 шт | 0: Тюмень (Народная) - 2 шт,12.0,public/data/product_images/647829d48af4.webp,0.0,2.0,0,2.0,2.0,2.0,0,2.0,1.0,1.0
Ракетки для тенниса,WR207811,Теннисная ракетка Wilson Blade 98 16x19 V10,Wilson,32392 ₽,https://saletennis.com/catalog/product/tiennisnaia-rakietka-wilson-blade-98-16x19-v10-18982,2: Соболева - 1 шт | 2: Парина - 1 шт | 3: Бисертская - 2 шт | 3: Уфа - 2 шт | 3: Тюмень (Народная) - 2 шт | 3: Парина - 3 шт | 3: Соболева - 3 шт | 3: Ижевск - 1 шт | 3: Санкт-Петербург (Спортивная) - 3 шт | 4: Тюмень (Народная) - 2 шт | 4: Парина - 1 шт | 4: Ижевск - 1 шт | 4: Санкт-Петербург (Спортивная) - 2 шт,24.0,public/data/product_images/2264b8822cd2.webp,0.0,5.0,0,4.0,5.0,2.0,0,4.0,2.0,2.0
Ракетки для тенниса,WR149811,Теннисная ракетка Wilson Blade 98 16x19 V9.0,Wilson,22990 ₽,https://saletennis.com/catalog/product/tiennisnaia-rakietka-wilson-blade-98-16x19-v9-0-15646,4: Тюмень (Народная) - 1 шт,1.0,public/data/product_images/deb60ea12944.webp,0.0,0.0,0,0.0,0.0,0.0,0,1.0,0.0,0.0
Ракетки для тенниса,WR207911,Теннисная ракетка Wilson Blade 98 18x20 V10,Wilson,32392 ₽,https://saletennis.com/catalog/product/tiennisnaia-rakietka-wilson-blade-98-18x20-v10-18983,2: Соболева - 2 шт | 3: Уфа - 2 шт | 3: Тюмень (Народная) - 1 шт | 3: Соболева - 2 шт | 3: Санкт-Петербург (Спортивная) - 3 шт | 3: Бисертская - 2 шт | 3: Ижевск - 2 шт | 3: Парина - 2 шт | 4: Санкт-Петербург (Спортивная) - 2 шт | 4: Тюмень (Народная) - 2 шт | 4: Парина - 3 шт,23.0,public/data/product_images/f5db43c912ff.webp,0.0,5.0,0,4.0,5.0,2.0,0,3.0,2.0,2.0
Ракетки для тенниса,WR208011,Теннисная ракетка Wilson Blade 98S V10,Wilson,32392 ₽,https://saletennis.com/catalog/product/tiennisnaia-rakietka-wilson-blade-98s-v10-18984,3: Ижевск - 1 шт | 3: Соболева - 1 шт | 3: Бисертская - 1 шт | 3: Санкт-Петербург (Спортивная) - 2 шт | 3: Тюмень (Народная) - 1 шт | 3: Уфа - 1 шт | 3: Парина - 1 шт | 4: Бисертская - 1 шт | 4: Соболева - 1 шт | 4: Парина - 1 шт | 4: Санкт-Петербург (Спортивная) - 1 шт,12.0,public/data/product_images/ddb97893865e.webp,0.0,3.0,0,2.0,2.0,2.0,0,1.0,1.0,1.0
Ракетки для тенниса,WR152411,Теннисная ракетка Wilson Blade 98S V9.0,Wilson,22990 ₽,https://saletennis.com/catalog/product/tiennisnaia-rakietka-wilson-blade-98s-v9-0-15820,4: Парина - 1 шт | 4: Соболева - 1 шт,2.0,public/data/product_images/69bff52766e5.webp,0.0,0.0,0,1.0,1.0,0.0,0,0.0,0.0,0.0
Ракетки для тенниса,WR187110,Теннисная ракетка Wilson Burn Spin Junior 24,Wilson,10868 ₽,https://saletennis.com/catalog/product/tiennisnaia-rakietka-wilson-burn-spin-junior-24-17144,0: Санкт-Петербург (Спортивная) - 1 шт | 0: Соболева - 2 шт | 0: Тюмень (Народная) - 1 шт | 0: Ижевск - 1 шт | 0: Бисертская - 1 шт | 0: Уфа - 1 шт | 0: Парина - 2 шт,9.0,public/data/product_images/6114ad672f50.webp,0.0,1.0,0,2.0,2.0,1.0,0,1.0,1.0,1.0
Ракетки для тенниса,WR171610,Теннисная ракетка Wilson Burn Spin Junior 25,Wilson,10868 ₽,https://saletennis.com/catalog/product/tiennisnaia-rakietka-wilson-burn-spin-junior-25-17145,0: Бисертская - 1 шт | 0: Тюмень (Народная) - 1 шт | 0: Санкт-Петербург (Спортивная) - 2 шт | 0: Ижевск - 1 шт | 0: Парина - 2 шт | 0: Соболева - 2 шт | 0: Уфа - 1 шт,10.0,public/data/product_images/b7714141b5d5.webp,0.0,2.0,0,2.0,2.0,1.0,0,1.0,1.0,1.0
Ракетки для тенниса,WR171510,Теннисная ракетка Wilson Burn Spin Junior 26,Wilson,9743 ₽,https://saletennis.com/catalog/product/tiennisnaia-rakietka-wilson-burn-spin-junior-26-17146,0: Тюмень (Народная) - 1 шт,1.0,public/data/product_images/566ccbf8823e.webp,0.0,0.0,0,0.0,0.0,0.0,0,1.0,0.0,0.0
Ракетки для тенниса,WR199710,Теннисная ракетка Wilson Burn V6 100 ULS,Wilson,20242 ₽,https://saletennis.com/catalog/product/tiennisnaia-rakietka-wilson-burn-v6-100-uls-18869,1: Уфа - 1 шт | 1: Ижевск - 1 шт | 1: Парина - 1 шт | 2: Санкт-Петербург (Спортивная) - 1 шт | 2: Парина - 2 шт | 2: Соболева - 1 шт,7.0,public/data/product_images/970892089417.webp,0.0,1.0,0,1.0,3.0,0.0,0,0.0,1.0,1.0
Ракетки для тенниса,WR199610,Теннисная ракетка Wilson Burn V6 100LS,Wilson,21052 ₽,https://saletennis.com/catalog/product/tiennisnaia-rakietka-wilson-burn-v6-100ls-18692,2: Тюмень (Народная) - 1 шт | 2: Соболева - 1 шт | 3: Санкт-Петербург (Спортивная) - 1 шт | 3: Парина - 1 шт,4.0,public/data/product_images/86ba38497f7b.webp,0.0,1.0,0,1.0,1.0,0.0,0,1.0,0.0,0.0
Ракетки для тенниса,WR199510,Теннисная ракетка Wilson Burn V6 100S,Wilson,22267 ₽,https://saletennis.com/catalog/product/tiennisnaia-rakietka-wilson-burn-v6-100s-18693,2: Соболева - 1 шт | 2: Парина - 1 шт | 3: Соболева - 1 шт | 3: Санкт-Петербург (Спортивная) - 1 шт | 3: Парина - 1 шт | 3: Тюмень (Народная) - 1 шт | 4: Парина - 1 шт,7.0,public/data/product_images/54e5ad7cbee6.webp,0.0,1.0,0,2.0,3.0,0.0,0,1.0,0.0,0.0
Ракетки для тенниса,WR199810,Теннисная ракетка Wilson Burn V6 105S,Wilson,21457 ₽,https://saletennis.com/catalog/product/tiennisnaia-rakietka-wilson-burn-v6-105s-18985,1: Парина - 1 шт | 1: Соболева - 1 шт,2.0,public/data/product_images/f93346d081d8.webp,0.0,0.0,0,1.0,1.0,0.0,0,0.0,0.0,0.0
Ракетки для тенниса,WR210611,Теннисная ракетка Wilson Clash 100 Pro Reverse V3.0,Wilson,29152 ₽,https://saletennis.com/catalog/product/tiennisnaia-rakietka-wilson-clash-100-pro-reverse-v3-0-18870,3: Соболева - 1 шт | 3: Парина - 1 шт | 3: Бисертская - 1 шт | 3: Санкт-Петербург (Спортивная) - 1 шт,4.0,public/data/product_images/599240b467f1.webp,0.0,1.0,0,1.0,1.0,1.0,0,0.0,0.0,0.0
Ракетки для тенниса,WR172711,Теннисная ракетка Wilson Clash 100 Pro V3.0,Wilson,27532 ₽,https://saletennis.com/catalog/product/tiennisnaia-rakietka-wilson-clash-100-pro-v3-0-17147,3: Санкт-Петербург (Спортивная) - 1 шт | 3: Парина - 1 шт,2.0,public/data/product_images/dae1a2787719.webp,0.0,1.0,0,0.0,1.0,0.0,0,0.0,0.0,0.0
Ракетки для тенниса,WR210711,Теннисная ракетка Wilson Clash 100 Reverse V3.0,Wilson,29152 ₽,https://saletennis.com/catalog/product/tiennisnaia-rakietka-wilson-clash-100-reverse-v3-0-18871,2: Парина - 1 шт | 2: Санкт-Петербург (Спортивная) - 1 шт | 3: Соболева - 2 шт | 3: Уфа - 1 шт | 3: Парина - 1 шт | 3: Ижевск - 2 шт | 4: Санкт-Петербург (Спортивная) - 1 шт | 4: Бисертская - 1 шт,10.0,public/data/product_images/148a2e99931e.webp,0.0,2.0,0,2.0,2.0,1.0,0,0.0,1.0,2.0
Ракетки для тенниса,WR172811,Теннисная ракетка Wilson Clash 100 V3.0,Wilson,29152 ₽,https://saletennis.com/catalog/product/tiennisnaia-rakietka-wilson-clash-100-v3-0-17148,2: Парина - 1 шт | 2: Санкт-Петербург (Спортивная) - 1 шт | 3: Соболева - 1 шт | 3: Парина - 1 шт | 3: Ижевск - 1 шт | 3: Тюмень (Народная) - 1 шт | 4: Соболева - 1 шт | 4: Ижевск - 1 шт,8.0,public/data/product_images/d0e0e9d7c3fc.webp,0.0,1.0,0,2.0,2.0,0.0,0,1.0,0.0,2.0
Ракетки для тенниса,WR210811,Теннисная ракетка Wilson Clash 100L Reverse V3.0,Wilson,29152 ₽,https://saletennis.com/catalog/product/tiennisnaia-rakietka-wilson-clash-100l-reverse-v3-0-18694,2: Тюмень (Народная) - 1 шт | 2: Соболева - 2 шт | 2: Санкт-Петербург (Спортивная) - 1 шт | 2: Ижевск - 1 шт | 2: Парина - 1 шт | 2: Уфа - 1 шт | 2: Бисертская - 1 шт | 3: Соболева - 1 шт | 3: Парина - 1 шт,10.0,public/data/product_images/a6a96daf907e.webp,0.0,1.0,0,3.0,2.0,1.0,0,1.0,1.0,1.0
Ракетки для тенниса,WR172911,Теннисная ракетка Wilson Clash 100L V3.0,Wilson,29152 ₽,https://saletennis.com/catalog/product/tiennisnaia-rakietka-wilson-clash-100l-v3-0-17149,2: Соболева - 1 шт | 2: Тюмень (Народная) - 1 шт | 2: Парина - 1 шт | 2: Санкт-Петербург (Спортивная) - 1 шт | 3: Ижевск - 1 шт | 3: Уфа - 1 шт,6.0,public/data/product_images/7b9825c871a6.webp,0.0,1.0,0,1.0,1.0,0.0,0,1.0,1.0,1.0
Ракетки для тенниса,WR212810,Теннисная ракетка Wilson Clash 100UL Reverse V3.0,Wilson,26722 ₽,https://saletennis.com/catalog/product/tiennisnaia-rakietka-wilson-clash-100ul-reverse-v3-0-18695,1: Санкт-Петербург (Спортивная) - 2 шт | 1: Бисертская - 1 шт | 1: Парина - 2 шт | 1: Соболева - 1 шт | 1: Ижевск - 1 шт | 1: Тюмень (Народная) - 1 шт | 2: Уфа - 1 шт | 2: Ижевск - 1 шт | 2: Соболева - 2 шт,12.0,public/data/product_images/e1ecce931835.webp,0.0,2.0,0,3.0,2.0,1.0,0,1.0,1.0,2.0
Ракетки для тенниса,WR173011,Теннисная ракетка Wilson Clash 100UL V3.0,Wilson,24292 ₽,https://saletennis.com/catalog/product/tiennisnaia-rakietka-wilson-clash-100ul-v3-0-17210,1: Парина - 1 шт | 1: Санкт-Петербург (Спортивная) - 1 шт | 1: Соболева - 2 шт | 1: Тюмень (Народная) - 1 шт,5.0,public/data/product_images/09dcf3e89e50.webp,0.0,1.0,0,2.0,1.0,0.0,0,1.0,0.0,0.0
Ракетки для тенниса,WR173310,Теннисная ракетка Wilson Clash 25 V3.0,Wilson,16192 ₽,https://saletennis.com/catalog/product/tiennisnaia-rakietka-wilson-clash-25-v3-0-17150,0: Уфа - 1 шт | 0: Бисертская - 2 шт | 0: Ижевск - 2 шт | 0: Соболева - 2 шт | 0: Парина - 2 шт | 0: Тюмень (Народная) - 2 шт | 0: Санкт-Петербург (Спортивная) - 3 шт,14.0,public/data/product_images/5d53f7961ca9.webp,0.0,3.0,0,2.0,2.0,2.0,0,2.0,1.0,2.0
Ракетки для тенниса,WR173210,Теннисная ракетка Wilson Clash 26 V3.0,Wilson,16192 ₽,https://saletennis.com/catalog/product/tiennisnaia-rakietka-wilson-clash-26-v3-0-17151,0: Соболева - 1 шт | 0: Парина - 1 шт | 0: Санкт-Петербург (Спортивная) - 1 шт | 0: Уфа - 1 шт | 0: Ижевск - 1 шт | 0: Тюмень (Народная) - 1 шт,6.0,public/data/product_images/94178f7a2a7e.webp,0.0,1.0,0,1.0,1.0,0.0,0,1.0,1.0,1.0
Ракетки для тенниса,WR215411,Теннисная ракетка Wilson Defyer 100 V1,Wilson,31582 ₽,https://saletennis.com/catalog/product/tiennisnaia-rakietka-wilson-defyer-100-v1-19355,2: Парина - 1 шт | 3: Бисертская - 1 шт | 3: Санкт-Петербург (Спортивная) - 1 шт | 3: Ижевск - 1 шт | 4: Санкт-Петербург (Спортивная) - 1 шт | 4: Парина - 1 шт,6.0,public/data/product_images/2c13e391d9df.webp,0.0,2.0,0,0.0,2.0,1.0,0,0.0,0.0,1.0
Ракетки для тенниса,WR215311,Теннисная ракетка Wilson Defyer 98 Pro V1,Wilson,31987 ₽,https://saletennis.com/catalog/product/tiennisnaia-rakietka-wilson-defyer-98-pro-v1-19356,2: Санкт-Петербург (Спортивная) - 1 шт | 2: Соболева - 1 шт | 3: Бисертская - 1 шт | 3: Санкт-Петербург (Спортивная) - 1 шт | 3: Ижевск - 2 шт | 4: Бисертская - 1 шт | 4: Ижевск - 1 шт | 4: Парина - 1 шт | 4: Санкт-Петербург (Спортивная) - 1 шт,10.0,public/data/product_images/342a1c9cc45a.webp,0.0,3.0,0,1.0,1.0,2.0,0,0.0,0.0,3.0
Ракетки для тенниса,WR198010,Теннисная ракетка Wilson ENVY SE,Wilson,14977 ₽,https://saletennis.com/catalog/product/tiennisnaia-rakietka-wilson-envy-se-18987,1: Соболева - 1 шт | 1: Санкт-Петербург (Спортивная) - 1 шт,2.0,public/data/product_images/b10b2c9e0810.webp,0.0,1.0,0,1.0,0.0,0.0,0,0.0,0.0,0.0
Ракетки для тенниса,WR180510,Теннисная ракетка Wilson Intrigue Girls Junior 21,Wilson,3843 ₽,https://saletennis.com/catalog/product/tiennisnaia-rakietka-wilson-intrigue-girls-junior-21-17489,0: Санкт-Петербург (Ярослава Гашека) - 1 шт | 0: Ижевск - 1 шт | 0: Тюмень (Народная) - 1 шт | 0: Соболева - 1 шт | 0: Парина - 1 шт | 0: Санкт-Петербург (Спортивная) - 1 шт,6.0,public/data/product_images/34341c4df7a9.webp,1.0,1.0,0,1.0,1.0,0.0,0,1.0,0.0,1.0
Ракетки для тенниса,WR180410,Теннисная ракетка Wilson Intrigue Girls Junior 23,Wilson,4447 ₽,https://saletennis.com/catalog/product/tiennisnaia-rakietka-wilson-intrigue-girls-junior-23-17490,0: Парина - 1 шт | 0: Санкт-Петербург (Спортивная) - 2 шт | 0: Соболева - 2 шт | 0: Тюмень (Народная) - 1 шт,6.0,public/data/product_images/f01643fb0b42.webp,0.0,2.0,0,2.0,1.0,0.0,0,1.0,0.0,0.0
Ракетки для тенниса,WR180310,Теннисная ракетка Wilson Intrigue Girls Junior 25,Wilson,4042 ₽,https://saletennis.com/catalog/product/tiennisnaia-rakietka-wilson-intrigue-girls-junior-25-17491,0: Соболева - 2 шт | 0: Тюмень (Народная) - 1 шт | 0: Парина - 2 шт,5.0,public/data/product_images/4e71267fd682.webp,0.0,0.0,0,2.0,2.0,0.0,0,1.0,0.0,0.0
Ракетки для тенниса,WR124410H,Теннисная ракетка Wilson Minions 3.0 Jr. 19,Wilson,5618 ₽,https://saletennis.com/catalog/product/tiennisnaia-rakietka-wilson-minions-3-0-jr-19-16109,0: Санкт-Петербург (Спортивная) - 1 шт,1.0,public/data/product_images/3eccdc021801.webp,0.0,1.0,0,0.0,0.0,0.0,0,0.0,0.0,0.0
Ракетки для тенниса,WR126210,Теннисная ракетка Wilson Pro Staff 25 v14.0,Wilson,13293 ₽,https://saletennis.com/catalog/product/tiennisnaia-rakietka-wilson-pro-staff-25-v14-0-14606,0: Санкт-Петербург (Спортивная) - 1 шт | 0: Парина - 1 шт | 0: Ижевск - 1 шт,3.0,public/data/product_images/24a84ffcf23a.webp,0.0,1.0,0,0.0,1.0,0.0,0,0.0,0.0,1.0
Ракетки для тенниса,WR201311,Теннисная ракетка Wilson Pro Staff 97 Classic,Wilson,32392 ₽,https://saletennis.com/catalog/product/tiennisnaia-rakietka-wilson-pro-staff-97-classic-18687,3: Соболева - 1 шт | 3: Тюмень (Народная) - 1 шт | 3: Бисертская - 1 шт | 3: Уфа - 1 шт | 3: Ижевск - 1 шт | 3: Парина - 2 шт | 3: Санкт-Петербург (Спортивная) - 2 шт,9.0,public/data/product_images/db0558b3b9dd.webp,0.0,2.0,0,1.0,2.0,1.0,0,1.0,1.0,1.0
Ракетки для тенниса,WR125711,Теннисная ракетка Wilson Pro Staff 97 V14,Wilson,23990 ₽,https://saletennis.com/catalog/product/tiennisnaia-rakietka-wilson-pro-staff-97-v14-14720,3: Санкт-Петербург (Спортивная) - 2 шт | 3: Уфа - 1 шт | 3: Ижевск - 2 шт,5.0,public/data/product_images/73be50af68d8.webp,0.0,2.0,0,0.0,0.0,0.0,0,0.0,1.0,2.0
Ракетки для тенниса,WR201411,Теннисная ракетка Wilson Pro Staff 97L Classic,Wilson,30772 ₽,https://saletennis.com/catalog/product/tiennisnaia-rakietka-wilson-pro-staff-97l-classic-18688,2: Парина - 2 шт | 2: Санкт-Петербург (Спортивная) - 2 шт | 2: Ижевск - 1 шт | 2: Уфа - 1 шт | 2: Бисертская - 1 шт | 2: Тюмень (Народная) - 1 шт | 2: Соболева - 2 шт | 3: Соболева - 2 шт | 3: Бисертская - 2 шт | 3: Ижевск - 1 шт | 3: Санкт-Петербург (Спортивная) - 2 шт | 3: Тюмень (Народная) - 2 шт | 3: Уфа - 2 шт | 3: Парина - 2 шт,23.0,public/data/product_images/89cc09a9c03a.webp,0.0,4.0,0,4.0,4.0,3.0,0,3.0,3.0,2.0
Ракетки для тенниса,WR1259111,Теннисная ракетка Wilson Pro Staff 97L V14,Wilson,23490 ₽,https://saletennis.com/catalog/product/tiennisnaia-rakietka-wilson-pro-staff-97l-v14-14461,2: Тюмень (Народная) - 1 шт | 2: Соболева - 1 шт | 3: Соболева - 1 шт,3.0,public/data/product_images/aff5c732f519.webp,0.0,0.0,0,2.0,0.0,0.0,0,1.0,0.0,0.0
Ракетки для тенниса,WR201510,Теннисная ракетка Wilson Pro Staff 97UL Classic,Wilson,29557 ₽,https://saletennis.com/catalog/product/tiennisnaia-rakietka-wilson-pro-staff-97ul-classic-18689,2: Соболева - 4 шт | 2: Ижевск - 3 шт | 2: Парина - 4 шт | 2: Тюмень (Народная) - 3 шт | 2: Санкт-Петербург (Спортивная) - 4 шт | 2: Бисертская - 3 шт | 2: Уфа - 3 шт,24.0,public/data/product_images/ebd1de28a921.webp,0.0,4.0,0,4.0,4.0,3.0,0,3.0,3.0,3.0
Ракетки для тенниса,WR118110H,Теннисная ракетка Wilson Pro Staff Precision Jr. 21,Wilson,3894 ₽,https://saletennis.com/catalog/product/tiennisnaia-rakietka-wilson-pro-staff-precision-jr-21-15906,0: Санкт-Петербург (Ярослава Гашека) - 1 шт | 0: Парина - 2 шт | 0: Ижевск - 1 шт | 0: Соболева - 3 шт | 0: Тюмень (Народная) - 1 шт,8.0,public/data/product_images/b5940615f729.webp,1.0,0.0,0,3.0,2.0,0.0,0,1.0,0.0,1.0
Ракетки для тенниса,WR118010H,Теннисная ракетка Wilson Pro Staff Precision Jr. 23,Wilson,5592 ₽,https://saletennis.com/catalog/product/tiennisnaia-rakietka-wilson-pro-staff-precision-jr-23-15822,0: Соболева - 1 шт | 0: Тюмень (Народная) - 1 шт | 0: Парина - 1 шт | 0: Уфа - 1 шт | 0: Бисертская - 1 шт,5.0,public/data/product_images/0217d5f25d7b.webp,0.0,0.0,0,1.0,1.0,1.0,0,1.0,1.0,0.0
Ракетки для тенниса,WR117910,Теннисная ракетка Wilson Pro Staff Precision Jr. 25,Wilson,4194 ₽,https://saletennis.com/catalog/product/tiennisnaia-rakietka-wilson-pro-staff-precision-jr-25-15907,0: Санкт-Петербург (Спортивная) - 2 шт | 0: Парина - 1 шт | 0: Ижевск - 1 шт | 0: Соболева - 2 шт,6.0,public/data/product_images/63bf268d6272.webp,0.0,2.0,0,2.0,1.0,0.0,0,0.0,0.0,1.0
Ракетки для тенниса,WR203510,Теннисная ракетка Wilson Pro Staff Precision NXT 26,Wilson,11332 ₽,https://saletennis.com/catalog/product/tiennisnaia-rakietka-wilson-pro-staff-precision-nxt-26-18696,0: Уфа - 1 шт | 0: Тюмень (Народная) - 1 шт,2.0,public/data/product_images/a237a95a076b.webp,0.0,0.0,0,0.0,0.0,0.0,0,1.0,1.0,0.0
Ракетки для тенниса,WR201610,Теннисная ракетка Wilson Pro Staff Team Classic,Wilson,23887 ₽,https://saletennis.com/catalog/product/tiennisnaia-rakietka-wilson-pro-staff-team-classic-18872,2: Соболева - 2 шт | 2: Бисертская - 1 шт | 2: Парина - 2 шт | 2: Ижевск - 1 шт | 2: Санкт-Петербург (Спортивная) - 2 шт | 3: Тюмень (Народная) - 1 шт | 3: Уфа - 1 шт,10.0,public/data/product_images/555fe50d08bc.webp,0.0,2.0,0,2.0,2.0,1.0,0,1.0,1.0,1.0
Ракетки для тенниса,WR125811,Теннисная ракетка Wilson Pro Staff X V14,Wilson,26593 ₽,https://saletennis.com/catalog/product/tiennisnaia-rakietka-wilson-pro-staff-x-v14-15823,3: Тюмень (Народная) - 2 шт | 3: Парина - 1 шт,3.0,public/data/product_images/dda28e948753.webp,0.0,0.0,0,0.0,1.0,0.0,0,2.0,0.0,0.0
Ракетки для тенниса,WR151411,Теннисная ракетка Wilson RF 01,Wilson,31177 ₽,https://saletennis.com/catalog/product/tiennisnaia-rakietka-wilson-rf-01-16468,2: Соболева - 1 шт | 3: Парина - 1 шт | 3: Тюмень (Народная) - 1 шт | 3: Санкт-Петербург (Спортивная) - 1 шт | 3: Соболева - 1 шт | 4: Санкт-Петербург (Спортивная) - 1 шт | 4: Соболева - 1 шт,7.0,public/data/product_images/747b4745e070.webp,0.0,2.0,0,3.0,1.0,0.0,0,1.0,0.0,0.0
Ракетки для тенниса,WR166811,Теннисная ракетка Wilson RF 01 FUTURE,Wilson,29152 ₽,https://saletennis.com/catalog/product/tiennisnaia-rakietka-wilson-rf-01-future-16467,2: Тюмень (Народная) - 1 шт | 2: Санкт-Петербург (Спортивная) - 2 шт | 2: Бисертская - 1 шт | 2: Соболева - 2 шт | 2: Парина - 2 шт | 3: Ижевск - 1 шт | 3: Тюмень (Народная) - 1 шт,10.0,public/data/product_images/575160a27b6b.webp,0.0,2.0,0,2.0,2.0,1.0,0,2.0,0.0,1.0
Ракетки для тенниса,WR175711,Теннисная ракетка Wilson RF 01 Future Lite,Wilson,28342 ₽,https://saletennis.com/catalog/product/tiennisnaia-rakietka-wilson-rf-01-future-lite-17570,1: Санкт-Петербург (Спортивная) - 1 шт | 1: Парина - 1 шт | 1: Соболева - 1 шт | 1: Тюмень (Народная) - 1 шт | 2: Уфа - 1 шт | 2: Соболева - 1 шт | 2: Бисертская - 1 шт | 2: Ижевск - 1 шт | 2: Парина - 1 шт | 2: Санкт-Петербург (Спортивная) - 1 шт | 2: Тюмень (Народная) - 1 шт,11.0,public/data/product_images/d65d9325cda0.webp,0.0,2.0,0,2.0,2.0,1.0,0,2.0,1.0,1.0
Ракетки для тенниса,WR151311,Теннисная ракетка Wilson RF 01 Pro,Wilson,28747 ₽,https://saletennis.com/catalog/product/tiennisnaia-rakietka-wilson-rf-01-pro-17153,3: Парина - 2 шт | 3: Соболева - 1 шт,3.0,public/data/product_images/ed2c12e84b8b.webp,0.0,0.0,0,1.0,2.0,0.0,0,0.0,0.0,0.0
Ракетки для тенниса,WR193610H,Теннисная ракетка Wilson Roland Garros 2026 Elite 21,Wilson,6472 ₽,https://saletennis.com/catalog/product/tiennisnaia-rakietka-wilson-roland-garros-2026-elite-21-18697,0: Соболева - 1 шт | 0: Уфа - 1 шт | 0: Ижевск - 1 шт | 0: Санкт-Петербург (Спортивная) - 1 шт | 0: Тюмень (Народная) - 1 шт | 0: Санкт-Петербург (Ярослава Гашека) - 1 шт | 0: Бисертская - 1 шт | 0: Парина - 2 шт,9.0,public/data/product_images/e1d2ece1caac.webp,1.0,1.0,0,1.0,2.0,1.0,0,1.0,1.0,1.0
Ракетки для тенниса,WR193510H,Теннисная ракетка Wilson Roland Garros 2026 Elite 23,Wilson,6472 ₽,https://saletennis.com/catalog/product/tiennisnaia-rakietka-wilson-roland-garros-2026-elite-23-18699,0: Санкт-Петербург (Спортивная) - 1 шт | 0: Соболева - 1 шт | 0: Тюмень (Народная) - 1 шт | 0: Уфа - 1 шт | 0: Парина - 1 шт | 0: Ижевск - 1 шт,6.0,public/data/product_images/35ac84bca71d.webp,0.0,1.0,0,1.0,1.0,0.0,0,1.0,1.0,1.0
Ракетки для тенниса,WR193410H,Теннисная ракетка Wilson Roland Garros 2026 Elite 25,Wilson,6472 ₽,https://saletennis.com/catalog/product/tiennisnaia-rakietka-wilson-roland-garros-2026-elite-25-18700,0: Парина - 1 шт | 0: Соболева - 1 шт | 0: Санкт-Петербург (Спортивная) - 1 шт | 0: Тюмень (Народная) - 1 шт,4.0,public/data/product_images/4790121e923e.webp,0.0,1.0,0,1.0,1.0,0.0,0,1.0,0.0,0.0
Ракетки для тенниса,WR193310H,Теннисная ракетка Wilson Roland Garros 2026 Elite Comp Jr 26,Wilson,8902 ₽,https://saletennis.com/catalog/product/tiennisnaia-rakietka-wilson-roland-garros-2026-elite-comp-jr-26-18701,0: Парина - 1 шт | 0: Тюмень (Народная) - 1 шт | 0: Санкт-Петербург (Спортивная) - 1 шт | 0: Ижевск - 1 шт,4.0,public/data/product_images/470c06d3ce1f.webp,0.0,1.0,0,0.0,1.0,0.0,0,1.0,0.0,1.0
Ракетки для тенниса,WR192910,Теннисная ракетка Wilson Roland Garros 2026 Team 102,Wilson,20647 ₽,https://saletennis.com/catalog/product/tiennisnaia-rakietka-wilson-roland-garros-2026-team-102-18874,1: Основной склад Екатеринбург - 4 шт,4.0,public/data/product_images/0dd1c3f437f7.webp,0.0,0.0,4,0.0,0.0,0.0,0,0.0,0.0,0.0
Ракетки для тенниса,WR145411,Теннисная ракетка Wilson Shift 99 PRO V1.0,Wilson,27937 ₽,https://saletennis.com/catalog/product/tiennisnaia-rakietka-wilson-shift-99-pro-v1-0-15910,3: Санкт-Петербург (Спортивная) - 2 шт | 3: Соболева - 1 шт | 3: Парина - 1 шт | 3: Бисертская - 1 шт | 3: Ижевск - 1 шт,6.0,public/data/product_images/2346117231df.webp,0.0,2.0,0,1.0,1.0,1.0,0,0.0,0.0,1.0
Ракетки для тенниса,WR145311,Теннисная ракетка Wilson Shift 99 V1.0,Wilson,27293 ₽,https://saletennis.com/catalog/product/tiennisnaia-rakietka-wilson-shift-99-v1-0-15825,3: Ижевск - 2 шт | 3: Соболева - 1 шт | 3: Парина - 2 шт | 3: Бисертская - 1 шт | 3: Санкт-Петербург (Спортивная) - 1 шт | 3: Тюмень (Народная) - 2 шт | 4: Парина - 1 шт | 4: Санкт-Петербург (Спортивная) - 1 шт,11.0,public/data/product_images/7f8800a87d2d.webp,0.0,2.0,0,1.0,3.0,1.0,0,2.0,0.0,2.0
Ракетки для тенниса,WR174311,Теннисная ракетка Wilson Shift 99 V1.0 RG,Wilson,27192 ₽,https://saletennis.com/catalog/product/tiennisnaia-rakietka-wilson-shift-99-v1-0-rg-17571,3: Ижевск - 1 шт,1.0,public/data/product_images/4f9453b6e300.webp,0.0,0.0,0,0.0,0.0,0.0,0,0.0,0.0,1.0
Ракетки для тенниса,WR145511,Теннисная ракетка Wilson Shift 99L V1.0,Wilson,28493 ₽,https://saletennis.com/catalog/product/tiennisnaia-rakietka-wilson-shift-99l-v1-0-15826,2: Тюмень (Народная) - 1 шт | 2: Соболева - 2 шт | 2: Санкт-Петербург (Спортивная) - 1 шт | 2: Ижевск - 1 шт | 2: Уфа - 1 шт | 2: Бисертская - 1 шт | 2: Парина - 1 шт | 3: Соболева - 1 шт | 3: Парина - 1 шт,10.0,public/data/product_images/0c01959b55b1.webp,0.0,1.0,0,3.0,2.0,1.0,0,1.0,1.0,1.0
Ракетки для тенниса,WR172110,Теннисная ракетка Wilson Slam Boys Junior 19,Wilson,2994 ₽,https://saletennis.com/catalog/product/tiennisnaia-rakietka-wilson-slam-boys-junior-19-17318,0: Бисертская - 1 шт | 0: Соболева - 1 шт | 0: Уфа - 1 шт | 0: Тюмень (Народная) - 2 шт | 0: Парина - 2 шт | 0: Санкт-Петербург (Спортивная) - 1 шт,8.0,public/data/product_images/ac2d6cc7ed2d.webp,0.0,1.0,0,1.0,2.0,1.0,0,2.0,1.0,0.0
Ракетки для тенниса,WR172010,Теннисная ракетка Wilson Slam Boys Junior 21,Wilson,3493 ₽,https://saletennis.com/catalog/product/tiennisnaia-rakietka-wilson-slam-boys-junior-21-17492,0: Парина - 2 шт | 0: Ижевск - 1 шт | 0: Уфа - 2 шт | 0: Санкт-Петербург (Спортивная) - 1 шт | 0: Санкт-Петербург (Ярослава Гашека) - 1 шт | 0: Бисертская - 1 шт | 0: Тюмень (Народная) - 1 шт,9.0,public/data/product_images/0562c46b8a49.webp,1.0,1.0,0,0.0,2.0,1.0,0,1.0,2.0,1.0
Ракетки для тенниса,WR171910,Теннисная ракетка Wilson Slam Boys Junior 23,Wilson,4447 ₽,https://saletennis.com/catalog/product/tiennisnaia-rakietka-wilson-slam-boys-junior-23-17493,0: Парина - 2 шт | 0: Соболева - 2 шт | 0: Уфа - 1 шт | 0: Санкт-Петербург (Спортивная) - 2 шт | 0: Ижевск - 1 шт | 0: Тюмень (Народная) - 2 шт,10.0,public/data/product_images/7e0bbfe017f5.webp,0.0,2.0,0,2.0,2.0,0.0,0,2.0,1.0,1.0
Ракетки для тенниса,WR171810,Теннисная ракетка Wilson Slam Boys Junior 25,Wilson,4447 ₽,https://saletennis.com/catalog/product/tiennisnaia-rakietka-wilson-slam-boys-junior-25-17494,0: Парина - 2 шт | 0: Соболева - 2 шт | 0: Бисертская - 1 шт | 0: Уфа - 1 шт | 0: Тюмень (Народная) - 1 шт | 0: Санкт-Петербург (Спортивная) - 2 шт,9.0,public/data/product_images/43a9c1264324.webp,0.0,2.0,0,2.0,2.0,1.0,0,1.0,1.0,0.0
Ракетки для тенниса,WR178811,Теннисная ракетка Wilson Ultra 100 V5.0,Wilson,30367 ₽,https://saletennis.com/catalog/product/tiennisnaia-rakietka-wilson-ultra-100-v5-0-18041,2: Ижевск - 1 шт | 2: Соболева - 1 шт | 3: Санкт-Петербург (Спортивная) - 1 шт | 3: Тюмень (Народная) - 1 шт | 3: Соболева - 1 шт | 3: Ижевск - 1 шт | 3: Парина - 1 шт | 4: Соболева - 1 шт | 4: Парина - 1 шт,9.0,public/data/product_images/371e30d00a9e.webp,0.0,1.0,0,3.0,2.0,0.0,0,1.0,0.0,2.0
Ракетки для тенниса,WR178911,Теннисная ракетка Wilson Ultra 100L V5.0,Wilson,29152 ₽,https://saletennis.com/catalog/product/tiennisnaia-rakietka-wilson-ultra-100l-v5-0-18042,2: Тюмень (Народная) - 2 шт | 2: Уфа - 1 шт | 2: Санкт-Петербург (Спортивная) - 1 шт | 2: Ижевск - 1 шт | 2: Соболева - 2 шт | 2: Парина - 1 шт | 3: Санкт-Петербург (Спортивная) - 1 шт | 3: Парина - 1 шт,10.0,public/data/product_images/f29a0b5ea582.webp,0.0,2.0,0,2.0,2.0,0.0,0,2.0,1.0,1.0
Ракетки для тенниса,WR204311,Теннисная ракетка Wilson Ultra 100L V5.0 Roland Garros 2026,Wilson,27532 ₽,https://saletennis.com/catalog/product/tiennisnaia-rakietka-wilson-ultra-100l-v5-0-roland-garros-2026-18989,2: Тюмень (Народная) - 1 шт | 2: Соболева - 1 шт | 2: Ижевск - 1 шт | 2: Парина - 1 шт | 2: Уфа - 1 шт | 2: Санкт-Петербург (Спортивная) - 1 шт,6.0,public/data/product_images/a08da67150e4.webp,0.0,1.0,0,1.0,1.0,0.0,0,1.0,1.0,1.0
Ракетки для тенниса,WR179010,Теннисная ракетка Wilson Ultra 100UL V5.0,Wilson,26722 ₽,https://saletennis.com/catalog/product/tiennisnaia-rakietka-wilson-ultra-100ul-v5-0-18043,1: Соболева - 1 шт | 1: Тюмень (Народная) - 1 шт | 1: Уфа - 1 шт | 1: Парина - 1 шт | 1: Ижевск - 1 шт | 1: Бисертская - 1 шт | 1: Санкт-Петербург (Спортивная) - 2 шт | 2: Ижевск - 1 шт | 2: Тюмень (Народная) - 1 шт | 2: Парина - 1 шт | 2: Соболева - 1 шт | 2: Санкт-Петербург (Спортивная) - 1 шт,13.0,public/data/product_images/947a7ef4f523.webp,0.0,3.0,0,2.0,2.0,1.0,0,2.0,1.0,2.0
Ракетки для тенниса,WR179210,Теннисная ракетка Wilson Ultra 25 V5.0,Wilson,16192 ₽,https://saletennis.com/catalog/product/tiennisnaia-rakietka-wilson-ultra-25-v5-0-18044,0: Соболева - 1 шт | 0: Ижевск - 1 шт | 0: Уфа - 1 шт | 0: Санкт-Петербург (Спортивная) - 1 шт | 0: Тюмень (Народная) - 1 шт | 0: Парина - 1 шт,6.0,public/data/product_images/d9e131966b26.webp,0.0,1.0,0,1.0,1.0,0.0,0,1.0,1.0,1.0
Ракетки для тенниса,WR179310,Теннисная ракетка Wilson Ultra 26 V5.0,Wilson,16192 ₽,https://saletennis.com/catalog/product/tiennisnaia-rakietka-wilson-ultra-26-v5-0-18045,0: Санкт-Петербург (Спортивная) - 1 шт | 0: Тюмень (Народная) - 1 шт | 0: Соболева - 1 шт | 0: Парина - 1 шт | 0: Уфа - 1 шт | 0: Ижевск - 1 шт,6.0,public/data/product_images/fe639db05542.webp,0.0,1.0,0,1.0,1.0,0.0,0,1.0,1.0,1.0
Ракетки для тенниса,WR178711,Теннисная ракетка Wilson Ultra 99 Pro V5.0,Wilson,32392 ₽,https://saletennis.com/catalog/product/tiennisnaia-rakietka-wilson-ultra-99-pro-v5-0-18046,3: Санкт-Петербург (Спортивная) - 2 шт | 3: Соболева - 1 шт | 3: Ижевск - 1 шт | 3: Парина - 1 шт | 3: Уфа - 1 шт,6.0,public/data/product_images/fa717b080985.webp,0.0,2.0,0,1.0,1.0,0.0,0,0.0,1.0,1.0
Ракетки для тенниса,WR146810,Теннисная ракетка Wilson Ultra POWER 100,Wilson,14005 ₽,https://saletennis.com/catalog/product/tiennisnaia-rakietka-wilson-ultra-power-100-1-16469,2: Тюмень (Народная) - 1 шт | 2: Бисертская - 1 шт | 2: Ижевск - 1 шт | 2: Уфа - 1 шт,4.0,public/data/product_images/d26f03b7c776.webp,0.0,0.0,0,0.0,0.0,1.0,0,1.0,1.0,1.0
Ракетки для тенниса,WR118910H,Теннисная ракетка Wilson Ultra Power Jr.21,Wilson,3894 ₽,https://saletennis.com/catalog/product/tiennisnaia-rakietka-wilson-ultra-power-jr-21-18058,0: Тюмень (Народная) - 1 шт,1.0,public/data/product_images/69de84f23a04.webp,0.0,0.0,0,0.0,0.0,0.0,0,1.0,0.0,0.0
Ракетки для тенниса,WR118810H,Теннисная ракетка Wilson Ultra Power Jr.23,Wilson,5662 ₽,https://saletennis.com/catalog/product/tiennisnaia-rakietka-wilson-ultra-power-jr-23-18059,0: Соболева - 1 шт | 0: Парина - 1 шт | 0: Тюмень - 1 шт,3.0,public/data/product_images/fdfc84444257.webp,0.0,0.0,0,1.0,1.0,0.0,0,1.0,0.0,0.0
Ракетки для тенниса,WR198310,Теннисная ракетка Wilson US OPEN GS 105,Wilson,8902 ₽,https://saletennis.com/catalog/product/tiennisnaia-rakietka-wilson-us-open-gs-105-18990,2: Парина - 1 шт | 2: Тюмень (Народная) - 1 шт | 2: Санкт-Петербург (Спортивная) - 1 шт,3.0,public/data/product_images/46ebf4f376c4.webp,0.0,1.0,0,0.0,1.0,0.0,0,1.0,0.0,0.0
Ракетки для тенниса,WR198110,Теннисная ракетка Wilson US OPEN Pro 100,Wilson,20647 ₽,https://saletennis.com/catalog/product/tiennisnaia-rakietka-wilson-us-open-pro-100-18991,2: Тюмень (Народная) - 1 шт,1.0,public/data/product_images/0807feec49f0.webp,0.0,0.0,0,0.0,0.0,0.0,0,1.0,0.0,0.0
Мячи для тенниса,J897-6.0,Мяч подарочный 7/6 Jumbo Tennis Ball 6' - Yellow,7/6,1490 ₽,https://saletennis.com/catalog/product/miach-podarochnyi-7-6-jumbo-tennis-ball-6-yellow-15252,Основной склад Екатеринбург: 3 шт | Санкт-Петербург (Ярослава Гашека): 2 шт | Санкт-Петербург (Спортивная): 5 шт | Парина: 3 шт | Тюмень (Народная): 6 шт | Тюмень: 1 шт | Соболева: 2 шт,22.0,public/data/product_images/a4c8698455f5.webp,2.0,5.0,3,2.0,3.0,0.0,0,7.0,0.0,0.0
Мячи для тенниса,J897-9.5,Мяч подарочный 7/6 Jumbo Tennis Ball 9.5' - Yellow,7/6,1990 ₽,https://saletennis.com/catalog/product/miach-podarochnyi-7-6-jumbo-tennis-ball-9-5-yellow-15253,Парина: 2 шт | Основной склад Екатеринбург: 1 шт | Санкт-Петербург (Спортивная): 6 шт | Санкт-Петербург (Ярослава Гашека): 3 шт | Тюмень: 1 шт | Тюмень (Народная): 15 шт | Соболева: 2 шт,30.0,public/data/product_images/d3f4188087f2.webp,3.0,6.0,1,2.0,2.0,0.0,0,16.0,0.0,0.0
Мячи для тенниса,571071,Теннисные мячи Head 3B Pro Blue,Head,590 ₽,https://saletennis.com/catalog/product/tennisnye-myachi-head-3b-pro-blue-89-89,Ижевск: 2 банка | Уфа: 8 банка,10.0,public/data/product_images/0f264bc02b3f.webp,0.0,0.0,0,0.0,0.0,0.0,0,0.0,8.0,2.0
Мячи для тенниса,575703,Теннисные мячи Head 3B Team,Head,450 ₽,https://saletennis.com/catalog/product/tennisnye-myachi-head-3b-team-414-414,Санкт-Петербург (Спортивная): 14 банка | Соболева: 21 банка | Парина: 24 банка,59.0,public/data/product_images/dfcbb67bcfbd.webp,0.0,14.0,0,21.0,24.0,0.0,0,0.0,0.0,0.0
Мячи для тенниса,578123,Теннисные мячи Head T.I.P. Orange 3 ball,Head,595 ₽,https://saletennis.com/catalog/product/tennisnye-myachi-head-tip-orange-3-ball-2591-2591,Парина: 5 банка | Ижевск: 12 банка,17.0,public/data/product_images/009a6a414d59.webp,0.0,0.0,0,0.0,5.0,0.0,0,0.0,0.0,12.0
Мячи для тенниса,TB-005,Теннисные мячи 7/6 3B Green,7/6,600 ₽,https://saletennis.com/catalog/product/tiennisnyie-miachi-7-6-3b-green-11294,Санкт-Петербург (Спортивная): 19 банка | Санкт-Петербург (Ярослава Гашека): 23 банка | Уфа: 13 банка | Парина: 23 банка | Тюмень (Народная): 23 банка,101.0,public/data/product_images/dbeca40a85b7.webp,23.0,19.0,0,0.0,23.0,0.0,0,23.0,13.0,0.0
Мячи для тенниса,TB-004,Теннисные мячи 7/6 3B Orange,7/6,600 ₽,https://saletennis.com/catalog/product/tiennisnyie-miachi-7-6-3b-orange-11295,Санкт-Петербург (Ярослава Гашека): 23 банка | Ижевск: 14 банка | Уфа: 6 банка | Тюмень: 20 банка | Парина: 10 банка | Тюмень (Народная): 1 банка | Санкт-Петербург (Спортивная): 142 банка,216.0,public/data/product_images/7edcb19f7bfb.webp,23.0,142.0,0,0.0,10.0,0.0,0,21.0,6.0,14.0
Мячи для тенниса,TB-001,Теннисные мячи 7/6 3B Pro,7/6,650 ₽,https://saletennis.com/catalog/product/tiennisnyie-miachi-7-6-3b-pro-11296,Санкт-Петербург (Спортивная): 1636 банка | Тюмень: 528 банка | Ижевск: 9 банка | Тюмень (Народная): 58 банка | Санкт-Петербург (Ярослава Гашека): 219 банка | Парина: 19 банка | Уфа: 19 банка | Соболева: 9 банка,2497.0,public/data/product_images/dc496c3e36ac.webp,219.0,1636.0,0,9.0,19.0,0.0,0,586.0,19.0,9.0
Мячи для тенниса,TB-003,Теннисные мячи 7/6 3B Red,7/6,690 ₽,https://saletennis.com/catalog/product/tiennisnyie-miachi-7-6-3b-red-11297,Ижевск: 1 банка,1.0,public/data/product_images/30a936941f10.webp,0.0,0.0,0,0.0,0.0,0.0,0,0.0,0.0,1.0
Мячи для тенниса,TB-003-48,Теннисные мячи 7/6 3B Red x 48,7/6,8490 ₽,https://saletennis.com/catalog/product/tiennisnyie-miachi-7-6-3b-red-x-48-16969,Основной склад Екатеринбург: 8 упак | Санкт-Петербург (Спортивная): 1 упак,9.0,public/data/product_images/914f03ce999c.webp,0.0,1.0,8,0.0,0.0,0.0,0,0.0,0.0,0.0
Мячи для тенниса,TB76-007,Теннисные мячи 7/6 Championship 3 X 24,7/6,11192 ₽,https://saletennis.com/catalog/product/tiennisnyie-miachi-7-6-championship-3-x-24-15118,Парина: 1 кор | Бисертская: 1 кор,2.0,public/data/product_images/1f184fddee2b.webp,0.0,0.0,0,0.0,1.0,1.0,0,0.0,0.0,0.0
Мячи для тенниса,TB76-007,Теннисные мячи 7/6 Championship 3B,7/6,553 ₽,https://saletennis.com/catalog/product/tiennisnyie-miachi-7-6-championship-3b-15119,Тюмень: 96 банка | Соболева: 86 банка | Бисертская: 23 банка | Парина: 19 банка | Санкт-Петербург (Ярослава Гашека): 2 банка | Тюмень (Народная): 28 банка | Санкт-Петербург (Спортивная): 20 банка,274.0,public/data/product_images/6dcf985f5137.webp,2.0,20.0,0,86.0,19.0,23.0,0,124.0,0.0,0.0
Мячи для тенниса,TB-005,Теннисные мячи 7/6 Green 3 X 24,7/6,11990 ₽,https://saletennis.com/catalog/product/tiennisnyie-miachi-7-6-green-3-x-24-13781,Основной склад Екатеринбург: 16 кор,16.0,public/data/product_images/8b0dad8e25aa.webp,0.0,0.0,16,0.0,0.0,0.0,0,0.0,0.0,0.0
Мячи для тенниса,TB-004,Теннисные мячи 7/6 Orange 3 X 24,7/6,11990 ₽,https://saletennis.com/catalog/product/tiennisnyie-miachi-7-6-orange-3-x-24-13782,Соболева: 1 кор | Тюмень: 3 кор | Основной склад Екатеринбург: 14 кор,18.0,public/data/product_images/042240da410d.webp,0.0,0.0,14,1.0,0.0,0.0,0,3.0,0.0,0.0
Мячи для тенниса,TB76-006,Теннисные мячи 7/6 Pro 3 X 24,7/6,14990 ₽,https://saletennis.com/catalog/product/tiennisnyie-miachi-7-6-pro-3-x-24-15107,Ижевск: 1 кор | Санкт-Петербург (Спортивная): 5 кор | Уфа: 5 кор,11.0,public/data/product_images/a3fac929c8c0.webp,0.0,5.0,0,0.0,0.0,0.0,0,0.0,5.0,1.0
Мячи для тенниса,601613,Теннисные мячи Dunlop Fort Clay Court 4B,Dunlop,1290 ₽,https://saletennis.com/catalog/product/tiennisnyie-miachi-dunlop-fort-clay-court-4b-19083,Парина: 5 банка | Соболева: 4 банка | Санкт-Петербург (Спортивная): 21 банка | Ижевск: 9 банка,39.0,public/data/product_images/fa265071c48e.webp,0.0,21.0,0,4.0,5.0,0.0,0,0.0,0.0,9.0
Мячи для тенниса,575203,Теннисные мячи Head 3B Championship 2022,Head,474 ₽,https://saletennis.com/catalog/product/tiennisnyie-miachi-head-3b-championship-2022-13477,Ижевск: 12 банка | Парина: 18 банка | Тюмень (Народная): 8 банка | Соболева: 24 банка | Бисертская: 17 банка | Уфа: 24 банка | Санкт-Петербург (Спортивная): 5 банка,108.0,public/data/product_images/30837785f125.webp,0.0,5.0,0,24.0,18.0,17.0,0,8.0,24.0,12.0
Мячи для тенниса,575203,Теннисные мячи Head 3B Championship 3 x 24,Head,11490 ₽,https://saletennis.com/catalog/product/tiennisnyie-miachi-head-3b-championship-3-x-24-10142,Тюмень: 2 кор | Основной склад Екатеринбург: 21 кор | Санкт-Петербург (Спортивная): 8 кор,31.0,public/data/product_images/97bcf910505b.webp,0.0,8.0,21,0.0,0.0,0.0,0,2.0,0.0,0.0
Мячи для тенниса,575703,Теннисные мячи Head 3B Team 3 х 24,Head,8990 ₽,https://saletennis.com/catalog/product/tiennisnyie-miachi-head-3b-team-3-kh-24-7286,Основной склад Екатеринбург: 54 кор | Санкт-Петербург (Спортивная): 9 кор | Бисертская: 1 кор,64.0,public/data/product_images/24c115cde431.webp,0.0,9.0,54,0.0,0.0,1.0,0,0.0,0.0,0.0
Мячи для тенниса,570703,Теннисные мячи Head 3B Tour 3 x 24,Head,18990 ₽,https://saletennis.com/catalog/product/tiennisnyie-miachi-head-3b-tour-3-x-24-8499,Ижевск: 1 кор | Санкт-Петербург (Спортивная): 13 кор | Основной склад Екатеринбург: 39 кор,53.0,public/data/product_images/adff7c4b637f.webp,0.0,13.0,39,0.0,0.0,0.0,0,0.0,0.0,1.0
Мячи для тенниса,570703,Теннисные мячи Head 3B Tour,Head,805 ₽,https://saletennis.com/catalog/product/tiennisnyie-miachi-head-3b-tour-8498,Уфа: 11 банка | Ижевск: 18 банка | Санкт-Петербург (Спортивная): 16 банка | Соболева: 30 банка | Парина: 38 банка,113.0,public/data/product_images/266ccb08aea3.webp,0.0,16.0,0,30.0,38.0,0.0,0,0.0,11.0,18.0
Мячи для тенниса,570823,Теннисные мячи Head 3B Tour XT,Head,805 ₽,https://saletennis.com/catalog/product/tiennisnyie-miachi-head-3b-tour-xt-10161,Соболева: 18 банка | Тюмень (Народная): 40 банка | Бисертская: 24 банка | Ижевск: 14 банка | Санкт-Петербург (Спортивная): 21 банка | Уфа: 5 банка,122.0,public/data/product_images/5a0d7c1efc5f.webp,0.0,21.0,0,18.0,0.0,24.0,0,40.0,5.0,14.0
Мячи для тенниса,570823,Теннисные мячи Head 3B Tour XT - 3 X 24,Head,18990 ₽,https://saletennis.com/catalog/product/tiennisnyie-miachi-head-3b-tour-xt-3-x-24-10143,Уфа: 1 кор | Парина: 2 кор | Бисертская: 1 кор | Санкт-Петербург (Спортивная): 14 кор | Соболева: 1 кор | Тюмень (Народная): 4 кор | Основной склад Екатеринбург: 79 кор,102.0,public/data/product_images/14f9faf93964.webp,0.0,14.0,79,1.0,2.0,1.0,0,4.0,1.0,0.0
Мячи для тенниса,578413,Теннисные мячи Head Green 3 ball,Head,595 ₽,https://saletennis.com/catalog/product/tiennisnyie-miachi-head-green-3-ball-18026,Соболева: 48 банка | Санкт-Петербург (Спортивная): 12 банка | Уфа: 4 банка | Бисертская: 19 банка | Тюмень (Народная): 22 банка | Парина: 15 банка,120.0,public/data/product_images/8b42550a63b6.webp,0.0,12.0,0,48.0,15.0,19.0,0,22.0,4.0,0.0
Мячи для тенниса,578413,Теннисные мячи Head Green 3 x 24,Head,13990 ₽,https://saletennis.com/catalog/product/tiennisnyie-miachi-head-green-3-x-24-18085,Основной склад Екатеринбург: 1 кор,1.0,public/data/product_images/fcc49cc50ee8.webp,0.0,0.0,1,0.0,0.0,0.0,0,0.0,0.0,0.0
Мячи для тенниса,578410,Теннисные мячи Head Green пакет 72 мяча,Head,11990 ₽,https://saletennis.com/catalog/product/tiennisnyie-miachi-head-green-pakiet-72-miacha-17056,Основной склад Екатеринбург: 1 упак,1.0,public/data/product_images/f9fc3832f506.webp,0.0,0.0,1,0.0,0.0,0.0,0,0.0,0.0,0.0
Мячи для тенниса,578433,Теннисные мячи Head Red 3 ball,Head,638 ₽,https://saletennis.com/catalog/product/tiennisnyie-miachi-head-red-3-ball-18027,Основной склад Екатеринбург: 16 упак | Санкт-Петербург (Спортивная): 37 упак | Ижевск: 13 упак | Уфа: 11 упак | Парина: 11 упак | Тюмень (Народная): 13 упак | Бисертская: 8 упак | Соболева: 20 упак | Санкт-Петербург (Ярослава Гашека): 9 упак,138.0,public/data/product_images/32093f77dfd0.webp,9.0,37.0,16,20.0,11.0,8.0,0,13.0,11.0,13.0
Мячи для тенниса,578423,Теннисные мячи Head Stage 2 Orange 3 ball,Head,850 ₽,https://saletennis.com/catalog/product/tiennisnyie-miachi-head-stage-2-orange-3-ball-19529,Соболева: 24 банка | Тюмень (Народная): 24 банка | Санкт-Петербург (Спортивная): 23 банка,71.0,public/data/product_images/5ff36ffa296c.webp,0.0,23.0,0,24.0,0.0,0.0,0,24.0,0.0,0.0
Мячи для тенниса,578423,Теннисные мячи Head Stage 2 Orange 3 Х 24,Head,14490 ₽,https://saletennis.com/catalog/product/tiennisnyie-miachi-head-stage-2-orange-3-kh-24-19068,Основной склад Екатеринбург: 3 кор | Санкт-Петербург (Спортивная): 1 кор,4.0,public/data/product_images/a6d2d4b00a53.webp,0.0,1.0,3,0.0,0.0,0.0,0,0.0,0.0,0.0
Мячи для тенниса,578123,Теннисные мячи Head T.I.P. Orange 3 Х 24,Head,14490 ₽,https://saletennis.com/catalog/product/tiennisnyie-miachi-head-t-i-p-orange-3-kh-24-7915,Соболева: 1 кор | Парина: 1 кор | Бисертская: 2 кор | Основной склад Екатеринбург: 21 кор,25.0,public/data/product_images/b92028958f54.webp,0.0,0.0,21,1.0,1.0,2.0,0,0.0,0.0,0.0
Мячи для тенниса,578270,Теннисные мячи Head TIP Orange пакет 72 мяча,Head,11990 ₽,https://saletennis.com/catalog/product/tiennisnyie-miachi-head-tip-orange-pakiet-72-miacha-7705,Основной склад Екатеринбург: 3 упак,3.0,public/data/product_images/d84c8300d41d.webp,0.0,0.0,3,0.0,0.0,0.0,0,0.0,0.0,0.0
Мячи для тенниса,340982,Теннисные мячи Slazenger Wimbledon 2026 4B,Slazenger,1490 ₽,https://saletennis.com/catalog/product/tiennisnyie-miachi-slazenger-wimbledon-2026-4b-19001,Тюмень (Народная): 17 банка | Парина: 27 банка | Основной склад Екатеринбург: 54 банка | Санкт-Петербург (Спортивная): 4 банка | Уфа: 10 банка | Соболева: 21 банка | Ижевск: 17 банка | Тюмень: 8 банка,158.0,public/data/product_images/87b9dfe9d678.webp,0.0,4.0,54,21.0,27.0,0.0,0,25.0,10.0,17.0
Мячи для тенниса,WR8218401001,Теннисные мячи Wilson 3B Championship Legacy White,Wilson,802 ₽,https://saletennis.com/catalog/product/tiennisnyie-miachi-wilson-3b-championship-legacy-white-19353,Основной склад Екатеринбург: 24 банка | Тюмень (Народная): 18 банка | Бисертская: 4 банка | Парина: 15 банка | Санкт-Петербург (Ярослава Гашека): 24 банка | Ижевск: 2 банка | Санкт-Петербург (Спортивная): 18 банка | Уфа: 14 банка | Соболева: 8 банка,127.0,public/data/product_images/9990b6259b38.webp,24.0,18.0,24,8.0,15.0,4.0,0,18.0,14.0,2.0
Мячи для тенниса,WR8218402001,Теннисные мячи Wilson 3B Championship Legacy Yellow,Wilson,802 ₽,https://saletennis.com/catalog/product/tiennisnyie-miachi-wilson-3b-championship-legacy-yellow-19354,Санкт-Петербург (Ярослава Гашека): 22 банка | Бисертская: 6 банка | Парина: 7 банка | Соболева: 12 банка | Санкт-Петербург (Спортивная): 22 банка,69.0,public/data/product_images/54f6945db4fa.webp,22.0,22.0,0,12.0,7.0,6.0,0,0.0,0.0,0.0
Мячи для тенниса,WRT115000,Теннисные мячи Wilson 4B Roland Garros Clay,Wilson,1190 ₽,https://saletennis.com/catalog/product/tiennisnyie-miachi-wilson-4b-roland-garros-clay-10374,Парина: 7 банка | Соболева: 1 банка | Бисертская: 8 банка,16.0,public/data/product_images/cdb866a59664.webp,0.0,0.0,0,1.0,7.0,8.0,0,0.0,0.0,0.0
Аксессуары,011,"Аромасаше ""Всегда в игре""",Не определен,590 ₽,https://saletennis.com/catalog/product/aromasashie-vsieghda-v-ighrie-18513,Уфа: 2 шт | Тюмень: 1 шт | Ижевск: 1 шт | Парина: 2 шт,6.0,public/data/product_images/3198e3441fff.webp,0.0,0.0,0,0.0,2.0,0.0,0,1.0,2.0,1.0
Аксессуары,012,"Аромасаше ""Всегда в игре"" - Pink",Не определен,590 ₽,https://saletennis.com/catalog/product/aromasashie-vsieghda-v-ighrie-pink-18714,Парина: 1 шт | Тюмень: 2 шт,3.0,public/data/product_images/04281217433e.webp,0.0,0.0,0,0.0,1.0,0.0,0,2.0,0.0,0.0
Аксессуары,013,"Аромасаше ""Всегда в игре"" - Yellow",Не определен,590 ₽,https://saletennis.com/catalog/product/aromasashie-vsieghda-v-ighrie-yellow-19528,Ижевск: 1 шт | Парина: 3 шт | Санкт-Петербург (Ярослава Гашека): 2 шт | Тюмень (Народная): 2 шт | Санкт-Петербург (Спортивная): 2 шт | Основной склад Екатеринбург: 4 шт | Соболева: 3 шт | Бисертская: 3 шт,20.0,public/data/product_images/3e691dd92902.webp,2.0,2.0,4,3.0,3.0,3.0,0,2.0,0.0,1.0
Аксессуары,021,"Аромасвеча ""Зажги свой мяч""",Не определен,1990 ₽,https://saletennis.com/catalog/product/aromasviecha-zazhghi-svoi-miach-18368,Ижевск: 3 шт | Соболева: 1 шт | Парина: 2 шт | Бисертская: 1 шт,7.0,public/data/product_images/514dd9522fd3.webp,0.0,0.0,0,1.0,2.0,1.0,0,0.0,0.0,3.0
Аксессуары,KA-00392223,Блистательная Серена. Джеральд Марзорати,Не определен,1190 ₽,https://saletennis.com/catalog/product/blistatiel-naia-sieriena-dzhieral-d-marzorati-1-16749,Санкт-Петербург (Спортивная): 1 шт | Соболева: 1 шт | Тюмень (Народная): 1 шт,3.0,public/data/product_images/bf5ef9440028.webp,0.0,1.0,0,1.0,0.0,0.0,0,1.0,0.0,0.0
Аксессуары,J618-7/6PK,Брелок мячик 7/6 - Pink,7/6,300 ₽,https://saletennis.com/catalog/product/brielok-miachik-7-6-pink-10275,Санкт-Петербург (Ярослава Гашека): 25 шт | Соболева: 5 шт | Уфа: 7 шт | Санкт-Петербург (Спортивная): 52 шт | Ижевск: 8 шт | Тюмень (Народная): 25 шт | Парина: 32 шт | Бисертская: 2 шт,156.0,public/data/product_images/1d1f944cd325.webp,25.0,52.0,0,5.0,32.0,2.0,0,25.0,7.0,8.0
Аксессуары,J618-7/6YW,Брелок мячик 7/6 - Yellow,7/6,300 ₽,https://saletennis.com/catalog/product/brielok-miachik-7-6-yellow-10276,Парина: 35 шт | Бисертская: 21 шт | Уфа: 58 шт | Ижевск: 8 шт | Санкт-Петербург (Ярослава Гашека): 21 шт | Санкт-Петербург (Спортивная): 37 шт | Соболева: 21 шт | Тюмень (Народная): 38 шт,239.0,public/data/product_images/be74be860e1c.webp,21.0,37.0,0,21.0,35.0,21.0,0,38.0,58.0,8.0
Аксессуары,100,"Брелок мячик в ассортименте (Pink, Purple, Green)",Не определен,250 ₽,https://saletennis.com/catalog/product/brielok-miachik-v-assortimientie-pink-purple-green-6358,Уфа: 6 шт | Ижевск: 2 шт | Санкт-Петербург (Спортивная): 1 шт,9.0,public/data/product_images/ac8f4635d126.webp,0.0,1.0,0,0.0,0.0,0.0,0,0.0,6.0,2.0
Аксессуары,10-1,Брелок Padel Nox ball green,Nox,790 ₽,https://saletennis.com/catalog/product/brielok-padel-nox-ball-green-18919,Санкт-Петербург (Спортивная): 1 шт,1.0,public/data/product_images/724fdb4e2ce0.webp,0.0,1.0,0,0.0,0.0,0.0,0,0.0,0.0,0.0
Аксессуары,200,Брелок ракетка с мячиком mix,Не определен,590 ₽,https://saletennis.com/catalog/product/brielok-rakietka-s-miachikom-mix-13157,Парина: 11 шт | Тюмень (Народная): 10 шт | Ижевск: 5 шт | Соболева: 11 шт | Бисертская: 12 шт | Уфа: 1 шт,50.0,public/data/product_images/f73156528fe3.webp,0.0,0.0,0,11.0,11.0,12.0,0,10.0,1.0,5.0
Аксессуары,KL2657,Брелок-сумка Adidas Padel Wallet Multigame - Black,Adidas,3490 ₽,https://saletennis.com/catalog/product/brielok-sumka-adidas-padel-wallet-multigame-black-19060,Соболева: 2 шт | Парина: 2 шт,4.0,public/data/product_images/72a5b453f4dd.webp,0.0,0.0,0,2.0,2.0,0.0,0,0.0,0.0,0.0
Аксессуары,WR8911501001,Брелок Wilson Premier Padel,Wilson,1045 ₽,https://saletennis.com/catalog/product/brielok-wilson-premier-padel-18992,Уфа: 2 шт | Ижевск: 1 шт | Тюмень: 1 шт,4.0,public/data/product_images/19098172cad1.webp,0.0,0.0,0,0.0,0.0,0.0,0,1.0,2.0,1.0
Аксессуары,WR8912601001,Брелок Wilson Silicone Ball Keychain,Wilson,802 ₽,https://saletennis.com/catalog/product/brielok-wilson-silicone-ball-keychain-19075,Соболева: 1 шт | Санкт-Петербург (Спортивная): 4 шт,5.0,public/data/product_images/e9810d496b85.webp,0.0,4.0,0,1.0,0.0,0.0,0,0.0,0.0,0.0
Аксессуары,SKLFT001-18,Бутылка для воды 7/6 UV Water Bottle - Black,7/6,2290 ₽,https://saletennis.com/catalog/product/butylka-dlia-vody-7-6-uv-water-bottle-black-10277,Тюмень (Народная): 1 шт,1.0,public/data/product_images/5f84a43b0a57.webp,0.0,0.0,0,0.0,0.0,0.0,0,1.0,0.0,0.0
Аксессуары,36034,"Бутылка для воды Nike ""Hyperfuel"" (синий)",Nike,1890 ₽,https://saletennis.com/catalog/product/butylka-dlia-vody-nike-hyperfuel-sinii-7887,Соболева: 1 шт,1.0,public/data/product_images/d22dfade8e65.webp,0.0,0.0,0,1.0,0.0,0.0,0,0.0,0.0,0.0
Аксессуары,3176697,Бутылка для воды Tennis Ball - Green,Не определен,1190 ₽,https://saletennis.com/catalog/product/butylka-dlia-vody-tennis-ball-green-13482,Бисертская: 1 шт | Соболева: 1 шт,2.0,public/data/product_images/df3204ab75b9.webp,0.0,0.0,0,1.0,0.0,1.0,0,0.0,0.0,0.0
Аксессуары,670063,Грип Babolat Natural Dry&Thin,Babolat,3990 ₽,https://saletennis.com/catalog/product/grip-babolat-natural-dry-thin-6826,Парина: 1 шт,1.0,public/data/product_images/1b06ef318cf1.webp,0.0,0.0,0,0.0,1.0,0.0,0,0.0,0.0,0.0
Аксессуары,670051-232,Грип Babolat Syntec Pro - Black/Fluo Yellow,Babolat,990 ₽,https://saletennis.com/catalog/product/grip-babolat-syntec-pro-black-fluo-yellow-16084,Уфа: 1 шт,1.0,public/data/product_images/60b8c5f1638d.webp,0.0,0.0,0,0.0,0.0,0.0,0,0.0,1.0,0.0
Аксессуары,285014,Грип Head Hydrosorb Black/Red,Head,802 ₽,https://saletennis.com/catalog/product/grip-head-hydrosorb-black-red-5574,Санкт-Петербург (Ярослава Гашека): 1 шт | Соболева: 3 шт | Ижевск: 1 шт | Парина: 4 шт | Бисертская: 2 шт | Уфа: 1 шт | Санкт-Петербург (Спортивная): 8 шт,20.0,public/data/product_images/6cf63983799a.webp,1.0,8.0,0,3.0,4.0,2.0,0,0.0,1.0,1.0
Аксессуары,285313,Грип Head Hydrosorb Comfort Black,Head,802 ₽,https://saletennis.com/catalog/product/grip-head-hydrosorb-comfort-black-10622,Бисертская: 1 шт | Ижевск: 3 шт | Санкт-Петербург (Спортивная): 2 шт | Парина: 1 шт | Уфа: 3 шт | Соболева: 2 шт,12.0,public/data/product_images/43ec5b688cd7.webp,0.0,2.0,0,2.0,1.0,1.0,0,0.0,3.0,3.0
Аксессуары,285313,Грип Head Hydrosorb Comfort White,Head,802 ₽,https://saletennis.com/catalog/product/grip-head-hydrosorb-comfort-white-5575,Соболева: 4 шт | Санкт-Петербург (Ярослава Гашека): 1 шт | Уфа: 3 шт | Ижевск: 3 шт | Санкт-Петербург (Спортивная): 3 шт | Парина: 2 шт | Бисертская: 3 шт,19.0,public/data/product_images/d1ed2affba00.webp,1.0,3.0,0,4.0,2.0,3.0,0,0.0,3.0,3.0
Аксессуары,285014,Грип Head Hydrosorb Grey/Black,Head,802 ₽,https://saletennis.com/catalog/product/grip-head-hydrosorb-grey-black-12986,Парина: 1 шт | Санкт-Петербург (Спортивная): 5 шт | Санкт-Петербург (Ярослава Гашека): 1 шт,7.0,public/data/product_images/4d3a19e924f4.webp,1.0,5.0,0,0.0,1.0,0.0,0,0.0,0.0,0.0
Аксессуары,285014,Грип Head Hydrosorb Mix,Head,802 ₽,https://saletennis.com/catalog/product/grip-head-hydrosorb-mix-13959,Санкт-Петербург (Ярослава Гашека): 1 шт | Санкт-Петербург (Спортивная): 2 шт | Уфа: 1 шт | Тюмень (Народная): 1 шт,5.0,public/data/product_images/20080c2fdb7d.webp,1.0,2.0,0,0.0,0.0,0.0,0,1.0,1.0,0.0
Аксессуары,285303,Грип Head Hydrosorb Pro Black,Head,802 ₽,https://saletennis.com/catalog/product/grip-head-hydrosorb-pro-black-10929,Санкт-Петербург (Ярослава Гашека): 1 шт | Соболева: 2 шт | Санкт-Петербург (Спортивная): 1 шт | Тюмень (Народная): 2 шт | Парина: 1 шт | Ижевск: 1 шт,8.0,public/data/product_images/09945ff28736.webp,1.0,1.0,0,2.0,1.0,0.0,0,2.0,0.0,1.0
Аксессуары,285303,Грип Head Hydrosorb Pro Cyan Sea,Head,802 ₽,https://saletennis.com/catalog/product/grip-head-hydrosorb-pro-cyan-sea-18549,Уфа: 1 шт | Ижевск: 1 шт | Санкт-Петербург (Спортивная): 1 шт | Соболева: 2 шт | Бисертская: 2 шт | Санкт-Петербург (Ярослава Гашека): 1 шт,8.0,public/data/product_images/c25b2fce839b.webp,1.0,1.0,0,2.0,0.0,2.0,0,0.0,1.0,1.0
Аксессуары,285303,Грип Head Hydrosorb Pro Green,Head,802 ₽,https://saletennis.com/catalog/product/grip-head-hydrosorb-pro-green-13968,Бисертская: 1 шт | Ижевск: 2 шт | Соболева: 2 шт,5.0,public/data/product_images/310c60245e17.webp,0.0,0.0,0,2.0,0.0,1.0,0,0.0,0.0,2.0
Аксессуары,285303,Грип Head Hydrosorb Pro Teal,Head,802 ₽,https://saletennis.com/catalog/product/grip-head-hydrosorb-pro-teal-13969,Санкт-Петербург (Ярослава Гашека): 2 шт | Санкт-Петербург (Спортивная): 7 шт | Соболева: 1 шт | Ижевск: 3 шт | Уфа: 3 шт | Бисертская: 3 шт,19.0,public/data/product_images/54da87957dc6.webp,2.0,7.0,0,1.0,0.0,3.0,0,0.0,3.0,3.0
Аксессуары,285303,Грип Head Hydrosorb Pro White,Head,802 ₽,https://saletennis.com/catalog/product/grip-head-hydrosorb-pro-white-10930,Парина: 1 шт | Санкт-Петербург (Спортивная): 3 шт | Ижевск: 3 шт | Бисертская: 1 шт,8.0,public/data/product_images/99be44cfaf7d.webp,0.0,3.0,0,0.0,1.0,1.0,0,0.0,0.0,3.0
Аксессуары,285303,Грип Head Hydrosorb Pro Yellow,Head,802 ₽,https://saletennis.com/catalog/product/grip-head-hydrosorb-pro-yellow-6885,Тюмень (Народная): 1 шт | Уфа: 1 шт | Ижевск: 3 шт | Парина: 2 шт | Санкт-Петербург (Спортивная): 1 шт | Соболева: 2 шт,10.0,public/data/product_images/87655441e600.webp,0.0,1.0,0,2.0,2.0,0.0,0,1.0,1.0,3.0
Аксессуары,285014,Грип Head Hydrosorb White/Black,Head,802 ₽,https://saletennis.com/catalog/product/grip-head-hydrosorb-white-black-13970,Соболева: 4 шт | Санкт-Петербург (Ярослава Гашека): 2 шт | Парина: 1 шт | Ижевск: 3 шт | Бисертская: 3 шт | Санкт-Петербург (Спортивная): 3 шт,16.0,public/data/product_images/18865c42dc31.webp,2.0,3.0,0,4.0,1.0,3.0,0,0.0,0.0,3.0
Аксессуары,282010-BW,Грип Head Leather Tour - Brown,Head,2260 ₽,https://saletennis.com/catalog/product/grip-head-leather-tour-brown-13136,Соболева: 5 упак | Парина: 4 упак | Санкт-Петербург (Ярослава Гашека): 2 упак | Тюмень (Народная): 1 упак | Санкт-Петербург (Спортивная): 5 упак,17.0,public/data/product_images/7cb6363ec0b4.webp,2.0,5.0,0,5.0,4.0,0.0,0,1.0,0.0,0.0
Аксессуары,51SQGRIPAS/1,Грип Tecnifibre Squash Dry  - Mix,Tecnifibre,990 ₽,https://saletennis.com/catalog/product/grip-tecnifibre-squash-dry-mix-18424,Парина: 8 шт,8.0,public/data/product_images/321abfa76200.webp,0.0,0.0,0,0.0,8.0,0.0,0,0.0,0.0,0.0
Аксессуары,51SQFEGR24/1,Грип Tecnifibre Squash Feel  - Assorted,Tecnifibre,690 ₽,https://saletennis.com/catalog/product/grip-tecnifibre-squash-feel-assorted-18425,Парина: 24 шт,24.0,public/data/product_images/8d8d04bf094b.webp,0.0,0.0,0,0.0,24.0,0.0,0,0.0,0.0,0.0
Аксессуары,51SQGRTACK/1,Грип Tecnifibre Squash Tack - Assorted,Tecnifibre,690 ₽,https://saletennis.com/catalog/product/grip-tecnifibre-squash-tack-assorted-18384,Парина: 10 шт,10.0,public/data/product_images/5f0001b88f16.webp,0.0,0.0,0,0.0,10.0,0.0,0,0.0,0.0,0.0
Аксессуары,51SQGRTACB,Грип Tecnifibre Squash Tack - Black,Tecnifibre,990 ₽,https://saletennis.com/catalog/product/grip-tecnifibre-squash-tack-black-15091,Парина: 12 шт,12.0,public/data/product_images/fb16d79bb107.webp,0.0,0.0,0,0.0,12.0,0.0,0,0.0,0.0,0.0
Аксессуары,51ATPWAMBK,Грип Tecnifibre WAX MAX Grip - Black,Tecnifibre,1290 ₽,https://saletennis.com/catalog/product/grip-tecnifibre-wax-max-grip-black-13514,Санкт-Петербург (Спортивная): 1 шт,1.0,public/data/product_images/f57116725629.webp,0.0,1.0,0,0.0,0.0,0.0,0,0.0,0.0,0.0
Аксессуары,51ATPXENBK,Грип Tecnifibre X-Tra Endurance - Black,Tecnifibre,1190 ₽,https://saletennis.com/catalog/product/grip-tecnifibre-x-tra-endurance-black-13233,Санкт-Петербург (Спортивная): 1 шт | Ижевск: 2 шт,3.0,public/data/product_images/f080402ffb26.webp,0.0,1.0,0,0.0,0.0,0.0,0,0.0,0.0,2.0
Аксессуары,51ATPXFEBK,Грип Tecnifibre X-Tra Feel - Black,Tecnifibre,1190 ₽,https://saletennis.com/catalog/product/grip-tecnifibre-x-tra-feel-black-13235,Парина: 2 шт,2.0,public/data/product_images/6ee117c936b7.webp,0.0,0.0,0,0.0,2.0,0.0,0,0.0,0.0,0.0
Аксессуары,WRZ4210BK,Грип Wilson Cushion-Aire Classic Perforated - Black,Wilson,1045 ₽,https://saletennis.com/catalog/product/grip-wilson-cushion-aire-classic-perforated-black-16045,Парина: 4 шт | Тюмень (Народная): 2 шт | Соболева: 3 шт | Санкт-Петербург (Спортивная): 2 шт,11.0,public/data/product_images/d834b7f8181d.webp,0.0,2.0,0,3.0,4.0,0.0,0,2.0,0.0,0.0
Аксессуары,WRZ4211BK,Грип Wilson Micro-Dry Comfort Replacement Black,Wilson,1045 ₽,https://saletennis.com/catalog/product/grip-wilson-micro-dry-comfort-replacement-black-7435,Санкт-Петербург (Спортивная): 1 шт | Тюмень (Народная): 1 шт | Соболева: 1 шт | Уфа: 2 шт,5.0,public/data/product_images/8751e9557693.webp,0.0,1.0,0,1.0,0.0,0.0,0,1.0,2.0,0.0
Аксессуары,WRZ470800,Грип Wilson Pro Performance Black,Wilson,1207 ₽,https://saletennis.com/catalog/product/grip-wilson-pro-performance-black-6079,Санкт-Петербург (Спортивная): 3 шт | Парина: 2 шт | Соболева: 3 шт | Уфа: 1 шт | Тюмень (Народная): 1 шт,10.0,public/data/product_images/56afe11a1fd6.webp,0.0,3.0,0,3.0,2.0,0.0,0,1.0,1.0,0.0
Аксессуары,WR8403301001,Грип Wilson Pro Performance Brown Replacment Grip,Wilson,1207 ₽,https://saletennis.com/catalog/product/grip-wilson-pro-performance-brown-replacment-grip-17725,Ижевск: 2 шт | Парина: 4 шт | Санкт-Петербург (Ярослава Гашека): 1 шт | Соболева: 3 шт | Тюмень (Народная): 4 шт,14.0,public/data/product_images/6eb753ac7f79.webp,1.0,0.0,0,3.0,4.0,0.0,0,4.0,0.0,2.0
Аксессуары,WR8454601001,Грип Wilson Pro Performance - Green,Wilson,1045 ₽,https://saletennis.com/catalog/product/grip-wilson-pro-performance-green-18996,Уфа: 1 шт | Соболева: 1 шт | Санкт-Петербург (Спортивная): 1 шт | Санкт-Петербург (Ярослава Гашека): 1 шт | Парина: 3 шт,7.0,public/data/product_images/387e151c8882.webp,1.0,1.0,0,1.0,3.0,0.0,0,0.0,1.0,0.0
Аксессуары,WR8438701001,Грип Wilson Pro Performance - Grey,Wilson,1207 ₽,https://saletennis.com/catalog/product/grip-wilson-pro-performance-grey-15912,Уфа: 3 шт | Соболева: 1 шт | Ижевск: 3 шт | Парина: 2 шт | Санкт-Петербург (Спортивная): 4 шт,13.0,public/data/product_images/f56fb1aecda8.webp,0.0,4.0,0,1.0,2.0,0.0,0,0.0,3.0,3.0
Аксессуары,WR8446901001,Грип Wilson Pro Performance Roland Garros,Wilson,1774 ₽,https://saletennis.com/catalog/product/grip-wilson-pro-performance-roland-garros-17582,Уфа: 1 упак | Парина: 1 упак | Ижевск: 1 упак | Соболева: 1 упак | Тюмень (Народная): 2 упак,6.0,public/data/product_images/99801274214f.webp,0.0,0.0,0,1.0,1.0,0.0,0,2.0,1.0,1.0
Аксессуары,WRZ4202BK,Грип Wilson Sublime black,Wilson,1207 ₽,https://saletennis.com/catalog/product/grip-wilson-sublime-black-2910-2910,Санкт-Петербург (Спортивная): 1 шт,1.0,public/data/product_images/c8f22c807a01.webp,0.0,1.0,0,0.0,0.0,0.0,0,0.0,0.0,0.0
Аксессуары,WRZ4202WH,Грип Wilson Sublime white,Wilson,1207 ₽,https://saletennis.com/catalog/product/grip-wilson-sublime-white-2911-2911,Санкт-Петербург (Спортивная): 2 шт | Соболева: 1 шт | Парина: 3 шт | Ижевск: 1 шт,7.0,public/data/product_images/48f3a3347625.webp,0.0,2.0,0,1.0,3.0,0.0,0,0.0,0.0,1.0
Аксессуары,HR76-AS,Кольцо на ручку ракетки 7/6 assorty,7/6,105 ₽,https://saletennis.com/catalog/product/kol-tso-na-ruchku-rakietki-7-6-assorty-14380,Ижевск: 24 шт | Санкт-Петербург (Спортивная): 62 шт | Тюмень: 30 шт | Санкт-Петербург (Ярослава Гашека): 47 шт | Уфа: 31 шт | Тюмень (Народная): 45 шт | Бисертская: 48 шт | Соболева: 33 шт | Парина: 28 шт,348.0,public/data/product_images/17a847931c46.webp,47.0,62.0,0,33.0,28.0,48.0,0,75.0,31.0,24.0
Аксессуары,285907-50,Колпачек на ручку ракетки Head №5,Head,478 ₽,https://saletennis.com/catalog/product/kolpachiek-na-ruchku-rakietki-head-5-13949,Основной склад Екатеринбург: 3 шт,3.0,public/data/product_images/07e71c4e0445.webp,0.0,0.0,3,0.0,0.0,0.0,0,0.0,0.0,0.0
Аксессуары,288400,Комплект ручки Head № 5,Head,478 ₽,https://saletennis.com/catalog/product/komplekt-ruchki-head-5-36-36,Основной склад Екатеринбург: 3 шт,3.0,public/data/product_images/d4dc37907bfb.webp,0.0,0.0,3,0.0,0.0,0.0,0,0.0,0.0,0.0
Аксессуары,288400-00,Комплект ручки Head № 0,Head,324 ₽,https://saletennis.com/catalog/product/kompliekt-ruchki-head-0-13950,Парина: 3 шт,3.0,public/data/product_images/a9be44a8de6a.webp,0.0,0.0,0,0.0,3.0,0.0,0,0.0,0.0,0.0
Аксессуары,288400-10,Комплект ручки Head № 1,Head,590 ₽,https://saletennis.com/catalog/product/kompliekt-ruchki-head-1-13951,Соболева: 1 шт,1.0,public/data/product_images/5ddc18e45f55.webp,0.0,0.0,0,1.0,0.0,0.0,0,0.0,0.0,0.0
Аксессуары,288400-40,Комплект ручки Head № 4,Head,590 ₽,https://saletennis.com/catalog/product/kompliekt-ruchki-head-4-13952,Парина: 1 шт | Основной склад Екатеринбург: 5 шт,6.0,public/data/product_images/30fe21550646.webp,0.0,0.0,5,0.0,1.0,0.0,0,0.0,0.0,0.0
Аксессуары,288435-10,Комплект ручки Head (кроме серии Speed) № 1,Head,478 ₽,https://saletennis.com/catalog/product/kompliekt-ruchki-head-kromie-sierii-speed-1-15810,Основной склад Екатеринбург: 6 упак,6.0,public/data/product_images/660260d85b1d.webp,0.0,0.0,6,0.0,0.0,0.0,0,0.0,0.0,0.0
Аксессуары,40-40,"Кружка сувенирная ""I love tennis""",Не определен,990 ₽,https://saletennis.com/catalog/product/kruzhka-suvienirnaia-i-love-tennis-18365,Соболева: 3 шт | Бисертская: 3 шт | Парина: 1 шт | Основной склад Екатеринбург: 21 шт | Санкт-Петербург (Спортивная): 1 шт,29.0,public/data/product_images/534a967b1558.webp,0.0,1.0,21,3.0,1.0,3.0,0,0.0,0.0,0.0
Аксессуары,LT-76,Лента утяжелитель 7/6,7/6,1200 ₽,https://saletennis.com/catalog/product/lienta-utiazhielitiel-7-6-14369,Уфа: 1 шт | Санкт-Петербург (Ярослава Гашека): 2 шт | Парина: 2 шт | Тюмень (Народная): 5 шт | Санкт-Петербург (Спортивная): 7 шт | Тюмень: 3 шт | Ижевск: 4 шт,24.0,public/data/product_images/7920c2397bed.webp,2.0,7.0,0,0.0,2.0,0.0,0,8.0,1.0,4.0
Аксессуары,101-118,"Магнит Milo ""Чемпионка""",Milo,300 ₽,https://saletennis.com/catalog/product/maghnit-milo-chiempionka-9376,Санкт-Петербург (Спортивная): 1 шт,1.0,public/data/product_images/10c6aa0b1051.webp,0.0,1.0,0,0.0,0.0,0.0,0,0.0,0.0,0.0
Аксессуары,101-044,"Магнит Milo ""FINALIST""",Milo,300 ₽,https://saletennis.com/catalog/product/maghnit-milo-finalist-5610,Санкт-Петербург (Спортивная): 1 шт,1.0,public/data/product_images/740adfabc5d1.webp,0.0,1.0,0,0.0,0.0,0.0,0,0.0,0.0,0.0
Аксессуары,T012,"Магнит Milo ""HOW LONG DO YOU PLAY TENNIS?""",Milo,300 ₽,https://saletennis.com/catalog/product/maghnit-milo-how-long-do-you-play-tennis-5417,Санкт-Петербург (Спортивная): 5 шт,5.0,public/data/product_images/c6be31e56919.webp,0.0,5.0,0,0.0,0.0,0.0,0,0.0,0.0,0.0
Аксессуары,101-004,"Магнит Milo ""I CAN PLAY IN TOP 10 ATP""",Milo,300 ₽,https://saletennis.com/catalog/product/maghnit-milo-i-can-play-in-top-10-atp-5418,Санкт-Петербург (Спортивная): 7 шт,7.0,public/data/product_images/4704d3c7fd4e.webp,0.0,7.0,0,0.0,0.0,0.0,0,0.0,0.0,0.0
Аксессуары,101-005,"Магнит Milo ""I CAN PLAY IN TOP 10 WTA""",Milo,300 ₽,https://saletennis.com/catalog/product/maghnit-milo-i-can-play-in-top-10-wta-5419,Санкт-Петербург (Спортивная): 1 шт,1.0,public/data/product_images/2ad0f44dd818.webp,0.0,1.0,0,0.0,0.0,0.0,0,0.0,0.0,0.0
Аксессуары,101-002,"Магнит Milo ""NICE SHOT""",Milo,300 ₽,https://saletennis.com/catalog/product/maghnit-milo-nice-shot-5423,Санкт-Петербург (Спортивная): 1 шт,1.0,public/data/product_images/538816b93bd6.webp,0.0,1.0,0,0.0,0.0,0.0,0,0.0,0.0,0.0
Аксессуары,101-021,"Магнит Milo ""NOT EVERYONE CAN BE #1""",Milo,300 ₽,https://saletennis.com/catalog/product/maghnit-milo-not-everyone-can-be-1-5424,Санкт-Петербург (Спортивная): 1 шт,1.0,public/data/product_images/3fb8320b842a.webp,0.0,1.0,0,0.0,0.0,0.0,0,0.0,0.0,0.0
Аксессуары,101-020,"Магнит Milo ""NOTHING CAN STOP GOOD SERVE""",Milo,300 ₽,https://saletennis.com/catalog/product/maghnit-milo-nothing-can-stop-good-serve-5425,Санкт-Петербург (Спортивная): 3 шт | Бисертская: 1 шт,4.0,public/data/product_images/7e3002d19591.webp,0.0,3.0,0,0.0,0.0,1.0,0,0.0,0.0,0.0
Аксессуары,T014,"Магнит Milo ""PLAY WITH IDOLS""",Milo,300 ₽,https://saletennis.com/catalog/product/maghnit-milo-play-with-idols-5427,Санкт-Петербург (Спортивная): 6 шт,6.0,public/data/product_images/ee104975fb62.webp,0.0,6.0,0,0.0,0.0,0.0,0,0.0,0.0,0.0
Аксессуары,101-026,"Магнит Milo ""WHY SO SERIOUS?""",Milo,300 ₽,https://saletennis.com/catalog/product/maghnit-milo-why-so-serious-5621,Санкт-Петербург (Спортивная): 1 шт,1.0,public/data/product_images/023ccab50127.webp,0.0,1.0,0,0.0,0.0,0.0,0,0.0,0.0,0.0
Аксессуары,101-109,"Магнит Milo ""Завязываю""",Milo,300 ₽,https://saletennis.com/catalog/product/maghnit-milo-zaviazyvaiu-9412,Бисертская: 1 шт,1.0,public/data/product_images/219135f3f9c1.webp,0.0,0.0,0,0.0,0.0,1.0,0,0.0,0.0,0.0
Аксессуары,WR8450801001,Магнит Wilson Roland Garros,Wilson,1045 ₽,https://saletennis.com/catalog/product/maghnit-wilson-roland-garros-19414,Соболева: 3 шт | Парина: 1 шт,4.0,public/data/product_images/03f7b7b4a192.webp,0.0,0.0,0,3.0,1.0,0.0,0,0.0,0.0,0.0
Аксессуары,54MAR00020,Маркер Tecnifibre Stencil Black,Tecnifibre,1190 ₽,https://saletennis.com/catalog/product/markier-tecnifibre-stencil-black-17643,Основной склад Екатеринбург: 3 шт | Соболева: 1 шт,4.0,public/data/product_images/ca3b69b6c13c.webp,0.0,0.0,3,1.0,0.0,0.0,0,0.0,0.0,0.0
Аксессуары,54MARQBLAN,Маркер Tecnifibre Stencil White,Tecnifibre,1200 ₽,https://saletennis.com/catalog/product/markier-tecnifibre-stencil-white-17485,Основной склад Екатеринбург: 7 шт,7.0,public/data/product_images/2250abdf229d.webp,0.0,0.0,7,0.0,0.0,0.0,0,0.0,0.0,0.0
Аксессуары,WRZ742500,Маркер Wilson Stencil,Wilson,1207 ₽,https://saletennis.com/catalog/product/markier-wilson-stencil-9848,Основной склад Екатеринбург: 11 шт | Ижевск: 1 шт | Санкт-Петербург (Спортивная): 3 шт,15.0,public/data/product_images/7d34930e1883.webp,0.0,3.0,11,0.0,0.0,0.0,0,0.0,0.0,1.0
Аксессуары,WRZ7426-WH,Маркер Wilson Stencil White,Wilson,1207 ₽,https://saletennis.com/catalog/product/markier-wilson-stencil-white-17132,Основной склад Екатеринбург: 5 шт | Бисертская: 1 шт | Тюмень (Народная): 1 шт | Ижевск: 1 шт,8.0,public/data/product_images/8502f02aee93.webp,0.0,0.0,5,0.0,0.0,1.0,0,1.0,0.0,1.0
Аксессуары,TL0008,Мяч для тренировки реакции TORRES Reaction ball - Orange,Torres,890 ₽,https://saletennis.com/catalog/product/miach-dlia-trienirovki-rieaktsii-torres-reaction-ball-orange-14796,Парина: 1 шт | Ижевск: 2 шт | Тюмень: 2 шт | Тюмень (Народная): 4 шт,9.0,public/data/product_images/4b8a2d735235.webp,0.0,0.0,0,0.0,1.0,0.0,0,6.0,0.0,2.0
Аксессуары,SS765-100,"Напульсник 7/6 Wristband 5"" - White",7/6,490 ₽,https://saletennis.com/catalog/product/napul-snik-7-6-wristband-5-white-17496,Тюмень (Народная): 4 шт,4.0,public/data/product_images/8c03dd1a0fbc.webp,0.0,0.0,0,0.0,0.0,0.0,0,4.0,0.0,0.0
Аксессуары,76WBL-0116,Напульсник 7/6 Wristband Long  - Margarita,7/6,690 ₽,https://saletennis.com/catalog/product/napul-snik-7-6-wristband-long-margarita-19524,Тюмень (Народная): 3 упак | Соболева: 7 упак | Ижевск: 8 упак | Парина: 8 упак | Санкт-Петербург (Ярослава Гашека): 6 упак | Уфа: 8 упак | Бисертская: 7 упак | Санкт-Петербург (Спортивная): 9 упак | Елизаветенское шоссе: 6 упак,62.0,public/data/product_images/1d7755a6dd16.webp,6.0,9.0,0,7.0,8.0,7.0,6,3.0,8.0,8.0
Аксессуары,76WBL-1215,Напульсник 7/6 Wristband Long  - Shaved Chocolate,7/6,690 ₽,https://saletennis.com/catalog/product/napul-snik-7-6-wristband-long-shaved-chocolate-19525,Санкт-Петербург (Ярослава Гашека): 6 упак | Ижевск: 8 упак | Бисертская: 8 упак | Парина: 9 упак | Соболева: 6 упак | Тюмень (Народная): 2 упак | Уфа: 7 упак | Санкт-Петербург (Спортивная): 9 упак | Елизаветенское шоссе: 7 упак,62.0,public/data/product_images/220110d1270b.webp,6.0,9.0,0,6.0,9.0,8.0,7,2.0,7.0,8.0
Аксессуары,76WBL-1632,Напульсник 7/6 Wristband Long  - Shell Pink,7/6,690 ₽,https://saletennis.com/catalog/product/napul-snik-7-6-wristband-long-shell-pink-19526,Санкт-Петербург (Ярослава Гашека): 6 упак | Елизаветенское шоссе: 6 упак | Соболева: 8 упак | Уфа: 8 упак | Парина: 8 упак | Ижевск: 8 упак | Бисертская: 8 упак | Санкт-Петербург (Спортивная): 9 упак | Тюмень (Народная): 3 упак,64.0,public/data/product_images/4bbbb336d987.webp,6.0,9.0,0,8.0,8.0,8.0,6,3.0,8.0,8.0
Аксессуары,76WBL-1120,Напульсник 7/6 Wristband Long  - Starfish,7/6,690 ₽,https://saletennis.com/catalog/product/napul-snik-7-6-wristband-long-starfish-19527,Парина: 9 упак | Уфа: 7 упак | Санкт-Петербург (Спортивная): 9 упак | Бисертская: 8 упак | Елизаветенское шоссе: 7 упак | Ижевск: 8 упак | Санкт-Петербург (Ярослава Гашека): 6 упак | Соболева: 8 упак | Тюмень (Народная): 2 упак,64.0,public/data/product_images/4641d88b8844.webp,6.0,9.0,0,8.0,9.0,8.0,7,2.0,7.0,8.0
Аксессуары,76WBL-BLACK,Напульсники 7/6 Wristband Long - Black,7/6,490 ₽,https://saletennis.com/catalog/product/napul-sniki-7-6-wristband-long-black-12970,Парина: 9 шт | Бисертская: 5 шт | Ижевск: 8 шт | Санкт-Петербург (Ярослава Гашека): 18 шт | Уфа: 6 шт | Соболева: 7 шт | Санкт-Петербург (Спортивная): 23 шт | Елизаветенское шоссе: 5 шт,81.0,public/data/product_images/7086c41ebcf5.webp,18.0,23.0,0,7.0,9.0,5.0,5,0.0,6.0,8.0
Аксессуары,76WBL-NV,Напульсники 7/6 Wristband Long - Navy,7/6,490 ₽,https://saletennis.com/catalog/product/napul-sniki-7-6-wristband-long-navy-15500,Санкт-Петербург (Ярослава Гашека): 6 шт | Парина: 1 шт | Санкт-Петербург (Спортивная): 17 шт,24.0,public/data/product_images/404bbb733623.webp,6.0,17.0,0,0.0,1.0,0.0,0,0.0,0.0,0.0
Аксессуары,76WBL-RED,Напульсники 7/6 Wristband Long - Red,7/6,490 ₽,https://saletennis.com/catalog/product/napul-sniki-7-6-wristband-long-red-12972,Соболева: 7 шт | Тюмень (Народная): 2 шт | Бисертская: 1 шт | Парина: 3 шт | Тюмень: 4 шт | Санкт-Петербург (Спортивная): 19 шт | Санкт-Петербург (Ярослава Гашека): 8 шт,44.0,public/data/product_images/48b16fb20a40.webp,8.0,19.0,0,7.0,3.0,1.0,0,6.0,0.0,0.0
Аксессуары,76WBL-WH,Напульсники 7/6 Wristband Long - White,7/6,490 ₽,https://saletennis.com/catalog/product/napul-sniki-7-6-wristband-long-white-12973,Санкт-Петербург (Спортивная): 19 шт | Парина: 9 шт | Бисертская: 6 шт | Тюмень: 2 шт | Ижевск: 7 шт | Соболева: 5 шт | Елизаветенское шоссе: 8 шт | Уфа: 6 шт | Тюмень (Народная): 3 шт | Санкт-Петербург (Ярослава Гашека): 14 шт,79.0,public/data/product_images/388cf66f45b3.webp,14.0,19.0,0,5.0,9.0,6.0,8,5.0,6.0,7.0
Аксессуары,700,Натяжка ракетки.,Не определен,800 ₽,https://saletennis.com/catalog/product/natiazhka-rakietki-1-16875,Основной склад Екатеринбург: 100 шт,100.0,public/data/product_images/46a1a585e0f0.webp,0.0,0.0,100,0.0,0.0,0.0,0,0.0,0.0,0.0
Аксессуары,4C32-522,Носки 7/6 Ankle Socks Black,7/6,490 ₽,https://saletennis.com/catalog/product/noski-7-6-ankle-socks-black-10436,28-30: Бисертская - 19 пар | 28-30: Ижевск - 4 пар | 28-30: Соболева - 15 пар | 28-30: Парина - 9 пар | 28-30: Тюмень (Народная) - 19 пар | 28-30: Тюмень - 15 пар | 28-30: Санкт-Петербург (Спортивная) - 11 пар | 28-30: Санкт-Петербург (Ярослава Гашека) - 7 пар | 28-30: Уфа - 12 пар | 31-34: Тюмень (Народная) - 2 пар | 31-34: Бисертская - 30 пар | 31-34: Тюмень - 13 пар | 31-34: Основной склад Екатеринбург - 9 пар | 31-34: Уфа - 4 пар | 45-47: Соболева - 1 пар,170.0,public/data/product_images/de954c982402.webp,7.0,11.0,9,16.0,9.0,49.0,0,49.0,16.0,4.0
Аксессуары,4C32-522,Носки 7/6 Ankle Socks White,7/6,490 ₽,https://saletennis.com/catalog/product/noski-7-6-ankle-socks-white-10437,28-30: Тюмень (Народная) - 2 пар | 28-30: Тюмень - 3 пар,5.0,public/data/product_images/8f6bd97ac0e2.webp,0.0,0.0,0,0.0,0.0,0.0,0,5.0,0.0,0.0
Аксессуары,4C31-522,Носки 7/6 Socks Black,7/6,490 ₽,https://saletennis.com/catalog/product/noski-7-6-socks-black-10438,28-30: Бисертская - 45 пар | 28-30: Тюмень (Народная) - 20 пар | 28-30: Санкт-Петербург (Спортивная) - 14 пар | 28-30: Тюмень - 13 пар | 28-30: Уфа - 14 пар | 28-30: Парина - 19 пар | 28-30: Соболева - 8 пар | 28-30: Ижевск - 12 пар | 28-30: Основной склад Екатеринбург - 8 пар | 28-30: Санкт-Петербург (Ярослава Гашека) - 10 пар | 31-34: Соболева - 1 пар | 31-34: Тюмень - 12 пар | 31-34: Парина - 1 пар | 31-34: Тюмень (Народная) - 7 пар | 31-34: Бисертская - 11 пар | 36-38: Тюмень (Народная) - 8 пар | 36-38: Ижевск - 2 пар | 36-38: Тюмень - 10 пар | 36-38: Соболева - 6 пар,221.0,public/data/product_images/f2f1e7166924.webp,10.0,14.0,8,15.0,20.0,56.0,0,70.0,14.0,14.0
Аксессуары,SL76-WH,Носки 7/6 Socks Pro - White,7/6,990 ₽,https://saletennis.com/catalog/product/noski-7-6-socks-pro-white-16549,46-50: Бисертская - 7 пар | 46-50: Тюмень - 2 пар | 46-50: Основной склад Екатеринбург - 5 пар | 46-50: Соболева - 2 пар | 46-50: Ижевск - 10 пар | 46-50: Парина - 2 пар,28.0,public/data/product_images/f75f0061d9ef.webp,0.0,0.0,5,2.0,2.0,7.0,0,2.0,0.0,10.0
Аксессуары,HA0113,Носки Adidas Tennis Crew Socks - White,Adidas,1554 ₽,https://saletennis.com/catalog/product/noski-adidas-tennis-crew-socks-white-12921,49-51: Санкт-Петербург (Спортивная) - 2 упак | 49-51: Парина - 1 упак | 49-51: Тюмень (Народная) - 1 упак,4.0,public/data/product_images/6dcb2e18560d.webp,0.0,2.0,0,0.0,1.0,0.0,0,1.0,0.0,0.0
Аксессуары,HE4981,Носки Adidas UB22 Socks - Black,Adidas,1421 ₽,https://saletennis.com/catalog/product/noski-adidas-ub22-socks-black-12936,46-48: Парина - 1 упак,1.0,public/data/product_images/6778e95f6b84.webp,0.0,0.0,0,0.0,1.0,0.0,0,0.0,0.0,0.0
Аксессуары,5JA1461-2000,Носки Babolat INVISIBLE Black,Babolat,990 ₽,https://saletennis.com/catalog/product/noski-babolat-invisible-black-6839,31-34 (1 пара): Ижевск - 6 упак | 31-34 (1 пара): Парина - 2 упак | 31-34 (1 пара): Тюмень (Народная) - 2 упак,10.0,public/data/product_images/b3f37a1fa139.webp,0.0,0.0,0,0.0,2.0,0.0,0,2.0,0.0,6.0
Аксессуары,5JA1371-2000-1,Носки Babolat Junior (1pk) - Black/Black,Babolat,490 ₽,https://saletennis.com/catalog/product/noski-babolat-junior-1pk-black-black-17990,31-34: Парина - 1 пар | 31-34: Санкт-Петербург (Спортивная) - 1 пар | 31-34: Тюмень (Народная) - 5 пар | 31-34: Ижевск - 6 пар,13.0,public/data/product_images/e03834b2f278.webp,0.0,1.0,0,0.0,1.0,0.0,0,5.0,0.0,6.0
Аксессуары,S1490008,Носки Bidi Badu No Party No Show Move 3pk - Black,Bidi Badu,676 ₽,https://saletennis.com/catalog/product/noski-bidi-badu-no-party-no-show-move-3pk-black-14538,35-38: Тюмень (Народная) - 2 пар | 35-38: Парина - 2 пар | 35-38: Бисертская - 1 пар,5.0,public/data/product_images/dd2e31937803.webp,0.0,0.0,0,0.0,2.0,1.0,0,2.0,0.0,0.0
Аксессуары,S1490008-DBL,Носки Bidi Badu No Party No Show Move 3pk - Dark Blue/Pink,Bidi Badu,676 ₽,https://saletennis.com/catalog/product/noski-bidi-badu-no-party-no-show-move-3pk-dark-blue-pink-14539,31-34: Парина - 1 пар | 35-38: Ижевск - 3 пар | 35-38: Парина - 1 пар,5.0,public/data/product_images/4991642d1b21.webp,0.0,0.0,0,0.0,2.0,0.0,0,0.0,0.0,3.0
Аксессуары,81631-WH31,Носки детские Head Kids Tennis (2 пары),Head,721 ₽,https://saletennis.com/catalog/product/noski-dietskiie-head-kids-tennis-2-pary-8988,23-26: Бисертская - 2 упак | 23-26: Соболева - 1 упак | 23-26: Ижевск - 3 упак,6.0,public/data/product_images/2d108b2a4de3.webp,0.0,0.0,0,1.0,0.0,2.0,0,0.0,0.0,3.0
Аксессуары,816955-WH,Носки Head Kids 3P All sports Sneaker,Head,964 ₽,https://saletennis.com/catalog/product/noski-head-kids-3p-all-sports-sneaker-18127,23-26: Санкт-Петербург (Спортивная) - 12 упак | 27-30: Санкт-Петербург (Спортивная) - 12 упак | 31-34: Санкт-Петербург (Спортивная) - 12 упак,36.0,public/data/product_images/b2a1c62c3b51.webp,0.0,36.0,0,0.0,0.0,0.0,0,0.0,0.0,0.0
Аксессуары,811904-BKW,Носки Head Performance - Black/White (3 пары),Head,1612 ₽,https://saletennis.com/catalog/product/noski-head-performance-black-white-3-pary-14924,35-38: Санкт-Петербург (Спортивная) - 6 упак | 39-42: Тюмень (Народная) - 1 упак | 39-42: Парина - 1 упак | 39-42: Ижевск - 2 упак | 39-42: Уфа - 2 упак,12.0,public/data/product_images/1f8338387b99.webp,0.0,6.0,0,0.0,1.0,0.0,0,1.0,2.0,2.0
Аксессуары,771026001200043,Носки Head Short Crew Black (3 пары),Head,632 ₽,https://saletennis.com/catalog/product/noski-head-short-crew-black-3-pary-8361,35-38: Соболева - 1 упак,1.0,public/data/product_images/32d57ad04fca.webp,0.0,0.0,0,1.0,0.0,0.0,0,0.0,0.0,0.0
Аксессуары,811509-BKW,Носки Head Tennis 2P Stripe Quarter - Black/White (2 пары),Head,1207 ₽,https://saletennis.com/catalog/product/noski-head-tennis-2p-stripe-quarter-black-white-2-pary-15467,35-38: Бисертская - 1 упак | 35-38: Санкт-Петербург (Спортивная) - 4 упак | 35-38: Соболева - 2 упак | 39-42: Тюмень (Народная) - 2 упак | 39-42: Санкт-Петербург (Спортивная) - 1 упак | 39-42: Соболева - 1 упак | 39-42: Парина - 2 упак | 43-46: Тюмень (Народная) - 1 упак | 43-46: Санкт-Петербург (Спортивная) - 3 упак | 43-46: Уфа - 1 упак,18.0,public/data/product_images/8cb5a6419d5d.webp,0.0,8.0,0,3.0,2.0,1.0,0,3.0,1.0,0.0
Аксессуары,811914-BK,Носки Head Tennis 3P Club Black (3 пары),Head,940 ₽,https://saletennis.com/catalog/product/noski-head-tennis-3p-club-black-3-pary-14925,35-38: Соболева - 2 упак | 35-38: Тюмень (Народная) - 1 упак | 35-38: Парина - 1 упак,4.0,public/data/product_images/e19b65dc8408.webp,0.0,0.0,0,2.0,1.0,0.0,0,1.0,0.0,0.0
Аксессуары,SK0118-010,Носки Nike Court Multiplier Cushioned - Black,Nike,2990 ₽,https://saletennis.com/catalog/product/noski-nike-court-multiplier-cushioned-black-9816,34-38: Соболева - 4 упак | 34-38: Тюмень (Народная) - 3 упак | 34-38: Ижевск - 1 упак | 34-38: Парина - 3 упак | 38-42: Соболева - 5 упак | 38-42: Санкт-Петербург (Спортивная) - 2 упак | 38-42: Бисертская - 5 упак | 38-42: Парина - 4 упак | 38-42: Тюмень (Народная) - 2 упак | 38-42: Ижевск - 3 упак | 42-46: Парина - 6 упак | 42-46: Соболева - 9 упак | 42-46: Бисертская - 6 упак | 42-46: Уфа - 7 упак | 42-46: Санкт-Петербург (Спортивная) - 8 упак | 42-46: Тюмень - 5 упак | 42-46: Ижевск - 12 упак | 42-46: Тюмень (Народная) - 9 упак | 42-46: Санкт-Петербург (Ярослава Гашека) - 1 упак | 46-50: Соболева - 6 упак | 46-50: Ижевск - 3 упак | 46-50: Тюмень - 4 упак | 46-50: Санкт-Петербург (Спортивная) - 3 упак | 46-50: Тюмень (Народная) - 3 упак | 46-50: Санкт-Петербург (Ярослава Гашека) - 1 упак | 46-50: Уфа - 5 упак | 46-50: Бисертская - 6 упак | 46-50: Парина - 6 упак,132.0,public/data/product_images/61c29615165b.webp,2.0,13.0,0,24.0,19.0,17.0,0,26.0,12.0,19.0
Аксессуары,SK0118-100,Носки Nike Court Multiplier Cushioned - White,Nike,2990 ₽,https://saletennis.com/catalog/product/noski-nike-court-multiplier-cushioned-white-9732,46-50: Соболева - 6 упак | 46-50: Ижевск - 2 упак | 46-50: Тюмень (Народная) - 3 упак | 46-50: Парина - 4 упак | 46-50: Уфа - 2 упак | 46-50: Санкт-Петербург (Спортивная) - 3 упак | 46-50: Бисертская - 5 упак | 46-50: Тюмень - 3 упак,28.0,public/data/product_images/a1af2e32c35e.webp,0.0,3.0,0,6.0,4.0,5.0,0,6.0,2.0,2.0
Аксессуары,CU1309-100,Носки Nike Court Multiplier Max Quarter Crew Sock (2 pairs) - White,Nike,3490 ₽,https://saletennis.com/catalog/product/noski-nike-court-multiplier-max-quarter-crew-sock-2-pairs-white-9991,46-50: Уфа - 6 упак | 46-50: Соболева - 5 упак | 46-50: Парина - 1 упак,12.0,public/data/product_images/3cbda102d262.webp,0.0,0.0,0,5.0,1.0,0.0,0,0.0,6.0,0.0
Аксессуары,SX4508-001,Носки Nike Value Cotton Crew - Black (3 пары),Nike,1190 ₽,https://saletennis.com/catalog/product/noski-nike-value-cotton-crew-black-3-pary-10567,34-38: Тюмень (Народная) - 2 упак | 34-38: Соболева - 1 упак | 34-38: Парина - 1 упак,4.0,public/data/product_images/61f012132b89.webp,0.0,0.0,0,1.0,1.0,0.0,0,2.0,0.0,0.0
Аксессуары,Не указан,Новак Джокович. Жизнь и карьера великого чемпиона,Не определен,1190 ₽,https://saletennis.com/catalog/product/novak-dzhokovich-zhizn-i-kar-iera-vielikogho-chiempiona-16751,Соболева: 1 шт | Ижевск: 1 шт,2.0,public/data/product_images/be53ef252c73.webp,0.0,0.0,0,1.0,0.0,0.0,0,0.0,0.0,1.0
Аксессуары,282009-BK,Овергрип Head Prestige Pro black,Head,721 ₽,https://saletennis.com/catalog/product/overgrip-head-prestige-pro-black-46-46,Соболева: 13 упак | Бисертская: 5 упак | Уфа: 12 упак | Основной склад Екатеринбург: 48 упак | Тюмень (Народная): 8 упак | Санкт-Петербург (Спортивная): 19 упак | Парина: 9 упак | Ижевск: 6 упак,120.0,public/data/product_images/2d0347dc66de.webp,0.0,19.0,48,13.0,9.0,5.0,0,8.0,12.0,6.0
Аксессуары,282009-WH,Овергрип Head Prestige Pro white,Head,623 ₽,https://saletennis.com/catalog/product/overgrip-head-prestige-pro-white-361-361,Бисертская: 7 упак | Соболева: 12 упак | Санкт-Петербург (Спортивная): 25 упак | Тюмень (Народная): 8 упак | Основной склад Екатеринбург: 60 упак | Ижевск: 6 упак | Уфа: 10 упак | Парина: 2 упак,130.0,public/data/product_images/617bf6d1a60d.webp,0.0,25.0,60,12.0,2.0,7.0,0,8.0,10.0,6.0
Аксессуары,285088-BK,Овергрип Head Super Comp black,Head,750 ₽,https://saletennis.com/catalog/product/overgrip-head-super-comp-black-47-47,Тюмень (Народная): 4 упак | Парина: 4 упак | Санкт-Петербург (Спортивная): 22 упак | Уфа: 12 упак | Ижевск: 10 упак | Соболева: 2 упак,54.0,public/data/product_images/c57c54b6bcbb.webp,0.0,22.0,0,2.0,4.0,0.0,0,4.0,12.0,10.0
Аксессуары,285088-BL,Овергрип Head Super Comp blue,Head,524 ₽,https://saletennis.com/catalog/product/overgrip-head-super-comp-blue-779-779,Основной склад Екатеринбург: 36 упак | Бисертская: 8 упак | Парина: 10 упак | Ижевск: 8 упак | Тюмень (Народная): 29 упак | Уфа: 9 упак | Санкт-Петербург (Спортивная): 36 упак | Соболева: 8 упак,144.0,public/data/product_images/3c4a1f9d272a.webp,0.0,36.0,36,8.0,10.0,8.0,0,29.0,9.0,8.0
Аксессуары,285088-WH,Овергрип Head Super Comp white,Head,750 ₽,https://saletennis.com/catalog/product/overgrip-head-super-comp-white-218-218,Ижевск: 7 упак | Бисертская: 6 упак | Санкт-Петербург (Спортивная): 12 упак | Парина: 4 упак | Соболева: 12 упак | Уфа: 13 упак,54.0,public/data/product_images/dc68b8b227d9.webp,0.0,12.0,0,12.0,4.0,6.0,0,0.0,13.0,7.0
Аксессуары,285104-BL,Овергрип Head Xtremsoft blue,Head,689 ₽,https://saletennis.com/catalog/product/overgrip-head-xtremsoft-blue-4151-4151,Бисертская: 14 упак | Соболева: 17 упак | Уфа: 10 упак | Основной склад Екатеринбург: 12 упак | Парина: 16 упак | Санкт-Петербург (Спортивная): 23 упак | Тюмень (Народная): 16 упак | Ижевск: 10 упак,118.0,public/data/product_images/c941056e940c.webp,0.0,23.0,12,17.0,16.0,14.0,0,16.0,10.0,10.0
Аксессуары,285104-PK,Овергрип Head Xtremsoft pink,Head,689 ₽,https://saletennis.com/catalog/product/overgrip-head-xtremsoft-pink-4248-4248,Ижевск: 13 упак | Парина: 27 упак | Соболева: 10 упак | Уфа: 12 упак | Бисертская: 10 упак | Основной склад Екатеринбург: 14 упак | Тюмень (Народная): 17 упак | Санкт-Петербург (Спортивная): 34 упак,137.0,public/data/product_images/ccc5ab507c02.webp,0.0,34.0,14,10.0,27.0,10.0,0,17.0,12.0,13.0
Аксессуары,285104-RD,Овергрип Head Xtremsoft red,Head,850 ₽,https://saletennis.com/catalog/product/overgrip-head-xtremsoft-red-220-220,Парина: 9 упак | Ижевск: 11 упак | Тюмень (Народная): 12 упак | Бисертская: 5 упак | Соболева: 6 упак | Уфа: 18 упак | Санкт-Петербург (Спортивная): 16 упак | Основной склад Екатеринбург: 48 упак,125.0,public/data/product_images/e73c44f8d6e4.webp,0.0,16.0,48,6.0,9.0,5.0,0,12.0,18.0,11.0
Аксессуары,285104-WH,Овергрип Head Xtremsoft white,Head,689 ₽,https://saletennis.com/catalog/product/overgrip-head-xtremsoft-white-219-219,Санкт-Петербург (Спортивная): 12 упак | Ижевск: 7 упак | Парина: 9 упак | Тюмень (Народная): 2 упак | Бисертская: 3 упак | Соболева: 1 упак | Уфа: 5 упак,39.0,public/data/product_images/4ba03d1497ec.webp,0.0,12.0,0,1.0,9.0,3.0,0,2.0,5.0,7.0
Аксессуары,285104-YW,Овергрип Head Xtremsoft yellow,Head,689 ₽,https://saletennis.com/catalog/product/overgrip-head-xtremsoft-yellow-401-401,Соболева: 16 упак | Санкт-Петербург (Спортивная): 12 упак | Ижевск: 10 упак | Парина: 7 упак | Уфа: 6 упак | Тюмень (Народная): 8 упак | Бисертская: 12 упак | Основной склад Екатеринбург: 24 упак,95.0,public/data/product_images/d61739fb1644.webp,0.0,12.0,24,16.0,7.0,12.0,0,8.0,6.0,10.0
Аксессуары,285124,Овергрип Head XtremTrack mix,Head,640 ₽,https://saletennis.com/catalog/product/overgrip-head-xtremtrack-mix-3254-3254,Соболева: 1 упак,1.0,public/data/product_images/65fa251243f4.webp,0.0,0.0,0,1.0,0.0,0.0,0,0.0,0.0,0.0
Аксессуары,WRZ4014BK,Овергрип Wilson Pro Overgrip Black 3pk,Wilson,1045 ₽,https://saletennis.com/catalog/product/overgrip-wilson-pro-overgrip-perforated-black-3pk-4032-4032,Соболева: 1 упак,1.0,public/data/product_images/072da5a1f234.webp,0.0,0.0,0,1.0,0.0,0.0,0,0.0,0.0,0.0
Аксессуары,WRZ4040GO,Овергрип Wilson Pro Soft Overgrip gold 3pk,Wilson,1045 ₽,https://saletennis.com/catalog/product/overgrip-wilson-pro-soft-overgrip-gold-3-pk-2907-2907,Соболева: 7 упак | Санкт-Петербург (Спортивная): 2 упак | Уфа: 9 упак | Тюмень (Народная): 7 упак | Ижевск: 5 упак | Санкт-Петербург (Ярослава Гашека): 1 упак | Парина: 6 упак | Бисертская: 3 упак,40.0,public/data/product_images/66f28ca7b416.webp,1.0,2.0,0,7.0,6.0,3.0,0,7.0,9.0,5.0
Аксессуары,WRZ4025BK,Овергрип Wilson Profile Overgrip black 3 pk,Wilson,1045 ₽,https://saletennis.com/catalog/product/overgrip-wilson-profile-overgrip-black-3-pk-2891-2891,Бисертская: 3 упак | Тюмень (Народная): 2 упак | Ижевск: 1 упак | Парина: 4 упак | Соболева: 5 упак | Уфа: 2 упак,17.0,public/data/product_images/fbb439807d51.webp,0.0,0.0,0,5.0,4.0,3.0,0,2.0,2.0,1.0
Аксессуары,WRZ4040OR,Овергрип Wilson Soft Overgrip orange 3 pk,Wilson,1045 ₽,https://saletennis.com/catalog/product/overgrip-wilson-soft-overgrip-orange-3-pk-403-403,Санкт-Петербург (Ярослава Гашека): 1 упак | Парина: 8 упак | Бисертская: 5 упак | Уфа: 8 упак | Ижевск: 8 упак | Соболева: 3 упак | Тюмень (Народная): 2 упак,35.0,public/data/product_images/4b0cf68fb4a8.webp,1.0,0.0,0,3.0,8.0,5.0,0,2.0,8.0,8.0
Аксессуары,РО76-1,Овергрип 7/6 Pro 1 PK  - White,7/6,350 ₽,https://saletennis.com/catalog/product/ovierghrip-7-6-pro-1-pk-white-16718,Тюмень (Народная): 15 шт | Соболева: 12 шт | Бисертская: 32 шт | Парина: 27 шт | Тюмень: 36 шт | Ижевск: 17 шт | Санкт-Петербург (Спортивная): 19 шт,158.0,public/data/product_images/08f6b70f4a22.webp,0.0,19.0,0,12.0,27.0,32.0,0,51.0,0.0,17.0
Аксессуары,PO76-12,Овергрип 7/6 Pro 12 PK - White,7/6,2490 ₽,https://saletennis.com/catalog/product/ovierghrip-7-6-pro-12-pk-white-16701,Соболева: 4 упак | Основной склад Екатеринбург: 39 упак | Санкт-Петербург (Спортивная): 1 упак | Уфа: 3 упак | Ижевск: 7 упак | Парина: 4 упак | Санкт-Петербург (Ярослава Гашека): 1 упак | Тюмень (Народная): 1 упак,60.0,public/data/product_images/4df11a8f4fe3.webp,1.0,1.0,39,4.0,4.0,0.0,0,1.0,3.0,7.0
Аксессуары,PO76-3,Овергрип 7/6 Pro 3 PK - White,7/6,990 ₽,https://saletennis.com/catalog/product/ovierghrip-7-6-pro-3-pk-white-16702,Ижевск: 18 упак | Елизаветенское шоссе: 2 упак | Тюмень: 3 упак | Парина: 2 упак | Санкт-Петербург (Спортивная): 19 упак | Бисертская: 1 упак | Тюмень (Народная): 6 упак | Уфа: 2 упак | Санкт-Петербург (Ярослава Гашека): 10 упак,63.0,public/data/product_images/90ff201f218f.webp,10.0,19.0,0,0.0,2.0,1.0,2,9.0,2.0,18.0
Аксессуары,STО76-1AS,Овергрип 7/6 Super Tacky 1 PK - Assorted,7/6,250 ₽,https://saletennis.com/catalog/product/ovierghrip-7-6-super-tacky-1-pk-assorted-16715,Ижевск: 18 шт | Санкт-Петербург (Ярослава Гашека): 6 шт | Парина: 21 шт | Соболева: 8 шт | Елизаветенское шоссе: 9 шт | Уфа: 34 шт | Бисертская: 1 шт,97.0,public/data/product_images/7e1a1ff50a45.webp,6.0,0.0,0,8.0,21.0,1.0,9,0.0,34.0,18.0
Аксессуары,STО76-1BK,Овергрип 7/6 Super Tacky 1 PK - Black,7/6,250 ₽,https://saletennis.com/catalog/product/ovierghrip-7-6-super-tacky-1-pk-black-16716,Тюмень (Народная): 1 шт,1.0,public/data/product_images/985335f46241.webp,0.0,0.0,0,0.0,0.0,0.0,0,1.0,0.0,0.0
Аксессуары,STО76-1WH,Овергрип 7/6 Super Tacky 1 PK - White,7/6,250 ₽,https://saletennis.com/catalog/product/ovierghrip-7-6-super-tacky-1-pk-white-16717,Елизаветенское шоссе: 32 шт | Соболева: 38 шт | Уфа: 48 шт | Бисертская: 9 шт | Санкт-Петербург (Ярослава Гашека): 40 шт | Тюмень: 5 шт | Тюмень (Народная): 36 шт | Парина: 54 шт | Санкт-Петербург (Спортивная): 78 шт | Ижевск: 41 шт,381.0,public/data/product_images/f0cbcf8e136c.webp,40.0,78.0,0,38.0,54.0,9.0,32,41.0,48.0,41.0
Аксессуары,STО76-60WH,Овергрип 7/6 Super Tacky 60 PK - White,7/6,7990 ₽,https://saletennis.com/catalog/product/ovierghrip-7-6-super-tacky-60-pk-white-16700,Тюмень (Народная): 2 упак | Санкт-Петербург (Спортивная): 2 упак | Соболева: 1 упак | Уфа: 2 упак | Парина: 2 упак | Бисертская: 2 упак,11.0,public/data/product_images/7f3ca29d14e1.webp,0.0,2.0,0,1.0,2.0,2.0,0,2.0,2.0,0.0
Аксессуары,STO76-3BLU,Овергрип 7/6 Super Tacky - Blue 3 pk,7/6,690 ₽,https://saletennis.com/catalog/product/ovierghrip-7-6-super-tacky-blue-3-pk-14372,Уфа: 6 упак | Соболева: 6 упак | Тюмень (Народная): 3 упак | Санкт-Петербург (Ярослава Гашека): 5 упак | Ижевск: 7 упак | Тюмень: 1 упак | Санкт-Петербург (Спортивная): 7 упак | Парина: 7 упак | Бисертская: 1 упак,43.0,public/data/product_images/02f702b6aec9.webp,5.0,7.0,0,6.0,7.0,1.0,0,4.0,6.0,7.0
Аксессуары,STO76-3FY,Овергрип 7/6 Super Tacky - Fluorescent Yellow  3 pk,7/6,690 ₽,https://saletennis.com/catalog/product/ovierghrip-7-6-super-tacky-fluorescent-yellow-3-pk-16707,Уфа: 7 упак | Санкт-Петербург (Ярослава Гашека): 4 упак | Соболева: 6 упак | Ижевск: 10 упак | Санкт-Петербург (Спортивная): 16 упак | Парина: 5 упак | Тюмень (Народная): 2 упак,50.0,public/data/product_images/87a517ec881b.webp,4.0,16.0,0,6.0,5.0,0.0,0,2.0,7.0,10.0
Аксессуары,STO76-3OR,Овергрип 7/6 Super Tacky - Orange 3 pk,7/6,690 ₽,https://saletennis.com/catalog/product/ovierghrip-7-6-super-tacky-orange-3-pk-14375,Ижевск: 3 упак | Соболева: 6 упак | Санкт-Петербург (Ярослава Гашека): 5 упак | Парина: 4 упак | Уфа: 6 упак | Тюмень (Народная): 5 упак | Бисертская: 1 упак | Санкт-Петербург (Спортивная): 8 упак,38.0,public/data/product_images/e05a13f0bf2a.webp,5.0,8.0,0,6.0,4.0,1.0,0,5.0,6.0,3.0
Аксессуары,STO76-3PN,Овергрип 7/6 Super Tacky - Pink 3 pk,7/6,690 ₽,https://saletennis.com/catalog/product/ovierghrip-7-6-super-tacky-pink-3-pk-14376,Санкт-Петербург (Спортивная): 12 упак | Уфа: 8 упак | Санкт-Петербург (Ярослава Гашека): 10 упак | Соболева: 6 упак | Ижевск: 12 упак,48.0,public/data/product_images/1496e93037c2.webp,10.0,12.0,0,6.0,0.0,0.0,0,0.0,8.0,12.0
Аксессуары,STO76-3RD,Овергрип 7/6 Super Tacky - Purple 3 pk,7/6,690 ₽,https://saletennis.com/catalog/product/ovierghrip-7-6-super-tacky-purple-3-pk-16704,Уфа: 6 упак | Санкт-Петербург (Ярослава Гашека): 6 упак | Ижевск: 5 упак | Соболева: 4 упак | Тюмень (Народная): 3 упак | Санкт-Петербург (Спортивная): 1 упак,25.0,public/data/product_images/c0a173a7a9a2.webp,6.0,1.0,0,4.0,0.0,0.0,0,3.0,6.0,5.0
Аксессуары,STO76-3GR,Овергрип 7/6 Super Tacky - Sky Blue 3 pk,7/6,690 ₽,https://saletennis.com/catalog/product/ovierghrip-7-6-super-tacky-sky-blue-3-pk-16705,Парина: 2 упак | Санкт-Петербург (Ярослава Гашека): 5 упак | Соболева: 6 упак | Уфа: 8 упак | Санкт-Петербург (Спортивная): 8 упак,29.0,public/data/product_images/2e7bfd5d86da.webp,5.0,8.0,0,6.0,2.0,0.0,0,0.0,8.0,0.0
Аксессуары,STO76-3TB,Овергрип 7/6 Super Tacky - Tiffany Blue 3 pk,7/6,690 ₽,https://saletennis.com/catalog/product/ovierghrip-7-6-super-tacky-tiffany-blue-3-pk-16708,Санкт-Петербург (Ярослава Гашека): 5 упак | Уфа: 8 упак | Парина: 2 упак | Санкт-Петербург (Спортивная): 11 упак,26.0,public/data/product_images/e944544e5714.webp,5.0,11.0,0,0.0,2.0,0.0,0,0.0,8.0,0.0
Аксессуары,STO76-3WH,Овергрип 7/6 Super Tacky - White 3 pk,7/6,690 ₽,https://saletennis.com/catalog/product/ovierghrip-7-6-super-tacky-white-3-pk-14378,Ижевск: 3 упак,3.0,public/data/product_images/b6565b6a51ef.webp,0.0,0.0,0,0.0,0.0,0.0,0,0.0,0.0,3.0
Аксессуары,STO76-3YW,Овергрип 7/6 Super Tacky - Yellow 3 pk,7/6,690 ₽,https://saletennis.com/catalog/product/ovierghrip-7-6-super-tacky-yellow-3-pk-14379,Парина: 13 упак | Соболева: 10 упак | Тюмень: 1 упак | Бисертская: 4 упак | Тюмень (Народная): 9 упак | Ижевск: 8 упак | Санкт-Петербург (Спортивная): 1 упак | Уфа: 15 упак | Санкт-Петербург (Ярослава Гашека): 6 упак | Основной склад Екатеринбург: 22 упак,89.0,public/data/product_images/9b17c339fb78.webp,6.0,1.0,22,10.0,13.0,4.0,0,10.0,15.0,8.0
Аксессуары,653052,Овергрип Babolat My Grip Black/Blue/White,Babolat,790 ₽,https://saletennis.com/catalog/product/ovierghrip-babolat-my-grip-black-blue-white-15894,Парина: 1 шт | Санкт-Петербург (Ярослава Гашека): 2 шт | Санкт-Петербург (Спортивная): 2 шт,5.0,public/data/product_images/49154ee9aae9.webp,2.0,2.0,0,0.0,1.0,0.0,0,0.0,0.0,0.0
Аксессуары,656006 + kk1703,Овергрип Babolat My Overgrip Assorty 1 шт,Babolat,350 ₽,https://saletennis.com/catalog/product/ovierghrip-babolat-my-overgrip-assorty-1-sht-5370,Бисертская: 9 шт | Соболева: 50 шт | Тюмень: 2 шт | Парина: 8 шт,69.0,public/data/product_images/ba4406bb243d.webp,0.0,0.0,0,50.0,8.0,9.0,0,2.0,0.0,0.0
Аксессуары,656011-134,Овергрип Babolat My Overgrip Refill 1 шт,Babolat,300 ₽,https://saletennis.com/catalog/product/ovierghrip-babolat-my-overgrip-refill-1-sht-17154,Санкт-Петербург (Спортивная): 66 шт | Уфа: 57 шт | Парина: 137 шт,260.0,public/data/product_images/30c28b1c0c46.webp,0.0,66.0,0,0.0,137.0,0.0,0,0.0,57.0,0.0
Аксессуары,653048-105,Овергрип Babolat Pro Response X 3 Black,Babolat,990 ₽,https://saletennis.com/catalog/product/ovierghrip-babolat-pro-response-x-3-black-10111,Парина: 3 упак | Тюмень (Народная): 1 упак,4.0,public/data/product_images/2d7131f4a6bf.webp,0.0,0.0,0,0.0,3.0,0.0,0,1.0,0.0,0.0
Аксессуары,653048-101,Овергрип Babolat Pro Response X 3 White,Babolat,990 ₽,https://saletennis.com/catalog/product/ovierghrip-babolat-pro-response-x-3-white-10112,Санкт-Петербург (Спортивная): 1 упак | Парина: 3 упак,4.0,public/data/product_images/03f07d1b4137.webp,0.0,1.0,0,0.0,3.0,0.0,0,0.0,0.0,0.0
Аксессуары,653040,Овергрип Babolat VS Grip Original 3PK - Black,Babolat,990 ₽,https://saletennis.com/catalog/product/ovierghrip-babolat-vs-grip-original-3pk-black-16094,Соболева: 3 упак | Бисертская: 4 упак | Санкт-Петербург (Ярослава Гашека): 4 упак | Санкт-Петербург (Спортивная): 2 упак | Парина: 3 упак,16.0,public/data/product_images/c6f76d93ff4a.webp,4.0,2.0,0,3.0,3.0,4.0,0,0.0,0.0,0.0
Аксессуары,653040,Овергрип Babolat VS Grip Original 3PK - Black/Blue,Babolat,990 ₽,https://saletennis.com/catalog/product/ovierghrip-babolat-vs-grip-original-3pk-black-blue-16095,Санкт-Петербург (Спортивная): 4 упак | Соболева: 3 упак | Санкт-Петербург (Ярослава Гашека): 4 упак | Парина: 4 упак,15.0,public/data/product_images/fa2465f59c3e.webp,4.0,4.0,0,3.0,4.0,0.0,0,0.0,0.0,0.0
Аксессуары,653040-232,Овергрип Babolat VS Grip Original 3PK - Black/Fluo Yellow,Babolat,990 ₽,https://saletennis.com/catalog/product/ovierghrip-babolat-vs-grip-original-3pk-black-fluo-yellow-16096,Парина: 6 упак | Санкт-Петербург (Спортивная): 2 упак | Уфа: 1 упак | Санкт-Петербург (Ярослава Гашека): 1 упак,10.0,public/data/product_images/d1afa0bb6b0f.webp,1.0,2.0,0,0.0,6.0,0.0,0,0.0,1.0,0.0
Аксессуары,653040,Овергрип Babolat VS Grip Original 3PK - White,Babolat,990 ₽,https://saletennis.com/catalog/product/ovierghrip-babolat-vs-grip-original-3pk-white-16100,Уфа: 1 упак | Парина: 3 упак,4.0,public/data/product_images/fcea13d2df78.webp,0.0,0.0,0,0.0,3.0,0.0,0,0.0,1.0,0.0
Аксессуары,653040-105,Овергрип Babolat VS Original 3pk - Black,Babolat,990 ₽,https://saletennis.com/catalog/product/ovierghrip-babolat-vs-original-3pk-black-19071,Парина: 6 упак | Санкт-Петербург (Спортивная): 6 упак,12.0,public/data/product_images/cd59769c5008.webp,0.0,6.0,0,0.0,6.0,0.0,0,0.0,0.0,0.0
Аксессуары,653040-101,Овергрип Babolat VS Original 3pk - White,Babolat,990 ₽,https://saletennis.com/catalog/product/ovierghrip-babolat-vs-original-3pk-white-19072,Санкт-Петербург (Спортивная): 6 упак,6.0,public/data/product_images/835dc8d75b58.webp,0.0,6.0,0,0.0,0.0,0.0,0,0.0,0.0,0.0
Аксессуары,285661,Овергрип Head Prime Tour 1 шт - Black,Head,350 ₽,https://saletennis.com/catalog/product/ovierghrip-head-prime-tour-1-sht-black-14020,Санкт-Петербург (Спортивная): 165 шт | Бисертская: 48 шт | Парина: 37 шт | Тюмень: 4 шт | Соболева: 26 шт,280.0,public/data/product_images/fbd5170c0380.webp,0.0,165.0,0,26.0,37.0,48.0,0,4.0,0.0,0.0
Аксессуары,285661,Овергрип Head Prime Tour 1 шт - Blue,Head,350 ₽,https://saletennis.com/catalog/product/ovierghrip-head-prime-tour-1-sht-blue-13645,Санкт-Петербург (Ярослава Гашека): 52 шт | Парина: 37 шт | Соболева: 55 шт,144.0,public/data/product_images/418a3ee973f0.webp,52.0,0.0,0,55.0,37.0,0.0,0,0.0,0.0,0.0
Аксессуары,285661,Овергрип Head Prime Tour 1 шт - Grey,Head,350 ₽,https://saletennis.com/catalog/product/ovierghrip-head-prime-tour-1-sht-grey-13140,Парина: 39 шт,39.0,public/data/product_images/5d7ee029c903.webp,0.0,0.0,0,0.0,39.0,0.0,0,0.0,0.0,0.0
Аксессуары,285661,Овергрип Head Prime Tour 1 шт - Mint,Head,350 ₽,https://saletennis.com/catalog/product/ovierghrip-head-prime-tour-1-sht-mint-13138,Бисертская: 43 шт | Санкт-Петербург (Ярослава Гашека): 53 шт | Уфа: 22 шт | Тюмень: 15 шт | Ижевск: 9 шт | Соболева: 21 шт | Парина: 14 шт,177.0,public/data/product_images/2a9037fc1a80.webp,53.0,0.0,0,21.0,14.0,43.0,0,15.0,22.0,9.0
Аксессуары,285661,Овергрип Head Prime Tour 1 шт - Orange,Head,350 ₽,https://saletennis.com/catalog/product/ovierghrip-head-prime-tour-1-sht-orange-17326,Парина: 37 шт | Уфа: 49 шт | Бисертская: 44 шт | Тюмень: 21 шт | Основной склад Екатеринбург: 60 шт | Санкт-Петербург (Спортивная): 38 шт | Ижевск: 10 шт | Соболева: 59 шт,318.0,public/data/product_images/4771218331ab.webp,0.0,38.0,60,59.0,37.0,44.0,0,21.0,49.0,10.0
Аксессуары,285661,Овергрип Head Prime Tour 1 шт - Pink,Head,350 ₽,https://saletennis.com/catalog/product/ovierghrip-head-prime-tour-1-sht-pink-13646,Уфа: 1 шт | Парина: 36 шт | Санкт-Петербург (Спортивная): 120 шт | Бисертская: 40 шт,197.0,public/data/product_images/bd26394cc1e1.webp,0.0,120.0,0,0.0,36.0,40.0,0,0.0,1.0,0.0
Аксессуары,285661,Овергрип Head Prime Tour 1 шт - Salmon,Head,350 ₽,https://saletennis.com/catalog/product/ovierghrip-head-prime-tour-1-sht-salmon-18004,Соболева: 43 шт,43.0,public/data/product_images/81b13167df1d.webp,0.0,0.0,0,43.0,0.0,0.0,0,0.0,0.0,0.0
Аксессуары,285661,Овергрип Head Prime Tour 1 шт - White,Head,350 ₽,https://saletennis.com/catalog/product/ovierghrip-head-prime-tour-1-sht-white-14559,Санкт-Петербург (Спортивная): 122 шт | Парина: 15 шт | Ижевск: 5 шт | Бисертская: 50 шт,192.0,public/data/product_images/681ca99cf6d6.webp,0.0,122.0,0,0.0,15.0,50.0,0,0.0,0.0,5.0
Аксессуары,285661,Овергрип Head Prime Tour 1 шт - Yellow,Head,350 ₽,https://saletennis.com/catalog/product/ovierghrip-head-prime-tour-1-sht-yellow-13141,Соболева: 58 шт | Уфа: 41 шт | Ижевск: 32 шт | Тюмень (Народная): 114 шт | Основной склад Екатеринбург: 60 шт | Тюмень: 10 шт | Бисертская: 56 шт | Парина: 41 шт | Санкт-Петербург (Спортивная): 36 шт,448.0,public/data/product_images/68fce2e09084.webp,0.0,36.0,60,58.0,41.0,56.0,0,124.0,41.0,32.0
Аксессуары,285631,Овергрип Head Prime Tour 12 pack - Black,Head,3190 ₽,https://saletennis.com/catalog/product/ovierghrip-head-prime-tour-12-pack-black-13971,Санкт-Петербург (Спортивная): 2 упак,2.0,public/data/product_images/370df65c88a3.webp,0.0,2.0,0,0.0,0.0,0.0,0,0.0,0.0,0.0
Аксессуары,285631,Овергрип Head Prime Tour 12 pack - Blue,Head,2584 ₽,https://saletennis.com/catalog/product/ovierghrip-head-prime-tour-12-pack-blue-13972,Санкт-Петербург (Спортивная): 9 упак | Бисертская: 3 упак | Парина: 4 упак | Санкт-Петербург (Ярослава Гашека): 1 упак | Тюмень (Народная): 1 упак | Уфа: 4 упак | Соболева: 3 упак | Ижевск: 3 упак,28.0,public/data/product_images/a162d3830f39.webp,1.0,9.0,0,3.0,4.0,3.0,0,1.0,4.0,3.0
Аксессуары,285631,Овергрип Head Prime Tour 12 pack - Cyan Sea,Head,2584 ₽,https://saletennis.com/catalog/product/ovierghrip-head-prime-tour-12-pack-cyan-sea-17973,Парина: 1 упак | Ижевск: 2 упак | Уфа: 2 упак,5.0,public/data/product_images/7617d03dff8e.webp,0.0,0.0,0,0.0,1.0,0.0,0,0.0,2.0,2.0
Аксессуары,285631,Овергрип Head Prime Tour 12 pack - Grey,Head,2584 ₽,https://saletennis.com/catalog/product/ovierghrip-head-prime-tour-12-pack-grey-13973,Парина: 4 упак | Санкт-Петербург (Ярослава Гашека): 1 упак | Уфа: 4 упак | Санкт-Петербург (Спортивная): 4 упак,13.0,public/data/product_images/96c9c6bf00e3.webp,1.0,4.0,0,0.0,4.0,0.0,0,0.0,4.0,0.0
Аксессуары,285631,Овергрип Head Prime Tour 12 pack - Mint,Head,2584 ₽,https://saletennis.com/catalog/product/ovierghrip-head-prime-tour-12-pack-mint-13974,Парина: 4 упак | Соболева: 2 упак | Ижевск: 5 упак | Уфа: 5 упак | Бисертская: 1 упак,17.0,public/data/product_images/ef1a28ff3fda.webp,0.0,0.0,0,2.0,4.0,1.0,0,0.0,5.0,5.0
Аксессуары,285631,Овергрип Head Prime Tour 12 pack - Orange,Head,2584 ₽,https://saletennis.com/catalog/product/ovierghrip-head-prime-tour-12-pack-orange-17974,Бисертская: 1 упак | Уфа: 3 упак | Парина: 2 упак | Ижевск: 1 упак,7.0,public/data/product_images/a15153b4fde5.webp,0.0,0.0,0,0.0,2.0,1.0,0,0.0,3.0,1.0
Аксессуары,285631,Овергрип Head Prime Tour 12 pack - Pink,Head,2584 ₽,https://saletennis.com/catalog/product/ovierghrip-head-prime-tour-12-pack-pink-13975,Санкт-Петербург (Спортивная): 4 упак | Тюмень (Народная): 1 упак | Бисертская: 3 упак | Парина: 3 упак | Уфа: 2 упак | Ижевск: 3 упак,16.0,public/data/product_images/120e64982fd3.webp,0.0,4.0,0,0.0,3.0,3.0,0,1.0,2.0,3.0
Аксессуары,285631,Овергрип Head Prime Tour 12 pack - Salmon,Head,2584 ₽,https://saletennis.com/catalog/product/ovierghrip-head-prime-tour-12-pack-salmon-17975,Санкт-Петербург (Спортивная): 6 упак | Санкт-Петербург (Ярослава Гашека): 2 упак | Уфа: 2 упак | Ижевск: 3 упак | Бисертская: 2 упак | Парина: 2 упак | Соболева: 1 упак,18.0,public/data/product_images/9faf6373359a.webp,2.0,6.0,0,1.0,2.0,2.0,0,0.0,2.0,3.0
Аксессуары,285631,Овергрип Head Prime Tour 12 pack - White,Head,2584 ₽,https://saletennis.com/catalog/product/ovierghrip-head-prime-tour-12-pack-white-13976,Санкт-Петербург (Спортивная): 2 упак,2.0,public/data/product_images/4570e35e1a99.webp,0.0,2.0,0,0.0,0.0,0.0,0,0.0,0.0,0.0
Аксессуары,285631,Овергрип Head Prime Tour 12 pack - Yellow,Head,2584 ₽,https://saletennis.com/catalog/product/ovierghrip-head-prime-tour-12-pack-yellow-13977,Уфа: 1 упак | Тюмень (Народная): 2 упак | Ижевск: 3 упак | Санкт-Петербург (Спортивная): 2 упак | Парина: 3 упак,11.0,public/data/product_images/fb47be554992.webp,0.0,2.0,0,0.0,3.0,0.0,0,2.0,1.0,3.0
Аксессуары,285641,Овергрип Head Prime Tour 30 pack - Black,Head,5905 ₽,https://saletennis.com/catalog/product/ovierghrip-head-prime-tour-30-pack-black-17976,Санкт-Петербург (Спортивная): 5 упак,5.0,public/data/product_images/3ccd5bc6d208.webp,0.0,5.0,0,0.0,0.0,0.0,0,0.0,0.0,0.0
Аксессуары,285661,Овергрип Head Prime Tour 60 pack - Mint,Head,12142 ₽,https://saletennis.com/catalog/product/ovierghrip-head-prime-tour-60-pack-mint-18551,Парина: 1 упак,1.0,public/data/product_images/fa7d88845394.webp,0.0,0.0,0,0.0,1.0,0.0,0,0.0,0.0,0.0
Аксессуары,285661,Овергрип Head Prime Tour 60 pack - Yellow,Head,12142 ₽,https://saletennis.com/catalog/product/ovierghrip-head-prime-tour-60-pack-yellow-18553,Санкт-Петербург (Спортивная): 1 упак,1.0,public/data/product_images/3a80874f286d.webp,0.0,1.0,0,0.0,0.0,0.0,0,0.0,0.0,0.0
Аксессуары,285621,Овергрип Head Prime Tour - Black,Head,721 ₽,https://saletennis.com/catalog/product/ovierghrip-head-prime-tour-black-13736,Парина: 9 упак | Санкт-Петербург (Ярослава Гашека): 5 упак | Соболева: 6 упак | Уфа: 8 упак | Ижевск: 6 упак | Санкт-Петербург (Спортивная): 22 упак | Бисертская: 5 упак,61.0,public/data/product_images/2874290549e2.webp,5.0,22.0,0,6.0,9.0,5.0,0,0.0,8.0,6.0
Аксессуары,285621,Овергрип Head Prime Tour - Blue,Head,890 ₽,https://saletennis.com/catalog/product/ovierghrip-head-prime-tour-blue-13132,Санкт-Петербург (Спортивная): 12 упак | Санкт-Петербург (Ярослава Гашека): 1 упак | Бисертская: 15 упак | Тюмень (Народная): 14 упак | Соболева: 17 упак | Парина: 14 упак | Ижевск: 21 упак | Уфа: 17 упак,111.0,public/data/product_images/a0275ef05dfc.webp,1.0,12.0,0,17.0,14.0,15.0,0,14.0,17.0,21.0
Аксессуары,285621-CS,Овергрип Head Prime Tour - Cyan Sea,Head,721 ₽,https://saletennis.com/catalog/product/ovierghrip-head-prime-tour-cyan-sea-17595,Парина: 12 упак | Тюмень (Народная): 13 упак | Уфа: 13 упак | Санкт-Петербург (Спортивная): 15 упак | Соболева: 13 упак | Бисертская: 11 упак | Ижевск: 8 упак,85.0,public/data/product_images/32d0e1786710.webp,0.0,15.0,0,13.0,12.0,11.0,0,13.0,13.0,8.0
Аксессуары,285621,Овергрип Head Prime Tour - Grey,Head,721 ₽,https://saletennis.com/catalog/product/ovierghrip-head-prime-tour-grey-13737,Тюмень (Народная): 13 упак | Уфа: 11 упак | Бисертская: 14 упак | Ижевск: 19 упак | Соболева: 11 упак | Санкт-Петербург (Спортивная): 5 упак | Санкт-Петербург (Ярослава Гашека): 3 упак | Парина: 12 упак,88.0,public/data/product_images/5099ee967599.webp,3.0,5.0,0,11.0,12.0,14.0,0,13.0,11.0,19.0
Аксессуары,285621,Овергрип Head Prime Tour - Mint,Head,721 ₽,https://saletennis.com/catalog/product/ovierghrip-head-prime-tour-mint-13135,Ижевск: 8 упак | Санкт-Петербург (Спортивная): 13 упак | Парина: 4 упак | Соболева: 4 упак | Санкт-Петербург (Ярослава Гашека): 3 упак | Бисертская: 5 упак | Уфа: 13 упак | Тюмень (Народная): 1 упак,51.0,public/data/product_images/cdced38085a7.webp,3.0,13.0,0,4.0,4.0,5.0,0,1.0,13.0,8.0
Аксессуары,285621-OR,Овергрип Head Prime Tour - Orange,Head,721 ₽,https://saletennis.com/catalog/product/ovierghrip-head-prime-tour-orange-17287,Санкт-Петербург (Спортивная): 5 упак | Тюмень (Народная): 10 упак | Уфа: 13 упак | Санкт-Петербург (Ярослава Гашека): 4 упак | Ижевск: 7 упак | Соболева: 11 упак | Основной склад Екатеринбург: 42 упак | Бисертская: 6 упак | Парина: 5 упак,103.0,public/data/product_images/a828538b28c9.webp,4.0,5.0,42,11.0,5.0,6.0,0,10.0,13.0,7.0
Аксессуары,285621,Овергрип Head Prime Tour - Pink,Head,721 ₽,https://saletennis.com/catalog/product/ovierghrip-head-prime-tour-pink-13738,Уфа: 10 упак | Соболева: 6 упак | Основной склад Екатеринбург: 36 упак | Бисертская: 15 упак | Санкт-Петербург (Ярослава Гашека): 4 упак | Парина: 11 упак | Тюмень (Народная): 1 упак | Санкт-Петербург (Спортивная): 10 упак | Ижевск: 4 упак,97.0,public/data/product_images/ebec6815ade7.webp,4.0,10.0,36,6.0,11.0,15.0,0,1.0,10.0,4.0
Аксессуары,285621,Овергрип Head Prime Tour - Salmon,Head,721 ₽,https://saletennis.com/catalog/product/ovierghrip-head-prime-tour-salmon-16273,Бисертская: 6 упак | Тюмень (Народная): 10 упак | Ижевск: 11 упак | Уфа: 10 упак | Основной склад Екатеринбург: 54 упак | Соболева: 7 упак | Парина: 4 упак | Санкт-Петербург (Спортивная): 20 упак,122.0,public/data/product_images/4e90f225e9c2.webp,0.0,20.0,54,7.0,4.0,6.0,0,10.0,10.0,11.0
Аксессуары,285621,Овергрип Head Prime Tour - White,Head,65 ₽,https://saletennis.com/catalog/product/ovierghrip-head-prime-tour-white-13609,Парина: 3 упак | Бисертская: 6 упак | Ижевск: 6 упак | Уфа: 7 упак | Соболева: 9 упак | Санкт-Петербург (Спортивная): 12 упак,43.0,public/data/product_images/bdaaf8bbd5cb.webp,0.0,12.0,0,9.0,3.0,6.0,0,0.0,7.0,6.0
Аксессуары,285621,Овергрип Head Prime Tour - Yellow,Head,721 ₽,https://saletennis.com/catalog/product/ovierghrip-head-prime-tour-yellow-13739,Тюмень (Народная): 31 упак | Санкт-Петербург (Спортивная): 22 упак | Соболева: 16 упак | Основной склад Екатеринбург: 60 упак | Бисертская: 19 упак | Парина: 17 упак | Ижевск: 20 упак | Уфа: 16 упак | Санкт-Петербург (Ярослава Гашека): 4 упак,205.0,public/data/product_images/74a5803b9dce.webp,4.0,22.0,60,16.0,17.0,19.0,0,31.0,16.0,20.0
Аксессуары,285702,Овергрип Head Pro Grip blue,Head,1290 ₽,https://saletennis.com/catalog/product/ovierghrip-head-pro-grip-blue-5309,Парина: 3 упак | Санкт-Петербург (Ярослава Гашека): 1 упак | Бисертская: 1 упак | Уфа: 4 упак | Ижевск: 5 упак | Тюмень (Народная): 4 упак | Соболева: 5 упак,23.0,public/data/product_images/8bf85feedbfd.webp,1.0,0.0,0,5.0,3.0,1.0,0,4.0,4.0,5.0
Аксессуары,285415-WH,Овергрип Head Xtremsoft 30 Pack White,Head,5176 ₽,https://saletennis.com/catalog/product/ovierghrip-head-xtremsoft-30-pack-white-8078,Основной склад Екатеринбург: 1 упак,1.0,public/data/product_images/81be3320eb83.webp,0.0,0.0,1,0.0,0.0,0.0,0,0.0,0.0,0.0
Аксессуары,285712,Овергрип Head Xtremsoft assorty,Head,350 ₽,https://saletennis.com/catalog/product/ovierghrip-head-xtremsoft-assorty-4277,Соболева: 2 шт | Ижевск: 6 шт | Тюмень: 2 шт | Парина: 14 шт | Санкт-Петербург (Спортивная): 228 шт,252.0,public/data/product_images/b9a7006e4c38.webp,0.0,228.0,0,2.0,14.0,0.0,0,2.0,0.0,6.0
Аксессуары,285104-BK,Овергрип Head Xtremsoft black,Head,850 ₽,https://saletennis.com/catalog/product/ovierghrip-head-xtremsoft-black-4541,Ижевск: 11 упак | Тюмень (Народная): 5 упак | Соболева: 9 упак | Бисертская: 12 упак | Парина: 17 упак | Уфа: 9 упак | Санкт-Петербург (Спортивная): 5 упак,68.0,public/data/product_images/cb958268a0ea.webp,0.0,5.0,0,9.0,17.0,12.0,0,5.0,9.0,11.0
Аксессуары,285104-MX,Овергрип Head Xtremsoft Mix,Head,689 ₽,https://saletennis.com/catalog/product/ovierghrip-head-xtremsoft-mix-13027,Тюмень (Народная): 7 упак | Парина: 6 упак | Санкт-Петербург (Спортивная): 4 упак | Соболева: 12 упак | Ижевск: 8 упак | Основной склад Екатеринбург: 54 упак | Бисертская: 5 упак | Уфа: 8 упак,104.0,public/data/product_images/d0ae4aa57057.webp,0.0,4.0,54,12.0,6.0,5.0,0,7.0,8.0,8.0
Аксессуары,285124-BK,Овергрип Head XtremTrack Black,Head,640 ₽,https://saletennis.com/catalog/product/ovierghrip-head-xtremtrack-black-13028,Тюмень (Народная): 4 упак | Ижевск: 3 упак | Уфа: 6 упак | Санкт-Петербург (Спортивная): 14 упак | Бисертская: 3 упак | Парина: 4 упак | Соболева: 6 упак,40.0,public/data/product_images/1a360c4b7ff3.webp,0.0,14.0,0,6.0,4.0,3.0,0,4.0,6.0,3.0
Аксессуары,285124-WH,Овергрип Head XtremTrack White,Head,640 ₽,https://saletennis.com/catalog/product/ovierghrip-head-xtremtrack-white-6886,Уфа: 6 упак | Бисертская: 6 упак | Соболева: 2 упак | Ижевск: 5 упак | Парина: 10 упак | Тюмень (Народная): 4 упак | Санкт-Петербург (Спортивная): 13 упак,46.0,public/data/product_images/e306fd6df2f6.webp,0.0,13.0,0,2.0,10.0,6.0,0,4.0,6.0,5.0
Аксессуары,001,Овергрип Solinco Wonder assorty,Solinco,350 ₽,https://saletennis.com/catalog/product/ovierghrip-solinco-wonder-assorty-5841,Санкт-Петербург (Спортивная): 29 шт | Парина: 18 шт | Санкт-Петербург (Ярослава Гашека): 78 шт | Соболева: 11 шт,136.0,public/data/product_images/329449affea7.webp,78.0,29.0,0,11.0,18.0,0.0,0,0.0,0.0,0.0
Аксессуары,001-BK,Овергрип Solinco Wonder Black 1pk,Solinco,300 ₽,https://saletennis.com/catalog/product/ovierghrip-solinco-wonder-black-1pk-19116,Уфа: 15 шт | Бисертская: 2 шт | Парина: 20 шт | Тюмень (Народная): 12 шт | Ижевск: 3 шт | Соболева: 9 шт,61.0,public/data/product_images/205b937749fd.webp,0.0,0.0,0,9.0,20.0,2.0,0,12.0,15.0,3.0
Аксессуары,001-BL,Овергрип Solinco Wonder Blue 1pk,Solinco,300 ₽,https://saletennis.com/catalog/product/ovierghrip-solinco-wonder-blue-1pk-19117,Тюмень (Народная): 6 шт | Парина: 13 шт | Уфа: 5 шт | Соболева: 3 шт | Бисертская: 8 шт,35.0,public/data/product_images/35416e515a40.webp,0.0,0.0,0,3.0,13.0,8.0,0,6.0,5.0,0.0
Аксессуары,001-GR,Овергрип Solinco Wonder Green 1pk,Solinco,300 ₽,https://saletennis.com/catalog/product/ovierghrip-solinco-wonder-green-1pk-19118,Уфа: 13 шт | Парина: 12 шт | Бисертская: 9 шт | Ижевск: 3 шт | Тюмень (Народная): 16 шт | Соболева: 10 шт,63.0,public/data/product_images/494a238cc2d5.webp,0.0,0.0,0,10.0,12.0,9.0,0,16.0,13.0,3.0
Аксессуары,001-OR,Овергрип Solinco Wonder Orange 1pk,Solinco,300 ₽,https://saletennis.com/catalog/product/ovierghrip-solinco-wonder-orange-1pk-19119,Уфа: 12 шт | Бисертская: 14 шт | Соболева: 8 шт | Парина: 13 шт | Ижевск: 4 шт | Тюмень (Народная): 8 шт,59.0,public/data/product_images/162f78d0a019.webp,0.0,0.0,0,8.0,13.0,14.0,0,8.0,12.0,4.0
Аксессуары,001-PK,Овергрип Solinco Wonder Pink 1pk,Solinco,300 ₽,https://saletennis.com/catalog/product/ovierghrip-solinco-wonder-pink-1pk-19120,Парина: 13 шт | Уфа: 5 шт | Соболева: 6 шт | Бисертская: 6 шт,30.0,public/data/product_images/013eab9d6d45.webp,0.0,0.0,0,6.0,13.0,6.0,0,0.0,5.0,0.0
Аксессуары,001-RD,Овергрип Solinco Wonder Red 1pk,Solinco,300 ₽,https://saletennis.com/catalog/product/ovierghrip-solinco-wonder-red-1pk-19121,Бисертская: 1 шт | Тюмень: 2 шт | Парина: 13 шт | Тюмень (Народная): 13 шт | Соболева: 11 шт | Уфа: 6 шт,46.0,public/data/product_images/b85c1ed2f0ce.webp,0.0,0.0,0,11.0,13.0,1.0,0,15.0,6.0,0.0
Аксессуары,001-WH,Овергрип Solinco Wonder White 1pk,Solinco,300 ₽,https://saletennis.com/catalog/product/ovierghrip-solinco-wonder-white-1pk-19122,Тюмень (Народная): 1 шт | Уфа: 1 шт | Парина: 13 шт | Соболева: 6 шт,21.0,public/data/product_images/7411fe48cd4a.webp,0.0,0.0,0,6.0,13.0,0.0,0,1.0,1.0,0.0
Аксессуары,001-YE,Овергрип Solinco Wonder Yellow 1pk,Solinco,300 ₽,https://saletennis.com/catalog/product/ovierghrip-solinco-wonder-yellow-1pk-19123,Тюмень (Народная): 3 шт | Бисертская: 1 шт | Парина: 10 шт | Уфа: 4 шт | Соболева: 2 шт,20.0,public/data/product_images/21eda7a75f2d.webp,0.0,0.0,0,2.0,10.0,1.0,0,3.0,4.0,0.0
Аксессуары,52ATPCON12,Овергрип Tecnifibre Contact Pro 12 Pk - White,Tecnifibre,3490 ₽,https://saletennis.com/catalog/product/ovierghrip-tecnifibre-contact-pro-12-pk-white-13413,Тюмень (Народная): 1 упак | Уфа: 1 упак,2.0,public/data/product_images/462221cb32cc.webp,0.0,0.0,0,0.0,0.0,0.0,0,1.0,1.0,0.0
Аксессуары,52ATPCOASS,Овергрип Tecnifibre Contact Pro - Assorted Fluo,Tecnifibre,1190 ₽,https://saletennis.com/catalog/product/ovierghrip-tecnifibre-contact-pro-assorted-fluo-13410,Тюмень (Народная): 2 упак | Санкт-Петербург (Спортивная): 3 упак,5.0,public/data/product_images/38838fc145d5.webp,0.0,3.0,0,0.0,0.0,0.0,0,2.0,0.0,0.0
Аксессуары,52ATPCONBK,Овергрип Tecnifibre Contact Pro - Black,Tecnifibre,1190 ₽,https://saletennis.com/catalog/product/ovierghrip-tecnifibre-contact-pro-black-13411,Парина: 3 упак | Тюмень (Народная): 3 упак,6.0,public/data/product_images/860540e6f608.webp,0.0,0.0,0,0.0,3.0,0.0,0,3.0,0.0,0.0
Аксессуары,52ATPCONRD,Овергрип Tecnifibre Contact Pro - Red,Tecnifibre,1100 ₽,https://saletennis.com/catalog/product/ovierghrip-tecnifibre-contact-pro-red-13412,Санкт-Петербург (Спортивная): 14 упак | Тюмень (Народная): 7 упак | Парина: 4 упак | Уфа: 2 упак | Соболева: 1 упак,28.0,public/data/product_images/73e25259d84a.webp,0.0,14.0,0,1.0,4.0,0.0,0,7.0,2.0,0.0
Аксессуары,52ATPCONWH,Овергрип Tecnifibre Contact Pro - White,Tecnifibre,1190 ₽,https://saletennis.com/catalog/product/ovierghrip-tecnifibre-contact-pro-white-16275,Тюмень (Народная): 1 упак | Парина: 1 упак,2.0,public/data/product_images/dc35578bf41b.webp,0.0,0.0,0,0.0,1.0,0.0,0,1.0,0.0,0.0
Аксессуары,52ATPCON50,Овергрип Tecnifibre Contact Pro White 50 pk,Tecnifibre,17990 ₽,https://saletennis.com/catalog/product/ovierghrip-tecnifibre-contact-pro-white-50-pk-18386,Уфа: 1 упак | Парина: 1 упак | Соболева: 1 упак | Бисертская: 1 упак,4.0,public/data/product_images/656ab2e034da.webp,0.0,0.0,0,1.0,1.0,1.0,0,0.0,1.0,0.0
Аксессуары,52ATPCON12,Овергрип Tecnifibre Contact Pro White x1,Tecnifibre,420 ₽,https://saletennis.com/catalog/product/ovierghrip-tecnifibre-contact-pro-white-x1-16483,Тюмень (Народная): 55 шт | Уфа: 46 шт | Парина: 10 шт | Санкт-Петербург (Спортивная): 60 шт | Ижевск: 35 шт,206.0,public/data/product_images/b354c5c2e9a0.webp,0.0,60.0,0,0.0,10.0,0.0,0,55.0,46.0,35.0
Аксессуары,52ATPLAS1,Овергрип Tecnifibre Players Last 1pk,Tecnifibre,300 ₽,https://saletennis.com/catalog/product/ovierghrip-tecnifibre-players-last-1pk-13479,Соболева: 2 шт | Санкт-Петербург (Спортивная): 13 шт,15.0,public/data/product_images/383c440ee06f.webp,0.0,13.0,0,2.0,0.0,0.0,0,0.0,0.0,0.0
Аксессуары,52ATPPLABK,Овергрип Tecnifibre Players Pro - Black,Tecnifibre,1100 ₽,https://saletennis.com/catalog/product/ovierghrip-tecnifibre-players-pro-black-13418,Санкт-Петербург (Спортивная): 2 упак | Тюмень (Народная): 1 упак | Парина: 2 упак,5.0,public/data/product_images/8d8e2ddbb69c.webp,0.0,2.0,0,0.0,2.0,0.0,0,1.0,0.0,0.0
Аксессуары,52PLAPROWH,Овергрип Tecnifibre Players Pro Feel - White,Tecnifibre,1190 ₽,https://saletennis.com/catalog/product/ovierghrip-tecnifibre-players-pro-feel-white-13423,Парина: 2 упак | Санкт-Петербург (Спортивная): 2 упак | Тюмень (Народная): 2 упак,6.0,public/data/product_images/988fac648343.webp,0.0,2.0,0,0.0,2.0,0.0,0,2.0,0.0,0.0
Аксессуары,52ATPPLANE,Овергрип Tecnifibre Players Pro - Neon,Tecnifibre,1190 ₽,https://saletennis.com/catalog/product/ovierghrip-tecnifibre-players-pro-neon-16903,Соболева: 2 упак | Парина: 1 упак | Тюмень (Народная): 1 упак,4.0,public/data/product_images/d1958566d5be.webp,0.0,0.0,0,2.0,1.0,0.0,0,1.0,0.0,0.0
Аксессуары,52ATPPLARD,Овергрип Tecnifibre Players Pro - Red,Tecnifibre,1100 ₽,https://saletennis.com/catalog/product/ovierghrip-tecnifibre-players-pro-red-13419,Уфа: 6 упак | Соболева: 9 упак | Парина: 6 упак | Тюмень (Народная): 5 упак | Санкт-Петербург (Спортивная): 7 упак,33.0,public/data/product_images/58350d59ed6a.webp,0.0,7.0,0,9.0,6.0,0.0,0,5.0,6.0,0.0
Аксессуары,52ATPPLAWH,Овергрип Tecnifibre Players Pro - White,Tecnifibre,1190 ₽,https://saletennis.com/catalog/product/ovierghrip-tecnifibre-players-pro-white-13420,Парина: 4 упак | Тюмень (Народная): 6 упак | Уфа: 1 упак,11.0,public/data/product_images/a570fcb3aacf.webp,0.0,0.0,0,0.0,4.0,0.0,0,6.0,1.0,0.0
Аксессуары,WR8446502001,Овергрип Wilson Absorbx Overgrip - 3pk - Black,Wilson,1207 ₽,https://saletennis.com/catalog/product/ovierghrip-wilson-absorbx-overgrip-3pk-black-18270,Парина: 4 упак | Соболева: 6 упак | Тюмень (Народная): 2 упак,12.0,public/data/product_images/718cb019e3cb.webp,0.0,0.0,0,6.0,4.0,0.0,0,2.0,0.0,0.0
Аксессуары,WR8446501001,Овергрип Wilson Absorbx Overgrip - 3pk - Red,Wilson,1207 ₽,https://saletennis.com/catalog/product/ovierghrip-wilson-absorbx-overgrip-3pk-red-18271,Парина: 6 упак | Соболева: 9 упак | Ижевск: 5 упак | Санкт-Петербург (Спортивная): 2 упак,22.0,public/data/product_images/c4bc2f7c6774.webp,0.0,2.0,0,9.0,6.0,0.0,0,0.0,0.0,5.0
Аксессуары,WRZ4016WH,Овергрип Wilson Pro Overgrip 12PK - White,Wilson,3961 ₽,https://saletennis.com/catalog/product/ovierghrip-wilson-pro-overgrip-12pk-white-14600,Парина: 1 упак,1.0,public/data/product_images/95be74520459.webp,0.0,0.0,0,0.0,1.0,0.0,0,0.0,0.0,0.0
Аксессуары,WRZ470820,Овергрип Wilson Pro Overgrip 3PK - Burn Orange,Wilson,1207 ₽,https://saletennis.com/catalog/product/ovierghrip-wilson-pro-overgrip-3pk-burn-orange-16047,Соболева: 3 упак | Парина: 3 упак | Ижевск: 2 упак,8.0,public/data/product_images/9c3220729658.webp,0.0,0.0,0,3.0,3.0,0.0,0,0.0,0.0,2.0
Аксессуары,WRZ470810,Овергрип Wilson Pro Overgrip Blade Green 3 pk,Wilson,1045 ₽,https://saletennis.com/catalog/product/ovierghrip-wilson-pro-overgrip-blade-green-3-pk-5835,Парина: 4 упак | Соболева: 2 упак,6.0,public/data/product_images/dd156ba93ed7.webp,0.0,0.0,0,2.0,4.0,0.0,0,0.0,0.0,0.0
Аксессуары,WRZ4010BK,Овергрип Wilson Pro Overgrip Sensation 3PK - Black,Wilson,1207 ₽,https://saletennis.com/catalog/product/ovierghrip-wilson-pro-overgrip-sensation-3pk-black-16052,Бисертская: 1 упак | Парина: 4 упак | Соболева: 5 упак,10.0,public/data/product_images/07ccc6d712d7.webp,0.0,0.0,0,5.0,4.0,1.0,0,0.0,0.0,0.0
Аксессуары,WRZ4011BK,Овергрип Wilson Pro Overgrip Sensation Black 12 pk,Wilson,3637 ₽,https://saletennis.com/catalog/product/ovierghrip-wilson-pro-overgrip-sensation-black-12-pk-7988,Ижевск: 1 упак,1.0,public/data/product_images/0b1d0f29a4f3.webp,0.0,0.0,0,0.0,0.0,0.0,0,0.0,0.0,1.0
Аксессуары,WRZ4040BK,Овергрип Wilson Pro Soft Overgrip Black 3pk,Wilson,1045 ₽,https://saletennis.com/catalog/product/ovierghrip-wilson-pro-soft-overgrip-black-3pk-5986,Соболева: 6 упак | Парина: 7 упак | Бисертская: 3 упак,16.0,public/data/product_images/64b7eccd78a2.webp,0.0,0.0,0,6.0,7.0,3.0,0,0.0,0.0,0.0
Аксессуары,WRZ4040LI,Овергрип Wilson Pro Soft Overgrip limon 3 pk,Wilson,1045 ₽,https://saletennis.com/catalog/product/ovierghrip-wilson-pro-soft-overgrip-limon-3-pk-17299,Бисертская: 6 упак | Уфа: 1 упак | Соболева: 6 упак | Парина: 10 упак | Санкт-Петербург (Спортивная): 1 упак | Тюмень (Народная): 1 упак,25.0,public/data/product_images/09e3344711b2.webp,0.0,1.0,0,6.0,10.0,6.0,0,1.0,1.0,0.0
Аксессуары,WRZ4025RD,Овергрип Wilson Profile Overgrip 3PK - Red,Wilson,1045 ₽,https://saletennis.com/catalog/product/ovierghrip-wilson-profile-overgrip-3pk-red-16104,Соболева: 6 упак | Тюмень (Народная): 3 упак | Ижевск: 2 упак | Бисертская: 6 упак | Уфа: 1 упак | Санкт-Петербург (Спортивная): 7 упак | Парина: 11 упак,36.0,public/data/product_images/e7fd669bed5b.webp,0.0,7.0,0,6.0,11.0,6.0,0,3.0,1.0,2.0
Аксессуары,SS76-001,Пара напульсников 7/6 Wristband - Black,7/6,590 ₽,https://saletennis.com/catalog/product/para-napul-snikov-7-6-wristband-black-12975,Соболева: 2 шт | Тюмень: 7 шт | Ижевск: 1 шт | Санкт-Петербург (Спортивная): 2 шт,12.0,public/data/product_images/4ff41d8657de.webp,0.0,2.0,0,2.0,0.0,0.0,0,7.0,0.0,1.0
Аксессуары,76WB-2GR,Пара напульсников 7/6 Wristband  - Green,7/6,990 ₽,https://saletennis.com/catalog/product/para-napul-snikov-7-6-wristband-green-18233,Уфа: 4 упак | Тюмень (Народная): 8 упак | Тюмень: 2 упак | Санкт-Петербург (Спортивная): 3 упак | Ижевск: 2 упак,19.0,public/data/product_images/b3f3f48af198.webp,0.0,3.0,0,0.0,0.0,0.0,0,10.0,4.0,2.0
Аксессуары,76WB-2LG,Пара напульсников 7/6 Wristband  - Light grey,7/6,990 ₽,https://saletennis.com/catalog/product/para-napul-snikov-7-6-wristband-light-grey-18234,Санкт-Петербург (Ярослава Гашека): 2 упак | Уфа: 4 упак | Санкт-Петербург (Спортивная): 2 упак | Тюмень (Народная): 4 упак | Тюмень: 2 упак,14.0,public/data/product_images/42b831af2105.webp,2.0,2.0,0,0.0,0.0,0.0,0,6.0,4.0,0.0
Аксессуары,76WBL-2GR,Пара напульсников 7/6 Wristband Long  - Green,7/6,1190 ₽,https://saletennis.com/catalog/product/para-napul-snikov-7-6-wristband-long-green-18237,Елизаветенское шоссе: 1 упак | Тюмень: 1 упак | Санкт-Петербург (Спортивная): 1 упак | Тюмень (Народная): 3 упак | Парина: 1 упак,7.0,public/data/product_images/c24a7f683ede.webp,0.0,1.0,0,0.0,1.0,0.0,1,4.0,0.0,0.0
Аксессуары,76WBL-2LG,Пара напульсников 7/6 Wristband Long  - Light Grey,7/6,1190 ₽,https://saletennis.com/catalog/product/para-napul-snikov-7-6-wristband-long-light-grey-18238,Тюмень (Народная): 2 упак | Санкт-Петербург (Спортивная): 1 упак | Уфа: 1 упак | Парина: 1 упак | Тюмень: 1 упак | Санкт-Петербург (Ярослава Гашека): 2 упак,8.0,public/data/product_images/09e3b488af8a.webp,2.0,1.0,0,0.0,1.0,0.0,0,3.0,1.0,0.0
Аксессуары,76WBL-2OR,Пара напульсников 7/6 Wristband Long  - Orange,7/6,1190 ₽,https://saletennis.com/catalog/product/para-napul-snikov-7-6-wristband-long-orange-18239,Бисертская: 1 упак | Санкт-Петербург (Ярослава Гашека): 2 упак | Парина: 2 упак | Уфа: 6 упак | Тюмень: 1 упак | Ижевск: 6 упак | Санкт-Петербург (Спортивная): 3 упак | Тюмень (Народная): 6 упак | Елизаветенское шоссе: 1 упак,28.0,public/data/product_images/f2bd3e75c5bc.webp,2.0,3.0,0,0.0,2.0,1.0,1,7.0,6.0,6.0
Аксессуары,76WB-0116,Пара напульсников 7/6 Wristband  - Margarita,7/6,990 ₽,https://saletennis.com/catalog/product/para-napul-snikov-7-6-wristband-margarita-19510,Елизаветенское шоссе: 9 упак | Парина: 9 упак | Санкт-Петербург (Ярослава Гашека): 6 упак | Тюмень (Народная): 3 упак | Бисертская: 8 упак | Санкт-Петербург (Спортивная): 9 упак | Уфа: 8 упак | Соболева: 8 упак | Ижевск: 8 упак,68.0,public/data/product_images/29f5872a7ee7.webp,6.0,9.0,0,8.0,9.0,8.0,9,3.0,8.0,8.0
Аксессуары,76WB-2NV,Пара напульсников 7/6 Wristband - Navy,7/6,590 ₽,https://saletennis.com/catalog/product/para-napul-snikov-7-6-wristband-navy-15497,Бисертская: 3 шт | Парина: 1 шт | Ижевск: 1 шт | Санкт-Петербург (Спортивная): 2 шт | Тюмень: 1 шт | Соболева: 1 шт | Санкт-Петербург (Ярослава Гашека): 2 шт,11.0,public/data/product_images/b354e0f9ad8c.webp,2.0,2.0,0,1.0,1.0,3.0,0,1.0,0.0,1.0
Аксессуары,76WB-2OR,Пара напульсников 7/6 Wristband  - Orange,7/6,990 ₽,https://saletennis.com/catalog/product/para-napul-snikov-7-6-wristband-orange-18235,Соболева: 2 упак | Парина: 3 упак | Тюмень: 2 упак | Уфа: 8 упак | Бисертская: 1 упак | Санкт-Петербург (Спортивная): 5 упак | Тюмень (Народная): 5 упак | Ижевск: 6 упак | Санкт-Петербург (Ярослава Гашека): 5 упак,37.0,public/data/product_images/13486c85b310.webp,5.0,5.0,0,2.0,3.0,1.0,0,7.0,8.0,6.0
Аксессуары,76WB-2PK,Пара напульсников 7/6 Wristband  - Pink,7/6,990 ₽,https://saletennis.com/catalog/product/para-napul-snikov-7-6-wristband-pink-18236,Уфа: 1 упак | Соболева: 2 упак | Ижевск: 3 упак | Санкт-Петербург (Спортивная): 2 упак | Санкт-Петербург (Ярослава Гашека): 2 упак | Тюмень: 1 упак,11.0,public/data/product_images/e74f35e04fc3.webp,2.0,2.0,0,2.0,0.0,0.0,0,1.0,1.0,3.0
Аксессуары,76WB-2RD,Пара напульсников 7/6 Wristband - Red,7/6,590 ₽,https://saletennis.com/catalog/product/para-napul-snikov-7-6-wristband-red-12974,Тюмень: 4 шт | Парина: 1 шт | Тюмень (Народная): 6 шт,11.0,public/data/product_images/9165b05e2106.webp,0.0,0.0,0,0.0,1.0,0.0,0,10.0,0.0,0.0
Аксессуары,76WB-1215,Пара напульсников 7/6 Wristband  - Shaved Chocolate,7/6,990 ₽,https://saletennis.com/catalog/product/para-napul-snikov-7-6-wristband-shaved-chocolate-19511,Елизаветенское шоссе: 8 упак | Санкт-Петербург (Спортивная): 9 упак | Уфа: 8 упак | Парина: 9 упак | Санкт-Петербург (Ярослава Гашека): 6 упак | Бисертская: 8 упак | Соболева: 6 упак | Ижевск: 8 упак | Тюмень (Народная): 3 упак,65.0,public/data/product_images/3a69c69df83b.webp,6.0,9.0,0,6.0,9.0,8.0,8,3.0,8.0,8.0
Аксессуары,76WB-1632,Пара напульсников 7/6 Wristband  - Shell Pink,7/6,990 ₽,https://saletennis.com/catalog/product/para-napul-snikov-7-6-wristband-shell-pink-19512,Ижевск: 8 упак | Тюмень (Народная): 3 упак | Соболева: 6 упак | Санкт-Петербург (Ярослава Гашека): 6 упак | Уфа: 8 упак | Санкт-Петербург (Спортивная): 9 упак | Елизаветенское шоссе: 7 упак | Бисертская: 8 упак | Парина: 9 упак,64.0,public/data/product_images/ee515a36240c.webp,6.0,9.0,0,6.0,9.0,8.0,7,3.0,8.0,8.0
Аксессуары,76WB-1120,Пара напульсников 7/6 Wristband  - Starfish,7/6,990 ₽,https://saletennis.com/catalog/product/para-napul-snikov-7-6-wristband-starfish-19513,Бисертская: 8 упак | Ижевск: 8 упак | Санкт-Петербург (Спортивная): 9 упак | Тюмень (Народная): 3 упак | Елизаветенское шоссе: 8 упак | Уфа: 8 упак | Санкт-Петербург (Ярослава Гашека): 6 упак | Соболева: 8 упак | Парина: 9 упак,67.0,public/data/product_images/25fe608b9d6f.webp,6.0,9.0,0,8.0,9.0,8.0,8,3.0,8.0,8.0
Аксессуары,A1450001-BK,Пара напульсников Bidi Badu Lil Move Short - Black,Bidi Badu,636 ₽,https://saletennis.com/catalog/product/para-napul-snikov-bidi-badu-lil-move-short-black-15781,Тюмень (Народная): 1 шт | Санкт-Петербург (Спортивная): 2 шт | Бисертская: 1 шт | Парина: 2 шт,6.0,public/data/product_images/8ce029ae6661.webp,0.0,2.0,0,0.0,2.0,1.0,0,1.0,0.0,0.0
Аксессуары,A1450001-DBL,Пара напульсников Bidi Badu Lil Move Short - Darkblue,Bidi Badu,636 ₽,https://saletennis.com/catalog/product/para-napul-snikov-bidi-badu-lil-move-short-darkblue-15782,Санкт-Петербург (Спортивная): 2 шт | Тюмень (Народная): 5 шт | Ижевск: 2 шт | Парина: 1 шт,10.0,public/data/product_images/2ae2216fe67f.webp,0.0,2.0,0,0.0,1.0,0.0,0,5.0,0.0,2.0
Аксессуары,A1450001-PK,Пара напульсников Bidi Badu Lil Move Short - Pink,Bidi Badu,636 ₽,https://saletennis.com/catalog/product/para-napul-snikov-bidi-badu-lil-move-short-pink-15783,Ижевск: 1 шт,1.0,public/data/product_images/233829c6e416.webp,0.0,0.0,0,0.0,0.0,0.0,0,0.0,0.0,1.0
Аксессуары,A1450001-WH,Пара напульсников Bidi Badu Lil Move Short - White,Bidi Badu,636 ₽,https://saletennis.com/catalog/product/para-napul-snikov-bidi-badu-lil-move-short-white-15784,Парина: 2 шт | Бисертская: 1 шт | Ижевск: 1 шт | Тюмень (Народная): 3 шт,7.0,public/data/product_images/9534e370d04f.webp,0.0,0.0,0,0.0,2.0,1.0,0,3.0,0.0,1.0
Аксессуары,285050-AN,"Пара напульсников Head 2,5 Synthetic Wristband - Anthracite",Head,689 ₽,https://saletennis.com/catalog/product/para-napul-snikov-head-2-5-synthetic-wristband-anthracite-13448,Парина: 3 шт | Бисертская: 1 шт | Соболева: 3 шт | Санкт-Петербург (Спортивная): 8 шт,15.0,public/data/product_images/97e8fca97251.webp,0.0,8.0,0,3.0,3.0,1.0,0,0.0,0.0,0.0
Аксессуары,285050-BK,"Пара напульсников Head 2,5 Synthetic Wristband - Black",Head,689 ₽,https://saletennis.com/catalog/product/para-napul-snikov-head-2-5-synthetic-wristband-black-13343,Санкт-Петербург (Спортивная): 3 шт | Соболева: 1 шт | Парина: 1 шт,5.0,public/data/product_images/6221bedf36dd.webp,0.0,3.0,0,1.0,1.0,0.0,0,0.0,0.0,0.0
Аксессуары,285050-BL,"Пара напульсников Head 2,5 Synthetic Wristband - Blue",Head,689 ₽,https://saletennis.com/catalog/product/para-napul-snikov-head-2-5-synthetic-wristband-blue-13344,Санкт-Петербург (Спортивная): 3 шт | Бисертская: 2 шт | Соболева: 5 шт | Ижевск: 3 шт | Уфа: 3 шт | Парина: 2 шт,18.0,public/data/product_images/1dc3b6b45d82.webp,0.0,3.0,0,5.0,2.0,2.0,0,0.0,3.0,3.0
Аксессуары,285050-CG,"Пара напульсников Head 2,5 Synthetic Wristband - Cantaloupe Green",Head,689 ₽,https://saletennis.com/catalog/product/para-napul-snikov-head-2-5-synthetic-wristband-cantaloupe-green-19369,Парина: 3 шт | Санкт-Петербург (Спортивная): 2 шт | Соболева: 1 шт,6.0,public/data/product_images/2ad34d177211.webp,0.0,2.0,0,1.0,3.0,0.0,0,0.0,0.0,0.0
Аксессуары,285050-DC,"Пара напульсников Head 2,5 Synthetic Wristband - Dirty Lilac",Head,689 ₽,https://saletennis.com/catalog/product/para-napul-snikov-head-2-5-synthetic-wristband-dirty-lilac-19370,Соболева: 1 шт | Санкт-Петербург (Спортивная): 5 шт | Парина: 3 шт,9.0,public/data/product_images/9b23525cf0c8.webp,0.0,5.0,0,1.0,3.0,0.0,0,0.0,0.0,0.0
Аксессуары,285050-LN,"Пара напульсников Head 2,5 Synthetic Wristband - Light Green",Head,689 ₽,https://saletennis.com/catalog/product/para-napul-snikov-head-2-5-synthetic-wristband-light-green-14030,Тюмень (Народная): 1 шт,1.0,public/data/product_images/997e2db7ce29.webp,0.0,0.0,0,0.0,0.0,0.0,0,1.0,0.0,0.0
Аксессуары,285050-NV,"Пара напульсников Head 2,5 Synthetic Wristband - Navy",Head,689 ₽,https://saletennis.com/catalog/product/para-napul-snikov-head-2-5-synthetic-wristband-navy-1-13345,Тюмень (Народная): 1 шт | Ижевск: 1 шт | Соболева: 1 шт | Санкт-Петербург (Спортивная): 4 шт,7.0,public/data/product_images/d9fb4e577ebe.webp,0.0,4.0,0,1.0,0.0,0.0,0,1.0,0.0,1.0
Аксессуары,285050-OR,"Пара напульсников Head 2,5 Synthetic Wristband - Orange",Head,689 ₽,https://saletennis.com/catalog/product/para-napul-snikov-head-2-5-synthetic-wristband-orange-12708,Санкт-Петербург (Спортивная): 5 шт | Тюмень (Народная): 2 шт | Парина: 5 шт | Уфа: 1 шт | Бисертская: 2 шт | Ижевск: 3 шт | Соболева: 6 шт,24.0,public/data/product_images/63ceed04f6ed.webp,0.0,5.0,0,6.0,5.0,2.0,0,2.0,1.0,3.0
Аксессуары,285050-RD,"Пара напульсников Head 2,5 Synthetic Wristband - Red",Head,689 ₽,https://saletennis.com/catalog/product/para-napul-snikov-head-2-5-synthetic-wristband-red-12709,Бисертская: 2 шт | Уфа: 3 шт | Ижевск: 2 шт | Парина: 2 шт | Тюмень: 2 шт | Тюмень (Народная): 2 шт,13.0,public/data/product_images/78ba9e636f00.webp,0.0,0.0,0,0.0,2.0,2.0,0,4.0,3.0,2.0
Аксессуары,285050-WH,"Пара напульсников Head 2,5 Synthetic Wristband - White",Head,689 ₽,https://saletennis.com/catalog/product/para-napul-snikov-head-2-5-synthetic-wristband-white-13347,Парина: 2 шт,2.0,public/data/product_images/282c1f34aff1.webp,0.0,0.0,0,0.0,2.0,0.0,0,0.0,0.0,0.0
Аксессуары,285070-AN,Пара напульсников Head 5 Synthetic Wristband - Anthracite,Head,1094 ₽,https://saletennis.com/catalog/product/para-napul-snikov-head-5-synthetic-wristband-anthracite-13449,Санкт-Петербург (Спортивная): 4 шт | Тюмень: 2 шт | Тюмень (Народная): 1 шт,7.0,public/data/product_images/b6306ee4ff19.webp,0.0,4.0,0,0.0,0.0,0.0,0,3.0,0.0,0.0
Аксессуары,285070-BN,Пара напульсников Head 5 Synthetic Wristband - Banana,Head,1094 ₽,https://saletennis.com/catalog/product/para-napul-snikov-head-5-synthetic-wristband-banana-18005,Тюмень (Народная): 3 упак | Парина: 2 упак | Соболева: 1 упак | Ижевск: 3 упак | Санкт-Петербург (Спортивная): 4 упак,13.0,public/data/product_images/7944e53b71c9.webp,0.0,4.0,0,1.0,2.0,0.0,0,3.0,0.0,3.0
Аксессуары,285070-BL,Пара напульсников Head 5 Synthetic Wristband - Blue,Head,1094 ₽,https://saletennis.com/catalog/product/para-napul-snikov-head-5-synthetic-wristband-blue-13349,Ижевск: 2 шт | Санкт-Петербург (Спортивная): 8 шт | Парина: 1 шт,11.0,public/data/product_images/3cf920dda2cf.webp,0.0,8.0,0,0.0,1.0,0.0,0,0.0,0.0,2.0
Аксессуары,285070-CG,Пара напульсников Head 5 Synthetic Wristband - Cantaloupe Green,Head,1094 ₽,https://saletennis.com/catalog/product/para-napul-snikov-head-5-synthetic-wristband-cantaloupe-green-19359,Санкт-Петербург (Спортивная): 5 шт | Парина: 3 шт | Соболева: 3 шт,11.0,public/data/product_images/faa13c1a60d3.webp,0.0,5.0,0,3.0,3.0,0.0,0,0.0,0.0,0.0
Аксессуары,285070-DC,Пара напульсников Head 5 Synthetic Wristband - Dirty Lilac,Head,1094 ₽,https://saletennis.com/catalog/product/para-napul-snikov-head-5-synthetic-wristband-dirty-lilac-19371,Соболева: 2 шт | Санкт-Петербург (Спортивная): 6 шт | Парина: 3 шт,11.0,public/data/product_images/680fc42663f6.webp,0.0,6.0,0,2.0,3.0,0.0,0,0.0,0.0,0.0
Аксессуары,285070-NV,Пара напульсников Head 5 Synthetic Wristband - Navy,Head,1094 ₽,https://saletennis.com/catalog/product/para-napul-snikov-head-5-synthetic-wristband-navy-1-13351,Санкт-Петербург (Спортивная): 1 шт | Тюмень: 1 шт,2.0,public/data/product_images/2f4b1d656e52.webp,0.0,1.0,0,0.0,0.0,0.0,0,1.0,0.0,0.0
Аксессуары,285070-OR,Пара напульсников Head 5 Synthetic Wristband - Orange,Head,1094 ₽,https://saletennis.com/catalog/product/para-napul-snikov-head-5-synthetic-wristband-orange-13352,Тюмень (Народная): 6 шт | Тюмень: 2 шт | Уфа: 3 шт | Соболева: 4 шт | Ижевск: 3 шт | Парина: 7 шт | Бисертская: 2 шт | Санкт-Петербург (Спортивная): 9 шт,36.0,public/data/product_images/33c9761780b7.webp,0.0,9.0,0,4.0,7.0,2.0,0,8.0,3.0,3.0
Аксессуары,285070-RD,Пара напульсников Head 5 Synthetic Wristband - Red,Head,1094 ₽,https://saletennis.com/catalog/product/para-napul-snikov-head-5-synthetic-wristband-red-12710,Парина: 2 шт | Уфа: 1 шт | Тюмень (Народная): 5 шт | Ижевск: 3 шт | Соболева: 3 шт | Тюмень: 1 шт | Санкт-Петербург (Спортивная): 11 шт,26.0,public/data/product_images/91d0a8e46353.webp,0.0,11.0,0,3.0,2.0,0.0,0,6.0,1.0,3.0
Аксессуары,285070-RS,Пара напульсников Head 5 Synthetic Wristband - Rose,Head,1094 ₽,https://saletennis.com/catalog/product/para-napul-snikov-head-5-synthetic-wristband-rose-14073,Ижевск: 2 шт | Тюмень (Народная): 2 шт | Тюмень: 1 шт | Уфа: 2 шт,7.0,public/data/product_images/ecfc3f07c8cf.webp,0.0,0.0,0,0.0,0.0,0.0,0,3.0,2.0,2.0
Аксессуары,285070-WH,Пара напульсников Head 5 Synthetic Wristband - White,Head,1094 ₽,https://saletennis.com/catalog/product/para-napul-snikov-head-5-synthetic-wristband-white-1-13354,Санкт-Петербург (Спортивная): 2 шт | Парина: 1 шт,3.0,public/data/product_images/acb53f498e03.webp,0.0,2.0,0,0.0,1.0,0.0,0,0.0,0.0,0.0
Аксессуары,Не указан,"Победа любой ценой. Бред Гилберт, Стив Джеймисон",Не определен,1590 ₽,https://saletennis.com/catalog/product/pobieda-liuboi-tsienoi-bried-gilbiert-stiv-dzhieimison-16752,Ижевск: 1 шт,1.0,public/data/product_images/edb0b88a25ef.webp,0.0,0.0,0,0.0,0.0,0.0,0,0.0,0.0,1.0
Аксессуары,500713,Подарочная коробка для падел ракетки,Не определен,2990 ₽,https://saletennis.com/catalog/product/podarochnaia-korobka-dlia-padiel-rakietki-18930,Тюмень: 2 шт | Санкт-Петербург (Спортивная): 3 шт | Елизаветенское шоссе: 3 шт | Уфа: 2 шт | Основной склад Екатеринбург: 27 шт | Ижевск: 2 шт,39.0,public/data/product_images/24e43b4641be.webp,0.0,3.0,27,0.0,0.0,0.0,3,2.0,2.0,2.0
Аксессуары,TL76S-BK,Полотенце 7/6 (50*70) - Black,7/6,990 ₽,https://saletennis.com/catalog/product/polotientsie-7-6-50-70-black-17678,Соболева: 3 шт | Санкт-Петербург (Спортивная): 3 шт | Санкт-Петербург (Ярослава Гашека): 2 шт | Уфа: 3 шт | Парина: 2 шт | Ижевск: 3 шт | Елизаветенское шоссе: 3 шт,19.0,public/data/product_images/82fa126a1cc4.webp,2.0,3.0,0,3.0,2.0,0.0,3,0.0,3.0,3.0
Аксессуары,TL76S-GR,Полотенце 7/6 (50*70) - Grey,7/6,1290 ₽,https://saletennis.com/catalog/product/polotientsie-7-6-50-70-grey-18629,Уфа: 6 шт | Ижевск: 3 шт | Санкт-Петербург (Ярослава Гашека): 1 шт | Парина: 3 шт | Елизаветенское шоссе: 3 шт | Санкт-Петербург (Спортивная): 2 шт | Соболева: 2 шт,20.0,public/data/product_images/2ea6aa0584c8.webp,1.0,2.0,0,2.0,3.0,0.0,3,0.0,6.0,3.0
Аксессуары,TL76S-WH,Полотенце 7/6 (50*70) - White,7/6,990 ₽,https://saletennis.com/catalog/product/polotientsie-7-6-50-70-white-17697,Соболева: 1 шт | Санкт-Петербург (Спортивная): 2 шт | Уфа: 3 шт | Санкт-Петербург (Ярослава Гашека): 1 шт | Парина: 3 шт | Елизаветенское шоссе: 3 шт | Ижевск: 3 шт,16.0,public/data/product_images/cb5391693a5b.webp,1.0,2.0,0,1.0,3.0,0.0,3,0.0,3.0,3.0
Аксессуары,TL76-WH,Полотенце 7/6 - White,7/6,1990 ₽,https://saletennis.com/catalog/product/polotientsie-7-6-white-16968,Тюмень (Народная): 1 шт | Ижевск: 1 шт | Санкт-Петербург (Спортивная): 2 шт | Соболева: 3 шт | Елизаветенское шоссе: 1 шт | Парина: 6 шт | Уфа: 2 шт | Санкт-Петербург (Ярослава Гашека): 2 шт | Бисертская: 3 шт,21.0,public/data/product_images/0c3699977e52.webp,2.0,2.0,0,3.0,6.0,3.0,1,1.0,2.0,1.0
Аксессуары,002-1,Полотенце Saletennis.com 50x90 - Grey,Saletennis,1490 ₽,https://saletennis.com/catalog/product/polotientsie-saletennis-com-50x90-grey-16801,Санкт-Петербург (Спортивная): 2 шт | Парина: 3 шт | Ижевск: 2 шт | Санкт-Петербург (Ярослава Гашека): 1 шт | Уфа: 4 шт | Основной склад Екатеринбург: 49 шт,61.0,public/data/product_images/2d2ed520078b.webp,1.0,2.0,49,0.0,3.0,0.0,0,0.0,4.0,2.0
Аксессуары,002,Полотенце Saletennis.com 70x140,Saletennis,1990 ₽,https://saletennis.com/catalog/product/polotientsie-saletennis-com-70x140-4917,Санкт-Петербург (Ярослава Гашека): 1 шт | Основной склад Екатеринбург: 141 шт | Уфа: 12 шт | Тюмень: 9 шт | Парина: 5 шт | Ижевск: 8 шт | Тюмень (Народная): 4 шт | Бисертская: 5 шт | Санкт-Петербург (Спортивная): 9 шт | Соболева: 7 шт,201.0,public/data/product_images/097a18127d52.webp,1.0,9.0,141,7.0,5.0,5.0,0,13.0,12.0,8.0
Аксессуары,008-б,Полотенце Tennis Team 140x70 Red,Не определен,1990 ₽,https://saletennis.com/catalog/product/polotientsie-tennis-team-140x70-red-18363,Основной склад Екатеринбург: 22 шт | Тюмень (Народная): 1 шт | Санкт-Петербург (Спортивная): 5 шт | Бисертская: 4 шт,32.0,public/data/product_images/6d2795436c62.webp,0.0,5.0,22,0.0,0.0,4.0,0,1.0,0.0,0.0
Аксессуары,008-м,Полотенце Tennis Team 50x90 Red,Не определен,1490 ₽,https://saletennis.com/catalog/product/polotientsie-tennis-team-50x90-red-18364,Санкт-Петербург (Спортивная): 2 шт | Тюмень (Народная): 2 шт | Основной склад Екатеринбург: 20 шт | Соболева: 1 шт | Бисертская: 5 шт,30.0,public/data/product_images/989fcbb64749.webp,0.0,2.0,20,1.0,0.0,5.0,0,2.0,0.0,0.0
Аксессуары,76HB-BL,Повязка на голову 7/6 Headband - Black,Head,500 ₽,https://saletennis.com/catalog/product/poviazka-na-gholovu-7-6-headband-black-11749,Санкт-Петербург (Спортивная): 2 шт | Санкт-Петербург (Ярослава Гашека): 2 шт | Тюмень: 1 шт,5.0,public/data/product_images/3ea783fe5fae.webp,2.0,2.0,0,0.0,0.0,0.0,0,1.0,0.0,0.0
Аксессуары,76HB-BLUE,Повязка на голову 7/6 Headband - Navy,Head,500 ₽,https://saletennis.com/catalog/product/poviazka-na-gholovu-7-6-headband-navy-15805,Санкт-Петербург (Ярослава Гашека): 7 шт | Санкт-Петербург (Спортивная): 14 шт | Соболева: 3 шт | Ижевск: 2 шт | Тюмень: 1 шт,27.0,public/data/product_images/782641ac2f4e.webp,7.0,14.0,0,3.0,0.0,0.0,0,1.0,0.0,2.0
Аксессуары,76HB-RED,Повязка на голову 7/6 Headband - Red,Head,500 ₽,https://saletennis.com/catalog/product/poviazka-na-gholovu-7-6-headband-red-12979,Уфа: 3 шт | Тюмень: 8 шт | Парина: 2 шт | Ижевск: 1 шт | Основной склад Екатеринбург: 39 шт | Соболева: 4 шт | Санкт-Петербург (Спортивная): 13 шт | Санкт-Петербург (Ярослава Гашека): 9 шт | Бисертская: 4 шт,83.0,public/data/product_images/28c6ffab54b9.webp,9.0,13.0,39,4.0,2.0,4.0,0,8.0,3.0,1.0
Аксессуары,285080-AN,Повязка на голову Head Headband - Antracite,Head,608 ₽,https://saletennis.com/catalog/product/poviazka-na-gholovu-head-headband-antracite-1-13647,Парина: 1 шт | Санкт-Петербург (Спортивная): 4 шт | Ижевск: 2 шт | Тюмень (Народная): 1 шт,8.0,public/data/product_images/96615b41e830.webp,0.0,4.0,0,0.0,1.0,0.0,0,1.0,0.0,2.0
Аксессуары,285080-BN,Повязка на голову Head Headband - Banana,Head,608 ₽,https://saletennis.com/catalog/product/poviazka-na-gholovu-head-headband-banana-17048,Уфа: 2 шт | Ижевск: 1 шт | Санкт-Петербург (Спортивная): 2 шт,5.0,public/data/product_images/322e675b9539.webp,0.0,2.0,0,0.0,0.0,0.0,0,0.0,2.0,1.0
Аксессуары,285080-BK,Повязка на голову Head Headband - Black,Head,608 ₽,https://saletennis.com/catalog/product/poviazka-na-gholovu-head-headband-black-2-13355,Санкт-Петербург (Спортивная): 2 шт | Ижевск: 1 шт,3.0,public/data/product_images/cc18935a870e.webp,0.0,2.0,0,0.0,0.0,0.0,0,0.0,0.0,1.0
Аксессуары,285080-BL,Повязка на голову Head Headband - Blue,Head,608 ₽,https://saletennis.com/catalog/product/poviazka-na-gholovu-head-headband-blue-1-13356,Парина: 3 шт | Санкт-Петербург (Спортивная): 2 шт,5.0,public/data/product_images/4348053ed2de.webp,0.0,2.0,0,0.0,3.0,0.0,0,0.0,0.0,0.0
Аксессуары,285080-DC,Повязка на голову Head Headband - Dirty Lilac,Head,608 ₽,https://saletennis.com/catalog/product/poviazka-na-gholovu-head-headband-dirty-lilac-19361,Тюмень (Народная): 1 шт | Ижевск: 2 шт | Соболева: 3 шт | Парина: 2 шт | Санкт-Петербург (Спортивная): 2 шт,10.0,public/data/product_images/229819e3304c.webp,0.0,2.0,0,3.0,2.0,0.0,0,1.0,0.0,2.0
Аксессуары,285080-NV,Повязка на голову Head Headband - Navy,Head,608 ₽,https://saletennis.com/catalog/product/poviazka-na-gholovu-head-headband-navy-2-13358,Парина: 1 шт | Санкт-Петербург (Спортивная): 1 шт,2.0,public/data/product_images/b76dfbb443df.webp,0.0,1.0,0,0.0,1.0,0.0,0,0.0,0.0,0.0
Аксессуары,285080-OR,Повязка на голову Head Headband - Orange,Head,608 ₽,https://saletennis.com/catalog/product/poviazka-na-gholovu-head-headband-orange-1-13359,Санкт-Петербург (Спортивная): 2 шт | Ижевск: 2 шт,4.0,public/data/product_images/b4b26146c393.webp,0.0,2.0,0,0.0,0.0,0.0,0,0.0,0.0,2.0
Аксессуары,285080-RD,Повязка на голову Head Headband - Red,Head,608 ₽,https://saletennis.com/catalog/product/poviazka-na-gholovu-head-headband-red-1-13360,Парина: 1 шт | Тюмень (Народная): 1 шт | Санкт-Петербург (Спортивная): 2 шт | Уфа: 1 шт | Ижевск: 2 шт,7.0,public/data/product_images/aae909294cef.webp,0.0,2.0,0,0.0,1.0,0.0,0,1.0,1.0,2.0
Аксессуары,900138,Протектор Babolat Pure Drive (2015),Babolat,2618 ₽,https://saletennis.com/catalog/product/protiektor-babolat-pure-drive-2015-10113,Парина: 1 упак,1.0,public/data/product_images/d39503fa9210.webp,0.0,0.0,0,0.0,1.0,0.0,0,0.0,0.0,0.0
Аксессуары,286140,Протектор Head Extreme TK333 - Grey,Head,964 ₽,https://saletennis.com/catalog/product/protiektor-head-extreme-tk333-grey-15889,Санкт-Петербург (Спортивная): 4 упак,4.0,public/data/product_images/c1ae11a1e529.webp,0.0,4.0,0,0.0,0.0,0.0,0,0.0,0.0,0.0
Аксессуары,WR8441901001,Протектор Wilson Blade 101L V9.0,Wilson,2017 ₽,https://saletennis.com/catalog/product/protiektor-wilson-blade-101l-v9-0-16459,Парина: 12 упак | Основной склад Екатеринбург: 10 упак | Санкт-Петербург (Спортивная): 1 упак,23.0,public/data/product_images/e0c2d651848f.webp,0.0,1.0,10,0.0,12.0,0.0,0,0.0,0.0,0.0
Аксессуары,WR8441201001,Протектор Wilson Blade 98 16x19 V9.0,Wilson,2827 ₽,https://saletennis.com/catalog/product/protiektor-wilson-blade-98-16x19-v9-0-16460,Парина: 1 упак,1.0,public/data/product_images/4bd60075830e.webp,0.0,0.0,0,0.0,1.0,0.0,0,0.0,0.0,0.0
Аксессуары,WR8441301001,Протектор Wilson Blade 98 18x20 V9.0,Wilson,2017 ₽,https://saletennis.com/catalog/product/protiektor-wilson-blade-98-18x20-v9-0-16233,Соболева: 1 упак | Основной склад Екатеринбург: 20 упак | Парина: 1 упак,22.0,public/data/product_images/78383a71da47.webp,0.0,0.0,20,1.0,1.0,0.0,0,0.0,0.0,0.0
Аксессуары,WR8441601001,Протектор Wilson Blade 98 Pro 16x19 V9.0,Wilson,2017 ₽,https://saletennis.com/catalog/product/protiektor-wilson-blade-98-pro-16x19-v9-0-17573,Основной склад Екатеринбург: 5 упак,5.0,public/data/product_images/36bd109d78f4.webp,0.0,0.0,5,0.0,0.0,0.0,0,0.0,0.0,0.0
Аксессуары,WR8441701001,Протектор Wilson Blade 98 Pro 18x20 V9.0,Wilson,2017 ₽,https://saletennis.com/catalog/product/protiektor-wilson-blade-98-pro-18x20-v9-0-17574,Основной склад Екатеринбург: 17 упак,17.0,public/data/product_images/4923efb9e59e.webp,0.0,0.0,17,0.0,0.0,0.0,0,0.0,0.0,0.0
Аксессуары,WR8441801001,Протектор Wilson Blade 98S V9.0,Wilson,2017 ₽,https://saletennis.com/catalog/product/protiektor-wilson-blade-98s-v9-0-17575,Основной склад Екатеринбург: 11 упак,11.0,public/data/product_images/03accac89867.webp,0.0,0.0,11,0.0,0.0,0.0,0,0.0,0.0,0.0
Аксессуары,WRG044800,Протектор Wilson Burn 100S/100LS/100ULS V4.0,Wilson,2017 ₽,https://saletennis.com/catalog/product/protiektor-wilson-burn-100s-100ls-100uls-v4-0-18070,Основной склад Екатеринбург: 6 упак,6.0,public/data/product_images/a3ada8e5344b.webp,0.0,0.0,6,0.0,0.0,0.0,0,0.0,0.0,0.0
Аксессуары,WRG074000,Протектор Wilson Clash 100/100L/100UL V2.0,Wilson,2017 ₽,https://saletennis.com/catalog/product/protiektor-wilson-clash-100-100l-100ul-v2-0-16234,Основной склад Екатеринбург: 5 упак,5.0,public/data/product_images/c76d14c30b17.webp,0.0,0.0,5,0.0,0.0,0.0,0,0.0,0.0,0.0
Аксессуары,WR8447801001,Протектор Wilson Clash 100/100L/100UL V3.0,Wilson,2017 ₽,https://saletennis.com/catalog/product/protiektor-wilson-clash-100-100l-100ul-v3-0-18071,Основной склад Екатеринбург: 3 упак,3.0,public/data/product_images/7b3348bdcb44.webp,0.0,0.0,3,0.0,0.0,0.0,0,0.0,0.0,0.0
Аксессуары,WRG074100,Протектор Wilson Clash 100 Pro V2.0,Wilson,2017 ₽,https://saletennis.com/catalog/product/protiektor-wilson-clash-100-pro-v2-0-17579,Основной склад Екатеринбург: 9 упак,9.0,public/data/product_images/2963ba53b392.webp,0.0,0.0,9,0.0,0.0,0.0,0,0.0,0.0,0.0
Аксессуары,WRG074200,Протектор Wilson Clash 98 V2.0,Wilson,2017 ₽,https://saletennis.com/catalog/product/protiektor-wilson-clash-98-v2-0-17297,Парина: 11 упак | Бисертская: 1 упак,12.0,public/data/product_images/901bb30761ff.webp,0.0,0.0,0,0.0,11.0,1.0,0,0.0,0.0,0.0
Аксессуары,WR8434901001,Протектор Wilson Pro Staff 97 V14,Wilson,2017 ₽,https://saletennis.com/catalog/product/protiektor-wilson-pro-staff-97-v14-17948,Основной склад Екатеринбург: 14 упак,14.0,public/data/product_images/5479567e2ee2.webp,0.0,0.0,14,0.0,0.0,0.0,0,0.0,0.0,0.0
Аксессуары,WR8436101001,Протектор Wilson Pro Staff 97L/UL V14,Wilson,2017 ₽,https://saletennis.com/catalog/product/protiektor-wilson-pro-staff-97l-ul-v14-17949,Основной склад Екатеринбург: 18 упак | Парина: 1 упак,19.0,public/data/product_images/de51417c7dd8.webp,0.0,0.0,18,0.0,1.0,0.0,0,0.0,0.0,0.0
Аксессуары,WR8433801001,Протектор Wilson Pro Staff X V14,Wilson,2017 ₽,https://saletennis.com/catalog/product/protiektor-wilson-pro-staff-x-v14-17950,Основной склад Екатеринбург: 16 упак,16.0,public/data/product_images/369e1e1c83ba.webp,0.0,0.0,16,0.0,0.0,0.0,0,0.0,0.0,0.0
Аксессуары,WR8442301001,Протектор Wilson Shift 99/99L V1.0,Wilson,2017 ₽,https://saletennis.com/catalog/product/protiektor-wilson-shift-99-99l-v1-0-16235,Основной склад Екатеринбург: 1 упак,1.0,public/data/product_images/42257bddce5b.webp,0.0,0.0,1,0.0,0.0,0.0,0,0.0,0.0,0.0
Аксессуары,WR8442401001,Протектор Wilson Shift 99 Pro V1.0,Wilson,2017 ₽,https://saletennis.com/catalog/product/protiektor-wilson-shift-99-pro-v1-0-16865,Парина: 1 упак,1.0,public/data/product_images/4a45aeeacf44.webp,0.0,0.0,0,0.0,1.0,0.0,0,0.0,0.0,0.0
Аксессуары,WR8450401001,Протектор Wilson Ultra 100/100L/100UL V5.0,Wilson,2017 ₽,https://saletennis.com/catalog/product/protiektor-wilson-ultra-100-100l-100ul-v5-0-18072,Основной склад Екатеринбург: 9 упак | Соболева: 2 упак,11.0,public/data/product_images/301f2d6ba61a.webp,0.0,0.0,9,2.0,0.0,0.0,0,0.0,0.0,0.0
Аксессуары,WRG017900,Протектор Wilson Ultra Pro 16X19,Wilson,2017 ₽,https://saletennis.com/catalog/product/protiektor-wilson-ultra-pro-16x19-17298,Парина: 12 упак,12.0,public/data/product_images/17112e9f1614.webp,0.0,0.0,0,0.0,12.0,0.0,0,0.0,0.0,0.0
Аксессуары,00001,Шнурки - White,Не определен,100 ₽,https://saletennis.com/catalog/product/shnurki-white-15919,Основной склад Екатеринбург: 215 шт | Санкт-Петербург (Спортивная): 9 шт,224.0,public/data/product_images/3ec501487fc9.webp,0.0,9.0,215,0.0,0.0,0.0,0,0.0,0.0,0.0
Аксессуары,СТС,Серьги Теннисное Сердце,Не определен,250 ₽,https://saletennis.com/catalog/product/sier-ghi-tiennisnoie-sierdtsie-16520,Парина: 1 шт,1.0,public/data/product_images/26a16d484711.webp,0.0,0.0,0,0.0,1.0,0.0,0,0.0,0.0,0.0
Аксессуары,PRL11011-GR,Суппорт бедра TORRES Grey (нейлон),Torres,413 ₽,https://saletennis.com/catalog/product/support-biedra-torres-grey-nieilon-10288,L: Санкт-Петербург (Спортивная) - 1 шт | S: Парина - 1 шт,2.0,public/data/product_images/8003e16403d3.webp,0.0,1.0,0,0.0,1.0,0.0,0,0.0,0.0,0.0
Аксессуары,PRL11014XL,Суппорт голеностопа TORRES Nylon - Grey,Torres,550 ₽,https://saletennis.com/catalog/product/support-gholienostopa-torres-nylon-grey-14802,XL: Соболева - 1 шт,1.0,public/data/product_images/13b2d46d6c91.webp,0.0,0.0,0,1.0,0.0,0.0,0,0.0,0.0,0.0
Аксессуары,WR8450701001,Сувенирная ракетка Wilson Ultra Roland Garros,Wilson,6877 ₽,https://saletennis.com/catalog/product/suvienirnaia-rakietka-wilson-ultra-roland-garros-18994,Парина: 1 шт | Соболева: 1 шт,2.0,public/data/product_images/8d82d091a09f.webp,0.0,0.0,0,1.0,1.0,0.0,0,0.0,0.0,0.0
Аксессуары,978-5-906254-94-8,Теннис. Иллюстрированная библия великой игры,Не определен,1990 ₽,https://saletennis.com/catalog/product/tiennis-illiustrirovannaia-bibliia-vielikoi-ighry-16755,Ижевск: 1 шт,1.0,public/data/product_images/a760ecb88ab7.webp,0.0,0.0,0,0.0,0.0,0.0,0,0.0,0.0,1.0
Аксессуары,SL76(1)-WH,Теннисные носки 7/6 Pro - White,7/6,990 ₽,https://saletennis.com/catalog/product/tiennisnyie-noski-7-6-pro-white-17065,34-38: Санкт-Петербург (Ярослава Гашека) - 1 пар | 34-38: Тюмень (Народная) - 1 пар | 34-38: Тюмень - 2 пар | 34-38: Санкт-Петербург (Спортивная) - 15 пар | 38-42: Тюмень - 3 пар | 38-42: Тюмень (Народная) - 3 пар | 38-42: Парина - 2 пар | 38-42: Елизаветенское шоссе - 3 пар | 38-42: Санкт-Петербург (Спортивная) - 9 пар | 38-42: Ижевск - 8 пар | 38-42: Соболева - 1 пар | 38-42: Основной склад Екатеринбург - 19 пар | 38-42: Уфа - 8 пар | 38-42: Бисертская - 2 пар | 43-46: Бисертская - 3 пар | 43-46: Елизаветенское шоссе - 4 пар | 43-46: Уфа - 3 пар | 43-46: Основной склад Екатеринбург - 35 пар | 43-46: Соболева - 6 пар | 43-46: Санкт-Петербург (Спортивная) - 4 пар | 43-46: Санкт-Петербург (Ярослава Гашека) - 9 пар | 43-46: Ижевск - 2 пар | 43-46: Парина - 5 пар | 43-46: Тюмень - 10 пар | 43-46: Тюмень (Народная) - 6 пар | 46-50: Тюмень (Народная) - 3 пар | 46-50: Тюмень - 1 пар | 46-50: Елизаветенское шоссе - 1 пар | 46-50: Санкт-Петербург (Спортивная) - 5 пар | 46-50: Парина - 8 пар | 46-50: Санкт-Петербург (Ярослава Гашека) - 4 пар | 46-50: Бисертская - 7 пар | 46-50: Соболева - 10 пар,203.0,public/data/product_images/8c69d0389fdb.webp,14.0,33.0,54,17.0,15.0,12.0,8,29.0,11.0,10.0
Аксессуары,TC76-BK,Теннисные носки 7/6 Tour Crew - Black,7/6,790 ₽,https://saletennis.com/catalog/product/tiennisnyie-noski-7-6-tour-crew-black-17066,34-38: Тюмень (Народная) - 8 пар | 34-38: Уфа - 6 пар | 34-38: Елизаветенское шоссе - 5 пар | 34-38: Санкт-Петербург (Ярослава Гашека) - 5 пар | 34-38: Бисертская - 5 пар | 34-38: Санкт-Петербург (Спортивная) - 8 пар | 34-38: Парина - 6 пар | 34-38: Тюмень - 3 пар | 34-38: Соболева - 4 пар | 38-42: Бисертская - 5 пар | 38-42: Уфа - 5 пар | 38-42: Парина - 7 пар | 38-42: Елизаветенское шоссе - 3 пар | 38-42: Тюмень (Народная) - 11 пар | 38-42: Санкт-Петербург (Спортивная) - 9 пар | 38-42: Тюмень - 3 пар | 38-42: Санкт-Петербург (Ярослава Гашека) - 5 пар | 38-42: Соболева - 9 пар | 43-46: Уфа - 7 пар | 43-46: Санкт-Петербург (Ярослава Гашека) - 5 пар | 43-46: Бисертская - 7 пар | 43-46: Тюмень - 5 пар | 43-46: Парина - 7 пар | 43-46: Ижевск - 1 пар | 43-46: Санкт-Петербург (Спортивная) - 12 пар | 43-46: Тюмень (Народная) - 7 пар | 43-46: Соболева - 8 пар | 46-50: Тюмень (Народная) - 3 пар | 46-50: Санкт-Петербург (Спортивная) - 7 пар | 46-50: Елизаветенское шоссе - 6 пар | 46-50: Соболева - 7 пар | 46-50: Парина - 6 пар | 46-50: Санкт-Петербург (Ярослава Гашека) - 5 пар | 46-50: Бисертская - 4 пар,204.0,public/data/product_images/7c9e9f1117c8.webp,20.0,36.0,0,28.0,26.0,21.0,14,40.0,18.0,1.0
Аксессуары,TC76-BL,Теннисные носки 7/6 Tour Crew - Blue,7/6,790 ₽,https://saletennis.com/catalog/product/tiennisnyie-noski-7-6-tour-crew-blue-17067,34-38: Тюмень - 3 пар | 34-38: Тюмень (Народная) - 8 пар | 34-38: Соболева - 4 пар | 34-38: Санкт-Петербург (Спортивная) - 11 пар | 34-38: Бисертская - 6 пар | 38-42: Санкт-Петербург (Ярослава Гашека) - 5 пар | 38-42: Парина - 15 пар | 38-42: Уфа - 6 пар | 38-42: Тюмень (Народная) - 5 пар | 38-42: Санкт-Петербург (Спортивная) - 9 пар | 38-42: Соболева - 9 пар | 38-42: Бисертская - 2 пар | 38-42: Тюмень - 1 пар | 43-46: Соболева - 5 пар | 43-46: Парина - 7 пар | 43-46: Уфа - 4 пар | 43-46: Елизаветенское шоссе - 3 пар | 43-46: Бисертская - 6 пар | 43-46: Санкт-Петербург (Ярослава Гашека) - 5 пар | 43-46: Тюмень (Народная) - 2 пар | 43-46: Санкт-Петербург (Спортивная) - 9 пар | 43-46: Ижевск - 5 пар | 43-46: Тюмень - 3 пар,133.0,public/data/product_images/f5d80af94494.webp,10.0,29.0,0,18.0,22.0,14.0,3,22.0,10.0,5.0
Аксессуары,TC76-GR,Теннисные носки 7/6 Tour Crew - Grey,7/6,790 ₽,https://saletennis.com/catalog/product/tiennisnyie-noski-7-6-tour-crew-grey-17068,34-38: Тюмень (Народная) - 6 пар | 34-38: Бисертская - 4 пар | 34-38: Санкт-Петербург (Спортивная) - 4 пар | 34-38: Соболева - 3 пар | 34-38: Парина - 2 пар | 38-42: Парина - 12 пар | 38-42: Уфа - 5 пар | 38-42: Тюмень (Народная) - 10 пар | 38-42: Санкт-Петербург (Спортивная) - 3 пар | 38-42: Соболева - 8 пар | 38-42: Ижевск - 1 пар | 43-46: Санкт-Петербург (Спортивная) - 11 пар | 43-46: Санкт-Петербург (Ярослава Гашека) - 5 пар | 43-46: Ижевск - 3 пар | 43-46: Парина - 10 пар | 43-46: Соболева - 12 пар | 43-46: Елизаветенское шоссе - 5 пар | 43-46: Уфа - 9 пар | 43-46: Бисертская - 9 пар,122.0,public/data/product_images/59c6ddd68571.webp,5.0,18.0,0,23.0,24.0,13.0,5,16.0,14.0,4.0
Аксессуары,TC76-WH,Теннисные носки 7/6 Tour Crew - White,7/6,790 ₽,https://saletennis.com/catalog/product/tiennisnyie-noski-7-6-tour-crew-white-17069,34-38: Санкт-Петербург (Ярослава Гашека) - 14 пар | 34-38: Бисертская - 1 пар | 34-38: Санкт-Петербург (Спортивная) - 3 пар | 38-42: Ижевск - 4 пар | 38-42: Елизаветенское шоссе - 5 пар | 38-42: Парина - 7 пар | 38-42: Тюмень - 5 пар | 38-42: Санкт-Петербург (Ярослава Гашека) - 12 пар | 38-42: Бисертская - 2 пар | 38-42: Основной склад Екатеринбург - 19 пар | 38-42: Тюмень (Народная) - 8 пар | 38-42: Уфа - 10 пар | 43-46: Тюмень (Народная) - 8 пар | 43-46: Парина - 11 пар | 43-46: Основной склад Екатеринбург - 36 пар | 43-46: Соболева - 18 пар | 43-46: Бисертская - 10 пар | 43-46: Елизаветенское шоссе - 6 пар | 43-46: Ижевск - 11 пар | 43-46: Уфа - 10 пар | 43-46: Санкт-Петербург (Ярослава Гашека) - 15 пар | 43-46: Санкт-Петербург (Спортивная) - 9 пар | 43-46: Тюмень - 6 пар | 46-50: Санкт-Петербург (Спортивная) - 15 пар | 46-50: Санкт-Петербург (Ярослава Гашека) - 5 пар | 46-50: Парина - 8 пар | 46-50: Ижевск - 5 пар | 46-50: Тюмень (Народная) - 7 пар | 46-50: Уфа - 5 пар | 46-50: Соболева - 5 пар | 46-50: Тюмень - 5 пар | 46-50: Елизаветенское шоссе - 5 пар | 46-50: Бисертская - 5 пар,295.0,public/data/product_images/710d5ea951e2.webp,46.0,27.0,55,23.0,26.0,18.0,16,39.0,25.0,20.0
Аксессуары,TQ76-BK,Теннисные носки 7/6 Tour Quater - Black,7/6,790 ₽,https://saletennis.com/catalog/product/tiennisnyie-noski-7-6-tour-quater-black-17070,34-38: Санкт-Петербург (Спортивная) - 5 пар | 34-38: Тюмень (Народная) - 3 пар | 34-38: Парина - 3 пар | 34-38: Елизаветенское шоссе - 6 пар | 34-38: Соболева - 2 пар | 34-38: Бисертская - 3 пар | 34-38: Санкт-Петербург (Ярослава Гашека) - 5 пар | 38-42: Уфа - 4 пар | 38-42: Тюмень (Народная) - 6 пар | 38-42: Тюмень - 2 пар | 38-42: Парина - 2 пар | 38-42: Елизаветенское шоссе - 3 пар | 38-42: Санкт-Петербург (Ярослава Гашека) - 4 пар | 38-42: Соболева - 5 пар | 38-42: Бисертская - 5 пар | 43-46: Ижевск - 2 пар | 43-46: Тюмень (Народная) - 5 пар | 43-46: Санкт-Петербург (Ярослава Гашека) - 5 пар | 43-46: Бисертская - 4 пар | 43-46: Елизаветенское шоссе - 5 пар | 43-46: Уфа - 5 пар | 43-46: Соболева - 4 пар | 43-46: Санкт-Петербург (Спортивная) - 8 пар | 43-46: Тюмень - 7 пар | 43-46: Парина - 1 пар | 46-50: Елизаветенское шоссе - 5 пар | 46-50: Санкт-Петербург (Спортивная) - 10 пар | 46-50: Парина - 5 пар | 46-50: Санкт-Петербург (Ярослава Гашека) - 5 пар | 46-50: Соболева - 5 пар | 46-50: Бисертская - 6 пар,140.0,public/data/product_images/75ffac23b024.webp,19.0,23.0,0,16.0,11.0,18.0,19,23.0,9.0,2.0
Аксессуары,TQ76-BL,Теннисные носки 7/6 Tour Quater - Blue,7/6,790 ₽,https://saletennis.com/catalog/product/tiennisnyie-noski-7-6-tour-quater-blue-17071,34-38: Елизаветенское шоссе - 5 пар | 34-38: Бисертская - 1 пар | 34-38: Санкт-Петербург (Спортивная) - 5 пар | 34-38: Соболева - 2 пар | 34-38: Ижевск - 2 пар | 38-42: Санкт-Петербург (Ярослава Гашека) - 5 пар | 38-42: Парина - 12 пар | 38-42: Уфа - 2 пар | 38-42: Соболева - 5 пар | 38-42: Тюмень (Народная) - 1 пар | 38-42: Санкт-Петербург (Спортивная) - 8 пар | 38-42: Бисертская - 2 пар | 43-46: Парина - 12 пар | 43-46: Уфа - 4 пар | 43-46: Тюмень (Народная) - 5 пар | 43-46: Соболева - 5 пар | 43-46: Санкт-Петербург (Спортивная) - 9 пар | 43-46: Ижевск - 4 пар | 43-46: Бисертская - 5 пар | 43-46: Елизаветенское шоссе - 4 пар | 43-46: Санкт-Петербург (Ярослава Гашека) - 5 пар,103.0,public/data/product_images/411de653b169.webp,10.0,22.0,0,12.0,24.0,8.0,9,6.0,6.0,6.0
Аксессуары,TQ76-GR,Теннисные носки 7/6 Tour Quater - Grey,7/6,790 ₽,https://saletennis.com/catalog/product/tiennisnyie-noski-7-6-tour-quater-grey-17072,34-38: Санкт-Петербург (Спортивная) - 3 пар | 34-38: Парина - 2 пар | 34-38: Соболева - 4 пар | 34-38: Бисертская - 2 пар | 38-42: Бисертская - 2 пар | 38-42: Парина - 6 пар | 38-42: Соболева - 5 пар | 43-46: Соболева - 3 пар | 43-46: Уфа - 6 пар | 43-46: Санкт-Петербург (Ярослава Гашека) - 4 пар | 43-46: Ижевск - 12 пар | 43-46: Санкт-Петербург (Спортивная) - 13 пар | 43-46: Парина - 6 пар,68.0,public/data/product_images/cfb8569cb88e.webp,4.0,16.0,0,12.0,14.0,4.0,0,0.0,6.0,12.0
Аксессуары,TQ76-WH,Теннисные носки 7/6 Tour Quater - White,7/6,790 ₽,https://saletennis.com/catalog/product/tiennisnyie-noski-7-6-tour-quater-white-17073,34-38: Парина - 1 пар | 34-38: Ижевск - 3 пар | 34-38: Тюмень (Народная) - 5 пар | 34-38: Елизаветенское шоссе - 4 пар | 38-42: Санкт-Петербург (Спортивная) - 9 пар | 38-42: Бисертская - 2 пар | 38-42: Основной склад Екатеринбург - 3 пар | 38-42: Санкт-Петербург (Ярослава Гашека) - 8 пар | 38-42: Ижевск - 7 пар | 38-42: Тюмень (Народная) - 12 пар | 38-42: Елизаветенское шоссе - 6 пар | 43-46: Санкт-Петербург (Спортивная) - 19 пар | 43-46: Бисертская - 4 пар | 43-46: Тюмень - 9 пар | 43-46: Уфа - 8 пар | 43-46: Парина - 4 пар | 43-46: Тюмень (Народная) - 1 пар | 43-46: Ижевск - 10 пар | 43-46: Санкт-Петербург (Ярослава Гашека) - 13 пар | 43-46: Елизаветенское шоссе - 3 пар | 43-46: Соболева - 6 пар | 43-46: Основной склад Екатеринбург - 15 пар | 46-50: Санкт-Петербург (Спортивная) - 11 пар | 46-50: Тюмень (Народная) - 6 пар | 46-50: Уфа - 5 пар | 46-50: Парина - 7 пар | 46-50: Санкт-Петербург (Ярослава Гашека) - 5 пар | 46-50: Ижевск - 7 пар | 46-50: Бисертская - 4 пар | 46-50: Соболева - 7 пар | 46-50: Елизаветенское шоссе - 4 пар | 46-50: Тюмень - 5 пар,213.0,public/data/product_images/0044e13ace7f.webp,26.0,39.0,18,13.0,12.0,10.0,17,38.0,13.0,27.0
Аксессуары,TS76-BK,Теннисные носки 7/6 Tour Sneaker - Black,7/6,590 ₽,https://saletennis.com/catalog/product/tiennisnyie-noski-7-6-tour-sneaker-black-17075,34-38: Санкт-Петербург (Ярослава Гашека) - 5 пар | 34-38: Уфа - 6 пар | 34-38: Ижевск - 5 пар | 34-38: Парина - 12 пар | 34-38: Соболева - 5 пар | 34-38: Тюмень (Народная) - 14 пар | 34-38: Елизаветенское шоссе - 3 пар | 34-38: Бисертская - 4 пар | 34-38: Тюмень - 3 пар | 38-42: Санкт-Петербург (Спортивная) - 2 пар | 38-42: Тюмень (Народная) - 4 пар | 38-42: Основной склад Екатеринбург - 10 пар | 38-42: Санкт-Петербург (Ярослава Гашека) - 3 пар | 38-42: Парина - 4 пар | 38-42: Елизаветенское шоссе - 7 пар | 38-42: Ижевск - 8 пар | 38-42: Уфа - 4 пар | 38-42: Соболева - 13 пар | 38-42: Бисертская - 8 пар | 43-46: Тюмень - 6 пар | 43-46: Бисертская - 5 пар | 43-46: Ижевск - 8 пар | 43-46: Елизаветенское шоссе - 5 пар | 43-46: Соболева - 4 пар | 43-46: Уфа - 7 пар | 43-46: Тюмень (Народная) - 9 пар | 43-46: Санкт-Петербург (Спортивная) - 3 пар | 43-46: Парина - 8 пар | 43-46: Санкт-Петербург (Ярослава Гашека) - 5 пар | 43-46: Основной склад Екатеринбург - 8 пар,188.0,public/data/product_images/80bff20fcacc.webp,13.0,5.0,18,22.0,24.0,17.0,15,36.0,17.0,21.0
Аксессуары,TS76-WH,Теннисные носки 7/6 Tour Sneaker - White,7/6,590 ₽,https://saletennis.com/catalog/product/tiennisnyie-noski-7-6-tour-sneaker-white-17076,34-38: Тюмень (Народная) - 6 пар | 34-38: Санкт-Петербург (Спортивная) - 22 пар | 34-38: Ижевск - 3 пар | 34-38: Санкт-Петербург (Ярослава Гашека) - 11 пар | 38-42: Основной склад Екатеринбург - 45 пар | 38-42: Бисертская - 8 пар | 38-42: Санкт-Петербург (Ярослава Гашека) - 5 пар | 38-42: Ижевск - 14 пар | 38-42: Парина - 4 пар | 38-42: Тюмень (Народная) - 6 пар | 38-42: Соболева - 10 пар | 38-42: Елизаветенское шоссе - 11 пар | 38-42: Санкт-Петербург (Спортивная) - 22 пар | 43-46: Санкт-Петербург (Ярослава Гашека) - 13 пар | 43-46: Тюмень (Народная) - 2 пар | 43-46: Елизаветенское шоссе - 3 пар | 43-46: Санкт-Петербург (Спортивная) - 2 пар | 43-46: Соболева - 1 пар | 43-46: Парина - 3 пар | 43-46: Ижевск - 5 пар,196.0,public/data/product_images/5a6207cf53f5.webp,29.0,46.0,45,11.0,7.0,8.0,14,14.0,0.0,22.0
Аксессуары,811904-BKW(1),Теннисные носки Head Performance 3 Pack - Black/White,Head,1450 ₽,https://saletennis.com/catalog/product/tiennisnyie-noski-head-performance-3-pack-black-white-17195,35-38: Санкт-Петербург (Спортивная) - 1 упак | 35-38: Соболева - 2 упак | 35-38: Парина - 2 упак | 35-38: Бисертская - 1 упак | 39-42: Соболева - 5 упак | 39-42: Парина - 4 упак,15.0,public/data/product_images/4a091bc76d5c.webp,0.0,1.0,0,7.0,6.0,1.0,0,0.0,0.0,0.0
Аксессуары,400603-100,Теннисные носки Joma Sport Socks - Black,Joma,632 ₽,https://saletennis.com/catalog/product/tiennisnyie-noski-joma-sport-socks-black-19418,39-42: Санкт-Петербург (Спортивная) - 12 пар | 39-42: Соболева - 12 пар | 39-42: Парина - 12 пар | 43-46: Парина - 12 пар | 43-46: Соболева - 12 пар | 43-46: Санкт-Петербург (Спортивная) - 12 пар,72.0,public/data/product_images/c5316c87879c.webp,0.0,24.0,0,24.0,24.0,0.0,0,0.0,0.0,0.0
Аксессуары,400603-200,Теннисные носки Joma Sport Socks - White,Joma,632 ₽,https://saletennis.com/catalog/product/tiennisnyie-noski-joma-sport-socks-white-19419,39-42: Парина - 11 пар | 39-42: Соболева - 10 пар | 39-42: Санкт-Петербург (Спортивная) - 9 пар | 43-46: Соболева - 9 пар | 43-46: Парина - 9 пар | 43-46: Санкт-Петербург (Спортивная) - 10 пар,58.0,public/data/product_images/e50639f20500.webp,0.0,19.0,0,19.0,20.0,0.0,0,0.0,0.0,0.0
Аксессуары,KA-00398702,Точка опоры - Честная книга о теннисе как игре и профессии. Михаил Южный,Не определен,490 ₽,https://saletennis.com/catalog/product/tochka-opory-chiestnaia-knigha-o-tiennisie-kak-ighrie-i-profiessii-mikhail-iuzhnyi-1-16758,Санкт-Петербург (Спортивная): 1 шт | Соболева: 1 шт,2.0,public/data/product_images/5344ef092793.webp,0.0,1.0,0,1.0,0.0,0.0,0,0.0,0.0,0.0
Аксессуары,X0015MP,Трафарет Logo W Stencil для тенниса,Не определен,1207 ₽,https://saletennis.com/catalog/product/trafariet-logo-w-stencil-dlia-tiennisa-9244,Основной склад Екатеринбург: 6 шт,6.0,public/data/product_images/7b7ecfd4a33a.webp,0.0,0.0,6,0.0,0.0,0.0,0,0.0,0.0,0.0
Аксессуары,285704,Виброгаситель Head Djokovic dampener white,Head,608 ₽,https://saletennis.com/catalog/product/vibrogasitel-head-djokovic-dampener-white-2979-2979,Соболева: 6 шт | Тюмень (Народная): 1 шт | Уфа: 5 шт | Ижевск: 12 шт | Парина: 4 шт,28.0,public/data/product_images/24aad77a6670.webp,0.0,0.0,0,6.0,4.0,0.0,0,1.0,5.0,12.0
Аксессуары,285824,Виброгаситель Head Logo Jar,Head,251 ₽,https://saletennis.com/catalog/product/vibrogasitel-head-logo-jar-17-17,Парина: 41 шт | Санкт-Петербург (Спортивная): 48 шт | Ижевск: 14 шт | Бисертская: 43 шт | Уфа: 6 шт,152.0,public/data/product_images/916049d083f2.webp,0.0,48.0,0,0.0,41.0,43.0,0,0.0,6.0,14.0
Аксессуары,285515-BL,Виброгаситель Head Pro Damp Blue,Head,487 ₽,https://saletennis.com/catalog/product/vibrogasitel-head-pro-damp-blue-4243-4243,Бисертская: 5 шт | Соболева: 7 шт | Тюмень (Народная): 7 шт | Уфа: 4 шт | Основной склад Екатеринбург: 24 шт | Санкт-Петербург (Ярослава Гашека): 2 шт | Санкт-Петербург (Спортивная): 13 шт | Парина: 6 шт | Ижевск: 6 шт,74.0,public/data/product_images/c5710c8cb6ad.webp,2.0,13.0,24,7.0,6.0,5.0,0,7.0,4.0,6.0
Аксессуары,285515-AS,Виброгаситель Head Pro Damp Mix,Head,607 ₽,https://saletennis.com/catalog/product/vibrogasitel-head-pro-damp-mix-4244-4244,Ижевск: 4 шт | Санкт-Петербург (Ярослава Гашека): 4 шт | Санкт-Петербург (Спортивная): 3 шт | Уфа: 12 шт,23.0,public/data/product_images/ae568607f199.webp,4.0,3.0,0,0.0,0.0,0.0,0,0.0,12.0,4.0
Аксессуары,285515-PK,Виброгаситель Head Pro Damp Pink,Head,607 ₽,https://saletennis.com/catalog/product/vibrogasitel-head-pro-damp-pink-4245-4245,Парина: 10 шт | Бисертская: 8 шт | Уфа: 4 шт | Санкт-Петербург (Спортивная): 7 шт | Соболева: 6 шт | Тюмень (Народная): 5 шт | Ижевск: 8 шт,48.0,public/data/product_images/945a03f51b1a.webp,0.0,7.0,0,6.0,10.0,8.0,0,5.0,4.0,8.0
Аксессуары,285511-BK,Виброгаситель Head Xtra Damp Black,Head,607 ₽,https://saletennis.com/catalog/product/vibrogasitel-head-xtra-damp-black-4246-4246,Парина: 6 шт | Бисертская: 5 шт | Санкт-Петербург (Спортивная): 10 шт | Санкт-Петербург (Ярослава Гашека): 2 шт | Соболева: 3 шт | Тюмень (Народная): 4 шт,30.0,public/data/product_images/5e69f14c1a57.webp,2.0,10.0,0,3.0,6.0,5.0,0,4.0,0.0,0.0
Аксессуары,285511-WH,Виброгаситель Head Xtra Damp White,Head,607 ₽,https://saletennis.com/catalog/product/vibrogasitel-head-xtra-damp-white-4247-4247,Уфа: 9 шт | Бисертская: 8 шт | Тюмень (Народная): 6 шт | Санкт-Петербург (Ярослава Гашека): 2 шт | Санкт-Петербург (Спортивная): 10 шт | Ижевск: 2 шт | Соболева: 7 шт | Парина: 8 шт,52.0,public/data/product_images/7cc63b5403b3.webp,2.0,10.0,0,7.0,8.0,8.0,0,6.0,9.0,2.0
Аксессуары,WR8404801001,Виброгаситель Wilson Bowl O' Fun,Wilson,2430 ₽,https://saletennis.com/catalog/product/vibrogasitel-wilson-bowl-o-fun-18-18,Соболева: 153 шт | Тюмень (Народная): 129 шт | Уфа: 132 шт | Санкт-Петербург (Спортивная): 76 шт | Бисертская: 83 шт | Парина: 267 шт | Ижевск: 53 шт,893.0,public/data/product_images/922d91181f74.webp,0.0,76.0,0,153.0,267.0,83.0,0,129.0,132.0,53.0
Аксессуары,WRZ537600,Виброгаситель Wilson Pro Feel red\silver,Wilson,883 ₽,https://saletennis.com/catalog/product/vibrogasitel-wilson-pro-feel-redsilver-295-295,Тюмень: 4 шт | Санкт-Петербург (Ярослава Гашека): 2 шт | Соболева: 5 шт | Уфа: 11 шт | Бисертская: 4 шт | Ижевск: 13 шт | Тюмень (Народная): 7 шт | Парина: 6 шт,52.0,public/data/product_images/e309c8783085.webp,2.0,0.0,0,5.0,6.0,4.0,0,11.0,11.0,13.0
Аксессуары,VD76-AS,Виброгаситель 7/6 Dampener Assorted 1pk,7/6,150 ₽,https://saletennis.com/catalog/product/vibroghasitiel-7-6-dampener-assorted-1pk-14366,Санкт-Петербург (Ярослава Гашека): 38 шт | Ижевск: 1 шт | Тюмень: 13 шт | Уфа: 2 шт | Санкт-Петербург (Спортивная): 17 шт,71.0,public/data/product_images/6b1420eac575.webp,38.0,17.0,0,0.0,0.0,0.0,0,13.0,2.0,1.0
Аксессуары,76VC-BK,Виброгаситель 7/6 Dampener - Court Black,7/6,150 ₽,https://saletennis.com/catalog/product/vibroghasitiel-7-6-dampener-court-black-12965,Ижевск: 8 шт | Санкт-Петербург (Спортивная): 17 шт | Парина: 25 шт | Уфа: 35 шт | Тюмень (Народная): 9 шт | Соболева: 30 шт | Тюмень: 9 шт | Санкт-Петербург (Ярослава Гашека): 3 шт | Бисертская: 8 шт,144.0,public/data/product_images/24d4fbd303b2.webp,3.0,17.0,0,30.0,25.0,8.0,0,18.0,35.0,8.0
Аксессуары,76VC-WH,Виброгаситель 7/6 Dampener - Court White,7/6,150 ₽,https://saletennis.com/catalog/product/vibroghasitiel-7-6-dampener-court-white-12966,Тюмень (Народная): 10 шт | Бисертская: 12 шт | Уфа: 34 шт | Тюмень: 15 шт | Санкт-Петербург (Спортивная): 3 шт | Соболева: 16 шт | Парина: 12 шт,102.0,public/data/product_images/ae4042ee4eeb.webp,0.0,3.0,0,16.0,12.0,12.0,0,25.0,34.0,0.0
Аксессуары,700032,Виброгаситель Babolat Flag Damp x2 - Black/Yellow,Babolat,680 ₽,https://saletennis.com/catalog/product/vibroghasitiel-babolat-flag-damp-x2-black-yellow-12221,Парина: 1 упак,1.0,public/data/product_images/8527bdddfed1.webp,0.0,0.0,0,0.0,1.0,0.0,0,0.0,0.0,0.0
Аксессуары,700032,Виброгаситель Babolat Flag Damp x2 - White/Pink,Babolat,680 ₽,https://saletennis.com/catalog/product/vibroghasitiel-babolat-flag-damp-x2-white-pink-12222,Парина: 1 упак | Соболева: 2 упак,3.0,public/data/product_images/37a15ba30362.webp,0.0,0.0,0,2.0,1.0,0.0,0,0.0,0.0,0.0
Аксессуары,700135-134/1,Виброгаситель Babolat Loony Damp x1,Babolat,400 ₽,https://saletennis.com/catalog/product/vibroghasitiel-babolat-loony-damp-x1-18902,Парина: 37 упак,37.0,public/data/product_images/1772d146538e.webp,0.0,0.0,0,0.0,37.0,0.0,0,0.0,0.0,0.0
Аксессуары,700045,Виброгаситель Babolat Strawberry X 2,Babolat,950 ₽,https://saletennis.com/catalog/product/vibroghasitiel-babolat-strawberry-x-2-7895,Парина: 2 упак | Тюмень (Народная): 1 упак,3.0,public/data/product_images/5c466b7aa9e4.webp,0.0,0.0,0,0.0,2.0,0.0,0,1.0,0.0,0.0
Аксессуары,700129-100,Виброгаситель Babolat Wimbledon x2,Babolat,990 ₽,https://saletennis.com/catalog/product/vibroghasitiel-babolat-wimbledon-x2-17815,Соболева: 1 шт,1.0,public/data/product_images/3b87a626d5b3.webp,0.0,0.0,0,1.0,0.0,0.0,0,0.0,0.0,0.0
Аксессуары,DD-2,Виброгаситель Diadem Diamond - Black,Diadem,443 ₽,https://saletennis.com/catalog/product/vibroghasitiel-diadem-diamond-black-15421,Санкт-Петербург (Спортивная): 1 упак,1.0,public/data/product_images/0b4b9ed51e93.webp,0.0,1.0,0,0.0,0.0,0.0,0,0.0,0.0,0.0
Аксессуары,DD-2-WH,Виброгаситель Diadem Diamond - White,Diadem,443 ₽,https://saletennis.com/catalog/product/vibroghasitiel-diadem-diamond-white-14171,Санкт-Петербург (Спортивная): 1 упак,1.0,public/data/product_images/9661a84dc9c6.webp,0.0,1.0,0,0.0,0.0,0.0,0,0.0,0.0,0.0
Аксессуары,DD-2-YE,Виброгаситель Diadem Diamond - Yellow,Diadem,443 ₽,https://saletennis.com/catalog/product/vibroghasitiel-diadem-diamond-yellow-14172,Бисертская: 2 упак | Соболева: 2 упак | Парина: 3 упак,7.0,public/data/product_images/e030b2ad800d.webp,0.0,0.0,0,2.0,3.0,2.0,0,0.0,0.0,0.0
Аксессуары,285515-BK,Виброгаситель Head Pro Damp Black,Head,607 ₽,https://saletennis.com/catalog/product/vibroghasitiel-head-pro-damp-black-6741,Санкт-Петербург (Спортивная): 1 шт | Парина: 7 шт | Ижевск: 1 шт | Уфа: 2 шт | Бисертская: 4 шт | Тюмень (Народная): 1 шт | Соболева: 2 шт,18.0,public/data/product_images/cfe3b39fb8d4.webp,0.0,1.0,0,2.0,7.0,4.0,0,1.0,2.0,1.0
Аксессуары,285515-BKBL,Виброгаситель Head Pro Damp Black/Blue,Head,608 ₽,https://saletennis.com/catalog/product/vibroghasitiel-head-pro-damp-black-blue-19357,Санкт-Петербург (Ярослава Гашека): 2 упак | Соболева: 4 упак | Санкт-Петербург (Спортивная): 4 упак,10.0,public/data/product_images/5414546b92a6.webp,2.0,4.0,0,4.0,0.0,0.0,0,0.0,0.0,0.0
Аксессуары,285525,Виброгаситель Head Pro Damp Jar,Head,243 ₽,https://saletennis.com/catalog/product/vibroghasitiel-head-pro-damp-jar-6702,Соболева: 12 шт | Санкт-Петербург (Спортивная): 30 шт | Парина: 24 шт,66.0,public/data/product_images/e34976d513a3.webp,0.0,30.0,0,12.0,24.0,0.0,0,0.0,0.0,0.0
Аксессуары,285515-LY,Виброгаситель Head Pro Damp Luminous Yellow,Head,608 ₽,https://saletennis.com/catalog/product/vibroghasitiel-head-pro-damp-luminous-yellow-19358,Санкт-Петербург (Ярослава Гашека): 2 упак | Санкт-Петербург (Спортивная): 2 упак | Парина: 5 упак,9.0,public/data/product_images/d5cab3f2b583.webp,2.0,2.0,0,0.0,5.0,0.0,0,0.0,0.0,0.0
Аксессуары,285515-WH,Виброгаситель Head Pro Damp White,Head,607 ₽,https://saletennis.com/catalog/product/vibroghasitiel-head-pro-damp-white-6884,Соболева: 5 шт | Парина: 1 шт | Санкт-Петербург (Спортивная): 6 шт,12.0,public/data/product_images/fd00db68bf2e.webp,0.0,6.0,0,5.0,1.0,0.0,0,0.0,0.0,0.0
Аксессуары,285515-Yel,Виброгаситель Head Pro Damp Yellow,Head,607 ₽,https://saletennis.com/catalog/product/vibroghasitiel-head-pro-damp-yellow-5573,Бисертская: 8 шт | Тюмень (Народная): 5 шт | Ижевск: 5 шт | Соболева: 8 шт | Уфа: 8 шт | Санкт-Петербург (Спортивная): 3 шт | Парина: 5 шт,42.0,public/data/product_images/632175735850.webp,0.0,3.0,0,8.0,5.0,8.0,0,5.0,8.0,5.0
Аксессуары,285005,Виброгаситель Head Sinner Dampener White/Black,Head,608 ₽,https://saletennis.com/catalog/product/vibroghasitiel-head-sinner-dampener-white-black-19268,Санкт-Петербург (Ярослава Гашека): 1 упак | Санкт-Петербург (Спортивная): 10 упак | Тюмень (Народная): 8 упак | Ижевск: 4 упак | Уфа: 2 упак | Парина: 9 упак | Соболева: 11 упак | Бисертская: 15 упак,60.0,public/data/product_images/a948ff758251.webp,1.0,10.0,0,11.0,9.0,15.0,0,8.0,2.0,4.0
Аксессуары,288011,Виброгаситель Head Smartsorb Mix,Head,608 ₽,https://saletennis.com/catalog/product/vibroghasitiel-head-smartsorb-mix-6637,Соболева: 12 упак | Санкт-Петербург (Спортивная): 5 упак | Парина: 12 упак,29.0,public/data/product_images/cad6fe0d6ebd.webp,0.0,5.0,0,12.0,12.0,0.0,0,0.0,0.0,0.0
Аксессуары,288011-SI,Виброгаситель Head Smartsorb Silver,Head,559 ₽,https://saletennis.com/catalog/product/vibroghasitiel-head-smartsorb-silver-10926,Уфа: 7 упак | Ижевск: 4 упак | Тюмень (Народная): 1 упак | Санкт-Петербург (Спортивная): 14 упак | Бисертская: 3 упак | Соболева: 4 упак | Парина: 4 упак,37.0,public/data/product_images/7528fffd0e75.webp,0.0,14.0,0,4.0,4.0,3.0,0,1.0,7.0,4.0
Аксессуары,285511,Виброгаситель Head Xtra Damp Mix,Head,607 ₽,https://saletennis.com/catalog/product/vibroghasitiel-head-xtra-damp-mix-5315,Соболева: 12 шт | Ижевск: 10 шт | Бисертская: 4 шт | Парина: 4 шт | Тюмень (Народная): 4 шт,34.0,public/data/product_images/e7a63f1704ec.webp,0.0,0.0,0,12.0,4.0,4.0,0,4.0,0.0,10.0
Аксессуары,285511-OR,Виброгаситель Head Xtra Damp Orange,Head,607 ₽,https://saletennis.com/catalog/product/vibroghasitiel-head-xtra-damp-orange-5757,Уфа: 6 упак | Парина: 7 упак | Бисертская: 4 упак | Санкт-Петербург (Ярослава Гашека): 2 упак | Санкт-Петербург (Спортивная): 34 упак | Основной склад Екатеринбург: 24 упак | Тюмень (Народная): 8 упак | Ижевск: 7 упак | Соболева: 9 упак,101.0,public/data/product_images/fb12b74be6fe.webp,2.0,34.0,24,9.0,7.0,4.0,0,8.0,6.0,7.0
Аксессуары,285511-YW,Виброгаситель Head Xtra Damp Yellow,Head,607 ₽,https://saletennis.com/catalog/product/vibroghasitiel-head-xtra-damp-yellow-5758,Тюмень (Народная): 8 упак | Парина: 10 упак | Соболева: 9 упак | Бисертская: 6 упак | Санкт-Петербург (Ярослава Гашека): 2 упак | Уфа: 7 упак | Санкт-Петербург (Спортивная): 15 упак | Ижевск: 7 упак,64.0,public/data/product_images/a1a3dcdb7507.webp,2.0,15.0,0,9.0,10.0,6.0,0,8.0,7.0,7.0
Аксессуары,285120-BLYW,Виброгаситель Head Zverev Dampener Blue/Yellow,Head,607 ₽,https://saletennis.com/catalog/product/vibroghasitiel-head-zverev-dampener-blue-yellow-13026,Парина: 5 упак | Бисертская: 4 упак | Соболева: 6 упак | Санкт-Петербург (Спортивная): 7 упак | Ижевск: 2 упак,24.0,public/data/product_images/a635baaf3d8e.webp,0.0,7.0,0,6.0,5.0,4.0,0,0.0,0.0,2.0
Аксессуары,285120-GD,Виброгаситель Head Zverev Dampener - Gold,Head,750 ₽,https://saletennis.com/catalog/product/vibroghasitiel-head-zverev-dampener-gold-19464,Бисертская: 11 упак | Санкт-Петербург (Ярослава Гашека): 5 упак | Соболева: 12 упак | Парина: 12 упак | Санкт-Петербург (Спортивная): 7 упак,47.0,public/data/product_images/1b0189d41dba.webp,5.0,7.0,0,12.0,12.0,11.0,0,0.0,0.0,0.0
Аксессуары,285120,Виброгаситель Head Zverev Dampener Teal/Hot Lava,Head,607 ₽,https://saletennis.com/catalog/product/vibroghasitiel-head-zverev-dampener-teal-hot-lava-9560,Ижевск: 1 упак | Санкт-Петербург (Спортивная): 4 упак | Соболева: 5 упак | Санкт-Петербург (Ярослава Гашека): 2 упак | Тюмень (Народная): 3 упак | Бисертская: 2 упак | Парина: 5 упак,22.0,public/data/product_images/3d2201a3767c.webp,2.0,4.0,0,5.0,5.0,2.0,0,3.0,0.0,1.0
Аксессуары,WRZ539000,Виброгаситель Luxilon LXN Grey,Luxilon,990 ₽,https://saletennis.com/catalog/product/vibroghasitiel-luxilon-lxn-grey-6564,Соболева: 6 шт | Парина: 8 шт | Бисертская: 5 шт | Санкт-Петербург (Спортивная): 1 шт,20.0,public/data/product_images/8add6d41378e.webp,0.0,1.0,0,6.0,8.0,5.0,0,0.0,0.0,0.0
Аксессуары,53CROIIGDA,Виброгаситель Tecnifiber Damp IGA Croissant,Tecnifibre,990 ₽,https://saletennis.com/catalog/product/vibroghasitiel-tecnifiber-damp-iga-croissant-19076,Санкт-Петербург (Спортивная): 1 упак,1.0,public/data/product_images/1da85a98ba43.webp,0.0,1.0,0,0.0,0.0,0.0,0,0.0,0.0,0.0
Аксессуары,53DONUIGDA,Виброгаситель Tecnifiber Damp IGA Donut,Tecnifibre,990 ₽,https://saletennis.com/catalog/product/vibroghasitiel-tecnifiber-damp-iga-donut-19077,Санкт-Петербург (Спортивная): 2 упак | Парина: 1 упак | Соболева: 2 упак,5.0,public/data/product_images/76cbfc548df1.webp,0.0,2.0,0,2.0,1.0,0.0,0,0.0,0.0,0.0
Аксессуары,53TOURIGDA,Виброгаситель Tecnifiber Damp IGA Eiffel Tower,Tecnifibre,990 ₽,https://saletennis.com/catalog/product/vibroghasitiel-tecnifiber-damp-iga-eiffel-tower-19078,Парина: 3 упак | Соболева: 3 упак | Санкт-Петербург (Спортивная): 4 упак,10.0,public/data/product_images/d280e68baee5.webp,0.0,4.0,0,3.0,3.0,0.0,0,0.0,0.0,0.0
Аксессуары,53FRAIIGDA,Виброгаситель Tecnifiber Damp IGA Strawberry,Tecnifibre,990 ₽,https://saletennis.com/catalog/product/vibroghasitiel-tecnifiber-damp-iga-strawberry-19079,Парина: 2 упак | Соболева: 3 упак | Санкт-Петербург (Спортивная): 4 упак,9.0,public/data/product_images/daaf0ed70296.webp,0.0,4.0,0,3.0,2.0,0.0,0,0.0,0.0,0.0
Аксессуары,53SPIRIT50,Виброгаситель Tecnifiber Spirit Damp 1 шт,Tecnifibre,260 ₽,https://saletennis.com/catalog/product/vibroghasitiel-tecnifiber-spirit-damp-1-sht-13232,Тюмень (Народная): 3 шт | Ижевск: 10 шт | Бисертская: 3 шт | Парина: 26 шт | Соболева: 7 шт,49.0,public/data/product_images/a9c520032dae.webp,0.0,0.0,0,7.0,26.0,3.0,0,3.0,0.0,10.0
Аксессуары,53SPIRIT02,Виброгаситель Tecnifiber Spirit Damp,Tecnifibre,890 ₽,https://saletennis.com/catalog/product/vibroghasitiel-tecnifiber-spirit-damp-13407,Бисертская: 1 упак | Парина: 8 упак | Соболева: 2 упак,11.0,public/data/product_images/3c2a718a0274.webp,0.0,0.0,0,2.0,8.0,1.0,0,0.0,0.0,0.0
Аксессуары,TL-Donut,Виброгаситель Tennis Life - Cake,Tennis Life,200 ₽,https://saletennis.com/catalog/product/vibroghasitiel-tennis-life-cake-15808,Тюмень (Народная): 2 шт | Уфа: 1 шт | Соболева: 7 шт | Парина: 7 шт | Бисертская: 5 шт,22.0,public/data/product_images/27fd22edabac.webp,0.0,0.0,0,7.0,7.0,5.0,0,2.0,1.0,0.0
Аксессуары,TL-Donut,Виброгаситель Tennis Life - Donut,Tennis Life,200 ₽,https://saletennis.com/catalog/product/vibroghasitiel-tennis-life-donut-14180,Уфа: 6 шт | Тюмень (Народная): 2 шт,8.0,public/data/product_images/f6a7397160f5.webp,0.0,0.0,0,0.0,0.0,0.0,0,2.0,6.0,0.0
Аксессуары,TL-Rabbit,Виброгаситель Tennis Life - Hamburger,Tennis Life,200 ₽,https://saletennis.com/catalog/product/vibroghasitiel-tennis-life-hamburger-15809,Парина: 7 шт | Уфа: 8 шт | Бисертская: 18 шт | Соболева: 10 шт,43.0,public/data/product_images/3212b48becf1.webp,0.0,0.0,0,10.0,7.0,18.0,0,0.0,8.0,0.0
Аксессуары,TL-Pizza,Виброгаситель Tennis Life - Pizza,Tennis Life,200 ₽,https://saletennis.com/catalog/product/vibroghasitiel-tennis-life-pizza-14181,Бисертская: 15 шт | Уфа: 18 шт | Соболева: 18 шт | Парина: 17 шт | Тюмень (Народная): 4 шт,72.0,public/data/product_images/cde18e1daaa5.webp,0.0,0.0,0,18.0,17.0,15.0,0,4.0,18.0,0.0
Аксессуары,TL-Santa,Виброгаситель Tennis Life - Santa,Tennis Life,200 ₽,https://saletennis.com/catalog/product/vibroghasitiel-tennis-life-santa-16987,Тюмень (Народная): 3 шт,3.0,public/data/product_images/d26fefdfe940.webp,0.0,0.0,0,0.0,0.0,0.0,0,3.0,0.0,0.0
Аксессуары,TL-Batman,Виброгаситель Tennis Life Superheroes - Batman,Tennis Life,200 ₽,https://saletennis.com/catalog/product/vibroghasitiel-tennis-life-superheroes-batman-14183,Бисертская: 3 шт | Тюмень (Народная): 2 шт | Парина: 1 шт,6.0,public/data/product_images/87f5050423ba.webp,0.0,0.0,0,0.0,1.0,3.0,0,2.0,0.0,0.0
Аксессуары,TL-capAmerica,Виброгаситель Tennis Life Superheroes - Captain America,Tennis Life,200 ₽,https://saletennis.com/catalog/product/vibroghasitiel-tennis-life-superheroes-captain-america-14184,Уфа: 6 шт | Парина: 14 шт | Соболева: 3 шт | Бисертская: 9 шт | Санкт-Петербург (Спортивная): 2 шт,34.0,public/data/product_images/69c48d9c20c0.webp,0.0,2.0,0,3.0,14.0,9.0,0,0.0,6.0,0.0
Аксессуары,TL-Deadpool,Виброгаситель Tennis Life Superheroes - Deadpool,Tennis Life,200 ₽,https://saletennis.com/catalog/product/vibroghasitiel-tennis-life-superheroes-deadpool-14185,Парина: 4 шт | Тюмень (Народная): 3 шт | Соболева: 2 шт | Бисертская: 8 шт,17.0,public/data/product_images/540a760e5663.webp,0.0,0.0,0,2.0,4.0,8.0,0,3.0,0.0,0.0
Аксессуары,TL-Ironman,Виброгаситель Tennis Life Superheroes - Ironman,Tennis Life,200 ₽,https://saletennis.com/catalog/product/vibroghasitiel-tennis-life-superheroes-ironman-14186,Ижевск: 2 шт | Тюмень (Народная): 4 шт | Парина: 2 шт | Бисертская: 11 шт | Уфа: 7 шт | Соболева: 6 шт,32.0,public/data/product_images/35c241763495.webp,0.0,0.0,0,6.0,2.0,11.0,0,4.0,7.0,2.0
Аксессуары,TL-Superman,Виброгаситель Tennis Life Superheroes - Superman,Tennis Life,200 ₽,https://saletennis.com/catalog/product/vibroghasitiel-tennis-life-superheroes-superman-14189,Бисертская: 1 шт | Парина: 11 шт | Уфа: 5 шт,17.0,public/data/product_images/2ed500130083.webp,0.0,0.0,0,0.0,11.0,1.0,0,0.0,5.0,0.0
Аксессуары,TL-WW,Виброгаситель Tennis Life Superheroes - Wonder Woman,Tennis Life,200 ₽,https://saletennis.com/catalog/product/vibroghasitiel-tennis-life-superheroes-wonder-woman-14190,Санкт-Петербург (Спортивная): 8 шт | Ижевск: 2 шт | Парина: 22 шт | Уфа: 18 шт | Тюмень (Народная): 6 шт | Соболева: 21 шт | Бисертская: 22 шт,99.0,public/data/product_images/9276f5f31e1f.webp,0.0,8.0,0,21.0,22.0,22.0,0,6.0,18.0,2.0
Аксессуары,WR8405001001,Виброгаситель Wilson Animal Dampener,Wilson,400 ₽,https://saletennis.com/catalog/product/vibroghasitiel-wilson-animal-dampener-12497,Ижевск: 15 шт | Тюмень: 14 шт | Тюмень (Народная): 7 шт | Бисертская: 30 шт | Соболева: 21 шт | Санкт-Петербург (Спортивная): 23 шт | Уфа: 16 шт | Парина: 34 шт,160.0,public/data/product_images/2c715b7f2d62.webp,0.0,23.0,0,21.0,34.0,30.0,0,21.0,16.0,15.0
Аксессуары,WR8404901001,Виброгаситель Wilson Emoji Dampener,Wilson,300 ₽,https://saletennis.com/catalog/product/vibroghasitiel-wilson-emoji-dampener-12498,Уфа: 74 шт | Тюмень (Народная): 92 шт | Тюмень: 36 шт | Ижевск: 85 шт | Бисертская: 136 шт | Соболева: 139 шт | Санкт-Петербург (Спортивная): 70 шт | Парина: 178 шт | Санкт-Петербург (Ярослава Гашека): 50 шт,860.0,public/data/product_images/2879bfe94815.webp,50.0,70.0,0,139.0,178.0,136.0,0,128.0,74.0,85.0
Аксессуары,WR8418001001,Виброгаситель Wilson Minions V3.0 2PK,Wilson,964 ₽,https://saletennis.com/catalog/product/vibroghasitiel-wilson-minions-v3-0-2pk-15911,Парина: 3 упак | Бисертская: 2 упак | Ижевск: 4 упак | Соболева: 1 упак,10.0,public/data/product_images/c305a7e632f6.webp,0.0,0.0,0,1.0,3.0,2.0,0,0.0,0.0,4.0
Аксессуары,WR8417901001,Виброгаситель Wilson Minions V3.0 Dampener,Wilson,324 ₽,https://saletennis.com/catalog/product/vibroghasitiel-wilson-minions-v3-0-dampener-15828,Бисертская: 8 шт | Уфа: 10 шт | Ижевск: 4 шт | Парина: 6 шт | Соболева: 7 шт,35.0,public/data/product_images/934999230678.webp,0.0,0.0,0,7.0,6.0,8.0,0,0.0,10.0,4.0
Аксессуары,WR8405901001,Виброгаситель Wilson Pro Feel Dampeners 2PK - Blade Green,Wilson,883 ₽,https://saletennis.com/catalog/product/vibroghasitiel-wilson-pro-feel-dampeners-2pk-blade-green-16041,Тюмень: 5 упак | Парина: 10 упак | Уфа: 10 упак | Ижевск: 5 упак | Санкт-Петербург (Спортивная): 1 упак | Бисертская: 12 упак | Соболева: 8 упак | Основной склад Екатеринбург: 24 упак | Тюмень (Народная): 6 упак,81.0,public/data/product_images/2d6f8a92e375.webp,0.0,1.0,24,8.0,10.0,12.0,0,11.0,10.0,5.0
Аксессуары,WR8405701001,Виброгаситель Wilson Pro Feel Dampeners 2PK - Clash Red,Wilson,818 ₽,https://saletennis.com/catalog/product/vibroghasitiel-wilson-pro-feel-dampeners-2pk-clash-red-16042,Санкт-Петербург (Ярослава Гашека): 2 упак | Ижевск: 8 упак | Бисертская: 10 упак | Санкт-Петербург (Спортивная): 10 упак | Парина: 6 упак | Тюмень: 8 упак | Соболева: 9 упак | Тюмень (Народная): 10 упак | Уфа: 4 упак,67.0,public/data/product_images/9d344edceb41.webp,2.0,10.0,0,9.0,6.0,10.0,0,18.0,4.0,8.0
Аксессуары,WR8407101001,Виброгаситель Wilson Pro Feel Dampeners 2PK - Pro Staff Black/White,Wilson,883 ₽,https://saletennis.com/catalog/product/vibroghasitiel-wilson-pro-feel-dampeners-2pk-pro-staff-black-white-16043,Тюмень (Народная): 7 упак | Санкт-Петербург (Спортивная): 14 упак | Ижевск: 7 упак | Санкт-Петербург (Ярослава Гашека): 2 упак | Уфа: 9 упак | Соболева: 13 упак | Тюмень: 10 упак | Бисертская: 17 упак | Парина: 22 упак,101.0,public/data/product_images/10a2fa1132e1.webp,2.0,14.0,0,13.0,22.0,17.0,0,17.0,9.0,7.0
Аксессуары,WR8448401001,Виброгаситель Wilson Pro Feel Dampeners 2PK - Ultra v5.0,Wilson,1045 ₽,https://saletennis.com/catalog/product/vibroghasitiel-wilson-pro-feel-dampeners-2pk-ultra-v5-0-18048,Ижевск: 3 упак | Бисертская: 3 упак | Соболева: 1 упак | Уфа: 4 упак | Парина: 4 упак | Тюмень (Народная): 2 упак,17.0,public/data/product_images/f20fcc562351.webp,0.0,0.0,0,1.0,4.0,3.0,0,2.0,4.0,3.0
Аксессуары,WR8438601001,Виброгаситель Wilson Pro Feel Shift Dampeners,Wilson,883 ₽,https://saletennis.com/catalog/product/vibroghasitiel-wilson-pro-feel-shift-dampeners-15829,Тюмень: 6 упак | Уфа: 7 упак | Санкт-Петербург (Спортивная): 2 упак | Парина: 7 упак | Санкт-Петербург (Ярослава Гашека): 1 упак | Тюмень (Народная): 8 упак | Основной склад Екатеринбург: 12 упак | Соболева: 10 упак | Ижевск: 13 упак | Бисертская: 14 упак,80.0,public/data/product_images/8927c85604b3.webp,1.0,2.0,12,10.0,7.0,14.0,0,14.0,7.0,13.0
Аксессуары,WR8405801001,Виброгаситель Wilson Pro Feel Ultra Dampeners,Wilson,818 ₽,https://saletennis.com/catalog/product/vibroghasitiel-wilson-pro-feel-ultra-dampeners-12503,Ижевск: 13 упак | Парина: 13 упак | Тюмень (Народная): 12 упак | Уфа: 10 упак | Соболева: 9 упак | Санкт-Петербург (Спортивная): 17 упак | Тюмень: 10 упак | Бисертская: 15 упак,99.0,public/data/product_images/a6592b0ac1fc.webp,0.0,17.0,0,9.0,13.0,15.0,0,22.0,10.0,13.0
Аксессуары,WR8445001001,Виброгаситель Wilson RF Dampeners 2PK - Black,Wilson,1045 ₽,https://saletennis.com/catalog/product/vibroghasitiel-wilson-rf-dampeners-2pk-black-16461,Ижевск: 1 упак | Санкт-Петербург (Спортивная): 1 упак | Уфа: 1 упак,3.0,public/data/product_images/4d44fef8b950.webp,0.0,1.0,0,0.0,0.0,0.0,0,0.0,1.0,1.0
Аксессуары,WR8411701001,Виброгаситель Wilson RG Dampeners 2022,Wilson,284 ₽,https://saletennis.com/catalog/product/vibroghasitiel-wilson-rg-dampeners-2022-14086,Санкт-Петербург (Спортивная): 2 шт | Соболева: 5 шт | Парина: 9 шт,16.0,public/data/product_images/543f63d38897.webp,0.0,2.0,0,5.0,9.0,0.0,0,0.0,0.0,0.0
Аксессуары,WR8445801001,Виброгаситель Wilson Roland Garros 2025 - Green/Clay,Wilson,1207 ₽,https://saletennis.com/catalog/product/vibroghasitiel-wilson-roland-garros-2025-green-clay-17581,Уфа: 1 упак | Парина: 4 упак | Бисертская: 5 упак | Тюмень (Народная): 1 упак | Ижевск: 1 упак | Соболева: 1 упак | Санкт-Петербург (Ярослава Гашека): 1 упак,14.0,public/data/product_images/3bae130bf4e3.webp,1.0,0.0,0,1.0,4.0,5.0,0,1.0,1.0,1.0
Аксессуары,WR8403901001,Виброгаситель Wilson Roland Garros Eiffel Tower,Wilson,1045 ₽,https://saletennis.com/catalog/product/vibroghasitiel-wilson-roland-garros-eiffel-tower-18268,Соболева: 3 шт | Тюмень (Народная): 2 шт,5.0,public/data/product_images/54e4d45b7aef.webp,0.0,0.0,0,3.0,0.0,0.0,0,2.0,0.0,0.0
Аксессуары,WR8403801001,Виброгаситель Wilson Roland Garros Tennis Ball,Wilson,1045 ₽,https://saletennis.com/catalog/product/vibroghasitiel-wilson-roland-garros-tennis-ball-18269,Санкт-Петербург (Спортивная): 1 шт | Парина: 1 шт | Соболева: 2 шт,4.0,public/data/product_images/5e4b1f20bdff.webp,0.0,1.0,0,2.0,1.0,0.0,0,0.0,0.0,0.0
Аксессуары,WRZ537900,Виброгаситель Wilson Shock Shield Dampener,Wilson,593 ₽,https://saletennis.com/catalog/product/vibroghasitiel-wilson-shock-shield-dampener-5981,Ижевск: 13 упак | Санкт-Петербург (Спортивная): 9 упак | Санкт-Петербург (Ярослава Гашека): 1 упак | Тюмень (Народная): 11 упак | Парина: 23 упак | Основной склад Екатеринбург: 24 упак | Тюмень: 8 упак | Уфа: 14 упак | Соболева: 13 упак | Бисертская: 21 упак,137.0,public/data/product_images/bbbb4226e618.webp,1.0,9.0,24,13.0,23.0,21.0,0,19.0,14.0,13.0
Аксессуары,WRG1645114,Заглушка ручки Wilson BLDV9/CLSHV2/PSV14 Size 1,Wilson,2422 ₽,https://saletennis.com/catalog/product/zaghlushka-ruchki-wilson-bldv9-clshv2-psv14-size-1-18062,Основной склад Екатеринбург: 6 упак,6.0,public/data/product_images/54b140971f1a.webp,0.0,0.0,6,0.0,0.0,0.0,0,0.0,0.0,0.0
Аксессуары,WRG1645124,Заглушка ручки Wilson BLDV9/CLSHV2/PSV14 Size 2,Wilson,2422 ₽,https://saletennis.com/catalog/product/zaghlushka-ruchki-wilson-bldv9-clshv2-psv14-size-2-18063,Основной склад Екатеринбург: 4 упак,4.0,public/data/product_images/a05dd6f1cf68.webp,0.0,0.0,4,0.0,0.0,0.0,0,0.0,0.0,0.0
Аксессуары,WRG1645134,Заглушка ручки Wilson BLDV9/CLSHV2/PSV14 Size 3,Wilson,2422 ₽,https://saletennis.com/catalog/product/zaghlushka-ruchki-wilson-bldv9-clshv2-psv14-size-3-18064,Основной склад Екатеринбург: 2 упак | Санкт-Петербург (Спортивная): 1 упак,3.0,public/data/product_images/5294829d7ab5.webp,0.0,1.0,2,0.0,0.0,0.0,0,0.0,0.0,0.0
Аксессуары,WRG1645144,Заглушка ручки Wilson BLDV9/CLSHV2/PSV14 Size 4,Wilson,2422 ₽,https://saletennis.com/catalog/product/zaghlushka-ruchki-wilson-bldv9-clshv2-psv14-size-4-18065,Основной склад Екатеринбург: 6 упак,6.0,public/data/product_images/f7c6bf059199.webp,0.0,0.0,6,0.0,0.0,0.0,0,0.0,0.0,0.0
Аксессуары,WRG0437112,Заглушка ручки Wilson Cap&Trap PS Size 2,Wilson,2422 ₽,https://saletennis.com/catalog/product/zaghlushka-ruchki-wilson-cap-trap-ps-size-2-18066,Основной склад Екатеринбург: 2 упак,2.0,public/data/product_images/36148028c7e1.webp,0.0,0.0,2,0.0,0.0,0.0,0,0.0,0.0,0.0
Аксессуары,WRG0437113,Заглушка ручки Wilson Cap&Trap PS Size 3,Wilson,2422 ₽,https://saletennis.com/catalog/product/zaghlushka-ruchki-wilson-cap-trap-ps-size-3-18067,Основной склад Екатеринбург: 4 упак,4.0,public/data/product_images/9117f0914704.webp,0.0,0.0,4,0.0,0.0,0.0,0,0.0,0.0,0.0
Аксессуары,WRG1644112,Заглушка ручки Wilson Infrared Cap&Trap non-ps Size 2,Wilson,2422 ₽,https://saletennis.com/catalog/product/zaghlushka-ruchki-wilson-infrared-cap-trap-non-ps-size-2-18068,Основной склад Екатеринбург: 2 упак,2.0,public/data/product_images/1ff3ac961081.webp,0.0,0.0,2,0.0,0.0,0.0,0,0.0,0.0,0.0
Аксессуары,WRG1644113,Заглушка ручки Wilson Infrared Cap&Trap non-ps Size 3,Wilson,2422 ₽,https://saletennis.com/catalog/product/zaghlushka-ruchki-wilson-infrared-cap-trap-non-ps-size-3-18069,Основной склад Екатеринбург: 4 упак,4.0,public/data/product_images/ed44107773b3.webp,0.0,0.0,4,0.0,0.0,0.0,0,0.0,0.0,0.0
Аксессуары,WRG1243112,Заглушка ручки Wilson Red Size 2,Wilson,2422 ₽,https://saletennis.com/catalog/product/zaghlushka-ruchki-wilson-red-size-2-17294,Парина: 5 упак,5.0,public/data/product_images/dd728660bc60.webp,0.0,0.0,0,0.0,5.0,0.0,0,0.0,0.0,0.0
Аксессуары,WRG1243113,Заглушка ручки Wilson Red Size 3,Wilson,2422 ₽,https://saletennis.com/catalog/product/zaghlushka-ruchki-wilson-red-size-3-17295,Парина: 11 упак,11.0,public/data/product_images/615dc7ad9d2c.webp,0.0,0.0,0,0.0,11.0,0.0,0,0.0,0.0,0.0
Аксессуары,WRG1243114,Заглушка ручки Wilson Red Size 4,Wilson,2422 ₽,https://saletennis.com/catalog/product/zaghlushka-ruchki-wilson-red-size-4-17296,Парина: 6 упак,6.0,public/data/product_images/0233796b4ecd.webp,0.0,0.0,0,0.0,6.0,0.0,0,0.0,0.0,0.0
Аксессуары,710227-105,Защитная лента Babolat Super Tape black 1pk,Babolat,240 ₽,https://saletennis.com/catalog/product/zashchitnaia-lienta-babolat-super-tape-black-1pk-17505,Тюмень: 3 шт | Парина: 1 шт,4.0,public/data/product_images/d5a6f803b0af.webp,0.0,0.0,0,0.0,1.0,0.0,0,3.0,0.0,0.0
Аксессуары,710227,Защитная лента Babolat Super Tape black 5pk,Babolat,990 ₽,https://saletennis.com/catalog/product/zashchitnaia-lienta-babolat-super-tape-black-5pk-18903,Санкт-Петербург (Спортивная): 3 шт,3.0,public/data/product_images/0696a9465ff2.webp,0.0,3.0,0,0.0,0.0,0.0,0,0.0,0.0,0.0
Аксессуары,285018-BK,Защитная лента Head Protection Tape - Black,Head,1207 ₽,https://saletennis.com/catalog/product/zashchitnaia-lienta-head-protection-tape-black-1-11645,Уфа: 4 упак | Санкт-Петербург (Ярослава Гашека): 2 упак | Санкт-Петербург (Спортивная): 12 упак | Ижевск: 5 упак | Тюмень (Народная): 5 упак | Бисертская: 7 упак | Соболева: 4 упак | Парина: 5 упак,44.0,public/data/product_images/5f15f7d660aa.webp,2.0,12.0,0,4.0,5.0,7.0,0,5.0,4.0,5.0
Аксессуары,285018-WH,Защитная лента Head Protection Tape - White,Head,1207 ₽,https://saletennis.com/catalog/product/zashchitnaia-lienta-head-protection-tape-white-11646,Бисертская: 3 упак | Ижевск: 5 упак | Санкт-Петербург (Спортивная): 16 упак | Соболева: 9 упак | Санкт-Петербург (Ярослава Гашека): 2 упак | Парина: 7 упак | Уфа: 9 упак | Тюмень (Народная): 8 упак,59.0,public/data/product_images/f82c57560808.webp,2.0,16.0,0,9.0,7.0,3.0,0,8.0,9.0,5.0
Аксессуары,WRZ522800,Защитная лента Wilson Racket Saver black,Wilson,883 ₽,https://saletennis.com/catalog/product/zashchitnaya-lenta-wilson-racket-saver-black-274-274,Тюмень (Народная): 12 упак | Санкт-Петербург (Ярослава Гашека): 4 упак | Соболева: 10 упак | Ижевск: 12 упак | Санкт-Петербург (Спортивная): 21 упак | Уфа: 19 упак | Парина: 10 упак,88.0,public/data/product_images/12e5b66e49ae.webp,4.0,21.0,0,10.0,10.0,0.0,0,12.0,19.0,12.0
Оборудование,B-180,Корзина для мячей 7/6 Tennis Ball Carts 160 мячей,7/6,11993 ₽,https://saletennis.com/catalog/product/korzina-dlia-miachiei-7-6-tennis-ball-carts-180-miachiei-1-13993,Основной склад Екатеринбург: 48 шт | Санкт-Петербург (Спортивная): 5 шт | Санкт-Петербург (Ярослава Гашека): 2 шт,55.0,public/data/product_images/92ebcd213493.webp,2.0,5.0,48,0.0,0.0,0.0,0,0.0,0.0,0.0
Оборудование,TB75-BK,Корзина для мячей 7/6 Tennis Ball Hopper на 75 мячей,7/6,5592 ₽,https://saletennis.com/catalog/product/korzina-dlia-miachiei-7-6-tennis-ball-hopper-na-75-miachiei-17019,Санкт-Петербург (Ярослава Гашека): 1 шт,1.0,public/data/product_images/84dd7da3e5b5.webp,1.0,0.0,0,0.0,0.0,0.0,0,0.0,0.0,0.0
Оборудование,T002/350,Корзина для мячей 7/6 железная Tennis Ball Carts на 350 мячей,7/6,23990 ₽,https://saletennis.com/catalog/product/korzina-dlia-miachiei-7-6-zhielieznaia-tennis-ball-carts-na-350-miachiei-19003,Бисертская: 1 шт | Парина: 1 шт | Основной склад Екатеринбург: 2 шт | Соболева: 1 шт | Тюмень: 1 шт,6.0,public/data/product_images/cd0dc5030fa6.webp,0.0,0.0,2,1.0,1.0,1.0,0,1.0,0.0,0.0
Оборудование,TM7003,Корзина для мячей Head на 72 мяча,Head,5662 ₽,https://saletennis.com/catalog/product/korzina-dlia-miachiei-head-na-72-miacha-5164,Тюмень (Народная): 1 шт | Парина: 1 шт | Ижевск: 1 шт | Основной склад Екатеринбург: 7 шт,10.0,public/data/product_images/647b5f2d9d77.webp,0.0,0.0,7,0.0,1.0,0.0,0,1.0,0.0,1.0
Оборудование,WRZ323700,Корзина для мячей Wilson Ball Pick Up 75 мяча,Wilson,6472 ₽,https://saletennis.com/catalog/product/korzina-dlya-myachey-wilson-ball-pick-up-75-myacha-593-593,Тюмень (Народная): 2 шт | Соболева: 1 шт | Основной склад Екатеринбург: 1 шт | Парина: 1 шт | Ижевск: 2 шт,7.0,public/data/product_images/2b13436f8ee3.webp,0.0,0.0,1,1.0,1.0,0.0,0,2.0,0.0,2.0
Оборудование,288777-SI,Маркер для струн Head - Silver,Head,1045 ₽,https://saletennis.com/catalog/product/markier-dlia-strun-head-silver-18370,Санкт-Петербург (Спортивная): 2 шт | Ижевск: 1 шт,3.0,public/data/product_images/ecd64277b43d.webp,0.0,2.0,0,0.0,0.0,0.0,0,0.0,0.0,1.0
Оборудование,287521,Набор целей Head Targets 6pcs,Head,3232 ₽,https://saletennis.com/catalog/product/nabor-tsieliei-head-targets-6pcs-19008,Основной склад Екатеринбург: 4 шт | Ижевск: 1 шт,5.0,public/data/product_images/91cacae132d7.webp,0.0,0.0,4,0.0,0.0,0.0,0,0.0,0.0,1.0
Оборудование,RP-76BL,Парашют беговой 7/6 Training Chute,7/6,1043 ₽,https://saletennis.com/catalog/product/parashiut-bieghovoi-7-6-training-chute-13040,Соболева: 5 шт | Парина: 1 шт | Тюмень: 3 шт | Основной склад Екатеринбург: 5 шт | Ижевск: 1 шт | Тюмень (Народная): 2 шт | Санкт-Петербург (Спортивная): 1 шт,18.0,public/data/product_images/30d4f3c9e712.webp,0.0,1.0,5,5.0,1.0,0.0,0,5.0,0.0,1.0
Оборудование,ADJB6-76,Регулируемые барьеры 7/6 Training Barriers 6 шт,7/6,4490 ₽,https://saletennis.com/catalog/product/rieghuliruiemyie-bar-iery-7-6-training-barriers-6-sht-13041,Санкт-Петербург (Спортивная): 2 шт | Тюмень (Народная): 1 шт | Тюмень: 5 шт | Соболева: 1 шт | Основной склад Екатеринбург: 14 шт | Бисертская: 2 шт,25.0,public/data/product_images/977e8eab1bab.webp,0.0,2.0,14,1.0,0.0,2.0,0,6.0,0.0,0.0
Оборудование,76TN-3,Сетка для корта 7/6 Tennis Net 3 метра,7/6,7990 ₽,https://saletennis.com/catalog/product/sietka-dlia-korta-7-6-tennis-net-3-mietrov-12968,Основной склад Екатеринбург: 3 шт | Санкт-Петербург (Спортивная): 4 шт,7.0,public/data/product_images/c64bad11c760.webp,0.0,4.0,3,0.0,0.0,0.0,0,0.0,0.0,0.0
Оборудование,76TN-45,"Сетка для корта 7/6 Tennis Net 4,5 метра",7/6,9990 ₽,https://saletennis.com/catalog/product/sietka-dlia-korta-7-6-tennis-net-4-5-mietrov-12969,Основной склад Екатеринбург: 1 шт | Санкт-Петербург (Спортивная): 1 шт,2.0,public/data/product_images/4d60e656dc9c.webp,0.0,1.0,1,0.0,0.0,0.0,0,0.0,0.0,0.0
Оборудование,76TN-6,Сетка для корта 7/6 Tennis Net 6 Mетров,7/6,11990 ₽,https://saletennis.com/catalog/product/sietka-dlia-korta-7-6-tennis-net-6-mietrov-1-12967,Основной склад Екатеринбург: 1 шт,1.0,public/data/product_images/be73f39fe8db.webp,0.0,0.0,1,0.0,0.0,0.0,0,0.0,0.0,0.0
Оборудование,SPL-76BL,Скоростная лестница 7/6 Training Ladder,7/6,2093 ₽,https://saletennis.com/catalog/product/skorostnaia-liestnitsa-7-6-training-ladder-13043,Парина: 1 шт | Основной склад Екатеринбург: 12 шт | Тюмень: 2 шт | Соболева: 5 шт | Санкт-Петербург (Спортивная): 5 шт | Бисертская: 1 шт,26.0,public/data/product_images/040d09d72bfc.webp,0.0,5.0,12,5.0,1.0,1.0,0,2.0,0.0,0.0
Оборудование,TOH6-76,Тренировочная напольная сетка 7/6 Training Hexagon 5 шт,7/6,2990 ₽,https://saletennis.com/catalog/product/trienirovochnaia-napol-naia-sietka-7-6-training-hexagon-5-sht-13048,Тюмень: 3 шт | Соболева: 3 шт | Бисертская: 4 шт | Основной склад Екатеринбург: 4 шт | Ижевск: 1 шт | Парина: 4 шт,19.0,public/data/product_images/68faf83366a3.webp,0.0,0.0,4,3.0,4.0,4.0,0,3.0,0.0,1.0
Оборудование,287271,Центральная линия для детских кортов TIP Net Belt,Не определен,2422 ₽,https://saletennis.com/catalog/product/tsientral-naia-liniia-dlia-dietskikh-kortov-tip-net-belt-12328,Основной склад Екатеринбург: 5 шт,5.0,public/data/product_images/8390a6b88a5f.webp,0.0,0.0,5,0.0,0.0,0.0,0,0.0,0.0,0.0
Оборудование,TB18-76OR,Тубус для сбора мячей 7/6 Ball Picking Tube 18 Ball - Orange,7/6,3141 ₽,https://saletennis.com/catalog/product/tubus-dlia-sbora-miachiei-7-6-ball-picking-tube-18-ball-orange-17964,Санкт-Петербург (Спортивная): 7 шт | Санкт-Петербург (Ярослава Гашека): 2 шт,9.0,public/data/product_images/e9fae0c4b7f5.webp,2.0,7.0,0,0.0,0.0,0.0,0,0.0,0.0,0.0
Падел - Ракетки,PR76-HUR,Ракетка для падела 7/6 Hurricane 12k Carbon,7/6,23990 ₽,https://saletennis.com/catalog/product/rakietka-dlia-padiela-7-6-hurricane-12k-carbon-19535,Ижевск: 2 шт | Основной склад Екатеринбург: 3 шт | Уфа: 2 шт | Тюмень (Народная): 2 шт | Елизаветенское шоссе: 2 шт | Санкт-Петербург (Спортивная): 1 шт,12.0,public/data/product_images/97c8dec42435.webp,0.0,1.0,3,0.0,0.0,0.0,2,2.0,2.0,2.0
Падел - Ракетки,LN76-GR,Ракетка для падела 7/6 Line Green,7/6,12742 ₽,https://saletennis.com/catalog/product/rakietka-dlia-padiela-7-6-line-green-19273,Уфа: 1 шт | Санкт-Петербург (Спортивная): 3 шт | Ижевск: 2 шт | Елизаветенское шоссе: 2 шт | Основной склад Екатеринбург: 3 шт | Тюмень (Народная): 1 шт,12.0,public/data/product_images/b48da9d6e5d0.webp,0.0,3.0,3,0.0,0.0,0.0,2,1.0,1.0,2.0
Падел - Ракетки,LN76-RD,Ракетка для падела 7/6 Line Red,7/6,12742 ₽,https://saletennis.com/catalog/product/rakietka-dlia-padiela-7-6-line-red-19274,Елизаветенское шоссе: 2 шт | Санкт-Петербург (Спортивная): 3 шт | Тюмень (Народная): 1 шт | Уфа: 1 шт | Ижевск: 2 шт | Основной склад Екатеринбург: 2 шт,11.0,public/data/product_images/a2b80601c3f3.webp,0.0,3.0,2,0.0,0.0,0.0,2,1.0,1.0,2.0
Падел - Ракетки,PD76-BK,Ракетка для падела 7/6 Loop Black,7/6,8492 ₽,https://saletennis.com/catalog/product/rakietka-dlia-padiela-7-6-loop-black-18811,Уфа: 3 шт | Санкт-Петербург (Спортивная): 5 шт | Бисертская: 1 шт | Елизаветенское шоссе: 1 шт | Ижевск: 2 шт,12.0,public/data/product_images/40e946e49469.webp,0.0,5.0,0,0.0,0.0,1.0,1,0.0,3.0,2.0
Падел - Ракетки,PD76-LM,Ракетка для падела 7/6 Loop Mint,7/6,8492 ₽,https://saletennis.com/catalog/product/rakietka-dlia-padiela-7-6-loop-mint-18527,Елизаветенское шоссе: 2 шт | Тюмень: 1 шт,3.0,public/data/product_images/0c4d2b00b6cc.webp,0.0,0.0,0,0.0,0.0,0.0,2,1.0,0.0,0.0
Падел - Ракетки,PD76-OR,Ракетка для падела 7/6 Loop Orange,7/6,8492 ₽,https://saletennis.com/catalog/product/rakietka-dlia-padiela-7-6-loop-orange-18528,Ижевск: 1 шт,1.0,public/data/product_images/94216ef5b318.webp,0.0,0.0,0,0.0,0.0,0.0,0,0.0,0.0,1.0
Падел - Ракетки,PD76-WH,Ракетка для падела 7/6 Loop White,7/6,8492 ₽,https://saletennis.com/catalog/product/rakietka-dlia-padiela-7-6-loop-white-18812,Ижевск: 2 шт | Елизаветенское шоссе: 2 шт | Санкт-Петербург (Спортивная): 3 шт,7.0,public/data/product_images/80576095eb48.webp,0.0,3.0,0,0.0,0.0,0.0,2,0.0,0.0,2.0
Падел - Ракетки,PD76-MN,Ракетка для падела 7/6 Minima,7/6,10192 ₽,https://saletennis.com/catalog/product/rakietka-dlia-padiela-7-6-minima-19175,Уфа: 2 шт | Санкт-Петербург (Спортивная): 3 шт | Елизаветенское шоссе: 2 шт | Тюмень: 1 шт | Основной склад Екатеринбург: 5 шт | Ижевск: 2 шт,15.0,public/data/product_images/d7b8e9113000.webp,0.0,3.0,5,0.0,0.0,0.0,2,1.0,2.0,2.0
Падел - Ракетки,PR76-OB,Ракетка для падела 7/6 Orange Boost,7/6,20990 ₽,https://saletennis.com/catalog/product/rakietka-dlia-padiela-7-6-orange-boost-19518,Уфа: 2 шт | Ижевск: 2 шт | Санкт-Петербург (Спортивная): 3 шт | Тюмень (Народная): 1 шт | Основной склад Екатеринбург: 3 шт | Елизаветенское шоссе: 2 шт,13.0,public/data/product_images/679fb9cca317.webp,0.0,3.0,3,0.0,0.0,0.0,2,1.0,2.0,2.0
Падел - Ракетки,KPD76-OR,Ракетка для падела 7/6 Padel Kids Orange,7/6,8492 ₽,https://saletennis.com/catalog/product/rakietka-dlia-padiela-7-6-padel-kids-orange-19307,Елизаветенское шоссе: 1 шт | Ижевск: 2 шт | Тюмень (Народная): 1 шт | Уфа: 1 шт | Основной склад Екатеринбург: 4 шт | Санкт-Петербург (Спортивная): 11 шт,20.0,public/data/product_images/ff8cc4260324.webp,0.0,11.0,4,0.0,0.0,0.0,1,1.0,1.0,2.0
Падел - Ракетки,KPD76-WH,Ракетка для падела 7/6 Padel Kids White,7/6,8492 ₽,https://saletennis.com/catalog/product/rakietka-dlia-padiela-7-6-padel-kids-white-19308,Санкт-Петербург (Спортивная): 11 шт | Уфа: 2 шт | Елизаветенское шоссе: 1 шт | Ижевск: 2 шт | Тюмень (Народная): 1 шт | Основной склад Екатеринбург: 2 шт,19.0,public/data/product_images/f4e0ac1b5198.webp,0.0,11.0,2,0.0,0.0,0.0,1,1.0,2.0,2.0
Падел - Ракетки,PD76-SM,Ракетка для падела 7/6 Slide Mist,7/6,11243 ₽,https://saletennis.com/catalog/product/rakietka-dlia-padiela-7-6-slide-mist-17979,Уфа: 2 шт | Санкт-Петербург (Спортивная): 3 шт | Тюмень: 1 шт | Тюмень (Народная): 2 шт | Ижевск: 2 шт,10.0,public/data/product_images/6eca3f2e3913.webp,0.0,3.0,0,0.0,0.0,0.0,0,3.0,2.0,2.0
Падел - Ракетки,PD76-SS,Ракетка для падела 7/6 Slide Shadow,7/6,11243 ₽,https://saletennis.com/catalog/product/rakietka-dlia-padiela-7-6-slide-shadow-17980,Соболева: 2 шт | Тюмень (Народная): 1 шт | Елизаветенское шоссе: 2 шт | Тюмень: 1 шт | Санкт-Петербург (Спортивная): 3 шт | Уфа: 2 шт | Ижевск: 2 шт | Основной склад Екатеринбург: 2 шт,15.0,public/data/product_images/4c13d753867d.webp,0.0,3.0,2,2.0,0.0,0.0,2,2.0,2.0,2.0
Падел - Ракетки,PD76-SN,Ракетка для падела 7/6 Stealth Night,7/6,11993 ₽,https://saletennis.com/catalog/product/rakietka-dlia-padiela-7-6-stealth-night-17981,Елизаветенское шоссе: 2 шт | Санкт-Петербург (Спортивная): 3 шт | Тюмень: 2 шт | Ижевск: 2 шт | Уфа: 1 шт | Основной склад Екатеринбург: 1 шт,11.0,public/data/product_images/b37d9a600113.webp,0.0,3.0,1,0.0,0.0,0.0,2,2.0,1.0,2.0
Падел - Ракетки,PR76-TER,Ракетка для падела 7/6 Terra 18k Carbon,7/6,26990 ₽,https://saletennis.com/catalog/product/rakietka-dlia-padiela-7-6-terra-18k-carbon-19536,Тюмень (Народная): 2 шт | Основной склад Екатеринбург: 3 шт | Уфа: 2 шт | Ижевск: 2 шт | Елизаветенское шоссе: 1 шт,10.0,public/data/product_images/9cbaf225daf1.webp,0.0,0.0,3,0.0,0.0,0.0,1,2.0,2.0,2.0
Падел - Ракетки,TR76-BK,Ракетка для падела 7/6 Trinity Black,7/6,11042 ₽,https://saletennis.com/catalog/product/rakietka-dlia-padiela-7-6-trinity-black-19275,Соболева: 1 шт | Елизаветенское шоссе: 2 шт | Уфа: 2 шт | Санкт-Петербург (Спортивная): 2 шт | Ижевск: 2 шт | Тюмень (Народная): 1 шт | Основной склад Екатеринбург: 3 шт,13.0,public/data/product_images/f5fd0988601e.webp,0.0,2.0,3,1.0,0.0,0.0,2,1.0,2.0,2.0
Падел - Ракетки,TR76-PL,Ракетка для падела 7/6 Trinity Purple,7/6,9342 ₽,https://saletennis.com/catalog/product/rakietka-dlia-padiela-7-6-trinity-purple-19276,Елизаветенское шоссе: 2 шт | Санкт-Петербург (Спортивная): 1 шт | Уфа: 2 шт | Основной склад Екатеринбург: 4 шт | Ижевск: 2 шт | Тюмень (Народная): 1 шт,12.0,public/data/product_images/a205ca934db2.webp,0.0,1.0,4,0.0,0.0,0.0,2,1.0,2.0,2.0
Падел - Ракетки,PR76-OR,Ракетка для падела 7/6 Ural 12k Carbon,7/6,19990 ₽,https://saletennis.com/catalog/product/rakietka-dlia-padiela-7-6-ural-12k-carbon-19415,Елизаветенское шоссе: 1 шт | Основной склад Екатеринбург: 1 шт | Санкт-Петербург (Спортивная): 1 шт | Соболева: 1 шт,4.0,public/data/product_images/25fe608b9d6f.webp,0.0,1.0,1,1.0,0.0,0.0,1,0.0,0.0,0.0
Падел - Ракетки,AR1AB3U10,Ракетка для падела Adidas Adipower 10 Anniversary 3.4,Adidas,48993 ₽,https://saletennis.com/catalog/product/rakietka-dlia-padiela-adidas-adipower-10-anniversary-3-4-18703,Елизаветенское шоссе: 1 шт,1.0,public/data/product_images/a5df68578de8.webp,0.0,0.0,0,0.0,0.0,0.0,1,0.0,0.0,0.0
Падел - Ракетки,AR2AA4U01,Ракетка для падела Adidas Arrow Hit Carbone 2026,Adidas,33607 ₽,https://saletennis.com/catalog/product/rakietka-dlia-padiela-adidas-arrow-hit-carbone-2026-19428,Елизаветенское шоссе: 1 шт | Санкт-Петербург (Спортивная): 1 шт,2.0,public/data/product_images/b0d2e3d9f3ef.webp,0.0,1.0,0,0.0,0.0,0.0,1,0.0,0.0,0.0
Падел - Ракетки,AR4CA2U74,Ракетка для падела Adidas Arrow Hit Junior 2026,Adidas,13990 ₽,https://saletennis.com/catalog/product/rakietka-dlia-padiela-adidas-arrow-hit-junior-2026-19429,Соболева: 1 шт | Санкт-Петербург (Спортивная): 1 шт | Основной склад Екатеринбург: 1 шт | Ижевск: 1 шт,4.0,public/data/product_images/cb8d7b2e928d.webp,0.0,1.0,1,1.0,0.0,0.0,0,0.0,0.0,1.0
Падел - Ракетки,JK5303,Ракетка для падела Adidas Cross IT 3.4,Adidas,39193 ₽,https://saletennis.com/catalog/product/rakietka-dlia-padiela-adidas-cross-it-3-4-18345,Санкт-Петербург (Спортивная): 1 шт,1.0,public/data/product_images/3c0b8626635b.webp,0.0,1.0,0,0.0,0.0,0.0,0,0.0,0.0,0.0
Падел - Ракетки,AR2AA5,Ракетка для падела Adidas Cross It Carbon 3.5,Adidas,32243 ₽,https://saletennis.com/catalog/product/rakietka-dlia-padiela-adidas-cross-it-carbon-3-5-18763,Ижевск: 1 шт | Санкт-Петербург (Спортивная): 1 шт,2.0,public/data/product_images/065c6d8db446.webp,0.0,1.0,0,0.0,0.0,0.0,0,0.0,0.0,1.0
Падел - Ракетки,AR2CA5,Ракетка для падела Adidas Cross It Carbon CTRL 3.5,Adidas,32243 ₽,https://saletennis.com/catalog/product/rakietka-dlia-padiela-adidas-cross-it-carbon-ctrl-3-5-18764,Ижевск: 1 шт | Елизаветенское шоссе: 1 шт,2.0,public/data/product_images/2c7d5312ab9e.webp,0.0,0.0,0,0.0,0.0,0.0,1,0.0,0.0,1.0
Падел - Ракетки,AR1CB2,Ракетка для падела Adidas Cross It CTRL 3.5,Adidas,39743 ₽,https://saletennis.com/catalog/product/rakietka-dlia-padiela-adidas-cross-it-ctrl-3-5-18765,Елизаветенское шоссе: 1 шт,1.0,public/data/product_images/f568cc70f04b.webp,0.0,0.0,0,0.0,0.0,0.0,1,0.0,0.0,0.0
Падел - Ракетки,AR1CB4U02,Ракетка для падела Adidas Cross It Light It 2026 Pro EDT,Adidas,44947 ₽,https://saletennis.com/catalog/product/rakietka-dlia-padiela-adidas-cross-it-light-it-2026-pro-edt-19430,Елизаветенское шоссе: 1 шт | Санкт-Петербург (Спортивная): 1 шт | Ижевск: 1 шт,3.0,public/data/product_images/b8c337265a60.webp,0.0,1.0,0,0.0,0.0,0.0,1,0.0,0.0,1.0
Падел - Ракетки,KL2633,Ракетка для падела Adidas Drive Match - Black/Green 2026,Adidas,10927 ₽,https://saletennis.com/catalog/product/rakietka-dlia-padiela-adidas-drive-match-black-green-2026-19056,Уфа: 1 шт | Основной склад Екатеринбург: 2 шт,3.0,public/data/product_images/150912c46dc0.webp,0.0,0.0,2,0.0,0.0,0.0,0,0.0,1.0,0.0
Падел - Ракетки,AR1AB6U23,Ракетка для падела Adidas Metalbone Pro EDT 2026,Adidas,53452 ₽,https://saletennis.com/catalog/product/rakietka-dlia-padiela-adidas-metalbone-pro-edt-2026-19431,Елизаветенское шоссе: 1 шт | Основной склад Екатеринбург: 1 шт,2.0,public/data/product_images/861db4ccaf2b.webp,0.0,0.0,1,0.0,0.0,0.0,1,0.0,0.0,0.0
Падел - Ракетки,AR2CA3,Ракетка для падела Adidas Metalbone Team Light 3.5,Adidas,24697 ₽,https://saletennis.com/catalog/product/rakietka-dlia-padiela-adidas-metalbone-team-light-3-5-18777,Санкт-Петербург (Спортивная): 1 шт | Ижевск: 1 шт,2.0,public/data/product_images/53c519f4ddbd.webp,0.0,1.0,0,0.0,0.0,0.0,0,0.0,0.0,1.0
Падел - Ракетки,150177-100,Ракетка для падела Babolat Counter Viper 2.6,Babolat,32392 ₽,https://saletennis.com/catalog/product/rakietka-dlia-padiela-babolat-counter-viper-2-6-18907,Санкт-Петербург (Спортивная): 1 шт,1.0,public/data/product_images/f50eb4391848.webp,0.0,1.0,0,0.0,0.0,0.0,0,0.0,0.0,0.0
Падел - Ракетки,150179-100,Ракетка для падела Babolat Technical Viper Soft 3.0,Babolat,27937 ₽,https://saletennis.com/catalog/product/rakietka-dlia-padiela-babolat-technical-viper-soft-3-0-18909,Основной склад Екатеринбург: 1 шт,1.0,public/data/product_images/5fa9ecfd5f33.webp,0.0,0.0,1,0.0,0.0,0.0,0,0.0,0.0,0.0
Падел - Ракетки,150174-100,Ракетка для падела Babolat Viper Juan Lebron 3.0,Babolat,45757 ₽,https://saletennis.com/catalog/product/rakietka-dlia-padiela-babolat-viper-juan-lebron-3-0-18911,Санкт-Петербург (Спортивная): 1 шт | Ижевск: 1 шт | Полевской тракт: 1 шт,2.0,public/data/product_images/496c9b288882.webp,0.0,1.0,0,0.0,0.0,0.0,0,0.0,0.0,1.0
Падел - Ракетки,150187,Ракетка для падела Babolat Viper Juan Lebron 3.0 Green,Babolat,58990 ₽,https://saletennis.com/catalog/product/rakietka-dlia-padiela-babolat-viper-juan-lebron-3-0-green-19534,Санкт-Петербург (Спортивная): 1 шт | Полевской тракт: 1 шт | Ижевск: 1 шт,2.0,public/data/product_images/db9e4f0d087c.webp,0.0,1.0,0,0.0,0.0,0.0,0,0.0,0.0,1.0
Падел - Ракетки,150178-100,Ракетка для падела Babolat Viper Soft Juan Lebron 3.0,Babolat,37252 ₽,https://saletennis.com/catalog/product/rakietka-dlia-padiela-babolat-viper-soft-juan-lebron-3-0-18912,Полевской тракт: 2 шт,0.0,public/data/product_images/ade739497c2c.webp,0.0,0.0,0,0.0,0.0,0.0,0,0.0,0.0,0.0
Падел - Ракетки,BCWNPT14GL,Ракетка для падела Black Crown Piton 14 Global,Black Crown,22493 ₽,https://saletennis.com/catalog/product/rakietka-dlia-padiela-black-crown-piton-14-global-19144,Основной склад Екатеринбург: 1 шт,1.0,public/data/product_images/abe366cb1097.webp,0.0,0.0,1,0.0,0.0,0.0,0,0.0,0.0,0.0
Падел - Ракетки,A005353C,Ракетка для падела Black Crown Piton Epic,Black Crown,31868 ₽,https://saletennis.com/catalog/product/rakietka-dlia-padiela-black-crown-piton-epic-19145,Основной склад Екатеринбург: 1 шт,1.0,public/data/product_images/0ba6e368ad75.webp,0.0,0.0,1,0.0,0.0,0.0,0,0.0,0.0,0.0
Падел - Ракетки,A005354C,Ракетка для падела Black Crown Piton Epic Energy,Black Crown,33368 ₽,https://saletennis.com/catalog/product/rakietka-dlia-padiela-black-crown-piton-epic-energy-19146,Основной склад Екатеринбург: 1 шт,1.0,public/data/product_images/abb247d3bf3c.webp,0.0,0.0,1,0.0,0.0,0.0,0,0.0,0.0,0.0
Падел - Ракетки,BCWNREBL,Ракетка для падела Black Crown Rebel,Black Crown,9743 ₽,https://saletennis.com/catalog/product/rakietka-dlia-padiela-black-crown-rebel-19147,Основной склад Екатеринбург: 1 шт,1.0,public/data/product_images/7cd0cfc48ef9.webp,0.0,0.0,1,0.0,0.0,0.0,0,0.0,0.0,0.0
Падел - Ракетки,1900279,Ракетка для падела Black Crown Special Max,Black Crown,31868 ₽,https://saletennis.com/catalog/product/rakietka-dlia-padiela-black-crown-special-max-19148,Основной склад Екатеринбург: 1 шт,1.0,public/data/product_images/2a042ed56bf4.webp,0.0,0.0,1,0.0,0.0,0.0,0,0.0,0.0,0.0
Падел - Ракетки,497248,Ракетка для падела Bullpadel Elite 02,Bullpadel,39990 ₽,https://saletennis.com/catalog/product/rakietka-dlia-padiela-bullpadel-elite-02-19559,Полевской тракт: 1 шт | Ижевск: 1 шт | Елизаветенское шоссе: 1 шт | Санкт-Петербург (Спортивная): 1 шт,3.0,public/data/product_images/46fd954f7026.webp,0.0,1.0,0,0.0,0.0,0.0,1,0.0,0.0,1.0
Падел - Ракетки,494405,Ракетка для падела Bullpadel Flow Legend,Bullpadel,24743 ₽,https://saletennis.com/catalog/product/rakietka-dlia-padiela-bullpadel-flow-legend-18277,Елизаветенское шоссе: 1 шт,1.0,public/data/product_images/b9b21396798b.webp,0.0,0.0,0,0.0,0.0,0.0,1,0.0,0.0,0.0
Падел - Ракетки,497247,Ракетка для падела Bullpadel Flow Legend 27,Bullpadel,35990 ₽,https://saletennis.com/catalog/product/rakietka-dlia-padiela-bullpadel-flow-legend-27-19560,Елизаветенское шоссе: 1 шт | Санкт-Петербург (Спортивная): 1 шт | Ижевск: 1 шт | Полевской тракт: 1 шт,3.0,public/data/product_images/336322766365.webp,0.0,1.0,0,0.0,0.0,0.0,1,0.0,0.0,1.0
Падел - Ракетки,494392,Ракетка для падела Bullpadel Hack 04 26,Bullpadel,31118 ₽,https://saletennis.com/catalog/product/rakietka-dlia-padiela-bullpadel-hack-04-26-18339,Ижевск: 1 шт | Уфа: 1 шт,2.0,public/data/product_images/f9b4f357c85c.webp,0.0,0.0,0,0.0,0.0,0.0,0,0.0,1.0,1.0
Падел - Ракетки,494408,Ракетка для падела Bullpadel Hack 04 Hybrid Cloud 26,Bullpadel,27743 ₽,https://saletennis.com/catalog/product/rakietka-dlia-padiela-bullpadel-hack-04-hybrid-cloud-26-18794,Елизаветенское шоссе: 1 шт,1.0,public/data/product_images/c18e2eec5c75.webp,0.0,0.0,0,0.0,0.0,0.0,1,0.0,0.0,0.0
Падел - Ракетки,495200,Ракетка для падела Bullpadel HACK 04 PP 2026,Bullpadel,38993 ₽,https://saletennis.com/catalog/product/rakietka-dlia-padiela-bullpadel-hack-04-pp-2026-18936,Санкт-Петербург (Спортивная): 1 шт | Тюмень: 1 шт,2.0,public/data/product_images/e94a581be677.webp,0.0,1.0,0,0.0,0.0,0.0,0,1.0,0.0,0.0
Падел - Ракетки,494415,Ракетка для падела Bullpadel Hack Advance,Bullpadel,18990 ₽,https://saletennis.com/catalog/product/rakietka-dlia-padiela-bullpadel-hack-advance-19522,Тюмень (Народная): 1 шт,1.0,public/data/product_images/87014c104791.webp,0.0,0.0,0,0.0,0.0,0.0,0,1.0,0.0,0.0
Падел - Ракетки,494419,Ракетка для падела Bullpadel Hack Junior 26,Bullpadel,10118 ₽,https://saletennis.com/catalog/product/rakietka-dlia-padiela-bullpadel-hack-junior-26-18795,Елизаветенское шоссе: 1 шт | Уфа: 1 шт | Ижевск: 1 шт,3.0,public/data/product_images/a254ea1bc827.webp,0.0,0.0,0,0.0,0.0,0.0,1,0.0,1.0,1.0
Падел - Ракетки,497246,Ракетка для падела Bullpadel ICON 27,Bullpadel,37490 ₽,https://saletennis.com/catalog/product/rakietka-dlia-padiela-bullpadel-icon-27-19561,Елизаветенское шоссе: 1 шт | Санкт-Петербург (Спортивная): 1 шт,2.0,public/data/product_images/9fe7adfa041e.webp,0.0,1.0,0,0.0,0.0,0.0,1,0.0,0.0,0.0
Падел - Ракетки,494417,Ракетка для падела Bullpadel Indiga Control 26,Bullpadel,10118 ₽,https://saletennis.com/catalog/product/rakietka-dlia-padiela-bullpadel-indiga-control-26-18531,Тюмень (Народная): 1 шт | Ижевск: 1 шт,2.0,public/data/product_images/0fd418d553a6.webp,0.0,0.0,0,0.0,0.0,0.0,0,1.0,0.0,1.0
Падел - Ракетки,494423,Ракетка для падела Bullpadel Indiga Girl 26,Bullpadel,7118 ₽,https://saletennis.com/catalog/product/rakietka-dlia-padiela-bullpadel-indiga-girl-26-18532,Уфа: 1 шт | Ижевск: 1 шт,2.0,public/data/product_images/c5ae4d47f2be.webp,0.0,0.0,0,0.0,0.0,0.0,0,0.0,1.0,1.0
Падел - Ракетки,494416,Ракетка для падела Bullpadel Indiga PWR 26,Bullpadel,10118 ₽,https://saletennis.com/catalog/product/rakietka-dlia-padiela-bullpadel-indiga-pwr-26-18523,Тюмень (Народная): 1 шт | Уфа: 1 шт | Ижевск: 1 шт,3.0,public/data/product_images/ae82f2fbaba0.webp,0.0,0.0,0,0.0,0.0,0.0,0,1.0,1.0,1.0
Падел - Ракетки,494411,Ракетка для падела Bullpadel Ionic Power 26,Bullpadel,19118 ₽,https://saletennis.com/catalog/product/rakietka-dlia-padiela-bullpadel-ionic-power-26-18798,Ижевск: 1 шт | Уфа: 1 шт | Санкт-Петербург (Спортивная): 1 шт,3.0,public/data/product_images/3fb46fcf2bba.webp,0.0,1.0,0,0.0,0.0,0.0,0,0.0,1.0,1.0
Падел - Ракетки,494402,Ракетка для падела Bullpadel Neuron 02,Bullpadel,30743 ₽,https://saletennis.com/catalog/product/rakietka-dlia-padiela-bullpadel-neuron-02-18279,Ижевск: 1 шт,1.0,public/data/product_images/e5c608edfdc5.webp,0.0,0.0,0,0.0,0.0,0.0,0,0.0,0.0,1.0
Падел - Ракетки,494410,Ракетка для падела Bullpadel Neuron 02 Cloud 26,Bullpadel,29993 ₽,https://saletennis.com/catalog/product/rakietka-dlia-padiela-bullpadel-neuron-02-cloud-26-18799,Елизаветенское шоссе: 1 шт,1.0,public/data/product_images/ebc85a089433.webp,0.0,0.0,0,0.0,0.0,0.0,1,0.0,0.0,0.0
Падел - Ракетки,497243,Ракетка для падела Bullpadel Neuron 02 Comfort 27,Bullpadel,34990 ₽,https://saletennis.com/catalog/product/rakietka-dlia-padiela-bullpadel-neuron-02-comfort-27-19562,Уфа: 1 шт | Ижевск: 1 шт | Полевской тракт: 1 шт | Санкт-Петербург (Спортивная): 1 шт,3.0,public/data/product_images/c56ca5a9fb7f.webp,0.0,1.0,0,0.0,0.0,0.0,0,0.0,1.0,1.0
Падел - Ракетки,497242,Ракетка для падела Bullpadel Neuron 02 Edge 27,Bullpadel,44990 ₽,https://saletennis.com/catalog/product/rakietka-dlia-padiela-bullpadel-neuron-02-edge-27-19563,Елизаветенское шоссе: 1 шт | Санкт-Петербург (Спортивная): 1 шт | Уфа: 1 шт | Тюмень (Народная): 1 шт | Полевской тракт: 1 шт | Ижевск: 1 шт,5.0,public/data/product_images/aee280b919ee.webp,0.0,1.0,0,0.0,0.0,0.0,1,1.0,1.0,1.0
Падел - Ракетки,495198,Ракетка для падела Bullpadel Neuron 02 EDGE TF 25,Bullpadel,42743 ₽,https://saletennis.com/catalog/product/rakietka-dlia-padiela-bullpadel-neuron-02-edge-tf-25-18538,Елизаветенское шоссе: 1 шт,1.0,public/data/product_images/00c91aef6bc9.webp,0.0,0.0,0,0.0,0.0,0.0,1,0.0,0.0,0.0
Падел - Ракетки,495214,Ракетка для падела Bullpadel Neuron 02 PP 2026,Bullpadel,39743 ₽,https://saletennis.com/catalog/product/rakietka-dlia-padiela-bullpadel-neuron-02-pp-2026-18937,Санкт-Петербург (Спортивная): 1 шт,1.0,public/data/product_images/961413b72bec.webp,0.0,1.0,0,0.0,0.0,0.0,0,0.0,0.0,0.0
Падел - Ракетки,494403,Ракетка для падела Bullpadel Neuron 26 Egde,Bullpadel,31118 ₽,https://saletennis.com/catalog/product/rakietka-dlia-padiela-bullpadel-neuron-26-egde-18280,Санкт-Петербург (Спортивная): 1 шт | Ижевск: 1 шт | Основной склад Екатеринбург: 1 шт,3.0,public/data/product_images/120e54dec067.webp,0.0,1.0,1,0.0,0.0,0.0,0,0.0,0.0,1.0
Падел - Ракетки,497241,Ракетка для падела Bullpadel Neuron 27,Bullpadel,44990 ₽,https://saletennis.com/catalog/product/rakietka-dlia-padiela-bullpadel-neuron-27-19564,Елизаветенское шоссе: 1 шт | Тюмень (Народная): 1 шт | Ижевск: 1 шт | Уфа: 1 шт | Санкт-Петербург (Спортивная): 1 шт | Полевской тракт: 1 шт,5.0,public/data/product_images/2ab435714673.webp,0.0,1.0,0,0.0,0.0,0.0,1,1.0,1.0,1.0
Падел - Ракетки,493804,Ракетка для падела Bullpadel Pearl 26,Bullpadel,27743 ₽,https://saletennis.com/catalog/product/rakietka-dlia-padiela-bullpadel-pearl-26-18281,Елизаветенское шоссе: 1 шт | Санкт-Петербург (Спортивная): 1 шт | Ижевск: 1 шт | Тюмень (Народная): 1 шт | Уфа: 1 шт | Основной склад Екатеринбург: 1 шт,6.0,public/data/product_images/e9d8f39dcb90.webp,0.0,1.0,1,0.0,0.0,0.0,1,1.0,1.0,1.0
Падел - Ракетки,497249,Ракетка для падела Bullpadel Pearl 27,Bullpadel,39990 ₽,https://saletennis.com/catalog/product/rakietka-dlia-padiela-bullpadel-pearl-27-19565,Елизаветенское шоссе: 1 шт | Полевской тракт: 1 шт | Уфа: 1 шт | Санкт-Петербург (Спортивная): 1 шт | Тюмень (Народная): 1 шт | Ижевск: 1 шт,5.0,public/data/product_images/e676bde7a0f8.webp,0.0,1.0,0,0.0,0.0,0.0,1,1.0,1.0,1.0
Падел - Ракетки,494409,Ракетка для падела Bullpadel Vertex 04 Woman Cloud,Bullpadel,29993 ₽,https://saletennis.com/catalog/product/rakietka-dlia-padiela-bullpadel-vertex-04-woman-cloud-18800,Уфа: 1 шт | Санкт-Петербург (Спортивная): 1 шт,2.0,public/data/product_images/96a23c11fc8c.webp,0.0,1.0,0,0.0,0.0,0.0,0,0.0,1.0,0.0
Падел - Ракетки,494395,Ракетка для падела Bullpadel Vertex 05 26,Bullpadel,31493 ₽,https://saletennis.com/catalog/product/rakietka-dlia-padiela-bullpadel-vertex-05-26-18337,Тюмень (Народная): 1 шт,1.0,public/data/product_images/c3cc96672153.webp,0.0,0.0,0,0.0,0.0,0.0,0,1.0,0.0,0.0
Падел - Ракетки,497236,Ракетка для падела Bullpadel Vertex 05 27,Bullpadel,45990 ₽,https://saletennis.com/catalog/product/rakietka-dlia-padiela-bullpadel-vertex-05-27-19566,Санкт-Петербург (Спортивная): 1 шт | Ижевск: 1 шт | Полевской тракт: 1 шт | Уфа: 1 шт | Елизаветенское шоссе: 1 шт,4.0,public/data/product_images/fcd3b6869cde.webp,0.0,1.0,0,0.0,0.0,0.0,1,0.0,1.0,1.0
Падел - Ракетки,494396,Ракетка для падела Bullpadel Vertex 05 Geo,Bullpadel,31493 ₽,https://saletennis.com/catalog/product/rakietka-dlia-padiela-bullpadel-vertex-05-geo-18284,Тюмень (Народная): 1 шт,1.0,public/data/product_images/9a499f698512.webp,0.0,0.0,0,0.0,0.0,0.0,0,1.0,0.0,0.0
Падел - Ракетки,497238,Ракетка для падела Bullpadel Vertex 05 Geo 27,Bullpadel,45990 ₽,https://saletennis.com/catalog/product/rakietka-dlia-padiela-bullpadel-vertex-05-geo-27-19567,Уфа: 1 шт | Тюмень (Народная): 1 шт | Ижевск: 1 шт | Елизаветенское шоссе: 1 шт | Полевской тракт: 1 шт | Санкт-Петербург (Спортивная): 1 шт,5.0,public/data/product_images/35f3c2b390e6.webp,0.0,1.0,0,0.0,0.0,0.0,1,1.0,1.0,1.0
Падел - Ракетки,495201,Ракетка для падела Bullpadel Vertex 05 Geo PP 2026,Bullpadel,39743 ₽,https://saletennis.com/catalog/product/rakietka-dlia-padiela-bullpadel-vertex-05-geo-pp-2026-18938,Елизаветенское шоссе: 1 шт,1.0,public/data/product_images/90dc1a979f1c.webp,0.0,0.0,0,0.0,0.0,0.0,1,0.0,0.0,0.0
Падел - Ракетки,494397,Ракетка для падела Bullpadel Vertex 05 Hybrid 26,Bullpadel,30743 ₽,https://saletennis.com/catalog/product/rakietka-dlia-padiela-bullpadel-vertex-05-hybrid-26-18285,Основной склад Екатеринбург: 1 шт,1.0,public/data/product_images/82350b222b9e.webp,0.0,0.0,1,0.0,0.0,0.0,0,0.0,0.0,0.0
Падел - Ракетки,497237,Ракетка для падела Bullpadel Vertex 05 Hybrid 27,Bullpadel,45990 ₽,https://saletennis.com/catalog/product/rakietka-dlia-padiela-bullpadel-vertex-05-hybrid-27-19568,Ижевск: 1 шт | Елизаветенское шоссе: 1 шт,2.0,public/data/product_images/d3ba4af50ac6.webp,0.0,0.0,0,0.0,0.0,0.0,1,0.0,0.0,1.0
Падел - Ракетки,495202,Ракетка для падела Bullpadel Vertex 05 Light PP 2026,Bullpadel,29618 ₽,https://saletennis.com/catalog/product/rakietka-dlia-padiela-bullpadel-vertex-05-light-pp-2026-18939,Санкт-Петербург (Спортивная): 1 шт | Елизаветенское шоссе: 1 шт,2.0,public/data/product_images/3fde55240500.webp,0.0,1.0,0,0.0,0.0,0.0,1,0.0,0.0,0.0
Падел - Ракетки,494399,Ракетка для падела Bullpadel Vertex 05 Woman 26,Bullpadel,27743 ₽,https://saletennis.com/catalog/product/rakietka-dlia-padiela-bullpadel-vertex-05-woman-26-18286,Основной склад Екатеринбург: 1 шт,1.0,public/data/product_images/6784b79b8982.webp,0.0,0.0,1,0.0,0.0,0.0,0,0.0,0.0,0.0
Падел - Ракетки,497240,Ракетка для падела Bullpadel Vertex 05 Woman 27,Bullpadel,40490 ₽,https://saletennis.com/catalog/product/rakietka-dlia-padiela-bullpadel-vertex-05-woman-27-19569,Елизаветенское шоссе: 1 шт | Тюмень (Народная): 1 шт | Ижевск: 1 шт | Санкт-Петербург (Спортивная): 1 шт | Уфа: 1 шт | Полевской тракт: 1 шт,5.0,public/data/product_images/df6b62d6f608.webp,0.0,1.0,0,0.0,0.0,0.0,1,1.0,1.0,1.0
Падел - Ракетки,494420,Ракетка для падела Bullpadel Vertex Junior Boy 26,Bullpadel,10118 ₽,https://saletennis.com/catalog/product/rakietka-dlia-padiela-bullpadel-vertex-junior-boy-26-18534,Елизаветенское шоссе: 1 шт | Уфа: 1 шт | Ижевск: 1 шт,3.0,public/data/product_images/4b937a492163.webp,0.0,0.0,0,0.0,0.0,0.0,1,0.0,1.0,1.0
Падел - Ракетки,494421,Ракетка для падела Bullpadel Vertex Junior Girl 26,Bullpadel,10118 ₽,https://saletennis.com/catalog/product/rakietka-dlia-padiela-bullpadel-vertex-junior-girl-26-18535,Ижевск: 1 шт | Уфа: 1 шт | Тюмень (Народная): 1 шт,3.0,public/data/product_images/d32ceb486c88.webp,0.0,0.0,0,0.0,0.0,0.0,0,1.0,1.0,1.0
Падел - Ракетки,494407,Ракетка для падела Bullpadel Wonder,Bullpadel,25493 ₽,https://saletennis.com/catalog/product/rakietka-dlia-padiela-bullpadel-wonder-18287,Ижевск: 1 шт | Основной склад Екатеринбург: 1 шт | Тюмень (Народная): 1 шт | Санкт-Петербург (Спортивная): 1 шт,4.0,public/data/product_images/31caeced2d4e.webp,0.0,1.0,1,0.0,0.0,0.0,0,1.0,0.0,1.0
Падел - Ракетки,497250,Ракетка для падела Bullpadel Wonder 27,Bullpadel,38990 ₽,https://saletennis.com/catalog/product/rakietka-dlia-padiela-bullpadel-wonder-27-19570,Тюмень (Народная): 1 шт | Елизаветенское шоссе: 1 шт | Санкт-Петербург (Спортивная): 1 шт | Уфа: 1 шт | Полевской тракт: 1 шт | Ижевск: 1 шт,5.0,public/data/product_images/726db7797158.webp,0.0,1.0,0,0.0,0.0,0.0,1,1.0,1.0,1.0
Падел - Ракетки,494400,Ракетка для падела Bullpadel XPLO 26,Bullpadel,30743 ₽,https://saletennis.com/catalog/product/rakietka-dlia-padiela-bullpadel-xplo-26-18288,Основной склад Екатеринбург: 1 шт | Елизаветенское шоссе: 1 шт | Ижевск: 1 шт | Санкт-Петербург (Спортивная): 1 шт,4.0,public/data/product_images/b93741c2b488.webp,0.0,1.0,1,0.0,0.0,0.0,1,0.0,0.0,1.0
Падел - Ракетки,497244,Ракетка для падела Bullpadel XPLO 27,Bullpadel,44990 ₽,https://saletennis.com/catalog/product/rakietka-dlia-padiela-bullpadel-xplo-27-19571,Полевской тракт: 1 шт | Елизаветенское шоссе: 1 шт | Ижевск: 1 шт | Санкт-Петербург (Спортивная): 1 шт,3.0,public/data/product_images/2747f73727d1.webp,0.0,1.0,0,0.0,0.0,0.0,1,0.0,0.0,1.0
Падел - Ракетки,497245,Ракетка для падела Bullpadel XPLO Comfort 27,Bullpadel,33990 ₽,https://saletennis.com/catalog/product/rakietka-dlia-padiela-bullpadel-xplo-comfort-27-19572,Санкт-Петербург (Спортивная): 1 шт | Ижевск: 1 шт | Уфа: 1 шт | Полевской тракт: 1 шт,3.0,public/data/product_images/de6f0ef148e2.webp,0.0,1.0,0,0.0,0.0,0.0,0,0.0,1.0,1.0
Падел - Ракетки,495203,Ракетка для падела Bullpadel XPLO PP 2026,Bullpadel,38993 ₽,https://saletennis.com/catalog/product/rakietka-dlia-padiela-bullpadel-xplo-pp-2026-18940,Ижевск: 1 шт | Тюмень (Народная): 1 шт,2.0,public/data/product_images/5bc755c4dcc2.webp,0.0,0.0,0,0.0,0.0,0.0,0,1.0,0.0,1.0
Падел - Ракетки,226206,Ракетка для падела Head Bolt 2026 - Red/Black,Head,11332 ₽,https://saletennis.com/catalog/product/rakietka-dlia-padiela-head-bolt-2026-red-black-18501,Санкт-Петербург (Спортивная): 1 шт,1.0,public/data/product_images/a7b7e4f6c4fe.webp,0.0,1.0,0,0.0,0.0,0.0,0,0.0,0.0,0.0
Падел - Ракетки,226245,Ракетка для падела Head Bolt - Black/Purple,Head,11332 ₽,https://saletennis.com/catalog/product/rakietka-dlia-padiela-head-bolt-black-purple-18154,Елизаветенское шоссе: 1 шт | Уфа: 1 шт | Ижевск: 2 шт | Тюмень (Народная): 1 шт,5.0,public/data/product_images/86c628a2e95e.webp,0.0,0.0,0,0.0,0.0,0.0,1,1.0,1.0,2.0
Падел - Ракетки,226726,Ракетка для падела Head Coello JR 2026,Head,12952 ₽,https://saletennis.com/catalog/product/rakietka-dlia-padiela-head-coello-jr-2026-19269,Уфа: 1 шт | Тюмень (Народная): 1 шт | Ижевск: 1 шт | Санкт-Петербург (Спортивная): 2 шт,5.0,public/data/product_images/bd8056830f40.webp,0.0,2.0,0,0.0,0.0,0.0,0,1.0,1.0,1.0
Падел - Ракетки,225056,Ракетка для падела Head Coello Team 2026,Head,17812 ₽,https://saletennis.com/catalog/product/rakietka-dlia-padiela-head-coello-team-2026-19272,Ижевск: 1 шт,1.0,public/data/product_images/c63b6ad3e9bf.webp,0.0,0.0,0,0.0,0.0,0.0,0,0.0,0.0,1.0
Падел - Ракетки,226156,Ракетка для падела Head Coello Vibe 2026,Head,12952 ₽,https://saletennis.com/catalog/product/rakietka-dlia-padiela-head-coello-vibe-2026-18926,Ижевск: 1 шт | Уфа: 1 шт | Тюмень (Народная): 1 шт | Санкт-Петербург (Спортивная): 1 шт | Елизаветенское шоссе: 1 шт,5.0,public/data/product_images/cf6414966e54.webp,0.0,1.0,0,0.0,0.0,0.0,1,1.0,1.0,1.0
Падел - Ракетки,223135,Ракетка для падела Head Extreme Motion 2025,Head,21862 ₽,https://saletennis.com/catalog/product/rakietka-dlia-padiela-head-extreme-motion-2025-18503,Санкт-Петербург (Спортивная): 1 шт | Уфа: 1 шт | Елизаветенское шоссе: 2 шт | Ижевск: 1 шт,5.0,public/data/product_images/f76d996d83d9.webp,0.0,1.0,0,0.0,0.0,0.0,2,0.0,1.0,1.0
Падел - Ракетки,223125,Ракетка для падела Head Extreme Pro 2025,Head,23077 ₽,https://saletennis.com/catalog/product/rakietka-dlia-padiela-head-extreme-pro-2025-18479,Елизаветенское шоссе: 1 шт | Санкт-Петербург (Спортивная): 1 шт | Ижевск: 1 шт,3.0,public/data/product_images/62973a49ea74.webp,0.0,1.0,0,0.0,0.0,0.0,1,0.0,0.0,1.0
Падел - Ракетки,223145,Ракетка для падела Head Extreme Team 2025,Head,19432 ₽,https://saletennis.com/catalog/product/rakietka-dlia-padiela-head-extreme-team-2025-18504,Ижевск: 1 шт | Елизаветенское шоссе: 1 шт | Уфа: 1 шт | Санкт-Петербург (Спортивная): 1 шт | Тюмень (Народная): 1 шт,5.0,public/data/product_images/948866d7293a.webp,0.0,1.0,0,0.0,0.0,0.0,1,1.0,1.0,1.0
Падел - Ракетки,224014,Ракетка для падела Head Gravity Motion 2024,Head,19432 ₽,https://saletennis.com/catalog/product/rakietka-dlia-padiela-head-gravity-motion-2024-16833,Санкт-Петербург (Спортивная): 1 шт | Елизаветенское шоссе: 1 шт | Тюмень (Народная): 1 шт,3.0,public/data/product_images/18c4e3cdfcd4.webp,0.0,1.0,0,0.0,0.0,0.0,1,1.0,0.0,0.0
Падел - Ракетки,224004,Ракетка для падела Head Gravity Pro 2024,Head,19493 ₽,https://saletennis.com/catalog/product/rakietka-dlia-padiela-head-gravity-pro-2024-18158,Елизаветенское шоссе: 1 шт | Уфа: 1 шт,2.0,public/data/product_images/2a8a70a9b1d1.webp,0.0,0.0,0,0.0,0.0,0.0,1,0.0,1.0,0.0
Падел - Ракетки,224024,Ракетка для падела Head Gravity Team 2024,Head,16597 ₽,https://saletennis.com/catalog/product/rakietka-dlia-padiela-head-gravity-team-2024-16834,Ижевск: 1 шт | Тюмень (Народная): 1 шт | Елизаветенское шоссе: 1 шт,3.0,public/data/product_images/8d6ea0d210b6.webp,0.0,0.0,0,0.0,0.0,0.0,1,1.0,0.0,1.0
Падел - Ракетки,224064,Ракетка для падела Head Gravity Team Light 2024,Head,13762 ₽,https://saletennis.com/catalog/product/rakietka-dlia-padiela-head-gravity-team-light-2024-16835,Уфа: 1 шт | Ижевск: 1 шт | Санкт-Петербург (Спортивная): 2 шт,4.0,public/data/product_images/ad8e6908fd63.webp,0.0,2.0,0,0.0,0.0,0.0,0,0.0,1.0,1.0
Падел - Ракетки,222044,Ракетка для падела Head Radical Motion 2024,Head,16192 ₽,https://saletennis.com/catalog/product/rakietka-dlia-padiela-head-radical-motion-2024-17559,Уфа: 1 шт | Ижевск: 1 шт | Елизаветенское шоссе: 1 шт,3.0,public/data/product_images/8a6e31d90a84.webp,0.0,0.0,0,0.0,0.0,0.0,1,0.0,1.0,1.0
Падел - Ракетки,222046,Ракетка для падела Head Radical Motion 2026,Head,19432 ₽,https://saletennis.com/catalog/product/rakietka-dlia-padiela-head-radical-motion-2026-18505,Елизаветенское шоссе: 1 шт | Уфа: 1 шт | Ижевск: 1 шт,3.0,public/data/product_images/b08c27acc15d.webp,0.0,0.0,0,0.0,0.0,0.0,1,0.0,1.0,1.0
Падел - Ракетки,226715,Ракетка для падела Head Speed JR,Head,12142 ₽,https://saletennis.com/catalog/product/rakietka-dlia-padiela-head-speed-jr-18017,Санкт-Петербург (Спортивная): 1 шт | Тюмень (Народная): 1 шт | Елизаветенское шоссе: 1 шт,3.0,public/data/product_images/306277225995.webp,0.0,1.0,0,0.0,0.0,0.0,1,1.0,0.0,0.0
Падел - Ракетки,221075,Ракетка для падела Head Speed Motion 2025,Head,21862 ₽,https://saletennis.com/catalog/product/rakietka-dlia-padiela-head-speed-motion-2025-18018,Тюмень (Народная): 2 шт | Санкт-Петербург (Спортивная): 2 шт | Ижевск: 2 шт | Уфа: 1 шт | Елизаветенское шоссе: 2 шт,9.0,public/data/product_images/97f036343f59.webp,0.0,2.0,0,0.0,0.0,0.0,2,2.0,1.0,2.0
Падел - Ракетки,221013,Ракетка для падела Head Speed Pro 2023,Head,17990 ₽,https://saletennis.com/catalog/product/rakietka-dlia-padiela-head-speed-pro-2023-17561,Ижевск: 1 шт,1.0,public/data/product_images/e3bf732e51c2.webp,0.0,0.0,0,0.0,0.0,0.0,0,0.0,0.0,1.0
Падел - Ракетки,221065,Ракетка для падела Head Speed Pro 2025,Head,24292 ₽,https://saletennis.com/catalog/product/rakietka-dlia-padiela-head-speed-pro-2025-16836,Тюмень (Народная): 1 шт | Ижевск: 1 шт | Санкт-Петербург (Спортивная): 2 шт,4.0,public/data/product_images/0e06e197dd3d.webp,0.0,2.0,0,0.0,0.0,0.0,0,1.0,0.0,1.0
Падел - Ракетки,221085,Ракетка для падела Head Speed Team 2025,Head,19432 ₽,https://saletennis.com/catalog/product/rakietka-dlia-padiela-head-speed-team-2025-17962,Ижевск: 1 шт | Уфа: 1 шт | Соболева: 2 шт | Тюмень (Народная): 1 шт | Елизаветенское шоссе: 1 шт,6.0,public/data/product_images/393b8b19f0bb.webp,0.0,0.0,0,2.0,0.0,0.0,1,1.0,1.0,1.0
Падел - Ракетки,226106,Ракетка для падела Head Vibe 2026 - Blue/Yellow,Head,11332 ₽,https://saletennis.com/catalog/product/rakietka-dlia-padiela-head-vibe-2026-blue-yellow-18508,Санкт-Петербург (Спортивная): 1 шт,1.0,public/data/product_images/ae5a38aeaaa7.webp,0.0,1.0,0,0.0,0.0,0.0,0,0.0,0.0,0.0
Падел - Ракетки,226116,Ракетка для падела Head Vibe 2026 - Grey/Orange,Head,11332 ₽,https://saletennis.com/catalog/product/rakietka-dlia-padiela-head-vibe-2026-grey-orange-18509,Уфа: 1 шт | Елизаветенское шоссе: 1 шт | Тюмень (Народная): 1 шт | Санкт-Петербург (Спортивная): 1 шт,4.0,public/data/product_images/1a4171a2968e.webp,0.0,1.0,0,0.0,0.0,0.0,1,1.0,1.0,0.0
Падел - Ракетки,226145,Ракетка для падела Head Vibe - Grey/Black,Head,11332 ₽,https://saletennis.com/catalog/product/rakietka-dlia-padiela-head-vibe-grey-black-18161,Елизаветенское шоссе: 1 шт,1.0,public/data/product_images/68245c814438.webp,0.0,0.0,0,0.0,0.0,0.0,1,0.0,0.0,0.0
Падел - Ракетки,401908.111,Ракетка для падела Joma Blast Pro HRD - Black/Gray,Joma,20792 ₽,https://saletennis.com/catalog/product/rakietka-dlia-padiela-joma-blast-pro-hrd-black-gray-19424,Основной склад Екатеринбург: 1 шт | Санкт-Петербург (Спортивная): 1 шт,2.0,public/data/product_images/7bb2c166314c.webp,0.0,1.0,1,0.0,0.0,0.0,0,0.0,0.0,0.0
Падел - Ракетки,401840AA201A,Ракетка для падела Joma Hyper 3.0 Premier Padel Valladolid P2,Joma,30392 ₽,https://saletennis.com/catalog/product/rakietka-dlia-padiela-joma-hyper-3-0-premier-padel-valladolid-p2-19425,Основной склад Екатеринбург: 1 шт | Санкт-Петербург (Спортивная): 1 шт,2.0,public/data/product_images/8fa1f54a6b9d.webp,0.0,1.0,1,0.0,0.0,0.0,0,0.0,0.0,0.0
Падел - Ракетки,401811.531,Ракетка для падела Joma Hyper 3.0 Vero Virseda - Pink/Black,Joma,30792 ₽,https://saletennis.com/catalog/product/rakietka-dlia-padiela-joma-hyper-3-0-vero-virseda-pink-black-18935,Основной склад Екатеринбург: 1 шт,1.0,public/data/product_images/14ecef498a10.webp,0.0,0.0,1,0.0,0.0,0.0,0,0.0,0.0,0.0
Падел - Ракетки,401907.002,Ракетка для падела Joma Hyper Pro Hard - Black/Beige,Joma,21592 ₽,https://saletennis.com/catalog/product/rakietka-dlia-padiela-joma-hyper-pro-hard-black-beige-19192,Основной склад Екатеринбург: 2 шт,2.0,public/data/product_images/cd9c0491e587.webp,0.0,0.0,2,0.0,0.0,0.0,0,0.0,0.0,0.0
Падел - Ракетки,401913.001,Ракетка для падела Joma Slam Pro Iconic - White/Gold,Joma,15192 ₽,https://saletennis.com/catalog/product/rakietka-dlia-padiela-joma-slam-pro-iconic-white-gold-19193,Основной склад Екатеринбург: 2 шт,2.0,public/data/product_images/8053a6ddcea1.webp,0.0,0.0,2,0.0,0.0,0.0,0,0.0,0.0,0.0
Падел - Ракетки,401906.107,Ракетка для падела Joma Valkiria Flex - Blue/White 2026,Joma,11592 ₽,https://saletennis.com/catalog/product/rakietka-dlia-padiela-joma-valkiria-flex-blue-white-2026-19006,Основной склад Екатеринбург: 1 шт,1.0,public/data/product_images/4002f8ccfd2b.webp,0.0,0.0,1,0.0,0.0,0.0,0,0.0,0.0,0.0
Падел - Ракетки,PACKPATLTD26,Ракетка для падела Nox AT10 Genius 12K LTD,Nox,52692 ₽,https://saletennis.com/catalog/product/rakietka-dlia-padiela-nox-at10-genius-12k-ltd-19432,Елизаветенское шоссе: 1 шт | Санкт-Петербург (Спортивная): 1 шт,2.0,public/data/product_images/bfa79ea106a1.webp,0.0,1.0,0,0.0,0.0,0.0,1,0.0,0.0,0.0
Падел - Ракетки,PAT10GENIUSAT1226,Ракетка для падела Nox AT10 Genius Attack 12K Alum Xtrem by Agustín Tapia,Nox,39092 ₽,https://saletennis.com/catalog/product/rakietka-dlia-padiela-nox-at10-genius-attack-12k-alum-xtrem-by-agustin-tapia-18676,Елизаветенское шоссе: 1 шт | Санкт-Петербург (Спортивная): 2 шт,3.0,public/data/product_images/4b362bf472e9.webp,0.0,2.0,0,0.0,0.0,0.0,1,0.0,0.0,0.0
Падел - Ракетки,PAT10GENIUSAT1826,Ракетка для падела NOX AT10 Genius Attack 18k Alum by Agustin Tapia,Nox,39092 ₽,https://saletennis.com/catalog/product/rakietka-dlia-padiela-nox-at10-genius-attack-18k-alum-by-agustin-tapia-1-18677,Санкт-Петербург (Спортивная): 1 шт | Елизаветенское шоссе: 1 шт | Основной склад Екатеринбург: 1 шт,3.0,public/data/product_images/f87d491e4e52.webp,0.0,1.0,1,0.0,0.0,0.0,1,0.0,0.0,0.0
Падел - Ракетки,PATULTLIG25,Ракетка для падела Nox AT10 Ultra Light by Agustín Tapia,Nox,11892 ₽,https://saletennis.com/catalog/product/rakietka-dlia-padiela-nox-at10-ultra-light-by-agustin-tapia-18879,Ижевск: 1 шт,1.0,public/data/product_images/c9432c13b3a7.webp,0.0,0.0,0,0.0,0.0,0.0,0,0.0,0.0,1.0
Падел - Ракетки,PVK10VENTUS1226,Ракетка для падела Nox EA10 K10 Ventus Control 12k by Aranzazu Osoro,Nox,32292 ₽,https://saletennis.com/catalog/product/rakietka-dlia-padiela-nox-ea10-k10-ventus-control-12k-by-aranzazu-osoro-18680,Тюмень (Народная): 1 шт | Елизаветенское шоссе: 1 шт,2.0,public/data/product_images/b01c0600aa6d.webp,0.0,0.0,0,0.0,0.0,0.0,1,1.0,0.0,0.0
Падел - Ракетки,PEA10VENTUSH1226,Ракетка для падела Nox EA10 Ventus Hybrid 12k Xtrem by Edu Alonso,Nox,36490 ₽,https://saletennis.com/catalog/product/rakietka-dlia-padiela-nox-ea10-ventus-hybrid-12k-xtrem-by-edu-alonso-18682,Ижевск: 1 шт,1.0,public/data/product_images/91f8ebf62861.webp,0.0,0.0,0,0.0,0.0,0.0,0,0.0,0.0,1.0
Падел - Ракетки,PML10VENTUS326,Ракетка для падела Nox ML10 Ventus Control 3k By Miguel Lamperti,Nox,36542 ₽,https://saletennis.com/catalog/product/rakietka-dlia-padiela-nox-ml10-ventus-control-3k-by-miguel-lamperti-19043,Елизаветенское шоссе: 1 шт | Санкт-Петербург (Спортивная): 1 шт | Уфа: 1 шт,3.0,public/data/product_images/01b7f12d4569.webp,0.0,1.0,0,0.0,0.0,0.0,1,0.0,1.0,0.0
Падел - Ракетки,PVENTUS12HK,Ракетка для падела Nox Ventus Hybrid 12k Lite,Nox,32292 ₽,https://saletennis.com/catalog/product/rakietka-dlia-padiela-nox-ventus-hybrid-12k-lite-18686,Елизаветенское шоссе: 1 шт,1.0,public/data/product_images/d9d14a227342.webp,0.0,0.0,0,0.0,0.0,0.0,1,0.0,0.0,0.0
Падел - Ракетки,8261521,Ракетка для падела Oxdog Hyper Pro 2.0,Oxdog,46567 ₽,https://saletennis.com/catalog/product/rakietka-dlia-padiela-oxdog-hyper-pro-2-0-19339,Ижевск: 1 шт | Елизаветенское шоссе: 1 шт | Полевской тракт: 1 шт,2.0,public/data/product_images/78f4ab6aa61e.webp,0.0,0.0,0,0.0,0.0,0.0,1,0.0,0.0,1.0
Падел - Ракетки,8261541,Ракетка для падела Oxdog Pure Tour X,Oxdog,38872 ₽,https://saletennis.com/catalog/product/rakietka-dlia-padiela-oxdog-pure-tour-x-19340,Елизаветенское шоссе: 2 шт | Ижевск: 1 шт | Полевской тракт: 1 шт,3.0,public/data/product_images/936880b3d05e.webp,0.0,0.0,0,0.0,0.0,0.0,2,0.0,0.0,1.0
Падел - Ракетки,8261510,Ракетка для падела Oxdog Ultimate Pro+,Oxdog,47377 ₽,https://saletennis.com/catalog/product/rakietka-dlia-padiela-oxdog-ultimate-pro-1-19343,Ижевск: 1 шт | Полевской тракт: 1 шт,1.0,public/data/product_images/8ced3c9f3cb4.webp,0.0,0.0,0,0.0,0.0,0.0,0,0.0,0.0,1.0
Падел - Ракетки,8261511,Ракетка для падела Oxdog Ultimate Pro,Oxdog,46972 ₽,https://saletennis.com/catalog/product/rakietka-dlia-padiela-oxdog-ultimate-pro-19341,Полевской тракт: 1 шт | Елизаветенское шоссе: 1 шт,1.0,public/data/product_images/e0c52fc77154.webp,0.0,0.0,0,0.0,0.0,0.0,1,0.0,0.0,0.0
Падел - Ракетки,SIUX-DE6,Ракетка для падела Siux Diablo Elite 6,Siux,28493 ₽,https://saletennis.com/catalog/product/rakietka-dlia-padiela-siux-diablo-elite-6-18778,Уфа: 1 шт | Елизаветенское шоссе: 1 шт,2.0,public/data/product_images/e7cd73c579b3.webp,0.0,0.0,0,0.0,0.0,0.0,1,0.0,1.0,0.0
Падел - Ракетки,SIUX-DP26-NB,Ракетка для падела Siux Diablo Pro 2026 Night Blue,Siux,36847 ₽,https://saletennis.com/catalog/product/rakietka-dlia-padiela-siux-diablo-pro-2026-night-blue-18779,Елизаветенское шоссе: 1 шт | Санкт-Петербург (Спортивная): 1 шт | Основной склад Екатеринбург: 2 шт | Уфа: 1 шт | Тюмень (Народная): 1 шт,6.0,public/data/product_images/ecc1f9cc426d.webp,0.0,1.0,2,0.0,0.0,0.0,1,1.0,1.0,0.0
Падел - Ракетки,SIUX-DP26-RB,Ракетка для падела Siux Diablo Pro 2026 Royal Blue,Siux,36847 ₽,https://saletennis.com/catalog/product/rakietka-dlia-padiela-siux-diablo-pro-2026-royal-blue-18780,Основной склад Екатеринбург: 1 шт | Санкт-Петербург (Спортивная): 1 шт | Елизаветенское шоссе: 1 шт | Уфа: 1 шт,4.0,public/data/product_images/f722fceb6ebb.webp,0.0,1.0,1,0.0,0.0,0.0,1,0.0,1.0,0.0
Падел - Ракетки,SIUX-EE6,Ракетка для падела Siux Electra Elite 6,Siux,28490 ₽,https://saletennis.com/catalog/product/rakietka-dlia-padiela-siux-electra-elite-6-18781,Елизаветенское шоссе: 1 шт | Тюмень (Народная): 1 шт | Санкт-Петербург (Спортивная): 1 шт | Уфа: 1 шт,4.0,public/data/product_images/97d7ef0b4a24.webp,0.0,1.0,0,0.0,0.0,0.0,1,1.0,1.0,0.0
Падел - Ракетки,SIUX-EP26-FR,Ракетка для падела Siux Electra Pro 2026 Fire Red,Siux,36847 ₽,https://saletennis.com/catalog/product/rakietka-dlia-padiela-siux-electra-pro-2026-fire-red-18782,Елизаветенское шоссе: 1 шт | Санкт-Петербург (Спортивная): 1 шт | Основной склад Екатеринбург: 1 шт,3.0,public/data/product_images/ece467d56a1b.webp,0.0,1.0,1,0.0,0.0,0.0,1,0.0,0.0,0.0
Падел - Ракетки,SIUX-EP26-SR,Ракетка для падела Siux Electra Pro 2026 Shadow Red,Siux,36847 ₽,https://saletennis.com/catalog/product/rakietka-dlia-padiela-siux-electra-pro-2026-shadow-red-19044,Основной склад Екатеринбург: 1 шт,1.0,public/data/product_images/683cb6dc32e8.webp,0.0,0.0,1,0.0,0.0,0.0,0,0.0,0.0,0.0
Падел - Ракетки,SIUX-FE6,Ракетка для падела Siux Fenix Elite 6,Siux,28493 ₽,https://saletennis.com/catalog/product/rakietka-dlia-padiela-siux-fenix-elite-6-18783,Тюмень (Народная): 1 шт,1.0,public/data/product_images/2d66fdff1d98.webp,0.0,0.0,0,0.0,0.0,0.0,0,1.0,0.0,0.0
Падел - Ракетки,SIUX-PR26-LO,Ракетка для падела Siux Pegasus Pro 2026 Lava Orange,Siux,36847 ₽,https://saletennis.com/catalog/product/rakietka-dlia-padiela-siux-pegasus-pro-2026-lava-orange-18784,Тюмень (Народная): 1 шт | Санкт-Петербург (Спортивная): 1 шт | Уфа: 1 шт | Елизаветенское шоссе: 1 шт | Основной склад Екатеринбург: 1 шт,5.0,public/data/product_images/de8137980425.webp,0.0,1.0,1,0.0,0.0,0.0,1,1.0,1.0,0.0
Падел - Ракетки,SIUX-PR26-SG,Ракетка для падела Siux Pegasus Pro 2026 Storm Grey,Siux,36847 ₽,https://saletennis.com/catalog/product/rakietka-dlia-padiela-siux-pegasus-pro-2026-storm-grey-19160,Санкт-Петербург (Спортивная): 1 шт,1.0,public/data/product_images/4d6b040d648e.webp,0.0,1.0,0,0.0,0.0,0.0,0,0.0,0.0,0.0
Падел - Ракетки,SIUX-TP26-NF,Ракетка для падела Siux Trilogy Pro 2026 Noir Fog,Siux,36847 ₽,https://saletennis.com/catalog/product/rakietka-dlia-padiela-siux-trilogy-pro-2026-noir-fog-19047,Основной склад Екатеринбург: 1 шт | Санкт-Петербург (Спортивная): 1 шт | Елизаветенское шоссе: 1 шт,3.0,public/data/product_images/efaa6168bf04.webp,0.0,1.0,1,0.0,0.0,0.0,1,0.0,0.0,0.0
Падел - Ракетки,SIUX-VE2,Ракетка для падела Siux Valkiria Elite 2,Siux,28490 ₽,https://saletennis.com/catalog/product/rakietka-dlia-padiela-siux-valkiria-elite-2-18785,Тюмень (Народная): 1 шт | Основной склад Екатеринбург: 2 шт | Уфа: 1 шт,4.0,public/data/product_images/05c7daf34961.webp,0.0,0.0,2,0.0,0.0,0.0,0,1.0,1.0,0.0
Падел - Ракетки,SIUX-VP26,Ракетка для падела Siux Valkiria Pro 2026,Siux,36847 ₽,https://saletennis.com/catalog/product/rakietka-dlia-padiela-siux-valkiria-pro-2026-18786,Тюмень (Народная): 1 шт,1.0,public/data/product_images/aef3ea5ff764.webp,0.0,0.0,0,0.0,0.0,0.0,0,1.0,0.0,0.0
Падел - Ракетки,112661,Ракетка для падела Siux Valkyrie Elite,Siux,27993 ₽,https://saletennis.com/catalog/product/rakietka-dlia-padiela-siux-valkyrie-elite-18354,Санкт-Петербург (Спортивная): 1 шт | Основной склад Екатеринбург: 1 шт,2.0,public/data/product_images/986d57133b52.webp,0.0,1.0,1,0.0,0.0,0.0,0,0.0,0.0,0.0
Падел - Ракетки,16BOMBALI6,Ракетка для падела Tecnifibre Bomba Lite 2026,Tecnifibre,14993 ₽,https://saletennis.com/catalog/product/rakietka-dlia-padiela-tecnifibre-bomba-lite-2026-18880,Санкт-Петербург (Спортивная): 1 шт | Уфа: 1 шт,2.0,public/data/product_images/afafbec7b7b1.webp,0.0,1.0,0,0.0,0.0,0.0,0,0.0,1.0,0.0
Падел - Ракетки,16BOMBMAX6,Ракетка для падела Tecnifibre Bomba Max 2026,Tecnifibre,23993 ₽,https://saletennis.com/catalog/product/rakietka-dlia-padiela-tecnifibre-bomba-max-2026-18881,Санкт-Петербург (Спортивная): 1 шт,1.0,public/data/product_images/059beceea547.webp,0.0,1.0,0,0.0,0.0,0.0,0,0.0,0.0,0.0
Падел - Ракетки,16BOMBASO6,Ракетка для падела Tecnifibre Bomba Soft 2026,Tecnifibre,17618 ₽,https://saletennis.com/catalog/product/rakietka-dlia-padiela-tecnifibre-bomba-soft-2026-18882,Тюмень (Народная): 1 шт | Санкт-Петербург (Спортивная): 1 шт | Уфа: 1 шт | Ижевск: 1 шт,4.0,public/data/product_images/4354d4ec7181.webp,0.0,1.0,0,0.0,0.0,0.0,0,1.0,1.0,1.0
Падел - Ракетки,16BOMBASP6,Ракетка для падела Tecnifibre Bomba Speed 2026,Tecnifibre,19868 ₽,https://saletennis.com/catalog/product/rakietka-dlia-padiela-tecnifibre-bomba-speed-2026-18883,Ижевск: 1 шт | Уфа: 1 шт,2.0,public/data/product_images/66e8ca411f11.webp,0.0,0.0,0,0.0,0.0,0.0,0,0.0,1.0,1.0
Падел - Ракетки,16WABR3654,Ракетка для падела Tecnifibre Wall Breaker V2 365,Tecnifibre,21990 ₽,https://saletennis.com/catalog/product/rakietka-dlia-padiela-tecnifibre-wall-breaker-v2-365-17645,Ижевск: 1 шт,1.0,public/data/product_images/54adc05c5859.webp,0.0,0.0,0,0.0,0.0,0.0,0,0.0,0.0,1.0
Падел - Ракетки,16WAMA3553,Ракетка для падела Tecnifibre Wall Master 355,Tecnifibre,12490 ₽,https://saletennis.com/catalog/product/rakietka-dlia-padiela-tecnifibre-wall-master-355-17646,Уфа: 1 шт,1.0,public/data/product_images/7198cf0eaffe.webp,0.0,0.0,0,0.0,0.0,0.0,0,0.0,1.0,0.0
Падел - Ракетки,16WAMA370,Ракетка для падела Tecnifibre Wall Master 370,Tecnifibre,23990 ₽,https://saletennis.com/catalog/product/rakietka-dlia-padiela-tecnifibre-wall-master-370-17648,Уфа: 1 шт,1.0,public/data/product_images/3c257a670671.webp,0.0,0.0,0,0.0,0.0,0.0,0,0.0,1.0,0.0
Падел - Ракетки,WR146311,Ракетка для падела Wilson Accent LT Padel,Wilson,30772 ₽,https://saletennis.com/catalog/product/rakietka-dlia-padiela-wilson-accent-lt-padel-18075,Елизаветенское шоссе: 1 шт,1.0,public/data/product_images/84b80f8106b9.webp,0.0,0.0,0,0.0,0.0,0.0,1,0.0,0.0,0.0
Падел - Ракетки,WR203711U2,Ракетка для падела Wilson Blade LS V4 GR,Wilson,21457 ₽,https://saletennis.com/catalog/product/rakietka-dlia-padiela-wilson-blade-ls-v4-gr-19344,Санкт-Петербург (Спортивная): 2 шт | Уфа: 1 шт | Елизаветенское шоссе: 1 шт | Ижевск: 1 шт,5.0,public/data/product_images/3616c88b369f.webp,0.0,2.0,0,0.0,0.0,0.0,1,0.0,1.0,1.0
Падел - Ракетки,WR203611U2,Ракетка для падела Wilson Blade Padel V4,Wilson,25912 ₽,https://saletennis.com/catalog/product/rakietka-dlia-padiela-wilson-blade-padel-v4-19346,Уфа: 1 шт | Елизаветенское шоссе: 1 шт | Санкт-Петербург (Спортивная): 1 шт,3.0,public/data/product_images/31ef9a527c66.webp,0.0,1.0,0,0.0,0.0,0.0,1,0.0,1.0,0.0
Падел - Ракетки,WR134511,Ракетка для падела Wilson Carbon Force,Wilson,20990 ₽,https://saletennis.com/catalog/product/rakietka-dlia-padiela-wilson-carbon-force-16866,Санкт-Петербург (Спортивная): 1 шт,1.0,public/data/product_images/25fe608b9d6f.webp,0.0,1.0,0,0.0,0.0,0.0,0,0.0,0.0,0.0
Падел - Ракетки,WR134411,Ракетка для падела Wilson Carbon Force LT,Wilson,24292 ₽,https://saletennis.com/catalog/product/rakietka-dlia-padiela-wilson-carbon-force-lt-16867,Елизаветенское шоссе: 1 шт | Санкт-Петербург (Спортивная): 1 шт | Уфа: 1 шт | Соболева: 1 шт,4.0,public/data/product_images/1d254c8fc5c7.webp,0.0,1.0,0,1.0,0.0,0.0,1,0.0,1.0,0.0
Падел - Ракетки,WR190511,Ракетка для падела Wilson Endure LS V1,Wilson,25912 ₽,https://saletennis.com/catalog/product/rakietka-dlia-padiela-wilson-endure-ls-v1-18884,Елизаветенское шоссе: 1 шт,1.0,public/data/product_images/b434c5d14ae9.webp,0.0,0.0,0,0.0,0.0,0.0,1,0.0,0.0,0.0
Падел - Ракетки,WR190411,Ракетка для падела Wilson Endure V1,Wilson,30367 ₽,https://saletennis.com/catalog/product/rakietka-dlia-padiela-wilson-endure-v1-18886,Ижевск: 2 шт,2.0,public/data/product_images/58bc29949f8c.webp,0.0,0.0,0,0.0,0.0,0.0,0,0.0,0.0,2.0
Падел - Сумки и чехлы,ORB-912,Чехол для падел 7/6 One Racket Bag - Black,7/6,3990 ₽,https://saletennis.com/catalog/product/chiekhol-dlia-padiel-7-6-one-racket-bag-black-18242,Санкт-Петербург (Ярослава Гашека): 1 шт | Ижевск: 2 шт | Уфа: 2 шт | Елизаветенское шоссе: 2 шт | Санкт-Петербург (Спортивная): 1 шт | Основной склад Екатеринбург: 1 шт,9.0,public/data/product_images/cd5272ed7461.webp,1.0,1.0,1,0.0,0.0,0.0,2,0.0,2.0,2.0
Падел - Сумки и чехлы,ORB-109,Чехол для падел 7/6 One Racket Bag - Blue,7/6,3990 ₽,https://saletennis.com/catalog/product/chiekhol-dlia-padiel-7-6-one-racket-bag-blue-18243,Уфа: 2 шт | Основной склад Екатеринбург: 4 шт,6.0,public/data/product_images/cd822bed94ac.webp,0.0,0.0,4,0.0,0.0,0.0,0,0.0,2.0,0.0
Падел - Сумки и чехлы,ORB-1215,Чехол для падел 7/6 One Racket Bag - Brown,7/6,3990 ₽,https://saletennis.com/catalog/product/chiekhol-dlia-padiel-7-6-one-racket-bag-brown-19467,Ижевск: 2 шт | Основной склад Екатеринбург: 2 шт | Тюмень (Народная): 1 шт | Санкт-Петербург (Ярослава Гашека): 1 шт | Санкт-Петербург (Спортивная): 1 шт | Елизаветенское шоссе: 3 шт | Уфа: 2 шт,12.0,public/data/product_images/537645ed2d7a.webp,1.0,1.0,2,0.0,0.0,0.0,3,1.0,2.0,2.0
Падел - Сумки и чехлы,ORB-448,Чехол для падел 7/6 One Racket Bag - Orange,7/6,3990 ₽,https://saletennis.com/catalog/product/chiekhol-dlia-padiel-7-6-one-racket-bag-orange-18244,Уфа: 2 шт | Основной склад Екатеринбург: 2 шт | Санкт-Петербург (Спортивная): 1 шт | Елизаветенское шоссе: 2 шт | Санкт-Петербург (Ярослава Гашека): 1 шт | Тюмень: 1 шт,9.0,public/data/product_images/299e728aa506.webp,1.0,1.0,2,0.0,0.0,0.0,2,1.0,2.0,0.0
Падел - Сумки и чехлы,ORB-043,Чехол для падел 7/6 One Racket Bag - Pink,7/6,3990 ₽,https://saletennis.com/catalog/product/chiekhol-dlia-padiel-7-6-one-racket-bag-pink-18245,Основной склад Екатеринбург: 4 шт | Тюмень: 2 шт | Парина: 1 шт | Санкт-Петербург (Спортивная): 1 шт | Уфа: 2 шт | Елизаветенское шоссе: 2 шт,12.0,public/data/product_images/ff99a4976511.webp,0.0,1.0,4,0.0,1.0,0.0,2,2.0,2.0,0.0
Падел - Сумки и чехлы,ORB-1632,Чехол для падел 7/6 One Racket Bag - Shell Pink,7/6,3990 ₽,https://saletennis.com/catalog/product/chiekhol-dlia-padiel-7-6-one-racket-bag-shell-pink-19468,Санкт-Петербург (Спортивная): 1 шт | Санкт-Петербург (Ярослава Гашека): 1 шт | Уфа: 2 шт | Тюмень (Народная): 1 шт | Основной склад Екатеринбург: 1 шт | Елизаветенское шоссе: 2 шт | Ижевск: 2 шт,10.0,public/data/product_images/734068d5fe9c.webp,1.0,1.0,1,0.0,0.0,0.0,2,1.0,2.0,2.0
Падел - Сумки и чехлы,JK5601,Рюкзак Adidas Multigame 3.4 Sand,Adidas,14990 ₽,https://saletennis.com/catalog/product/riukzak-adidas-multigame-3-4-sand-18355,Санкт-Петербург (Спортивная): 1 шт,1.0,public/data/product_images/e348ef92bbbb.webp,0.0,1.0,0,0.0,0.0,0.0,0,0.0,0.0,0.0
Падел - Сумки и чехлы,759021-105,Рюкзак Babolat Perf Padel 2Gen - Black,Babolat,12990 ₽,https://saletennis.com/catalog/product/riukzak-babolat-perf-padel-2gen-black-17834,Ижевск: 1 шт,1.0,public/data/product_images/f30a9a588b25.webp,0.0,0.0,0,0.0,0.0,0.0,0,0.0,0.0,1.0
Падел - Сумки и чехлы,759021-264,Рюкзак Babolat Perf Padel 2Gen - Multicolor,Babolat,12990 ₽,https://saletennis.com/catalog/product/riukzak-babolat-perf-padel-2gen-multicolor-17835,Санкт-Петербург (Спортивная): 1 шт,1.0,public/data/product_images/af6aa304f362.webp,0.0,1.0,0,0.0,0.0,0.0,0,0.0,0.0,0.0
Падел - Сумки и чехлы,PO34871,Рюкзак для падел Black Crown Magic,Black Crown,7493 ₽,https://saletennis.com/catalog/product/riukzak-dlia-padiel-black-crown-magic-19161,Основной склад Екатеринбург: 2 шт,2.0,public/data/product_images/45d0f009490f.webp,0.0,0.0,2,0.0,0.0,0.0,0,0.0,0.0,0.0
Падел - Сумки и чехлы,BPM26004,Рюкзак для падел Bullpadel Advance - Beige,Bullpadel,4118 ₽,https://saletennis.com/catalog/product/riukzak-dlia-padiel-bullpadel-advance-beige-18802,Санкт-Петербург (Спортивная): 1 шт,1.0,public/data/product_images/1323eb461013.webp,0.0,1.0,0,0.0,0.0,0.0,0,0.0,0.0,0.0
Падел - Сумки и чехлы,BPM26004,Рюкзак для падел Bullpadel Advance - Black\Green,Bullpadel,4118 ₽,https://saletennis.com/catalog/product/riukzak-dlia-padiel-bullpadel-advance-black-green-18803,Ижевск: 1 шт,1.0,public/data/product_images/a993d6c8e331.webp,0.0,0.0,0,0.0,0.0,0.0,0,0.0,0.0,1.0
Падел - Сумки и чехлы,BPM26004,Рюкзак для падел Bullpadel Advance - Black\Orange,Bullpadel,4118 ₽,https://saletennis.com/catalog/product/riukzak-dlia-padiel-bullpadel-advance-black-orange-18804,Уфа: 1 шт,1.0,public/data/product_images/ccc7736fd147.webp,0.0,0.0,0,0.0,0.0,0.0,0,0.0,1.0,0.0
Падел - Сумки и чехлы,BPM26004,Рюкзак для падел Bullpadel Advance - White,Bullpadel,4118 ₽,https://saletennis.com/catalog/product/riukzak-dlia-padiel-bullpadel-advance-white-18805,Санкт-Петербург (Спортивная): 1 шт,1.0,public/data/product_images/c3d9e40ecfa6.webp,0.0,1.0,0,0.0,0.0,0.0,0,0.0,0.0,0.0
Падел - Сумки и чехлы,BPM-25008,Рюкзак для падел Bullpadel FEP - Red,Bullpadel,6743 ₽,https://saletennis.com/catalog/product/riukzak-dlia-padiel-bullpadel-fep-red-19153,Основной склад Екатеринбург: 1 шт,1.0,public/data/product_images/432e27cf0bd2.webp,0.0,0.0,1,0.0,0.0,0.0,0,0.0,0.0,0.0
Падел - Сумки и чехлы,BPM-25226,Рюкзак для падел Bullpadel Handbag - Black/White,Bullpadel,4868 ₽,https://saletennis.com/catalog/product/riukzak-dlia-padiel-bullpadel-handbag-black-white-19154,Основной склад Екатеринбург: 1 шт,1.0,public/data/product_images/fa53a5c8a7cc.webp,0.0,0.0,1,0.0,0.0,0.0,0,0.0,0.0,0.0
Падел - Сумки и чехлы,495089,Рюкзак для падел Bullpadel IONIC,Bullpadel,6743 ₽,https://saletennis.com/catalog/product/riukzak-dlia-padiel-bullpadel-ionic-18806,Ижевск: 1 шт | Санкт-Петербург (Спортивная): 1 шт,2.0,public/data/product_images/033a6d62d0be.webp,0.0,1.0,0,0.0,0.0,0.0,0,0.0,0.0,1.0
Падел - Сумки и чехлы,495087,Рюкзак для падел Bullpadel Neuron,Bullpadel,7868 ₽,https://saletennis.com/catalog/product/riukzak-dlia-padiel-bullpadel-neuron-18541,Основной склад Екатеринбург: 1 шт,1.0,public/data/product_images/93a58806b5bf.webp,0.0,0.0,1,0.0,0.0,0.0,0,0.0,0.0,0.0
Падел - Сумки и чехлы,493900,Рюкзак для падел Bullpadel Pearl,Bullpadel,7868 ₽,https://saletennis.com/catalog/product/riukzak-dlia-padiel-bullpadel-pearl-18290,Санкт-Петербург (Спортивная): 1 шт | Основной склад Екатеринбург: 1 шт | Ижевск: 1 шт,3.0,public/data/product_images/97b2d26a894d.webp,0.0,1.0,1,0.0,0.0,0.0,0,0.0,0.0,1.0
Падел - Сумки и чехлы,BPM-25003,Рюкзак для падел Bullpadel Tech - Negro,Bullpadel,9368 ₽,https://saletennis.com/catalog/product/riukzak-dlia-padiel-bullpadel-tech-negro-19155,Основной склад Екатеринбург: 1 шт,1.0,public/data/product_images/9efd9466feaa.webp,0.0,0.0,1,0.0,0.0,0.0,0,0.0,0.0,0.0
Падел - Сумки и чехлы,495083,Рюкзак для падел Bullpadel Vertex GEO,Bullpadel,6743 ₽,https://saletennis.com/catalog/product/riukzak-dlia-padiel-bullpadel-vertex-geo-18807,Уфа: 1 шт,1.0,public/data/product_images/e562e1aa8cc3.webp,0.0,0.0,0,0.0,0.0,0.0,0,0.0,1.0,0.0
Падел - Сумки и чехлы,BPM-25022,Рюкзак для падел Bullpadel XPLO - Negro,Bullpadel,7493 ₽,https://saletennis.com/catalog/product/riukzak-dlia-padiel-bullpadel-xplo-negro-19156,Основной склад Екатеринбург: 1 шт,1.0,public/data/product_images/e62e4da22996.webp,0.0,0.0,1,0.0,0.0,0.0,0,0.0,0.0,0.0
Падел - Сумки и чехлы,261815,Рюкзак для падел Head Coello Pro X Padel,Head,12952 ₽,https://saletennis.com/catalog/product/riukzak-dlia-padiel-head-coello-pro-x-padel-17562,Ижевск: 1 шт | Основной склад Екатеринбург: 1 шт,2.0,public/data/product_images/f3f830c255b5.webp,0.0,0.0,1,0.0,0.0,0.0,0,0.0,0.0,1.0
Падел - Сумки и чехлы,SIUXPM,Рюкзак для падел Siux Pulse Mochila - Red,Siux,6490 ₽,https://saletennis.com/catalog/product/riukzak-dlia-padiel-siux-pulse-mochila-red-19169,Санкт-Петербург (Спортивная): 1 шт,1.0,public/data/product_images/56ad8d1fc0c2.webp,0.0,1.0,0,0.0,0.0,0.0,0,0.0,0.0,0.0
Падел - Сумки и чехлы,WR8914101001,Рюкзак для падел Wilson Defy V1 - Black/Gold,Wilson,12547 ₽,https://saletennis.com/catalog/product/riukzak-dlia-padiel-wilson-defy-v1-black-gold-18706,Санкт-Петербург (Спортивная): 1 шт,1.0,public/data/product_images/86b03ce4c1f8.webp,0.0,1.0,0,0.0,0.0,0.0,0,0.0,0.0,0.0
Падел - Сумки и чехлы,WR8912901001,Рюкзак для падел Wilson Super Tour Padel Backpack - Red,Wilson,12547 ₽,https://saletennis.com/catalog/product/riukzak-dlia-padiel-wilson-super-tour-padel-backpack-red-18707,Тюмень: 1 шт,1.0,public/data/product_images/f95a3aef5749.webp,0.0,0.0,0,0.0,0.0,0.0,0,1.0,0.0,0.0
Падел - Сумки и чехлы,260204-BK,Рюкзак Head Pro Backpack 23L - Black,Head,8092 ₽,https://saletennis.com/catalog/product/riukzak-head-pro-backpack-23l-black-18220,Парина: 1 шт,1.0,public/data/product_images/f0a6476f90d6.webp,0.0,0.0,0,0.0,1.0,0.0,0,0.0,0.0,0.0
Падел - Сумки и чехлы,WR8904301001,Сумка-чехол для падел Wilson Padel Cover - Black/Red,Wilson,1612 ₽,https://saletennis.com/catalog/product/sumka-chiekhol-dlia-padiel-wilson-padel-cover-black-red-18084,Ижевск: 2 шт | Основной склад Екатеринбург: 1 шт | Уфа: 3 шт | Санкт-Петербург (Спортивная): 2 шт,8.0,public/data/product_images/2a8e344f4c2c.webp,0.0,2.0,1,0.0,0.0,0.0,0,0.0,3.0,2.0
Падел - Сумки и чехлы,A005988,Сумка для обуви Black Crown Duster - Black,Black Crown,2243 ₽,https://saletennis.com/catalog/product/sumka-dlia-obuvi-black-crown-duster-black-19163,Основной склад Екатеринбург: 2 шт,2.0,public/data/product_images/9a1cdc363dba.webp,0.0,0.0,2,0.0,0.0,0.0,0,0.0,0.0,0.0
Падел - Сумки и чехлы,PB76-0303,Сумка для падел 7/6 Ankl - Black,7/6,13990 ₽,https://saletennis.com/catalog/product/sumka-dlia-padiel-7-6-ankl-black-17999,Основной склад Екатеринбург: 1 шт | Тюмень (Народная): 1 шт | Ижевск: 2 шт | Уфа: 1 шт | Санкт-Петербург (Спортивная): 2 шт,7.0,public/data/product_images/6a2119f16357.webp,0.0,2.0,1,0.0,0.0,0.0,0,1.0,1.0,2.0
Падел - Сумки и чехлы,PB76-4201,Сумка для падел 7/6 Ankl - Grey,7/6,13990 ₽,https://saletennis.com/catalog/product/sumka-dlia-padiel-7-6-ankl-grey-18000,Тюмень (Народная): 1 шт | Уфа: 2 шт | Елизаветенское шоссе: 2 шт | Ижевск: 1 шт | Основной склад Екатеринбург: 7 шт,13.0,public/data/product_images/eda3b6dfb9b9.webp,0.0,0.0,7,0.0,0.0,0.0,2,1.0,2.0,1.0
Падел - Сумки и чехлы,LB76-001,Сумка для падел 7/6 Padel Bag Light 2R - Black,7/6,9990 ₽,https://saletennis.com/catalog/product/sumka-dlia-padiel-7-6-padel-bag-light-2r-black-19530,Санкт-Петербург (Спортивная): 2 шт | Уфа: 1 шт | Ижевск: 2 шт | Елизаветенское шоссе: 3 шт | Основной склад Екатеринбург: 14 шт,22.0,public/data/product_images/44b1460df0a7.webp,0.0,2.0,14,0.0,0.0,0.0,3,0.0,1.0,2.0
Падел - Сумки и чехлы,LB76-490,Сумка для падел 7/6 Padel Bag Light 2R - Burgundy,7/6,9990 ₽,https://saletennis.com/catalog/product/sumka-dlia-padiel-7-6-padel-bag-light-2r-burgundy-19531,Елизаветенское шоссе: 2 шт | Санкт-Петербург (Спортивная): 2 шт | Уфа: 1 шт | Основной склад Екатеринбург: 14 шт | Ижевск: 2 шт,21.0,public/data/product_images/fcaf3f06ad06.webp,0.0,2.0,14,0.0,0.0,0.0,2,0.0,1.0,2.0
Падел - Сумки и чехлы,KL2639,Сумка для падел Adidas Racket Bag Multigame - Black/Red,Adidas,17990 ₽,https://saletennis.com/catalog/product/sumka-dlia-padiel-adidas-racket-bag-multigame-black-red-19062,Санкт-Петербург (Спортивная): 1 шт | Ижевск: 1 шт | Основной склад Екатеринбург: 2 шт,4.0,public/data/product_images/1537ab5e75ca.webp,0.0,1.0,2,0.0,0.0,0.0,0,0.0,0.0,1.0
Падел - Сумки и чехлы,BG4RA2,Сумка для падел Adidas Stage Tour Trolley Bag,Adidas,31990 ₽,https://saletennis.com/catalog/product/sumka-dlia-padiel-adidas-stage-tour-trolley-bag-19063,Основной склад Екатеринбург: 2 шт,2.0,public/data/product_images/9c1fbf256ba2.webp,0.0,0.0,2,0.0,0.0,0.0,0,0.0,0.0,0.0
Падел - Сумки и чехлы,A005991.B57.1,Сумка для падел Black Crown Plus - Grey/Orange,Black Crown,7493 ₽,https://saletennis.com/catalog/product/sumka-dlia-padiel-black-crown-plus-grey-orange-19165,Основной склад Екатеринбург: 1 шт,1.0,public/data/product_images/dff1d8d96158.webp,0.0,0.0,1,0.0,0.0,0.0,0,0.0,0.0,0.0
Падел - Сумки и чехлы,PO35475,Сумка для падел Black Crown Thunder - Negro,Black Crown,8993 ₽,https://saletennis.com/catalog/product/sumka-dlia-padiel-black-crown-thunder-negro-19166,Основной склад Екатеринбург: 1 шт,1.0,public/data/product_images/2349f2cf4c7f.webp,0.0,0.0,1,0.0,0.0,0.0,0,0.0,0.0,0.0
Падел - Сумки и чехлы,BPP-25012-005,Сумка для падел Bullpadel HACK - Negro,Bullpadel,11243 ₽,https://saletennis.com/catalog/product/sumka-dlia-padiel-bullpadel-hack-negro-19158,Основной склад Екатеринбург: 1 шт,1.0,public/data/product_images/2aec9d03d38a.webp,0.0,0.0,1,0.0,0.0,0.0,0,0.0,0.0,0.0
Падел - Сумки и чехлы,493899,Сумка для падел Bullpadel Pearl - Turquosie,Bullpadel,13990 ₽,https://saletennis.com/catalog/product/sumka-dlia-padiel-bullpadel-pearl-turquosie-19523,Основной склад Екатеринбург: 1 шт,1.0,public/data/product_images/94dcbaa9f0f5.webp,0.0,0.0,1,0.0,0.0,0.0,0,0.0,0.0,0.0
Падел - Сумки и чехлы,495059,Сумка для падел Bullpadel Vertex Geo,Bullpadel,11618 ₽,https://saletennis.com/catalog/product/sumka-dlia-padiel-bullpadel-vertex-geo-18545,Основной склад Екатеринбург: 1 шт,1.0,public/data/product_images/8308a39a2171.webp,0.0,0.0,1,0.0,0.0,0.0,0,0.0,0.0,0.0
Падел - Сумки и чехлы,495060,Сумка для падел Bullpadel Vertex Woman,Bullpadel,11618 ₽,https://saletennis.com/catalog/product/sumka-dlia-padiel-bullpadel-vertex-woman-18546,Основной склад Екатеринбург: 1 шт | Тюмень (Народная): 1 шт,2.0,public/data/product_images/ff31b5206b74.webp,0.0,0.0,1,0.0,0.0,0.0,0,1.0,0.0,0.0
Падел - Сумки и чехлы,261365-NY,Сумка для падел Head Base Padel Bag M - Navy,Head,4852 ₽,https://saletennis.com/catalog/product/sumka-dlia-padiel-head-base-padel-bag-m-navy-18659,Ижевск: 1 шт | Уфа: 1 шт | Санкт-Петербург (Спортивная): 1 шт | Основной склад Екатеринбург: 1 шт,4.0,public/data/product_images/cd055852b353.webp,0.0,1.0,1,0.0,0.0,0.0,0,0.0,1.0,1.0
Падел - Сумки и чехлы,261805,Сумка для падел Head Coello Pro X Padel L,Head,15382 ₽,https://saletennis.com/catalog/product/sumka-dlia-padiel-head-coello-pro-x-padel-l-17563,Основной склад Екатеринбург: 1 шт,1.0,public/data/product_images/86bd38ac8c60.webp,0.0,0.0,1,0.0,0.0,0.0,0,0.0,0.0,0.0
Падел - Сумки и чехлы,260344-NV,Сумка для падел Head Pro Padel Bag L - Navy,Head,11737 ₽,https://saletennis.com/catalog/product/sumka-dlia-padiel-head-pro-padel-bag-l-navy-18226,Основной склад Екатеринбург: 1 шт | Санкт-Петербург (Спортивная): 1 шт,2.0,public/data/product_images/5fccacea3b2f.webp,0.0,1.0,1,0.0,0.0,0.0,0,0.0,0.0,0.0
Падел - Сумки и чехлы,260045-BK,Сумка для падел Head Pro X Padel Bag L - Black,Head,11737 ₽,https://saletennis.com/catalog/product/sumka-dlia-padiel-head-pro-x-padel-bag-l-black-18227,Основной склад Екатеринбург: 1 шт,1.0,public/data/product_images/a7dd639b6848.webp,0.0,0.0,1,0.0,0.0,0.0,0,0.0,0.0,0.0
Падел - Сумки и чехлы,260135-BKDG,Сумка для падел Head Pro X Padel Duffle L - Black/Dark Grey,Head,13357 ₽,https://saletennis.com/catalog/product/sumka-dlia-padiel-head-pro-x-padel-duffle-l-black-dark-grey-18228,Санкт-Петербург (Спортивная): 2 шт | Тюмень: 1 шт | Основной склад Екатеринбург: 1 шт | Уфа: 1 шт,5.0,public/data/product_images/5e984cbbc5d5.webp,0.0,2.0,1,0.0,0.0,0.0,0,1.0,1.0,0.0
Падел - Сумки и чехлы,WR8910801001,Сумка для падел Wilson Bela Super Tour - Black/Red,Wilson,18622 ₽,https://saletennis.com/catalog/product/sumka-dlia-padiel-wilson-bela-super-tour-black-red-18082,Основной склад Екатеринбург: 1 шт | Ижевск: 1 шт | Санкт-Петербург (Спортивная): 1 шт,3.0,public/data/product_images/ee011910d1e1.webp,0.0,1.0,1,0.0,0.0,0.0,0,0.0,0.0,1.0
Падел - Сумки и чехлы,WR8913001001,Сумка для падел Wilson Super Tour Padel 2026 - Red,Wilson,18622 ₽,https://saletennis.com/catalog/product/sumka-dlia-padiel-wilson-super-tour-padel-2026-red-18897,Основной склад Екатеринбург: 1 шт | Санкт-Петербург (Спортивная): 1 шт,2.0,public/data/product_images/0c43cba984a8.webp,0.0,1.0,1,0.0,0.0,0.0,0,0.0,0.0,0.0
Падел - Сумки и чехлы,SIUXBK,Сумка Siux Bag The King - Black,Siux,9990 ₽,https://saletennis.com/catalog/product/sumka-siux-bag-the-king-black-19170,Санкт-Петербург (Спортивная): 1 шт,1.0,public/data/product_images/59c3be697157.webp,0.0,1.0,0,0.0,0.0,0.0,0,0.0,0.0,0.0
Падел - Сумки и чехлы,40PADELRAQ,Сумка Tecnifibre Tour Endurance Paletero,Tecnifibre,12990 ₽,https://saletennis.com/catalog/product/sumka-tecnifibre-tour-endurance-paletero-17654,Основной склад Екатеринбург: 1 шт,1.0,public/data/product_images/2a9950879c69.webp,0.0,0.0,1,0.0,0.0,0.0,0,0.0,0.0,0.0
Падел - Аксессуары,455593,Лента с утяжелением Bullpadel для падел-ракетки 3pk,Bullpadel,1718 ₽,https://saletennis.com/catalog/product/lienta-s-utiazhielieniiem-bullpadel-dlia-padiel-rakietki-3pk-17738,Санкт-Петербург (Спортивная): 3 шт | Елизаветенское шоссе: 3 шт,6.0,public/data/product_images/8e006fd65cf7.webp,0.0,3.0,0,0.0,0.0,0.0,3,0.0,0.0,0.0
Падел - Аксессуары,SPO76-3BL,Овергрип 7/6 Padel Super Tacky - Blue 3 pk,7/6,690 ₽,https://saletennis.com/catalog/product/ovierghrip-7-6-padel-super-tacky-blue-3-pk-17965,Уфа: 4 упак | Елизаветенское шоссе: 12 упак | Тюмень: 1 упак,17.0,public/data/product_images/13096117ebb0.webp,0.0,0.0,0,0.0,0.0,0.0,12,1.0,4.0,0.0
Падел - Аксессуары,SPO76-3FY,Овергрип 7/6 Padel Super Tacky - Fluorescent Yellow 3 pk,7/6,690 ₽,https://saletennis.com/catalog/product/ovierghrip-7-6-padel-super-tacky-fluorescent-yellow-3-pk-17966,Елизаветенское шоссе: 4 упак | Уфа: 4 упак | Соболева: 1 упак | Ижевск: 1 упак | Основной склад Екатеринбург: 1 упак,11.0,public/data/product_images/56459e3f9c1c.webp,0.0,0.0,1,1.0,0.0,0.0,4,0.0,4.0,1.0
Падел - Аксессуары,SPO76-3LB,Овергрип 7/6 Padel Super Tacky - Light Blue 3 pk,7/6,690 ₽,https://saletennis.com/catalog/product/ovierghrip-7-6-padel-super-tacky-light-blue-3-pk-17967,Тюмень: 1 упак | Ижевск: 1 упак | Основной склад Екатеринбург: 5 упак | Елизаветенское шоссе: 8 упак | Уфа: 12 упак,27.0,public/data/product_images/ea7baede1880.webp,0.0,0.0,5,0.0,0.0,0.0,8,1.0,12.0,1.0
Падел - Аксессуары,SPO76-3OR,Овергрип 7/6 Padel Super Tacky - Orange 3 pk,7/6,690 ₽,https://saletennis.com/catalog/product/ovierghrip-7-6-padel-super-tacky-orange-3-pk-17968,Уфа: 11 упак | Основной склад Екатеринбург: 1 упак | Елизаветенское шоссе: 8 упак,20.0,public/data/product_images/9c45b8f61d1e.webp,0.0,0.0,1,0.0,0.0,0.0,8,0.0,11.0,0.0
Падел - Аксессуары,SPO76-3PK,Овергрип 7/6 Padel Super Tacky - Pink 3 pk,7/6,690 ₽,https://saletennis.com/catalog/product/ovierghrip-7-6-padel-super-tacky-pink-3-pk-17969,Уфа: 12 упак | Основной склад Екатеринбург: 2 упак | Ижевск: 1 упак | Елизаветенское шоссе: 8 упак,23.0,public/data/product_images/0051f1dff336.webp,0.0,0.0,2,0.0,0.0,0.0,8,0.0,12.0,1.0
Падел - Аксессуары,SPO76-3PL,Овергрип 7/6 Padel Super Tacky - Purple 3 pk,7/6,690 ₽,https://saletennis.com/catalog/product/ovierghrip-7-6-padel-super-tacky-purple-3-pk-17970,Тюмень: 2 упак | Елизаветенское шоссе: 9 упак | Основной склад Екатеринбург: 2 упак | Уфа: 5 упак,18.0,public/data/product_images/3ed2f14ef512.webp,0.0,0.0,2,0.0,0.0,0.0,9,2.0,5.0,0.0
Падел - Аксессуары,SPO76-3TB,Овергрип 7/6 Padel Super Tacky - Tiffany Blue 3 pk,7/6,690 ₽,https://saletennis.com/catalog/product/ovierghrip-7-6-padel-super-tacky-tiffany-blue-3-pk-17971,Елизаветенское шоссе: 5 упак | Уфа: 8 упак | Основной склад Екатеринбург: 1 упак | Ижевск: 1 упак,15.0,public/data/product_images/b63943026e8b.webp,0.0,0.0,1,0.0,0.0,0.0,5,0.0,8.0,1.0
Падел - Аксессуары,SPO76-3YW,Овергрип 7/6 Padel Super Tacky - Yellow 3 pk,7/6,690 ₽,https://saletennis.com/catalog/product/ovierghrip-7-6-padel-super-tacky-yellow-3-pk-17972,Основной склад Екатеринбург: 2 упак | Уфа: 12 упак | Елизаветенское шоссе: 16 упак | Тюмень: 1 упак,31.0,public/data/product_images/1d2e61f77d25.webp,0.0,0.0,2,0.0,0.0,0.0,16,1.0,12.0,0.0
Падел - Аксессуары,AC2TA2-MIX1,Овергрип Adidas Logo Box 1pk - Mix,Adidas,400 ₽,https://saletennis.com/catalog/product/ovierghrip-adidas-logo-box-1pk-mix-19073,Тюмень: 40 шт | Тюмень (Народная): 23 шт | Елизаветенское шоссе: 1 шт | Ижевск: 15 шт | Санкт-Петербург (Ярослава Гашека): 41 шт,120.0,public/data/product_images/a462580dd9d8.webp,41.0,0.0,0,0.0,0.0,0.0,1,63.0,0.0,15.0
Падел - Аксессуары,AC2BA1-BK,Овергрип Adidas Perforated 3pk - Black,Adidas,1590 ₽,https://saletennis.com/catalog/product/ovierghrip-adidas-perforated-3pk-black-18343,Ижевск: 2 шт | Тюмень (Народная): 1 шт,3.0,public/data/product_images/ff27e27f7a65.webp,0.0,0.0,0,0.0,0.0,0.0,0,1.0,0.0,2.0
Падел - Аксессуары,AC2BA1-OR,Овергрип Adidas Perforated 3pk - Orange,Adidas,1193 ₽,https://saletennis.com/catalog/product/ovierghrip-adidas-perforated-3pk-orange-18344,Санкт-Петербург (Спортивная): 7 шт | Тюмень (Народная): 2 шт | Основной склад Екатеринбург: 1 шт,10.0,public/data/product_images/66f1cfb7ee25.webp,0.0,7.0,1,0.0,0.0,0.0,0,2.0,0.0,0.0
Падел - Аксессуары,AC2BA1-PI,Овергрип Adidas Perforated 3pk - Pink,Adidas,1590 ₽,https://saletennis.com/catalog/product/ovierghrip-adidas-perforated-3pk-pink-19050,Уфа: 1 шт | Санкт-Петербург (Спортивная): 4 шт | Тюмень (Народная): 2 шт | Ижевск: 3 шт | Основной склад Екатеринбург: 4 шт,14.0,public/data/product_images/14bc1132734b.webp,0.0,4.0,4,0.0,0.0,0.0,0,2.0,1.0,3.0
Падел - Аксессуары,AC2BA1-WH,Овергрип Adidas Perforated 3pk - White,Adidas,1590 ₽,https://saletennis.com/catalog/product/ovierghrip-adidas-perforated-3pk-white-19051,Тюмень (Народная): 2 шт | Санкт-Петербург (Спортивная): 5 шт | Основной склад Екатеринбург: 2 шт | Ижевск: 1 шт,10.0,public/data/product_images/2eaff6861330.webp,0.0,5.0,2,0.0,0.0,0.0,0,2.0,0.0,1.0
Падел - Аксессуары,AC2BA1-YE,Овергрип Adidas Perforated 3pk - Yellow,Adidas,1590 ₽,https://saletennis.com/catalog/product/ovierghrip-adidas-perforated-3pk-yellow-19052,Основной склад Екатеринбург: 5 шт | Тюмень (Народная): 2 шт | Ижевск: 3 шт | Уфа: 1 шт | Санкт-Петербург (Спортивная): 5 шт,16.0,public/data/product_images/fb8f312c250e.webp,0.0,5.0,5,0.0,0.0,0.0,0,2.0,1.0,3.0
Падел - Аксессуары,GB-1202,Овергрип для падел ракеток BullPadel Adherent - Purple,Bullpadel,893 ₽,https://saletennis.com/catalog/product/ovierghrip-dlia-padiel-rakietok-bullpadel-adherent-purple-16522,Санкт-Петербург (Спортивная): 1 упак | Ижевск: 2 упак,3.0,public/data/product_images/993523a542c3.webp,0.0,1.0,0,0.0,0.0,0.0,0,0.0,0.0,2.0
Падел - Аксессуары,GB-1201,Овергрип для падел ракеток BullPadel Comfort/Absorvent - Yellow,Bullpadel,825 ₽,https://saletennis.com/catalog/product/ovierghrip-dlia-padiel-rakietok-bullpadel-comfort-absorvent-yellow-16528,Полевской тракт: 4 упак | Соболева: 1 упак,1.0,public/data/product_images/2dc186be2f77.webp,0.0,0.0,0,1.0,0.0,0.0,0,0.0,0.0,0.0
Падел - Аксессуары,GB-1200,Овергрип для падел ракеток BullPadel Comfort - Neon Orange,Bullpadel,788 ₽,https://saletennis.com/catalog/product/ovierghrip-dlia-padiel-rakietok-bullpadel-comfort-neon-orange-16523,Ижевск: 2 упак | Полевской тракт: 2 упак,2.0,public/data/product_images/b4d5d51e610d.webp,0.0,0.0,0,0.0,0.0,0.0,0,0.0,0.0,2.0
Падел - Аксессуары,GB-1200,Овергрип для падел ракеток BullPadel Comfort - White,Bullpadel,893 ₽,https://saletennis.com/catalog/product/ovierghrip-dlia-padiel-rakietok-bullpadel-comfort-white-16525,Ижевск: 2 упак | Санкт-Петербург (Спортивная): 6 упак | Полевской тракт: 5 упак | Соболева: 1 упак | Уфа: 4 упак | Елизаветенское шоссе: 8 упак,21.0,public/data/product_images/bf205f70cfe7.webp,0.0,6.0,0,1.0,0.0,0.0,8,0.0,4.0,2.0
Падел - Аксессуары,GB-1603,Овергрип для падел ракеток BullPadel Thin - White,Bullpadel,1118 ₽,https://saletennis.com/catalog/product/ovierghrip-dlia-padiel-rakietok-bullpadel-thin-white-16529,Полевской тракт: 5 упак,0.0,public/data/product_images/89ced8aa3ec5.webp,0.0,0.0,0,0.0,0.0,0.0,0,0.0,0.0,0.0
Падел - Аксессуары,285111-BK,Овергрип Head Padel Pro - Black,Head,729 ₽,https://saletennis.com/catalog/product/ovierghrip-head-padel-pro-black-19086,Санкт-Петербург (Спортивная): 1 упак,1.0,public/data/product_images/81be72b6cebb.webp,0.0,1.0,0,0.0,0.0,0.0,0,0.0,0.0,0.0
Падел - Аксессуары,285111-GR,Овергрип Head Padel Pro - Grey,Head,729 ₽,https://saletennis.com/catalog/product/ovierghrip-head-padel-pro-grey-19087,Основной склад Екатеринбург: 5 упак | Елизаветенское шоссе: 1 упак | Санкт-Петербург (Спортивная): 5 упак,11.0,public/data/product_images/84726540e47a.webp,0.0,5.0,5,0.0,0.0,0.0,1,0.0,0.0,0.0
Падел - Аксессуары,285111-MI,Овергрип Head Padel Pro - Mint,Head,729 ₽,https://saletennis.com/catalog/product/ovierghrip-head-padel-pro-mint-19088,Елизаветенское шоссе: 1 упак | Основной склад Екатеринбург: 1 упак | Соболева: 1 упак | Санкт-Петербург (Спортивная): 5 упак,8.0,public/data/product_images/c9b7a9f1ebc8.webp,0.0,5.0,1,1.0,0.0,0.0,1,0.0,0.0,0.0
Падел - Аксессуары,285111-PK,Овергрип Head Padel Pro - Pink,Head,729 ₽,https://saletennis.com/catalog/product/ovierghrip-head-padel-pro-pink-19089,Санкт-Петербург (Спортивная): 4 упак | Основной склад Екатеринбург: 2 упак | Елизаветенское шоссе: 1 упак,7.0,public/data/product_images/0fa45dec4fae.webp,0.0,4.0,2,0.0,0.0,0.0,1,0.0,0.0,0.0
Падел - Аксессуары,285111-WH,Овергрип Head Padel Pro - White,Head,729 ₽,https://saletennis.com/catalog/product/ovierghrip-head-padel-pro-white-19090,Елизаветенское шоссе: 1 упак | Санкт-Петербург (Спортивная): 5 упак,6.0,public/data/product_images/daf812325a68.webp,0.0,5.0,0,0.0,0.0,0.0,1,0.0,0.0,0.0
Падел - Аксессуары,285111-YW,Овергрип Head Padel Pro - Yellow,Head,729 ₽,https://saletennis.com/catalog/product/ovierghrip-head-padel-pro-yellow-19091,Санкт-Петербург (Спортивная): 6 упак | Елизаветенское шоссе: 1 упак | Основной склад Екатеринбург: 4 упак,11.0,public/data/product_images/29fe36e57d1b.webp,0.0,6.0,4,0.0,0.0,0.0,1,0.0,0.0,0.0
Падел - Аксессуары,400748.050,Овергрип Joma Club - Orange,Joma,1032 ₽,https://saletennis.com/catalog/product/ovierghrip-joma-club-orange-19421,Уфа: 5 упак | Ижевск: 6 упак | Основной склад Екатеринбург: 3 упак | Елизаветенское шоссе: 3 упак | Санкт-Петербург (Спортивная): 6 упак,23.0,public/data/product_images/4c7e4383a334.webp,0.0,6.0,3,0.0,0.0,0.0,3,0.0,5.0,6.0
Падел - Аксессуары,400748.200,Овергрип Joma Club - White,Joma,1032 ₽,https://saletennis.com/catalog/product/ovierghrip-joma-club-white-19422,Основной склад Екатеринбург: 2 упак | Уфа: 6 упак | Ижевск: 6 упак | Санкт-Петербург (Спортивная): 6 упак,20.0,public/data/product_images/6b82bd9b6675.webp,0.0,6.0,2,0.0,0.0,0.0,0,0.0,6.0,6.0
Падел - Аксессуары,400748.060,Овергрип Joma Club - Yellow,Joma,1032 ₽,https://saletennis.com/catalog/product/ovierghrip-joma-club-yellow-19423,Уфа: 5 упак | Санкт-Петербург (Спортивная): 6 упак | Елизаветенское шоссе: 1 упак | Основной склад Екатеринбург: 2 упак | Ижевск: 5 упак,19.0,public/data/product_images/3cfbb09ea3a0.webp,0.0,6.0,2,0.0,0.0,0.0,1,0.0,5.0,5.0
Падел - Аксессуары,NOXCUGRIP,Овергрип Nox Custom Grip - Red,Nox,2890 ₽,https://saletennis.com/catalog/product/ovierghrip-nox-custom-grip-red-18671,Елизаветенское шоссе: 3 шт | Основной склад Екатеринбург: 3 шт,6.0,public/data/product_images/9c9aec8a73fd.webp,0.0,0.0,3,0.0,0.0,0.0,3,0.0,0.0,0.0
Падел - Аксессуары,OVPROBLCO3,Овергрип Nox Pro Padel Overgrip 3pk - Mixed Colours,Nox,990 ₽,https://saletennis.com/catalog/product/ovierghrip-nox-pro-padel-overgrip-3pk-mixed-colours-18672,Ижевск: 3 шт,3.0,public/data/product_images/cdde79d19967.webp,0.0,0.0,0,0.0,0.0,0.0,0,0.0,0.0,3.0
Падел - Аксессуары,WR8911101001,Овергрип Wilson AbsorbX Padel Overgrip 3 Pack - Red,Wilson,1045 ₽,https://saletennis.com/catalog/product/ovierghrip-wilson-absorbx-padel-overgrip-3-pack-red-18711,Бисертская: 3 шт | Уфа: 9 шт | Тюмень (Народная): 1 шт | Ижевск: 7 шт | Основной склад Екатеринбург: 8 шт,28.0,public/data/product_images/d720a14d13ec.webp,0.0,0.0,8,0.0,0.0,3.0,0,1.0,9.0,7.0
Падел - Аксессуары,WR8906601001,Овергрип Wilson Padel Pro Overgrip - 1PK,Wilson,400 ₽,https://saletennis.com/catalog/product/ovierghrip-wilson-padel-pro-overgrip-1pk-17133,Санкт-Петербург (Спортивная): 14 шт | Уфа: 59 шт | Ижевск: 158 шт,231.0,public/data/product_images/0548ff7a2dbf.webp,0.0,14.0,0,0.0,0.0,0.0,0,0.0,59.0,158.0
Падел - Аксессуары,WR8416301001,Овергрип Wilson Padel Pro Overgrip 3pk - White,Wilson,1045 ₽,https://saletennis.com/catalog/product/ovierghrip-wilson-padel-pro-overgrip-3pk-white-18074,Уфа: 6 упак | Основной склад Екатеринбург: 3 упак | Ижевск: 5 упак,14.0,public/data/product_images/c2b669e82760.webp,0.0,0.0,3,0.0,0.0,0.0,0,0.0,6.0,5.0
Падел - Аксессуары,WR8416601001,Овергрип Wilson Profile Padel 3pk - Black,Wilson,802 ₽,https://saletennis.com/catalog/product/ovierghrip-wilson-profile-padel-3pk-black-18272,Ижевск: 6 упак | Елизаветенское шоссе: 3 упак | Основной склад Екатеринбург: 3 упак | Санкт-Петербург (Спортивная): 2 упак | Уфа: 5 упак,19.0,public/data/product_images/176e47dc5eaf.webp,0.0,2.0,3,0.0,0.0,0.0,3,0.0,5.0,6.0
Падел - Аксессуары,WR8416501001,Овергрип Wilson Shock Shield Hybrid Padel - Black,Wilson,1450 ₽,https://saletennis.com/catalog/product/ovierghrip-wilson-shock-shield-hybrid-padel-black-18073,Тюмень (Народная): 5 шт | Тюмень: 1 шт | Санкт-Петербург (Ярослава Гашека): 1 шт | Ижевск: 4 шт | Санкт-Петербург (Спортивная): 10 шт | Уфа: 3 шт | Основной склад Екатеринбург: 8 шт,32.0,public/data/product_images/69fe99bc4994.webp,1.0,10.0,8,0.0,0.0,0.0,0,6.0,3.0,4.0
Падел - Аксессуары,455595,Утяжелитель Bullpadel в ручку для падел-ракетки,Bullpadel,1343 ₽,https://saletennis.com/catalog/product/utiazhielitiel-bullpadel-v-ruchku-dlia-padiel-rakietki-17742,Ижевск: 3 шт | Уфа: 3 шт | Основной склад Екатеринбург: 6 шт | Санкт-Петербург (Спортивная): 3 шт,15.0,public/data/product_images/59e3e34b6a7e.webp,0.0,3.0,6,0.0,0.0,0.0,0,0.0,3.0,3.0
Падел - Аксессуары,AC2BA0,Защитная лента Adidas Protection Tape,Adidas,1493 ₽,https://saletennis.com/catalog/product/zashchitnaia-lienta-adidas-protection-tape-18385,Основной склад Екатеринбург: 2 шт | Санкт-Петербург (Спортивная): 2 шт | Уфа: 8 шт,12.0,public/data/product_images/b038df804612.webp,0.0,2.0,2,0.0,0.0,0.0,0,0.0,8.0,0.0
Падел - Аксессуары,450851,Защитная лента Bullpadel для падел-ракетки 1pk,Bullpadel,188 ₽,https://saletennis.com/catalog/product/zashchitnaia-lienta-bullpadel-dlia-padiel-rakietki-1pk-18793,Санкт-Петербург (Спортивная): 37 шт | Ижевск: 1 шт,38.0,public/data/product_images/48cefca07424.webp,0.0,37.0,0,0.0,0.0,0.0,0,0.0,0.0,1.0
Падел - Аксессуары,476026,Защитная лента Bullpadel для падел-ракетки 3pk,Bullpadel,893 ₽,https://saletennis.com/catalog/product/zashchitnaia-lienta-bullpadel-dlia-padiel-rakietki-3pk-17737,Ижевск: 4 шт | Елизаветенское шоссе: 3 шт | Санкт-Петербург (Спортивная): 6 шт | Тюмень (Народная): 3 шт | Основной склад Екатеринбург: 6 шт,22.0,public/data/product_images/79b3cb7f82cd.webp,0.0,6.0,6,0.0,0.0,0.0,3,3.0,0.0,4.0
Падел - Аксессуары,448305,Защитная лента Bullpadel PRO для падел-ракетки 2pk,Bullpadel,1868 ₽,https://saletennis.com/catalog/product/zashchitnaia-lienta-bullpadel-pro-dlia-padiel-rakietki-2pk-18792,Основной склад Екатеринбург: 9 шт | Ижевск: 8 шт | Санкт-Петербург (Спортивная): 5 шт | Елизаветенское шоссе: 3 шт | Тюмень (Народная): 1 шт,26.0,public/data/product_images/39dc570c0b34.webp,0.0,5.0,9,0.0,0.0,0.0,3,1.0,0.0,8.0
Падел - Аксессуары,PRTNXTRAN,Защитная лента для падел NOX Padel Racket Protector 1PK,Nox,1290 ₽,https://saletennis.com/catalog/product/zashchitnaia-lienta-dlia-padiel-nox-padel-racket-protector-1pk-19032,Уфа: 3 шт | Елизаветенское шоссе: 9 шт | Санкт-Петербург (Спортивная): 4 шт | Основной склад Екатеринбург: 9 шт | Ижевск: 4 шт,29.0,public/data/product_images/e71ddf0b288c.webp,0.0,4.0,9,0.0,0.0,0.0,9,0.0,3.0,4.0
Падел - Аксессуары,PRTNXNEBL,Защитная лента для падел NOX Padel Racket Protector 1PK - Black,Nox,1290 ₽,https://saletennis.com/catalog/product/zashchitnaia-lienta-dlia-padiel-nox-padel-racket-protector-1pk-black-19033,Основной склад Екатеринбург: 3 шт | Елизаветенское шоссе: 3 шт | Санкт-Петербург (Спортивная): 4 шт | Уфа: 4 шт | Ижевск: 2 шт,16.0,public/data/product_images/76944ccc95f9.webp,0.0,4.0,3,0.0,0.0,0.0,3,0.0,4.0,2.0
Падел - Аксессуары,PRTNXAZBL,Защитная лента для падел NOX Padel Racket Protector 1PK - Blue,Nox,1290 ₽,https://saletennis.com/catalog/product/zashchitnaia-lienta-dlia-padiel-nox-padel-racket-protector-1pk-blue-18673,Елизаветенское шоссе: 7 шт | Ижевск: 7 шт | Основной склад Екатеринбург: 7 шт | Уфа: 3 шт | Санкт-Петербург (Спортивная): 7 шт | Соболева: 1 шт,32.0,public/data/product_images/3cc02c8843c0.webp,0.0,7.0,7,1.0,0.0,0.0,7,0.0,3.0,7.0
Падел - Аксессуары,PRTNXROBL,Защитная лента для падел NOX Padel Racket Protector 1PK - Red,Nox,1290 ₽,https://saletennis.com/catalog/product/zashchitnaia-lienta-dlia-padiel-nox-padel-racket-protector-1pk-red-19034,Ижевск: 4 шт | Санкт-Петербург (Спортивная): 4 шт | Основной склад Екатеринбург: 7 шт | Елизаветенское шоссе: 5 шт | Уфа: 3 шт,23.0,public/data/product_images/0abf5388882a.webp,0.0,4.0,7,0.0,0.0,0.0,5,0.0,3.0,4.0
Падел - Аксессуары,PRT76-1MX,Защитная лента для падел ракеток 7/6 Protection Tape 1PK,7/6,590 ₽,https://saletennis.com/catalog/product/zashchitnaia-lienta-dlia-padiel-rakietok-7-6-protection-tape-1pk-19186,Тюмень (Народная): 42 шт | Соболева: 45 шт | Елизаветенское шоссе: 34 шт | Парина: 1 шт | Ижевск: 49 шт | Уфа: 49 шт,220.0,public/data/product_images/7d8d07f460ae.webp,0.0,0.0,0,45.0,1.0,0.0,34,42.0,49.0,49.0
Падел - Аксессуары,PRT76-MX,Защитная лента для падел ракеток 7/6 Protection Tape 50PK,7/6,19990 ₽,https://saletennis.com/catalog/product/zashchitnaia-lienta-dlia-padiel-rakietok-7-6-protection-tape-50pk-19174,Основной склад Екатеринбург: 13 упак | Тюмень: 1 упак | Санкт-Петербург (Спортивная): 1 упак,15.0,public/data/product_images/0da2abf1fe8b.webp,0.0,1.0,13,0.0,0.0,0.0,0,1.0,0.0,0.0
Падел - Аксессуары,PRT76-WH,Защитная лента для падел ракеток 7/6 Protection Tape - White,7/6,590 ₽,https://saletennis.com/catalog/product/zashchitnaia-lienta-dlia-padiel-rakietok-7-6-protection-tape-white-19173,Соболева: 1 упак | Тюмень: 2 упак | Ижевск: 3 упак | Санкт-Петербург (Спортивная): 3 упак | Уфа: 3 упак,12.0,public/data/product_images/756e17687a82.webp,0.0,3.0,0,1.0,0.0,0.0,0,2.0,3.0,3.0
Падел - Аксессуары,WRR940100,Защитная лента Wilson Padel Guard - White,Wilson,802 ₽,https://saletennis.com/catalog/product/zashchitnaia-lienta-wilson-padel-guard-white-18367,Елизаветенское шоссе: 1 шт | Ижевск: 2 шт | Санкт-Петербург (Спортивная): 4 шт,7.0,public/data/product_images/ff073cee9ecf.webp,0.0,4.0,0,0.0,0.0,0.0,1,0.0,0.0,2.0
Падел - Мячи,471962,Мячи для падел Bullpadel FIP Next Pro 3B,Bullpadel,1190 ₽,https://saletennis.com/catalog/product/miachi-dlia-padiel-bullpadel-fip-next-pro-3b-19521,Санкт-Петербург (Спортивная): 23 банка | Основной склад Екатеринбург: 24 банка | Уфа: 24 банка | Ижевск: 24 банка,95.0,public/data/product_images/27561fd9813f.webp,0.0,23.0,24,0.0,0.0,0.0,0,0.0,24.0,24.0
Падел - Мячи,471959,Мячи для падел BullPadel Premium Pro 3B,Bullpadel,990 ₽,https://saletennis.com/catalog/product/miachi-dlia-padiel-bullpadel-premium-pro-3b-16530,Основной склад Екатеринбург: 48 банка | Санкт-Петербург (Спортивная): 24 банка | Ижевск: 23 банка | Уфа: 24 банка,119.0,public/data/product_images/96cbfb6e919f.webp,0.0,24.0,48,0.0,0.0,0.0,0,0.0,24.0,23.0
Падел - Мячи,575383,Мячи для падел Head Padel One S 3B,Head,721 ₽,https://saletennis.com/catalog/product/miachi-dlia-padiel-head-padel-one-s-3b-19115,Соболева: 18 банка | Основной склад Екатеринбург: 192 банка,210.0,public/data/product_images/d7479e25af32.webp,0.0,0.0,192,18.0,0.0,0.0,0,0.0,0.0,0.0
Падел - Мячи,540203,Мячи для падел Head Padel Pro+ 3B,Head,790 ₽,https://saletennis.com/catalog/product/miachi-dlia-padiel-head-padel-pro-3b-18258,Уфа: 22 банка | Тюмень: 11 банка | Санкт-Петербург (Спортивная): 1 банка,34.0,public/data/product_images/c657b1d71e75.webp,0.0,1.0,0,0.0,0.0,0.0,0,11.0,22.0,0.0
Падел - Мячи,540303,Мячи для падел Head Padel Pro S+ 3B,Head,790 ₽,https://saletennis.com/catalog/product/miachi-dlia-padiel-head-padel-pro-s-3b-18031,Санкт-Петербург (Спортивная): 13 банка | Ижевск: 20 банка | Уфа: 21 банка | Елизаветенское шоссе: 1 банка | Соболева: 22 банка | Основной склад Екатеринбург: 1 банка | Тюмень: 6 банка,84.0,public/data/product_images/fd3b6de1a992.webp,0.0,13.0,1,22.0,0.0,0.0,1,6.0,21.0,20.0
Падел - Мячи,540303,Мячи для падел Head Padel Pro S+ 3x24,Head,17990 ₽,https://saletennis.com/catalog/product/miachi-dlia-padiel-head-padel-pro-s-3x24-18032,Санкт-Петербург (Спортивная): 4 кор | Основной склад Екатеринбург: 7 кор,11.0,public/data/product_images/2a1947d68647.webp,0.0,4.0,7,0.0,0.0,0.0,0,0.0,0.0,0.0
Падел - Мячи,WR8908401001,Мячи для падел Wilson Premier Padel 3B,Wilson,802 ₽,https://saletennis.com/catalog/product/miachi-dlia-padiel-wilson-premier-padel-3b-18876,Соболева: 5 банка | Основной склад Екатеринбург: 24 банка,29.0,public/data/product_images/c78681df3a09.webp,0.0,0.0,24,5.0,0.0,0.0,0,0.0,0.0,0.0
Падел - Мячи,PB76-004,Мячи для падл 7/6 Padel Pro 2.0 3 X 24,7/6,12990 ₽,https://saletennis.com/catalog/product/miachi-dlia-padl-7-6-padel-pro-2-0-3-x-24-1-18252,Основной склад Екатеринбург: 17 кор | Елизаветенское шоссе: 1 кор,18.0,public/data/product_images/f1245f014837.webp,0.0,0.0,17,0.0,0.0,0.0,1,0.0,0.0,0.0
Падел - Мячи,PB76-004,Мячи для падл 7/6 Padel Pro 2.0 3B,7/6,720 ₽,https://saletennis.com/catalog/product/miachi-dlia-padl-7-6-padel-pro-2-0-3b-1-18253,Уфа: 17 банка | Санкт-Петербург (Спортивная): 19 банка | Елизаветенское шоссе: 23 банка | Соболева: 21 банка | Тюмень: 1 банка | Тюмень (Народная): 4 банка | Ижевск: 13 банка,98.0,public/data/product_images/ed4289ffdb23.webp,0.0,19.0,0,21.0,0.0,0.0,23,5.0,17.0,13.0
Падел - Мячи,PB76-003,Мячи для падл 7/6 Padel Tour 3 X 24,7/6,12990 ₽,https://saletennis.com/catalog/product/miachi-dlia-padl-7-6-padel-tour-3-x-24-1-18256,Основной склад Екатеринбург: 7 кор | Елизаветенское шоссе: 3 кор,10.0,public/data/product_images/67d82338510a.webp,0.0,0.0,7,0.0,0.0,0.0,3,0.0,0.0,0.0
Падел - Мячи,PB76-003,Мячи для падл 7/6 Padel Tour 3B,7/6,720 ₽,https://saletennis.com/catalog/product/miachi-dlia-padl-7-6-padel-tour-3b-1-18257,Тюмень (Народная): 5 банка | Соболева: 12 банка | Санкт-Петербург (Спортивная): 11 банка | Уфа: 16 банка | Елизаветенское шоссе: 3 банка | Тюмень: 4 банка,51.0,public/data/product_images/6c5284029f3c.webp,0.0,11.0,0,12.0,0.0,0.0,3,9.0,16.0,0.0
